> Task :checkKotlinGradlePluginConfigurationErrors SKIPPED
> Task :compileKotlin UP-TO-DATE
> Task :compileJava NO-SOURCE
> Task :processResources UP-TO-DATE
> Task :classes UP-TO-DATE
> Task :resolveMainClassName

> Task :bootRun

  .   ____          _            __ _ _
 /\\ / ___'_ __ _ _(_)_ __  __ _ \ \ \ \
( ( )\___ | '_ | '_| | '_ \/ _` | \ \ \ \
 \\/  ___)| |_)| | | | | || (_| |  ) ) ) )
  '  |____| .__|_| |_|_| |_\__, | / / / /
 =========|_|==============|___/=/_/_/_/

 :: Spring Boot ::                (v4.0.4)

16:24:06.980 [main] INFO  c.e.kafkarebalance.KafkaRebalanceDemoApplicationKt - Starting KafkaRebalanceDemoApplicationKt using Java 25.0.2 with PID 23243 (/Users/yudong/Workspace/learn/springboot-kafka-test/build/classes/kotlin/main started by yudong in /Users/yudong/Workspace/learn/springboot-kafka-test)
16:24:06.981 [main] DEBUG c.e.kafkarebalance.KafkaRebalanceDemoApplicationKt - Running with Spring Boot v4.0.4, Spring v7.0.6
16:24:06.981 [main] INFO  c.e.kafkarebalance.KafkaRebalanceDemoApplicationKt - The following 1 profile is active: "scenario1"
16:24:07.319 [main] INFO  org.apache.kafka.common.config.AbstractConfig - AdminClientConfig values: 
	bootstrap.controllers = []
	bootstrap.servers = [localhost:9092]
	client.dns.lookup = use_all_dns_ips
	client.id = kafka-rebalance-demo-admin-0
	connections.max.idle.ms = 300000
	default.api.timeout.ms = 60000
	enable.metrics.push = false
	metadata.max.age.ms = 300000
	metadata.recovery.rebootstrap.trigger.ms = 300000
	metadata.recovery.strategy = rebootstrap
	metric.reporters = [org.apache.kafka.common.metrics.JmxReporter]
	metrics.num.samples = 2
	metrics.recording.level = INFO
	metrics.sample.window.ms = 30000
	receive.buffer.bytes = 65536
	reconnect.backoff.max.ms = 1000
	reconnect.backoff.ms = 50
	request.timeout.ms = 30000
	retries = 2147483647
	retry.backoff.max.ms = 1000
	retry.backoff.ms = 100
	sasl.client.callback.handler.class = null
	sasl.jaas.config = null
	sasl.kerberos.kinit.cmd = /usr/bin/kinit
	sasl.kerberos.min.time.before.relogin = 60000
	sasl.kerberos.service.name = null
	sasl.kerberos.ticket.renew.jitter = 0.05
	sasl.kerberos.ticket.renew.window.factor = 0.8
	sasl.login.callback.handler.class = null
	sasl.login.class = null
	sasl.login.connect.timeout.ms = null
	sasl.login.read.timeout.ms = null
	sasl.login.refresh.buffer.seconds = 300
	sasl.login.refresh.min.period.seconds = 60
	sasl.login.refresh.window.factor = 0.8
	sasl.login.refresh.window.jitter = 0.05
	sasl.login.retry.backoff.max.ms = 10000
	sasl.login.retry.backoff.ms = 100
	sasl.mechanism = GSSAPI
	sasl.oauthbearer.assertion.algorithm = RS256
	sasl.oauthbearer.assertion.claim.aud = null
	sasl.oauthbearer.assertion.claim.exp.seconds = 300
	sasl.oauthbearer.assertion.claim.iss = null
	sasl.oauthbearer.assertion.claim.jti.include = false
	sasl.oauthbearer.assertion.claim.nbf.seconds = 60
	sasl.oauthbearer.assertion.claim.sub = null
	sasl.oauthbearer.assertion.file = null
	sasl.oauthbearer.assertion.private.key.file = null
	sasl.oauthbearer.assertion.private.key.passphrase = null
	sasl.oauthbearer.assertion.template.file = null
	sasl.oauthbearer.client.credentials.client.id = null
	sasl.oauthbearer.client.credentials.client.secret = null
	sasl.oauthbearer.clock.skew.seconds = 30
	sasl.oauthbearer.expected.audience = null
	sasl.oauthbearer.expected.issuer = null
	sasl.oauthbearer.header.urlencode = false
	sasl.oauthbearer.jwks.endpoint.refresh.ms = 3600000
	sasl.oauthbearer.jwks.endpoint.retry.backoff.max.ms = 10000
	sasl.oauthbearer.jwks.endpoint.retry.backoff.ms = 100
	sasl.oauthbearer.jwks.endpoint.url = null
	sasl.oauthbearer.jwt.retriever.class = class org.apache.kafka.common.security.oauthbearer.DefaultJwtRetriever
	sasl.oauthbearer.jwt.validator.class = class org.apache.kafka.common.security.oauthbearer.DefaultJwtValidator
	sasl.oauthbearer.scope = null
	sasl.oauthbearer.scope.claim.name = scope
	sasl.oauthbearer.sub.claim.name = sub
	sasl.oauthbearer.token.endpoint.url = null
	security.protocol = PLAINTEXT
	security.providers = null
	send.buffer.bytes = 131072
	socket.connection.setup.timeout.max.ms = 30000
	socket.connection.setup.timeout.ms = 10000
	ssl.cipher.suites = null
	ssl.enabled.protocols = [TLSv1.2, TLSv1.3]
	ssl.endpoint.identification.algorithm = https
	ssl.engine.factory.class = null
	ssl.key.password = null
	ssl.keymanager.algorithm = SunX509
	ssl.keystore.certificate.chain = null
	ssl.keystore.key = null
	ssl.keystore.location = null
	ssl.keystore.password = null
	ssl.keystore.type = JKS
	ssl.protocol = TLSv1.3
	ssl.provider = null
	ssl.secure.random.implementation = null
	ssl.trustmanager.algorithm = PKIX
	ssl.truststore.certificates = null
	ssl.truststore.location = null
	ssl.truststore.password = null
	ssl.truststore.type = JKS

16:24:07.364 [main] INFO  org.apache.kafka.common.utils.AppInfoParser - Kafka version: 4.1.2
16:24:07.364 [main] INFO  org.apache.kafka.common.utils.AppInfoParser - Kafka commitId: c82fd9b934b4c1e6
16:24:07.364 [main] INFO  org.apache.kafka.common.utils.AppInfoParser - Kafka startTimeMs: 1787646247363
16:24:07.468 [main] INFO  org.apache.kafka.common.metrics.Metrics - Metrics scheduler closed
16:24:07.469 [main] INFO  org.apache.kafka.common.metrics.Metrics - Closing reporter org.apache.kafka.common.metrics.JmxReporter
16:24:07.469 [main] INFO  org.apache.kafka.common.metrics.Metrics - Metrics reporters closed
16:24:07.469 [kafka-admin-client-thread | kafka-rebalance-demo-admin-0] INFO  org.apache.kafka.common.utils.AppInfoParser - App info kafka.admin.client for kafka-rebalance-demo-admin-0 unregistered
16:24:07.471 [kafka-admin-client-thread | kafka-rebalance-demo-admin-0] INFO  org.apache.kafka.common.metrics.Metrics - Metrics scheduler closed
16:24:07.471 [kafka-admin-client-thread | kafka-rebalance-demo-admin-0] INFO  org.apache.kafka.common.metrics.Metrics - Closing reporter org.apache.kafka.common.metrics.JmxReporter
16:24:07.471 [kafka-admin-client-thread | kafka-rebalance-demo-admin-0] INFO  org.apache.kafka.common.metrics.Metrics - Metrics reporters closed
16:24:07.479 [main] INFO  org.apache.kafka.common.config.AbstractConfig - ConsumerConfig values: 
	allow.auto.create.topics = true
	auto.commit.interval.ms = 5000
	auto.offset.reset = earliest
	bootstrap.servers = [localhost:9092]
	check.crcs = true
	client.dns.lookup = use_all_dns_ips
	client.id = consumer-slow-consumer-group-1
	client.rack = 
	connections.max.idle.ms = 540000
	default.api.timeout.ms = 60000
	enable.auto.commit = false
	enable.metrics.push = true
	exclude.internal.topics = true
	fetch.max.bytes = 52428800
	fetch.max.wait.ms = 500
	fetch.min.bytes = 1
	group.id = slow-consumer-group
	group.instance.id = null
	group.protocol = classic
	group.remote.assignor = null
	heartbeat.interval.ms = 3000
	interceptor.classes = []
	internal.leave.group.on.close = true
	internal.throw.on.fetch.stable.offset.unsupported = false
	isolation.level = read_uncommitted
	key.deserializer = class org.apache.kafka.common.serialization.StringDeserializer
	max.partition.fetch.bytes = 1048576
	max.poll.interval.ms = 6000
	max.poll.records = 1
	metadata.max.age.ms = 300000
	metadata.recovery.rebootstrap.trigger.ms = 300000
	metadata.recovery.strategy = rebootstrap
	metric.reporters = [org.apache.kafka.common.metrics.JmxReporter]
	metrics.num.samples = 2
	metrics.recording.level = INFO
	metrics.sample.window.ms = 30000
	partition.assignment.strategy = [class org.apache.kafka.clients.consumer.RangeAssignor, class org.apache.kafka.clients.consumer.CooperativeStickyAssignor]
	receive.buffer.bytes = 65536
	reconnect.backoff.max.ms = 1000
	reconnect.backoff.ms = 50
	request.timeout.ms = 30000
	retry.backoff.max.ms = 1000
	retry.backoff.ms = 100
	sasl.client.callback.handler.class = null
	sasl.jaas.config = null
	sasl.kerberos.kinit.cmd = /usr/bin/kinit
	sasl.kerberos.min.time.before.relogin = 60000
	sasl.kerberos.service.name = null
	sasl.kerberos.ticket.renew.jitter = 0.05
	sasl.kerberos.ticket.renew.window.factor = 0.8
	sasl.login.callback.handler.class = null
	sasl.login.class = null
	sasl.login.connect.timeout.ms = null
	sasl.login.read.timeout.ms = null
	sasl.login.refresh.buffer.seconds = 300
	sasl.login.refresh.min.period.seconds = 60
	sasl.login.refresh.window.factor = 0.8
	sasl.login.refresh.window.jitter = 0.05
	sasl.login.retry.backoff.max.ms = 10000
	sasl.login.retry.backoff.ms = 100
	sasl.mechanism = GSSAPI
	sasl.oauthbearer.assertion.algorithm = RS256
	sasl.oauthbearer.assertion.claim.aud = null
	sasl.oauthbearer.assertion.claim.exp.seconds = 300
	sasl.oauthbearer.assertion.claim.iss = null
	sasl.oauthbearer.assertion.claim.jti.include = false
	sasl.oauthbearer.assertion.claim.nbf.seconds = 60
	sasl.oauthbearer.assertion.claim.sub = null
	sasl.oauthbearer.assertion.file = null
	sasl.oauthbearer.assertion.private.key.file = null
	sasl.oauthbearer.assertion.private.key.passphrase = null
	sasl.oauthbearer.assertion.template.file = null
	sasl.oauthbearer.client.credentials.client.id = null
	sasl.oauthbearer.client.credentials.client.secret = null
	sasl.oauthbearer.clock.skew.seconds = 30
	sasl.oauthbearer.expected.audience = null
	sasl.oauthbearer.expected.issuer = null
	sasl.oauthbearer.header.urlencode = false
	sasl.oauthbearer.jwks.endpoint.refresh.ms = 3600000
	sasl.oauthbearer.jwks.endpoint.retry.backoff.max.ms = 10000
	sasl.oauthbearer.jwks.endpoint.retry.backoff.ms = 100
	sasl.oauthbearer.jwks.endpoint.url = null
	sasl.oauthbearer.jwt.retriever.class = class org.apache.kafka.common.security.oauthbearer.DefaultJwtRetriever
	sasl.oauthbearer.jwt.validator.class = class org.apache.kafka.common.security.oauthbearer.DefaultJwtValidator
	sasl.oauthbearer.scope = null
	sasl.oauthbearer.scope.claim.name = scope
	sasl.oauthbearer.sub.claim.name = sub
	sasl.oauthbearer.token.endpoint.url = null
	security.protocol = PLAINTEXT
	security.providers = null
	send.buffer.bytes = 131072
	session.timeout.ms = 10000
	share.acknowledgement.mode = implicit
	socket.connection.setup.timeout.max.ms = 30000
	socket.connection.setup.timeout.ms = 10000
	ssl.cipher.suites = null
	ssl.enabled.protocols = [TLSv1.2, TLSv1.3]
	ssl.endpoint.identification.algorithm = https
	ssl.engine.factory.class = null
	ssl.key.password = null
	ssl.keymanager.algorithm = SunX509
	ssl.keystore.certificate.chain = null
	ssl.keystore.key = null
	ssl.keystore.location = null
	ssl.keystore.password = null
	ssl.keystore.type = JKS
	ssl.protocol = TLSv1.3
	ssl.provider = null
	ssl.secure.random.implementation = null
	ssl.trustmanager.algorithm = PKIX
	ssl.truststore.certificates = null
	ssl.truststore.location = null
	ssl.truststore.password = null
	ssl.truststore.type = JKS
	value.deserializer = class org.springframework.kafka.support.serializer.JsonDeserializer

16:24:07.487 [main] INFO  o.a.k.c.telemetry.internals.KafkaMetricsCollector - initializing Kafka metrics collector
16:24:07.522 [main] INFO  org.apache.kafka.common.utils.AppInfoParser - Kafka version: 4.1.2
16:24:07.522 [main] INFO  org.apache.kafka.common.utils.AppInfoParser - Kafka commitId: c82fd9b934b4c1e6
16:24:07.522 [main] INFO  org.apache.kafka.common.utils.AppInfoParser - Kafka startTimeMs: 1787646247522
16:24:07.523 [main] INFO  o.a.k.c.consumer.internals.ClassicKafkaConsumer - [Consumer clientId=consumer-slow-consumer-group-1, groupId=slow-consumer-group] Subscribed to topic(s): slow-events
16:24:07.526 [org.springframework.kafka.KafkaListenerEndpointContainer#0-0-C-1] DEBUG o.a.k.c.consumer.internals.ConsumerCoordinator - [Consumer clientId=consumer-slow-consumer-group-1, groupId=slow-consumer-group] Sending FindCoordinator request to broker localhost:9092 (id: -1 rack: null isFenced: false)
16:24:07.527 [main] INFO  c.e.kafkarebalance.KafkaRebalanceDemoApplicationKt - Started KafkaRebalanceDemoApplicationKt in 0.679 seconds (process running for 0.781)
16:24:07.531 [org.springframework.kafka.KafkaListenerEndpointContainer#0-0-C-1] INFO  org.apache.kafka.clients.Metadata - [Consumer clientId=consumer-slow-consumer-group-1, groupId=slow-consumer-group] Cluster ID: MkU3OEVBNTcwNTJENDM2Qk
16:24:07.533 [org.springframework.kafka.KafkaListenerEndpointContainer#0-0-C-1] DEBUG o.a.k.c.consumer.internals.ConsumerCoordinator - [Consumer clientId=consumer-slow-consumer-group-1, groupId=slow-consumer-group] Received FindCoordinator response ClientResponse(receivedTimeMs=1787646247531, latencyMs=4, disconnected=false, timedOut=false, requestHeader=RequestHeader(apiKey=FIND_COORDINATOR, apiVersion=6, clientId=consumer-slow-consumer-group-1, correlationId=0, headerVersion=2), responseBody=FindCoordinatorResponseData(throttleTimeMs=0, errorCode=0, errorMessage='', nodeId=0, host='', port=0, coordinators=[Coordinator(key='slow-consumer-group', nodeId=1, host='localhost', port=9092, errorCode=0, errorMessage='')]))
16:24:07.533 [org.springframework.kafka.KafkaListenerEndpointContainer#0-0-C-1] INFO  o.a.k.c.consumer.internals.ConsumerCoordinator - [Consumer clientId=consumer-slow-consumer-group-1, groupId=slow-consumer-group] Discovered group coordinator localhost:9092 (id: 2147483646 rack: null isFenced: false)
16:24:07.534 [org.springframework.kafka.KafkaListenerEndpointContainer#0-0-C-1] DEBUG o.a.k.c.consumer.internals.ConsumerCoordinator - [Consumer clientId=consumer-slow-consumer-group-1, groupId=slow-consumer-group] Executing onJoinPrepare with generation -1 and memberId 
16:24:07.534 [kafka-coordinator-heartbeat-thread | slow-consumer-group] DEBUG o.a.k.c.consumer.internals.ConsumerCoordinator - [Consumer clientId=consumer-slow-consumer-group-1, groupId=slow-consumer-group] Heartbeat thread started
16:24:07.534 [org.springframework.kafka.KafkaListenerEndpointContainer#0-0-C-1] INFO  o.a.k.c.consumer.internals.ConsumerCoordinator - [Consumer clientId=consumer-slow-consumer-group-1, groupId=slow-consumer-group] (Re-)joining group
16:24:07.534 [org.springframework.kafka.KafkaListenerEndpointContainer#0-0-C-1] DEBUG o.a.k.c.consumer.internals.ConsumerCoordinator - [Consumer clientId=consumer-slow-consumer-group-1, groupId=slow-consumer-group] Joining group with current subscription: [slow-events]
16:24:07.536 [org.springframework.kafka.KafkaListenerEndpointContainer#0-0-C-1] DEBUG o.a.k.c.consumer.internals.ConsumerCoordinator - [Consumer clientId=consumer-slow-consumer-group-1, groupId=slow-consumer-group] Sending JoinGroup (JoinGroupRequestData(groupId='slow-consumer-group', sessionTimeoutMs=10000, rebalanceTimeoutMs=6000, memberId='', groupInstanceId=null, protocolType='consumer', protocols=[JoinGroupRequestProtocol(name='range', metadata=[0, 3, 0, 0, 0, 1, 0, 11, 115, 108, 111, 119, 45, 101, 118, 101, 110, 116, 115, -1, -1, -1, -1, 0, 0, 0, 0, -1, -1, -1, -1, -1, -1]), JoinGroupRequestProtocol(name='cooperative-sticky', metadata=[0, 3, 0, 0, 0, 1, 0, 11, 115, 108, 111, 119, 45, 101, 118, 101, 110, 116, 115, 0, 0, 0, 4, -1, -1, -1, -1, 0, 0, 0, 0, -1, -1, -1, -1, -1, -1])], reason='')) to coordinator localhost:9092 (id: 2147483646 rack: null isFenced: false)
16:24:07.540 [org.springframework.kafka.KafkaListenerEndpointContainer#0-0-C-1] DEBUG o.a.k.c.consumer.internals.ConsumerCoordinator - [Consumer clientId=consumer-slow-consumer-group-1, groupId=slow-consumer-group] JoinGroup failed due to non-fatal error: MEMBER_ID_REQUIRED. Will set the member id as consumer-slow-consumer-group-1-97007241-0a14-4c9a-9f49-d88b29a1e0aa and then rejoin. Sent generation was Generation{generationId=-1, memberId='', protocol='null'}
16:24:07.540 [org.springframework.kafka.KafkaListenerEndpointContainer#0-0-C-1] INFO  o.a.k.c.consumer.internals.ConsumerCoordinator - [Consumer clientId=consumer-slow-consumer-group-1, groupId=slow-consumer-group] Request joining group due to: need to re-join with the given member-id: consumer-slow-consumer-group-1-97007241-0a14-4c9a-9f49-d88b29a1e0aa
16:24:07.540 [org.springframework.kafka.KafkaListenerEndpointContainer#0-0-C-1] INFO  o.a.k.c.consumer.internals.ConsumerCoordinator - [Consumer clientId=consumer-slow-consumer-group-1, groupId=slow-consumer-group] (Re-)joining group
16:24:07.540 [org.springframework.kafka.KafkaListenerEndpointContainer#0-0-C-1] DEBUG o.a.k.c.consumer.internals.ConsumerCoordinator - [Consumer clientId=consumer-slow-consumer-group-1, groupId=slow-consumer-group] Joining group with current subscription: [slow-events]
16:24:07.540 [org.springframework.kafka.KafkaListenerEndpointContainer#0-0-C-1] DEBUG o.a.k.c.consumer.internals.ConsumerCoordinator - [Consumer clientId=consumer-slow-consumer-group-1, groupId=slow-consumer-group] Sending JoinGroup (JoinGroupRequestData(groupId='slow-consumer-group', sessionTimeoutMs=10000, rebalanceTimeoutMs=6000, memberId='consumer-slow-consumer-group-1-97007241-0a14-4c9a-9f49-d88b29a1e0aa', groupInstanceId=null, protocolType='consumer', protocols=[JoinGroupRequestProtocol(name='range', metadata=[0, 3, 0, 0, 0, 1, 0, 11, 115, 108, 111, 119, 45, 101, 118, 101, 110, 116, 115, -1, -1, -1, -1, 0, 0, 0, 0, -1, -1, -1, -1, -1, -1]), JoinGroupRequestProtocol(name='cooperative-sticky', metadata=[0, 3, 0, 0, 0, 1, 0, 11, 115, 108, 111, 119, 45, 101, 118, 101, 110, 116, 115, 0, 0, 0, 4, -1, -1, -1, -1, 0, 0, 0, 0, -1, -1, -1, -1, -1, -1])], reason='need to re-join with the given member-id: consumer-slow-consumer-group-1-97007241-0a14-4c9a-9f49-d88b29a1e0aa')) to coordinator localhost:9092 (id: 2147483646 rack: null isFenced: false)
16:24:07.542 [org.springframework.kafka.KafkaListenerEndpointContainer#0-0-C-1] DEBUG o.a.k.c.consumer.internals.ConsumerCoordinator - [Consumer clientId=consumer-slow-consumer-group-1, groupId=slow-consumer-group] Received successful JoinGroup response: JoinGroupResponseData(throttleTimeMs=0, errorCode=0, generationId=3, protocolType='consumer', protocolName='range', leader='consumer-slow-consumer-group-1-97007241-0a14-4c9a-9f49-d88b29a1e0aa', skipAssignment=false, memberId='consumer-slow-consumer-group-1-97007241-0a14-4c9a-9f49-d88b29a1e0aa', members=[JoinGroupResponseMember(memberId='consumer-slow-consumer-group-1-97007241-0a14-4c9a-9f49-d88b29a1e0aa', groupInstanceId=null, metadata=[0, 3, 0, 0, 0, 1, 0, 11, 115, 108, 111, 119, 45, 101, 118, 101, 110, 116, 115, -1, -1, -1, -1, 0, 0, 0, 0, -1, -1, -1, -1, -1, -1])])
16:24:07.542 [org.springframework.kafka.KafkaListenerEndpointContainer#0-0-C-1] DEBUG o.a.k.c.consumer.internals.ConsumerCoordinator - [Consumer clientId=consumer-slow-consumer-group-1, groupId=slow-consumer-group] Enabling heartbeat thread
16:24:07.542 [org.springframework.kafka.KafkaListenerEndpointContainer#0-0-C-1] INFO  o.a.k.c.consumer.internals.ConsumerCoordinator - [Consumer clientId=consumer-slow-consumer-group-1, groupId=slow-consumer-group] Successfully joined group with generation Generation{generationId=3, memberId='consumer-slow-consumer-group-1-97007241-0a14-4c9a-9f49-d88b29a1e0aa', protocol='range'}
16:24:07.543 [org.springframework.kafka.KafkaListenerEndpointContainer#0-0-C-1] DEBUG o.a.k.c.consumer.internals.ConsumerCoordinator - [Consumer clientId=consumer-slow-consumer-group-1, groupId=slow-consumer-group] Performing assignment using strategy range with subscriptions {consumer-slow-consumer-group-1-97007241-0a14-4c9a-9f49-d88b29a1e0aa=Subscription(topics=[slow-events], ownedPartitions=[], groupInstanceId=null, generationId=-1, rackId=null)}
16:24:07.544 [org.springframework.kafka.KafkaListenerEndpointContainer#0-0-C-1] INFO  o.a.k.c.consumer.internals.ConsumerCoordinator - [Consumer clientId=consumer-slow-consumer-group-1, groupId=slow-consumer-group] Finished assignment for group at generation 3: {consumer-slow-consumer-group-1-97007241-0a14-4c9a-9f49-d88b29a1e0aa=Assignment(partitions=[slow-events-0, slow-events-1, slow-events-2])}
16:24:07.545 [org.springframework.kafka.KafkaListenerEndpointContainer#0-0-C-1] DEBUG o.a.k.c.consumer.internals.ConsumerCoordinator - [Consumer clientId=consumer-slow-consumer-group-1, groupId=slow-consumer-group] Sending leader SyncGroup to coordinator localhost:9092 (id: 2147483646 rack: null isFenced: false): SyncGroupRequestData(groupId='slow-consumer-group', generationId=3, memberId='consumer-slow-consumer-group-1-97007241-0a14-4c9a-9f49-d88b29a1e0aa', groupInstanceId=null, protocolType='consumer', protocolName='range', assignments=[SyncGroupRequestAssignment(memberId='consumer-slow-consumer-group-1-97007241-0a14-4c9a-9f49-d88b29a1e0aa', assignment=[0, 3, 0, 0, 0, 1, 0, 11, 115, 108, 111, 119, 45, 101, 118, 101, 110, 116, 115, 0, 0, 0, 3, 0, 0, 0, 0, 0, 0, 0, 1, 0, 0, 0, 2, -1, -1, -1, -1])])
16:24:07.547 [org.springframework.kafka.KafkaListenerEndpointContainer#0-0-C-1] DEBUG o.a.k.c.consumer.internals.ConsumerCoordinator - [Consumer clientId=consumer-slow-consumer-group-1, groupId=slow-consumer-group] Received successful SyncGroup response: SyncGroupResponseData(throttleTimeMs=0, errorCode=0, protocolType='consumer', protocolName='range', assignment=[0, 3, 0, 0, 0, 1, 0, 11, 115, 108, 111, 119, 45, 101, 118, 101, 110, 116, 115, 0, 0, 0, 3, 0, 0, 0, 0, 0, 0, 0, 1, 0, 0, 0, 2, -1, -1, -1, -1])
16:24:07.547 [org.springframework.kafka.KafkaListenerEndpointContainer#0-0-C-1] INFO  o.a.k.c.consumer.internals.ConsumerCoordinator - [Consumer clientId=consumer-slow-consumer-group-1, groupId=slow-consumer-group] Successfully synced group in generation Generation{generationId=3, memberId='consumer-slow-consumer-group-1-97007241-0a14-4c9a-9f49-d88b29a1e0aa', protocol='range'}
16:24:07.547 [org.springframework.kafka.KafkaListenerEndpointContainer#0-0-C-1] DEBUG o.a.k.c.consumer.internals.ConsumerCoordinator - [Consumer clientId=consumer-slow-consumer-group-1, groupId=slow-consumer-group] Executing onJoinComplete with generation 3 and memberId consumer-slow-consumer-group-1-97007241-0a14-4c9a-9f49-d88b29a1e0aa
16:24:07.547 [org.springframework.kafka.KafkaListenerEndpointContainer#0-0-C-1] INFO  o.a.k.c.consumer.internals.ConsumerCoordinator - [Consumer clientId=consumer-slow-consumer-group-1, groupId=slow-consumer-group] Notifying assignor about the new Assignment(partitions=[slow-events-0, slow-events-1, slow-events-2])
16:24:07.548 [org.springframework.kafka.KafkaListenerEndpointContainer#0-0-C-1] INFO  o.a.k.c.c.i.ConsumerRebalanceListenerInvoker - [Consumer clientId=consumer-slow-consumer-group-1, groupId=slow-consumer-group] Adding newly assigned partitions: [slow-events-0, slow-events-1, slow-events-2]
16:24:07.548 [org.springframework.kafka.KafkaListenerEndpointContainer#0-0-C-1] DEBUG o.a.k.c.consumer.internals.ConsumerCoordinator - [Consumer clientId=consumer-slow-consumer-group-1, groupId=slow-consumer-group] Fetching committed offsets for partitions: [slow-events-2, slow-events-1, slow-events-0]
16:24:07.551 [org.springframework.kafka.KafkaListenerEndpointContainer#0-0-C-1] INFO  o.a.k.c.consumer.internals.ConsumerCoordinator - [Consumer clientId=consumer-slow-consumer-group-1, groupId=slow-consumer-group] Found no committed offset for partition slow-events-2
16:24:07.551 [org.springframework.kafka.KafkaListenerEndpointContainer#0-0-C-1] INFO  o.a.k.c.consumer.internals.ConsumerCoordinator - [Consumer clientId=consumer-slow-consumer-group-1, groupId=slow-consumer-group] Found no committed offset for partition slow-events-1
16:24:07.551 [org.springframework.kafka.KafkaListenerEndpointContainer#0-0-C-1] INFO  o.a.k.c.consumer.internals.ConsumerCoordinator - [Consumer clientId=consumer-slow-consumer-group-1, groupId=slow-consumer-group] Found no committed offset for partition slow-events-0
16:24:07.555 [org.springframework.kafka.KafkaListenerEndpointContainer#0-0-C-1] INFO  o.a.k.clients.consumer.internals.SubscriptionState - [Consumer clientId=consumer-slow-consumer-group-1, groupId=slow-consumer-group] Resetting offset for partition slow-events-2 to position FetchPosition{offset=0, offsetEpoch=Optional.empty, currentLeader=LeaderAndEpoch{leader=Optional[localhost:9092 (id: 1 rack: null isFenced: false)], epoch=0}}.
16:24:07.555 [org.springframework.kafka.KafkaListenerEndpointContainer#0-0-C-1] INFO  o.a.k.clients.consumer.internals.SubscriptionState - [Consumer clientId=consumer-slow-consumer-group-1, groupId=slow-consumer-group] Resetting offset for partition slow-events-1 to position FetchPosition{offset=0, offsetEpoch=Optional.empty, currentLeader=LeaderAndEpoch{leader=Optional[localhost:9092 (id: 1 rack: null isFenced: false)], epoch=0}}.
16:24:07.555 [org.springframework.kafka.KafkaListenerEndpointContainer#0-0-C-1] INFO  o.a.k.clients.consumer.internals.SubscriptionState - [Consumer clientId=consumer-slow-consumer-group-1, groupId=slow-consumer-group] Resetting offset for partition slow-events-0 to position FetchPosition{offset=0, offsetEpoch=Optional.empty, currentLeader=LeaderAndEpoch{leader=Optional[localhost:9092 (id: 1 rack: null isFenced: false)], epoch=0}}.
16:24:07.555 [org.springframework.kafka.KafkaListenerEndpointContainer#0-0-C-1] INFO  o.s.kafka.listener.KafkaMessageListenerContainer - slow-consumer-group: partitions assigned: [slow-events-0, slow-events-1, slow-events-2]
16:24:10.534 [demo-event-producer] INFO  c.e.kafkarebalance.producer.DemoEventProducer - [scenario1] 开始发送 12 条演示消息（约 1/4 标记 slow=true）
16:24:10.544 [kafka-coordinator-heartbeat-thread | slow-consumer-group] DEBUG o.a.k.c.consumer.internals.ConsumerCoordinator - [Consumer clientId=consumer-slow-consumer-group-1, groupId=slow-consumer-group] Sending Heartbeat request with generation 3 and member id consumer-slow-consumer-group-1-97007241-0a14-4c9a-9f49-d88b29a1e0aa to coordinator localhost:9092 (id: 2147483646 rack: null isFenced: false)
16:24:10.550 [org.springframework.kafka.KafkaListenerEndpointContainer#0-0-C-1] DEBUG o.a.k.c.consumer.internals.ConsumerCoordinator - [Consumer clientId=consumer-slow-consumer-group-1, groupId=slow-consumer-group] Received successful Heartbeat response
16:24:10.555 [demo-event-producer] INFO  org.apache.kafka.common.config.AbstractConfig - ProducerConfig values: 
	acks = -1
	batch.size = 16384
	bootstrap.servers = [localhost:9092]
	buffer.memory = 33554432
	client.dns.lookup = use_all_dns_ips
	client.id = kafka-rebalance-demo-producer-1
	compression.gzip.level = -1
	compression.lz4.level = 9
	compression.type = none
	compression.zstd.level = 3
	connections.max.idle.ms = 540000
	delivery.timeout.ms = 120000
	enable.idempotence = true
	enable.metrics.push = true
	interceptor.classes = []
	key.serializer = class org.apache.kafka.common.serialization.StringSerializer
	linger.ms = 5
	max.block.ms = 60000
	max.in.flight.requests.per.connection = 5
	max.request.size = 1048576
	metadata.max.age.ms = 300000
	metadata.max.idle.ms = 300000
	metadata.recovery.rebootstrap.trigger.ms = 300000
	metadata.recovery.strategy = rebootstrap
	metric.reporters = [org.apache.kafka.common.metrics.JmxReporter]
	metrics.num.samples = 2
	metrics.recording.level = INFO
	metrics.sample.window.ms = 30000
	partitioner.adaptive.partitioning.enable = true
	partitioner.availability.timeout.ms = 0
	partitioner.class = null
	partitioner.ignore.keys = false
	receive.buffer.bytes = 32768
	reconnect.backoff.max.ms = 1000
	reconnect.backoff.ms = 50
	request.timeout.ms = 30000
	retries = 2147483647
	retry.backoff.max.ms = 1000
	retry.backoff.ms = 100
	sasl.client.callback.handler.class = null
	sasl.jaas.config = null
	sasl.kerberos.kinit.cmd = /usr/bin/kinit
	sasl.kerberos.min.time.before.relogin = 60000
	sasl.kerberos.service.name = null
	sasl.kerberos.ticket.renew.jitter = 0.05
	sasl.kerberos.ticket.renew.window.factor = 0.8
	sasl.login.callback.handler.class = null
	sasl.login.class = null
	sasl.login.connect.timeout.ms = null
	sasl.login.read.timeout.ms = null
	sasl.login.refresh.buffer.seconds = 300
	sasl.login.refresh.min.period.seconds = 60
	sasl.login.refresh.window.factor = 0.8
	sasl.login.refresh.window.jitter = 0.05
	sasl.login.retry.backoff.max.ms = 10000
	sasl.login.retry.backoff.ms = 100
	sasl.mechanism = GSSAPI
	sasl.oauthbearer.assertion.algorithm = RS256
	sasl.oauthbearer.assertion.claim.aud = null
	sasl.oauthbearer.assertion.claim.exp.seconds = 300
	sasl.oauthbearer.assertion.claim.iss = null
	sasl.oauthbearer.assertion.claim.jti.include = false
	sasl.oauthbearer.assertion.claim.nbf.seconds = 60
	sasl.oauthbearer.assertion.claim.sub = null
	sasl.oauthbearer.assertion.file = null
	sasl.oauthbearer.assertion.private.key.file = null
	sasl.oauthbearer.assertion.private.key.passphrase = null
	sasl.oauthbearer.assertion.template.file = null
	sasl.oauthbearer.client.credentials.client.id = null
	sasl.oauthbearer.client.credentials.client.secret = null
	sasl.oauthbearer.clock.skew.seconds = 30
	sasl.oauthbearer.expected.audience = null
	sasl.oauthbearer.expected.issuer = null
	sasl.oauthbearer.header.urlencode = false
	sasl.oauthbearer.jwks.endpoint.refresh.ms = 3600000
	sasl.oauthbearer.jwks.endpoint.retry.backoff.max.ms = 10000
	sasl.oauthbearer.jwks.endpoint.retry.backoff.ms = 100
	sasl.oauthbearer.jwks.endpoint.url = null
	sasl.oauthbearer.jwt.retriever.class = class org.apache.kafka.common.security.oauthbearer.DefaultJwtRetriever
	sasl.oauthbearer.jwt.validator.class = class org.apache.kafka.common.security.oauthbearer.DefaultJwtValidator
	sasl.oauthbearer.scope = null
	sasl.oauthbearer.scope.claim.name = scope
	sasl.oauthbearer.sub.claim.name = sub
	sasl.oauthbearer.token.endpoint.url = null
	security.protocol = PLAINTEXT
	security.providers = null
	send.buffer.bytes = 131072
	socket.connection.setup.timeout.max.ms = 30000
	socket.connection.setup.timeout.ms = 10000
	ssl.cipher.suites = null
	ssl.enabled.protocols = [TLSv1.2, TLSv1.3]
	ssl.endpoint.identification.algorithm = https
	ssl.engine.factory.class = null
	ssl.key.password = null
	ssl.keymanager.algorithm = SunX509
	ssl.keystore.certificate.chain = null
	ssl.keystore.key = null
	ssl.keystore.location = null
	ssl.keystore.password = null
	ssl.keystore.type = JKS
	ssl.protocol = TLSv1.3
	ssl.provider = null
	ssl.secure.random.implementation = null
	ssl.trustmanager.algorithm = PKIX
	ssl.truststore.certificates = null
	ssl.truststore.location = null
	ssl.truststore.password = null
	ssl.truststore.type = JKS
	transaction.timeout.ms = 60000
	transaction.two.phase.commit.enable = false
	transactional.id = null
	value.serializer = class org.springframework.kafka.support.serializer.JsonSerializer

16:24:10.557 [demo-event-producer] INFO  o.a.k.c.telemetry.internals.KafkaMetricsCollector - initializing Kafka metrics collector
16:24:10.571 [demo-event-producer] INFO  org.apache.kafka.clients.producer.KafkaProducer - [Producer clientId=kafka-rebalance-demo-producer-1] Instantiated an idempotent producer.
16:24:10.579 [demo-event-producer] INFO  org.apache.kafka.common.utils.AppInfoParser - Kafka version: 4.1.2
16:24:10.579 [demo-event-producer] INFO  org.apache.kafka.common.utils.AppInfoParser - Kafka commitId: c82fd9b934b4c1e6
16:24:10.579 [demo-event-producer] INFO  org.apache.kafka.common.utils.AppInfoParser - Kafka startTimeMs: 1787646250579
16:24:10.584 [kafka-producer-network-thread | kafka-rebalance-demo-producer-1] INFO  org.apache.kafka.clients.Metadata - [Producer clientId=kafka-rebalance-demo-producer-1] Cluster ID: MkU3OEVBNTcwNTJENDM2Qk
16:24:10.584 [kafka-producer-network-thread | kafka-rebalance-demo-producer-1] INFO  o.a.k.c.producer.internals.TransactionManager - [Producer clientId=kafka-rebalance-demo-producer-1] ProducerId set to 1 with epoch 0
16:24:10.599 [demo-event-producer] INFO  c.e.kafkarebalance.producer.DemoEventProducer - 已发送消息 id=a4afb677-7e36-4744-a3bf-28619e228e45 key=0 slow=true retryTrigger=false
16:24:10.626 [org.springframework.kafka.KafkaListenerEndpointContainer#0-0-C-1] DEBUG o.s.kafka.listener.KafkaMessageListenerContainer - Received: 1 records
16:24:10.628 [org.springframework.kafka.KafkaListenerEndpointContainer#0-0-C-1] DEBUG o.s.k.l.a.RecordMessagingMessageListenerAdapter - Processing [GenericMessage [payload=DemoEvent(id=a4afb677-7e36-4744-a3bf-28619e228e45, payload=demo-event-0, slow=true, retryTrigger=false, createdAt=2026-08-25T08:24:10.536644Z), headers={kafka_offset=0, kafka_consumer=org.springframework.kafka.core.DefaultKafkaConsumerFactory$ExtendedKafkaConsumer@4d006356, kafka_timestampType=CREATE_TIME, kafka_receivedPartitionId=2, kafka_receivedMessageKey=0, kafka_receivedTopic=slow-events, kafka_receivedTimestamp=1787646250584, kafka_acknowledgment=Acknowledgment for slow-events-2@0, kafka_groupId=slow-consumer-group}]]
16:24:10.629 [org.springframework.kafka.KafkaListenerEndpointContainer#0-0-C-1] INFO  c.e.kafkarebalance.listener.SlowEventListener - 收到消息 id=a4afb677-7e36-4744-a3bf-28619e228e45 partition=2 slow=true
16:24:10.629 [org.springframework.kafka.KafkaListenerEndpointContainer#0-0-C-1] WARN  c.e.kafkarebalance.listener.SlowEventListener - 模拟慢处理开始：id=a4afb677-7e36-4744-a3bf-28619e228e45 将阻塞 10000ms（超过 max.poll.interval.ms=6000ms，预期触发 rebalance）
16:24:10.804 [demo-event-producer] INFO  c.e.kafkarebalance.producer.DemoEventProducer - 已发送消息 id=0863b692-0f7c-4df0-9e74-5a4285d42e07 key=1 slow=false retryTrigger=false
16:24:11.010 [demo-event-producer] INFO  c.e.kafkarebalance.producer.DemoEventProducer - 已发送消息 id=8aae1e22-3bad-403b-a396-bac919f47db4 key=2 slow=false retryTrigger=false
16:24:11.214 [demo-event-producer] INFO  c.e.kafkarebalance.producer.DemoEventProducer - 已发送消息 id=923f5e04-e0af-4f22-a12f-e8e23b2011bd key=0 slow=false retryTrigger=false
16:24:11.418 [demo-event-producer] INFO  c.e.kafkarebalance.producer.DemoEventProducer - 已发送消息 id=472138ad-6d5f-4b67-b8c6-e96870c125c9 key=1 slow=true retryTrigger=false
16:24:11.623 [demo-event-producer] INFO  c.e.kafkarebalance.producer.DemoEventProducer - 已发送消息 id=955f116b-f691-4beb-bbf8-3c61f3629d2a key=2 slow=false retryTrigger=false
16:24:11.829 [demo-event-producer] INFO  c.e.kafkarebalance.producer.DemoEventProducer - 已发送消息 id=7a7fa895-6909-4c92-a5ec-a2ce4136a3d7 key=0 slow=false retryTrigger=false
16:24:12.035 [demo-event-producer] INFO  c.e.kafkarebalance.producer.DemoEventProducer - 已发送消息 id=fbbdd9eb-02d4-44af-8be4-da938e4eed28 key=1 slow=false retryTrigger=false
16:24:12.239 [demo-event-producer] INFO  c.e.kafkarebalance.producer.DemoEventProducer - 已发送消息 id=807718db-4db2-481e-a7ac-5ae609ad5a82 key=2 slow=true retryTrigger=false
16:24:12.446 [demo-event-producer] INFO  c.e.kafkarebalance.producer.DemoEventProducer - 已发送消息 id=4cbb3d6d-8514-433d-90f4-dfade48b7e58 key=0 slow=false retryTrigger=false
16:24:12.649 [demo-event-producer] INFO  c.e.kafkarebalance.producer.DemoEventProducer - 已发送消息 id=61ac960a-0d67-4864-a34a-5db40e22fca4 key=1 slow=false retryTrigger=false
16:24:12.855 [demo-event-producer] INFO  c.e.kafkarebalance.producer.DemoEventProducer - 已发送消息 id=31ee8c61-9384-4bf8-ba88-0a36ef9cbafa key=2 slow=false retryTrigger=false
16:24:13.060 [demo-event-producer] INFO  c.e.kafkarebalance.producer.DemoEventProducer - [scenario1] 全部演示消息发送完毕
16:24:13.549 [kafka-coordinator-heartbeat-thread | slow-consumer-group] DEBUG o.a.k.c.consumer.internals.ConsumerCoordinator - [Consumer clientId=consumer-slow-consumer-group-1, groupId=slow-consumer-group] Sending Heartbeat request with generation 3 and member id consumer-slow-consumer-group-1-97007241-0a14-4c9a-9f49-d88b29a1e0aa to coordinator localhost:9092 (id: 2147483646 rack: null isFenced: false)
16:24:13.656 [kafka-coordinator-heartbeat-thread | slow-consumer-group] DEBUG o.a.k.c.consumer.internals.ConsumerCoordinator - [Consumer clientId=consumer-slow-consumer-group-1, groupId=slow-consumer-group] Received successful Heartbeat response
16:24:16.649 [kafka-coordinator-heartbeat-thread | slow-consumer-group] WARN  o.a.k.c.consumer.internals.ConsumerCoordinator - [Consumer clientId=consumer-slow-consumer-group-1, groupId=slow-consumer-group] consumer poll timeout has expired. This means the time between subsequent calls to poll() was longer than the configured max.poll.interval.ms, which typically implies that the poll loop is spending too much time processing messages. You can address this either by increasing max.poll.interval.ms or by reducing the maximum size of batches returned in poll() with max.poll.records.
16:24:16.649 [kafka-coordinator-heartbeat-thread | slow-consumer-group] INFO  o.a.k.c.consumer.internals.ConsumerCoordinator - [Consumer clientId=consumer-slow-consumer-group-1, groupId=slow-consumer-group] Member consumer-slow-consumer-group-1-97007241-0a14-4c9a-9f49-d88b29a1e0aa sending LeaveGroup request to coordinator localhost:9092 (id: 2147483646 rack: null isFenced: false) due to consumer poll timeout has expired.
16:24:16.650 [kafka-coordinator-heartbeat-thread | slow-consumer-group] INFO  o.a.k.c.consumer.internals.ConsumerCoordinator - [Consumer clientId=consumer-slow-consumer-group-1, groupId=slow-consumer-group] Resetting generation and member id due to: consumer pro-actively leaving the group
16:24:16.650 [kafka-coordinator-heartbeat-thread | slow-consumer-group] INFO  o.a.k.c.consumer.internals.ConsumerCoordinator - [Consumer clientId=consumer-slow-consumer-group-1, groupId=slow-consumer-group] Request joining group due to: consumer pro-actively leaving the group
16:24:20.635 [org.springframework.kafka.KafkaListenerEndpointContainer#0-0-C-1] DEBUG o.s.kafka.listener.KafkaMessageListenerContainer - Committing: {slow-events-2=OffsetAndMetadata{offset=1, leaderEpoch=null, metadata=''}}
16:24:20.637 [org.springframework.kafka.KafkaListenerEndpointContainer#0-0-C-1] INFO  o.a.k.c.consumer.internals.ConsumerCoordinator - [Consumer clientId=consumer-slow-consumer-group-1, groupId=slow-consumer-group] Failing OffsetCommit request since the consumer is not part of an active group
16:24:20.644 [org.springframework.kafka.KafkaListenerEndpointContainer#0-0-C-1] DEBUG o.a.k.c.consumer.internals.ConsumerCoordinator - [Consumer clientId=consumer-slow-consumer-group-1, groupId=slow-consumer-group] LeaveGroup response with Generation{generationId=3, memberId='consumer-slow-consumer-group-1-97007241-0a14-4c9a-9f49-d88b29a1e0aa', protocol='range'} returned successfully: ClientResponse(receivedTimeMs=1787646260638, latencyMs=3988, disconnected=false, timedOut=false, requestHeader=RequestHeader(apiKey=LEAVE_GROUP, apiVersion=5, clientId=consumer-slow-consumer-group-1, correlationId=20, headerVersion=2), responseBody=LeaveGroupResponseData(throttleTimeMs=0, errorCode=0, members=[MemberResponse(memberId='consumer-slow-consumer-group-1-97007241-0a14-4c9a-9f49-d88b29a1e0aa', groupInstanceId=null, errorCode=0)]))
16:24:20.644 [org.springframework.kafka.KafkaListenerEndpointContainer#0-0-C-1] WARN  c.e.kafkarebalance.listener.SlowEventListener - 提交 offset 失败，可能因 rebalance 导致该分区已被回收 id=a4afb677-7e36-4744-a3bf-28619e228e45
org.apache.kafka.clients.consumer.CommitFailedException: Offset commit cannot be completed since the consumer is not part of an active group for auto partition assignment; it is likely that the consumer was kicked out of the group.
	at org.apache.kafka.clients.consumer.internals.ConsumerCoordinator.sendOffsetCommitRequest(ConsumerCoordinator.java:1320)
	at org.apache.kafka.clients.consumer.internals.ConsumerCoordinator.commitOffsetsSync(ConsumerCoordinator.java:1155)
	at org.apache.kafka.clients.consumer.internals.ClassicKafkaConsumer.commitSync(ClassicKafkaConsumer.java:747)
	at org.apache.kafka.clients.consumer.KafkaConsumer.commitSync(KafkaConsumer.java:1094)
	at org.springframework.kafka.listener.KafkaMessageListenerContainer$ListenerConsumer.doCommitSync(KafkaMessageListenerContainer.java:3474)
	at org.springframework.kafka.listener.KafkaMessageListenerContainer$ListenerConsumer.commitSync(KafkaMessageListenerContainer.java:3469)
	at org.springframework.kafka.listener.KafkaMessageListenerContainer$ListenerConsumer.commitOffsets(KafkaMessageListenerContainer.java:3452)
	at org.springframework.kafka.listener.KafkaMessageListenerContainer$ListenerConsumer.commitOffsetsInTransactions(KafkaMessageListenerContainer.java:3443)
	at org.springframework.kafka.listener.KafkaMessageListenerContainer$ListenerConsumer.ackImmediate(KafkaMessageListenerContainer.java:2187)
	at org.springframework.kafka.listener.KafkaMessageListenerContainer$ListenerConsumer.processAck(KafkaMessageListenerContainer.java:2082)
	at org.springframework.kafka.listener.KafkaMessageListenerContainer$ListenerConsumer.doAck(KafkaMessageListenerContainer.java:2062)
	at org.springframework.kafka.listener.KafkaMessageListenerContainer$ListenerConsumer$ConsumerAcknowledgment.acknowledge(KafkaMessageListenerContainer.java:3622)
	at com.example.kafkarebalance.listener.SlowEventListener.onMessage(SlowEventListener.kt:51)
	at java.base/jdk.internal.reflect.DirectMethodHandleAccessor.invoke(DirectMethodHandleAccessor.java:104)
	at java.base/java.lang.reflect.Method.invoke(Method.java:565)
	at org.springframework.messaging.handler.invocation.InvocableHandlerMethod.doInvoke(InvocableHandlerMethod.java:168)
	at org.springframework.kafka.listener.adapter.KotlinAwareInvocableHandlerMethod.doInvoke(KotlinAwareInvocableHandlerMethod.java:48)
	at org.springframework.messaging.handler.invocation.InvocableHandlerMethod.invoke(InvocableHandlerMethod.java:119)
	at org.springframework.kafka.listener.adapter.HandlerAdapter.invoke(HandlerAdapter.java:80)
	at org.springframework.kafka.listener.adapter.MessagingMessageListenerAdapter.invokeHandler(MessagingMessageListenerAdapter.java:488)
	at org.springframework.kafka.listener.adapter.MessagingMessageListenerAdapter.invoke(MessagingMessageListenerAdapter.java:425)
	at org.springframework.kafka.listener.adapter.RecordMessagingMessageListenerAdapter.onMessage(RecordMessagingMessageListenerAdapter.java:92)
	at org.springframework.kafka.listener.adapter.RecordMessagingMessageListenerAdapter.onMessage(RecordMessagingMessageListenerAdapter.java:52)
	at org.springframework.kafka.listener.KafkaMessageListenerContainer$ListenerConsumer.doInvokeOnMessage(KafkaMessageListenerContainer.java:2948)
	at org.springframework.kafka.listener.KafkaMessageListenerContainer$ListenerConsumer.invokeOnMessage(KafkaMessageListenerContainer.java:2927)
	at org.springframework.kafka.listener.KafkaMessageListenerContainer$ListenerConsumer.doInvokeRecordListener(KafkaMessageListenerContainer.java:2837)
	at org.springframework.kafka.listener.KafkaMessageListenerContainer$ListenerConsumer.doInvokeWithRecords(KafkaMessageListenerContainer.java:2679)
	at org.springframework.kafka.listener.KafkaMessageListenerContainer$ListenerConsumer.invokeRecordListener(KafkaMessageListenerContainer.java:2573)
	at org.springframework.kafka.listener.KafkaMessageListenerContainer$ListenerConsumer.invokeListener(KafkaMessageListenerContainer.java:2204)
	at org.springframework.kafka.listener.KafkaMessageListenerContainer$ListenerConsumer.invokeIfHaveRecords(KafkaMessageListenerContainer.java:1559)
	at org.springframework.kafka.listener.KafkaMessageListenerContainer$ListenerConsumer.pollAndInvoke(KafkaMessageListenerContainer.java:1499)
	at org.springframework.kafka.listener.KafkaMessageListenerContainer$ListenerConsumer.run(KafkaMessageListenerContainer.java:1368)
	at java.base/java.util.concurrent.CompletableFuture$AsyncRun.run(CompletableFuture.java:1825)
	at java.base/java.lang.Thread.run(Thread.java:1474)
16:24:20.648 [org.springframework.kafka.KafkaListenerEndpointContainer#0-0-C-1] DEBUG o.a.k.c.consumer.internals.ConsumerCoordinator - [Consumer clientId=consumer-slow-consumer-group-1, groupId=slow-consumer-group] Executing onJoinPrepare with generation -1 and memberId 
16:24:20.648 [org.springframework.kafka.KafkaListenerEndpointContainer#0-0-C-1] INFO  o.a.k.c.consumer.internals.ConsumerCoordinator - [Consumer clientId=consumer-slow-consumer-group-1, groupId=slow-consumer-group] Giving away all assigned partitions as lost since generation/memberID has been reset,indicating that consumer is in old state or no longer part of the group
16:24:20.648 [org.springframework.kafka.KafkaListenerEndpointContainer#0-0-C-1] INFO  o.a.k.c.c.i.ConsumerRebalanceListenerInvoker - [Consumer clientId=consumer-slow-consumer-group-1, groupId=slow-consumer-group] Lost previously assigned partitions [slow-events-0, slow-events-1, slow-events-2]
16:24:20.648 [org.springframework.kafka.KafkaListenerEndpointContainer#0-0-C-1] INFO  o.s.kafka.listener.KafkaMessageListenerContainer - slow-consumer-group: partitions lost: [slow-events-0, slow-events-1, slow-events-2]
16:24:20.649 [org.springframework.kafka.KafkaListenerEndpointContainer#0-0-C-1] INFO  o.s.kafka.listener.KafkaMessageListenerContainer - slow-consumer-group: partitions revoked: [slow-events-0, slow-events-1, slow-events-2]
16:24:20.649 [org.springframework.kafka.KafkaListenerEndpointContainer#0-0-C-1] INFO  o.a.k.c.consumer.internals.ConsumerCoordinator - [Consumer clientId=consumer-slow-consumer-group-1, groupId=slow-consumer-group] (Re-)joining group
16:24:20.650 [org.springframework.kafka.KafkaListenerEndpointContainer#0-0-C-1] DEBUG o.a.k.c.consumer.internals.ConsumerCoordinator - [Consumer clientId=consumer-slow-consumer-group-1, groupId=slow-consumer-group] Joining group with current subscription: [slow-events]
16:24:20.650 [org.springframework.kafka.KafkaListenerEndpointContainer#0-0-C-1] DEBUG o.a.k.c.consumer.internals.ConsumerCoordinator - [Consumer clientId=consumer-slow-consumer-group-1, groupId=slow-consumer-group] Sending JoinGroup (JoinGroupRequestData(groupId='slow-consumer-group', sessionTimeoutMs=10000, rebalanceTimeoutMs=6000, memberId='', groupInstanceId=null, protocolType='consumer', protocols=[JoinGroupRequestProtocol(name='range', metadata=[0, 3, 0, 0, 0, 1, 0, 11, 115, 108, 111, 119, 45, 101, 118, 101, 110, 116, 115, -1, -1, -1, -1, 0, 0, 0, 0, -1, -1, -1, -1, -1, -1]), JoinGroupRequestProtocol(name='cooperative-sticky', metadata=[0, 3, 0, 0, 0, 1, 0, 11, 115, 108, 111, 119, 45, 101, 118, 101, 110, 116, 115, 0, 0, 0, 4, -1, -1, -1, -1, 0, 0, 0, 0, -1, -1, -1, -1, -1, -1])], reason='consumer pro-actively leaving the group')) to coordinator localhost:9092 (id: 2147483646 rack: null isFenced: false)
16:24:20.656 [org.springframework.kafka.KafkaListenerEndpointContainer#0-0-C-1] DEBUG o.a.k.c.consumer.internals.ConsumerCoordinator - [Consumer clientId=consumer-slow-consumer-group-1, groupId=slow-consumer-group] JoinGroup failed due to non-fatal error: MEMBER_ID_REQUIRED. Will set the member id as consumer-slow-consumer-group-1-c3480bd1-30a5-4a2e-9638-faecbe5ba681 and then rejoin. Sent generation was Generation{generationId=-1, memberId='', protocol='null'}
16:24:20.656 [org.springframework.kafka.KafkaListenerEndpointContainer#0-0-C-1] INFO  o.a.k.c.consumer.internals.ConsumerCoordinator - [Consumer clientId=consumer-slow-consumer-group-1, groupId=slow-consumer-group] Request joining group due to: need to re-join with the given member-id: consumer-slow-consumer-group-1-c3480bd1-30a5-4a2e-9638-faecbe5ba681
16:24:20.657 [org.springframework.kafka.KafkaListenerEndpointContainer#0-0-C-1] INFO  o.a.k.c.consumer.internals.ConsumerCoordinator - [Consumer clientId=consumer-slow-consumer-group-1, groupId=slow-consumer-group] (Re-)joining group
16:24:20.657 [org.springframework.kafka.KafkaListenerEndpointContainer#0-0-C-1] DEBUG o.a.k.c.consumer.internals.ConsumerCoordinator - [Consumer clientId=consumer-slow-consumer-group-1, groupId=slow-consumer-group] Joining group with current subscription: [slow-events]
16:24:20.657 [org.springframework.kafka.KafkaListenerEndpointContainer#0-0-C-1] DEBUG o.a.k.c.consumer.internals.ConsumerCoordinator - [Consumer clientId=consumer-slow-consumer-group-1, groupId=slow-consumer-group] Sending JoinGroup (JoinGroupRequestData(groupId='slow-consumer-group', sessionTimeoutMs=10000, rebalanceTimeoutMs=6000, memberId='consumer-slow-consumer-group-1-c3480bd1-30a5-4a2e-9638-faecbe5ba681', groupInstanceId=null, protocolType='consumer', protocols=[JoinGroupRequestProtocol(name='range', metadata=[0, 3, 0, 0, 0, 1, 0, 11, 115, 108, 111, 119, 45, 101, 118, 101, 110, 116, 115, -1, -1, -1, -1, 0, 0, 0, 0, -1, -1, -1, -1, -1, -1]), JoinGroupRequestProtocol(name='cooperative-sticky', metadata=[0, 3, 0, 0, 0, 1, 0, 11, 115, 108, 111, 119, 45, 101, 118, 101, 110, 116, 115, 0, 0, 0, 4, -1, -1, -1, -1, 0, 0, 0, 0, -1, -1, -1, -1, -1, -1])], reason='need to re-join with the given member-id: consumer-slow-consumer-group-1-c3480bd1-30a5-4a2e-9638-faecbe5ba681')) to coordinator localhost:9092 (id: 2147483646 rack: null isFenced: false)
16:24:20.662 [org.springframework.kafka.KafkaListenerEndpointContainer#0-0-C-1] DEBUG o.a.k.c.consumer.internals.ConsumerCoordinator - [Consumer clientId=consumer-slow-consumer-group-1, groupId=slow-consumer-group] Received successful JoinGroup response: JoinGroupResponseData(throttleTimeMs=0, errorCode=0, generationId=5, protocolType='consumer', protocolName='range', leader='consumer-slow-consumer-group-1-c3480bd1-30a5-4a2e-9638-faecbe5ba681', skipAssignment=false, memberId='consumer-slow-consumer-group-1-c3480bd1-30a5-4a2e-9638-faecbe5ba681', members=[JoinGroupResponseMember(memberId='consumer-slow-consumer-group-1-c3480bd1-30a5-4a2e-9638-faecbe5ba681', groupInstanceId=null, metadata=[0, 3, 0, 0, 0, 1, 0, 11, 115, 108, 111, 119, 45, 101, 118, 101, 110, 116, 115, -1, -1, -1, -1, 0, 0, 0, 0, -1, -1, -1, -1, -1, -1])])
16:24:20.663 [org.springframework.kafka.KafkaListenerEndpointContainer#0-0-C-1] DEBUG o.a.k.c.consumer.internals.ConsumerCoordinator - [Consumer clientId=consumer-slow-consumer-group-1, groupId=slow-consumer-group] Enabling heartbeat thread
16:24:20.663 [org.springframework.kafka.KafkaListenerEndpointContainer#0-0-C-1] INFO  o.a.k.c.consumer.internals.ConsumerCoordinator - [Consumer clientId=consumer-slow-consumer-group-1, groupId=slow-consumer-group] Successfully joined group with generation Generation{generationId=5, memberId='consumer-slow-consumer-group-1-c3480bd1-30a5-4a2e-9638-faecbe5ba681', protocol='range'}
16:24:20.663 [org.springframework.kafka.KafkaListenerEndpointContainer#0-0-C-1] DEBUG o.a.k.c.consumer.internals.ConsumerCoordinator - [Consumer clientId=consumer-slow-consumer-group-1, groupId=slow-consumer-group] Performing assignment using strategy range with subscriptions {consumer-slow-consumer-group-1-c3480bd1-30a5-4a2e-9638-faecbe5ba681=Subscription(topics=[slow-events], ownedPartitions=[], groupInstanceId=null, generationId=-1, rackId=null)}
16:24:20.663 [org.springframework.kafka.KafkaListenerEndpointContainer#0-0-C-1] INFO  o.a.k.c.consumer.internals.ConsumerCoordinator - [Consumer clientId=consumer-slow-consumer-group-1, groupId=slow-consumer-group] Finished assignment for group at generation 5: {consumer-slow-consumer-group-1-c3480bd1-30a5-4a2e-9638-faecbe5ba681=Assignment(partitions=[slow-events-0, slow-events-1, slow-events-2])}
16:24:20.663 [org.springframework.kafka.KafkaListenerEndpointContainer#0-0-C-1] DEBUG o.a.k.c.consumer.internals.ConsumerCoordinator - [Consumer clientId=consumer-slow-consumer-group-1, groupId=slow-consumer-group] Sending leader SyncGroup to coordinator localhost:9092 (id: 2147483646 rack: null isFenced: false): SyncGroupRequestData(groupId='slow-consumer-group', generationId=5, memberId='consumer-slow-consumer-group-1-c3480bd1-30a5-4a2e-9638-faecbe5ba681', groupInstanceId=null, protocolType='consumer', protocolName='range', assignments=[SyncGroupRequestAssignment(memberId='consumer-slow-consumer-group-1-c3480bd1-30a5-4a2e-9638-faecbe5ba681', assignment=[0, 3, 0, 0, 0, 1, 0, 11, 115, 108, 111, 119, 45, 101, 118, 101, 110, 116, 115, 0, 0, 0, 3, 0, 0, 0, 0, 0, 0, 0, 1, 0, 0, 0, 2, -1, -1, -1, -1])])
16:24:20.666 [org.springframework.kafka.KafkaListenerEndpointContainer#0-0-C-1] DEBUG o.a.k.c.consumer.internals.ConsumerCoordinator - [Consumer clientId=consumer-slow-consumer-group-1, groupId=slow-consumer-group] Received successful SyncGroup response: SyncGroupResponseData(throttleTimeMs=0, errorCode=0, protocolType='consumer', protocolName='range', assignment=[0, 3, 0, 0, 0, 1, 0, 11, 115, 108, 111, 119, 45, 101, 118, 101, 110, 116, 115, 0, 0, 0, 3, 0, 0, 0, 0, 0, 0, 0, 1, 0, 0, 0, 2, -1, -1, -1, -1])
16:24:20.666 [org.springframework.kafka.KafkaListenerEndpointContainer#0-0-C-1] INFO  o.a.k.c.consumer.internals.ConsumerCoordinator - [Consumer clientId=consumer-slow-consumer-group-1, groupId=slow-consumer-group] Successfully synced group in generation Generation{generationId=5, memberId='consumer-slow-consumer-group-1-c3480bd1-30a5-4a2e-9638-faecbe5ba681', protocol='range'}
16:24:20.667 [org.springframework.kafka.KafkaListenerEndpointContainer#0-0-C-1] DEBUG o.a.k.c.consumer.internals.ConsumerCoordinator - [Consumer clientId=consumer-slow-consumer-group-1, groupId=slow-consumer-group] Executing onJoinComplete with generation 5 and memberId consumer-slow-consumer-group-1-c3480bd1-30a5-4a2e-9638-faecbe5ba681
16:24:20.667 [org.springframework.kafka.KafkaListenerEndpointContainer#0-0-C-1] INFO  o.a.k.c.consumer.internals.ConsumerCoordinator - [Consumer clientId=consumer-slow-consumer-group-1, groupId=slow-consumer-group] Notifying assignor about the new Assignment(partitions=[slow-events-0, slow-events-1, slow-events-2])
16:24:20.667 [org.springframework.kafka.KafkaListenerEndpointContainer#0-0-C-1] INFO  o.a.k.c.c.i.ConsumerRebalanceListenerInvoker - [Consumer clientId=consumer-slow-consumer-group-1, groupId=slow-consumer-group] Adding newly assigned partitions: [slow-events-0, slow-events-1, slow-events-2]
16:24:20.667 [org.springframework.kafka.KafkaListenerEndpointContainer#0-0-C-1] DEBUG o.a.k.c.consumer.internals.ConsumerCoordinator - [Consumer clientId=consumer-slow-consumer-group-1, groupId=slow-consumer-group] Fetching committed offsets for partitions: [slow-events-2, slow-events-1, slow-events-0]
16:24:20.669 [org.springframework.kafka.KafkaListenerEndpointContainer#0-0-C-1] INFO  o.a.k.c.consumer.internals.ConsumerCoordinator - [Consumer clientId=consumer-slow-consumer-group-1, groupId=slow-consumer-group] Found no committed offset for partition slow-events-2
16:24:20.669 [org.springframework.kafka.KafkaListenerEndpointContainer#0-0-C-1] INFO  o.a.k.c.consumer.internals.ConsumerCoordinator - [Consumer clientId=consumer-slow-consumer-group-1, groupId=slow-consumer-group] Found no committed offset for partition slow-events-1
16:24:20.669 [org.springframework.kafka.KafkaListenerEndpointContainer#0-0-C-1] INFO  o.a.k.c.consumer.internals.ConsumerCoordinator - [Consumer clientId=consumer-slow-consumer-group-1, groupId=slow-consumer-group] Found no committed offset for partition slow-events-0
16:24:20.671 [org.springframework.kafka.KafkaListenerEndpointContainer#0-0-C-1] INFO  o.a.k.clients.consumer.internals.SubscriptionState - [Consumer clientId=consumer-slow-consumer-group-1, groupId=slow-consumer-group] Resetting offset for partition slow-events-2 to position FetchPosition{offset=0, offsetEpoch=Optional.empty, currentLeader=LeaderAndEpoch{leader=Optional[localhost:9092 (id: 1 rack: null isFenced: false)], epoch=0}}.
16:24:20.672 [org.springframework.kafka.KafkaListenerEndpointContainer#0-0-C-1] INFO  o.a.k.clients.consumer.internals.SubscriptionState - [Consumer clientId=consumer-slow-consumer-group-1, groupId=slow-consumer-group] Resetting offset for partition slow-events-1 to position FetchPosition{offset=0, offsetEpoch=Optional.empty, currentLeader=LeaderAndEpoch{leader=Optional[localhost:9092 (id: 1 rack: null isFenced: false)], epoch=0}}.
16:24:20.672 [org.springframework.kafka.KafkaListenerEndpointContainer#0-0-C-1] INFO  o.a.k.clients.consumer.internals.SubscriptionState - [Consumer clientId=consumer-slow-consumer-group-1, groupId=slow-consumer-group] Resetting offset for partition slow-events-0 to position FetchPosition{offset=0, offsetEpoch=Optional.empty, currentLeader=LeaderAndEpoch{leader=Optional[localhost:9092 (id: 1 rack: null isFenced: false)], epoch=0}}.
16:24:20.672 [org.springframework.kafka.KafkaListenerEndpointContainer#0-0-C-1] INFO  o.s.kafka.listener.KafkaMessageListenerContainer - slow-consumer-group: partitions assigned: [slow-events-0, slow-events-1, slow-events-2]
16:24:20.676 [org.springframework.kafka.KafkaListenerEndpointContainer#0-0-C-1] DEBUG o.s.kafka.listener.KafkaMessageListenerContainer - Received: 1 records
16:24:20.676 [org.springframework.kafka.KafkaListenerEndpointContainer#0-0-C-1] DEBUG o.s.k.l.a.RecordMessagingMessageListenerAdapter - Processing [GenericMessage [payload=DemoEvent(id=0863b692-0f7c-4df0-9e74-5a4285d42e07, payload=demo-event-1, slow=false, retryTrigger=false, createdAt=2026-08-25T08:24:10.802617Z), headers={kafka_offset=0, kafka_consumer=org.springframework.kafka.core.DefaultKafkaConsumerFactory$ExtendedKafkaConsumer@4d006356, kafka_timestampType=CREATE_TIME, kafka_receivedPartitionId=0, kafka_receivedMessageKey=1, kafka_receivedTopic=slow-events, kafka_receivedTimestamp=1787646250803, kafka_acknowledgment=Acknowledgment for slow-events-0@0, kafka_groupId=slow-consumer-group}]]
16:24:20.676 [org.springframework.kafka.KafkaListenerEndpointContainer#0-0-C-1] INFO  c.e.kafkarebalance.listener.SlowEventListener - 收到消息 id=0863b692-0f7c-4df0-9e74-5a4285d42e07 partition=0 slow=false
16:24:20.881 [org.springframework.kafka.KafkaListenerEndpointContainer#0-0-C-1] DEBUG o.s.kafka.listener.KafkaMessageListenerContainer - Committing: {slow-events-0=OffsetAndMetadata{offset=1, leaderEpoch=null, metadata=''}}
16:24:20.900 [org.springframework.kafka.KafkaListenerEndpointContainer#0-0-C-1] DEBUG o.a.k.c.consumer.internals.ConsumerCoordinator - [Consumer clientId=consumer-slow-consumer-group-1, groupId=slow-consumer-group] Committed offset 1 for partition slow-events-0
16:24:20.900 [org.springframework.kafka.KafkaListenerEndpointContainer#0-0-C-1] INFO  c.e.kafkarebalance.listener.SlowEventListener - 消息处理完成并已提交 offset id=0863b692-0f7c-4df0-9e74-5a4285d42e07
16:24:20.902 [org.springframework.kafka.KafkaListenerEndpointContainer#0-0-C-1] DEBUG o.s.kafka.listener.KafkaMessageListenerContainer - Received: 1 records
16:24:20.902 [org.springframework.kafka.KafkaListenerEndpointContainer#0-0-C-1] DEBUG o.s.k.l.a.RecordMessagingMessageListenerAdapter - Processing [GenericMessage [payload=DemoEvent(id=472138ad-6d5f-4b67-b8c6-e96870c125c9, payload=demo-event-4, slow=true, retryTrigger=false, createdAt=2026-08-25T08:24:11.418200Z), headers={kafka_offset=1, kafka_consumer=org.springframework.kafka.core.DefaultKafkaConsumerFactory$ExtendedKafkaConsumer@4d006356, kafka_timestampType=CREATE_TIME, kafka_receivedPartitionId=0, kafka_receivedMessageKey=1, kafka_receivedTopic=slow-events, kafka_receivedTimestamp=1787646251418, kafka_acknowledgment=Acknowledgment for slow-events-0@1, kafka_groupId=slow-consumer-group}]]
16:24:20.902 [org.springframework.kafka.KafkaListenerEndpointContainer#0-0-C-1] INFO  c.e.kafkarebalance.listener.SlowEventListener - 收到消息 id=472138ad-6d5f-4b67-b8c6-e96870c125c9 partition=0 slow=true
16:24:20.902 [org.springframework.kafka.KafkaListenerEndpointContainer#0-0-C-1] WARN  c.e.kafkarebalance.listener.SlowEventListener - 模拟慢处理开始：id=472138ad-6d5f-4b67-b8c6-e96870c125c9 将阻塞 10000ms（超过 max.poll.interval.ms=6000ms，预期触发 rebalance）
16:24:23.766 [kafka-coordinator-heartbeat-thread | slow-consumer-group] DEBUG o.a.k.c.consumer.internals.ConsumerCoordinator - [Consumer clientId=consumer-slow-consumer-group-1, groupId=slow-consumer-group] Sending Heartbeat request with generation 5 and member id consumer-slow-consumer-group-1-c3480bd1-30a5-4a2e-9638-faecbe5ba681 to coordinator localhost:9092 (id: 2147483646 rack: null isFenced: false)
16:24:23.872 [kafka-coordinator-heartbeat-thread | slow-consumer-group] DEBUG o.a.k.c.consumer.internals.ConsumerCoordinator - [Consumer clientId=consumer-slow-consumer-group-1, groupId=slow-consumer-group] Received successful Heartbeat response
16:24:26.794 [kafka-coordinator-heartbeat-thread | slow-consumer-group] DEBUG o.a.k.c.consumer.internals.ConsumerCoordinator - [Consumer clientId=consumer-slow-consumer-group-1, groupId=slow-consumer-group] Sending Heartbeat request with generation 5 and member id consumer-slow-consumer-group-1-c3480bd1-30a5-4a2e-9638-faecbe5ba681 to coordinator localhost:9092 (id: 2147483646 rack: null isFenced: false)
16:24:26.899 [kafka-coordinator-heartbeat-thread | slow-consumer-group] DEBUG o.a.k.c.consumer.internals.ConsumerCoordinator - [Consumer clientId=consumer-slow-consumer-group-1, groupId=slow-consumer-group] Received successful Heartbeat response
16:24:27.004 [kafka-coordinator-heartbeat-thread | slow-consumer-group] WARN  o.a.k.c.consumer.internals.ConsumerCoordinator - [Consumer clientId=consumer-slow-consumer-group-1, groupId=slow-consumer-group] consumer poll timeout has expired. This means the time between subsequent calls to poll() was longer than the configured max.poll.interval.ms, which typically implies that the poll loop is spending too much time processing messages. You can address this either by increasing max.poll.interval.ms or by reducing the maximum size of batches returned in poll() with max.poll.records.
16:24:27.006 [kafka-coordinator-heartbeat-thread | slow-consumer-group] INFO  o.a.k.c.consumer.internals.ConsumerCoordinator - [Consumer clientId=consumer-slow-consumer-group-1, groupId=slow-consumer-group] Member consumer-slow-consumer-group-1-c3480bd1-30a5-4a2e-9638-faecbe5ba681 sending LeaveGroup request to coordinator localhost:9092 (id: 2147483646 rack: null isFenced: false) due to consumer poll timeout has expired.
16:24:27.008 [kafka-coordinator-heartbeat-thread | slow-consumer-group] INFO  o.a.k.c.consumer.internals.ConsumerCoordinator - [Consumer clientId=consumer-slow-consumer-group-1, groupId=slow-consumer-group] Resetting generation and member id due to: consumer pro-actively leaving the group
16:24:27.008 [kafka-coordinator-heartbeat-thread | slow-consumer-group] INFO  o.a.k.c.consumer.internals.ConsumerCoordinator - [Consumer clientId=consumer-slow-consumer-group-1, groupId=slow-consumer-group] Request joining group due to: consumer pro-actively leaving the group
16:24:30.906 [org.springframework.kafka.KafkaListenerEndpointContainer#0-0-C-1] DEBUG o.s.kafka.listener.KafkaMessageListenerContainer - Committing: {slow-events-0=OffsetAndMetadata{offset=2, leaderEpoch=null, metadata=''}}
16:24:30.906 [org.springframework.kafka.KafkaListenerEndpointContainer#0-0-C-1] INFO  o.a.k.c.consumer.internals.ConsumerCoordinator - [Consumer clientId=consumer-slow-consumer-group-1, groupId=slow-consumer-group] Failing OffsetCommit request since the consumer is not part of an active group
16:24:30.908 [org.springframework.kafka.KafkaListenerEndpointContainer#0-0-C-1] DEBUG o.a.k.c.consumer.internals.ConsumerCoordinator - [Consumer clientId=consumer-slow-consumer-group-1, groupId=slow-consumer-group] LeaveGroup response with Generation{generationId=5, memberId='consumer-slow-consumer-group-1-c3480bd1-30a5-4a2e-9638-faecbe5ba681', protocol='range'} returned successfully: ClientResponse(receivedTimeMs=1787646270907, latencyMs=3901, disconnected=false, timedOut=false, requestHeader=RequestHeader(apiKey=LEAVE_GROUP, apiVersion=5, clientId=consumer-slow-consumer-group-1, correlationId=30, headerVersion=2), responseBody=LeaveGroupResponseData(throttleTimeMs=0, errorCode=0, members=[MemberResponse(memberId='consumer-slow-consumer-group-1-c3480bd1-30a5-4a2e-9638-faecbe5ba681', groupInstanceId=null, errorCode=0)]))
16:24:30.908 [org.springframework.kafka.KafkaListenerEndpointContainer#0-0-C-1] WARN  c.e.kafkarebalance.listener.SlowEventListener - 提交 offset 失败，可能因 rebalance 导致该分区已被回收 id=472138ad-6d5f-4b67-b8c6-e96870c125c9
org.apache.kafka.clients.consumer.CommitFailedException: Offset commit cannot be completed since the consumer is not part of an active group for auto partition assignment; it is likely that the consumer was kicked out of the group.
	at org.apache.kafka.clients.consumer.internals.ConsumerCoordinator.sendOffsetCommitRequest(ConsumerCoordinator.java:1320)
	at org.apache.kafka.clients.consumer.internals.ConsumerCoordinator.commitOffsetsSync(ConsumerCoordinator.java:1155)
	at org.apache.kafka.clients.consumer.internals.ClassicKafkaConsumer.commitSync(ClassicKafkaConsumer.java:747)
	at org.apache.kafka.clients.consumer.KafkaConsumer.commitSync(KafkaConsumer.java:1094)
	at org.springframework.kafka.listener.KafkaMessageListenerContainer$ListenerConsumer.doCommitSync(KafkaMessageListenerContainer.java:3474)
	at org.springframework.kafka.listener.KafkaMessageListenerContainer$ListenerConsumer.commitSync(KafkaMessageListenerContainer.java:3469)
	at org.springframework.kafka.listener.KafkaMessageListenerContainer$ListenerConsumer.commitOffsets(KafkaMessageListenerContainer.java:3452)
	at org.springframework.kafka.listener.KafkaMessageListenerContainer$ListenerConsumer.commitOffsetsInTransactions(KafkaMessageListenerContainer.java:3443)
	at org.springframework.kafka.listener.KafkaMessageListenerContainer$ListenerConsumer.ackImmediate(KafkaMessageListenerContainer.java:2187)
	at org.springframework.kafka.listener.KafkaMessageListenerContainer$ListenerConsumer.processAck(KafkaMessageListenerContainer.java:2082)
	at org.springframework.kafka.listener.KafkaMessageListenerContainer$ListenerConsumer.doAck(KafkaMessageListenerContainer.java:2062)
	at org.springframework.kafka.listener.KafkaMessageListenerContainer$ListenerConsumer$ConsumerAcknowledgment.acknowledge(KafkaMessageListenerContainer.java:3622)
	at com.example.kafkarebalance.listener.SlowEventListener.onMessage(SlowEventListener.kt:51)
	at java.base/jdk.internal.reflect.DirectMethodHandleAccessor.invoke(DirectMethodHandleAccessor.java:104)
	at java.base/java.lang.reflect.Method.invoke(Method.java:565)
	at org.springframework.messaging.handler.invocation.InvocableHandlerMethod.doInvoke(InvocableHandlerMethod.java:168)
	at org.springframework.kafka.listener.adapter.KotlinAwareInvocableHandlerMethod.doInvoke(KotlinAwareInvocableHandlerMethod.java:48)
	at org.springframework.messaging.handler.invocation.InvocableHandlerMethod.invoke(InvocableHandlerMethod.java:119)
	at org.springframework.kafka.listener.adapter.HandlerAdapter.invoke(HandlerAdapter.java:80)
	at org.springframework.kafka.listener.adapter.MessagingMessageListenerAdapter.invokeHandler(MessagingMessageListenerAdapter.java:488)
	at org.springframework.kafka.listener.adapter.MessagingMessageListenerAdapter.invoke(MessagingMessageListenerAdapter.java:425)
	at org.springframework.kafka.listener.adapter.RecordMessagingMessageListenerAdapter.onMessage(RecordMessagingMessageListenerAdapter.java:92)
	at org.springframework.kafka.listener.adapter.RecordMessagingMessageListenerAdapter.onMessage(RecordMessagingMessageListenerAdapter.java:52)
	at org.springframework.kafka.listener.KafkaMessageListenerContainer$ListenerConsumer.doInvokeOnMessage(KafkaMessageListenerContainer.java:2948)
	at org.springframework.kafka.listener.KafkaMessageListenerContainer$ListenerConsumer.invokeOnMessage(KafkaMessageListenerContainer.java:2927)
	at org.springframework.kafka.listener.KafkaMessageListenerContainer$ListenerConsumer.doInvokeRecordListener(KafkaMessageListenerContainer.java:2837)
	at org.springframework.kafka.listener.KafkaMessageListenerContainer$ListenerConsumer.doInvokeWithRecords(KafkaMessageListenerContainer.java:2679)
	at org.springframework.kafka.listener.KafkaMessageListenerContainer$ListenerConsumer.invokeRecordListener(KafkaMessageListenerContainer.java:2573)
	at org.springframework.kafka.listener.KafkaMessageListenerContainer$ListenerConsumer.invokeListener(KafkaMessageListenerContainer.java:2204)
	at org.springframework.kafka.listener.KafkaMessageListenerContainer$ListenerConsumer.invokeIfHaveRecords(KafkaMessageListenerContainer.java:1559)
	at org.springframework.kafka.listener.KafkaMessageListenerContainer$ListenerConsumer.pollAndInvoke(KafkaMessageListenerContainer.java:1499)
	at org.springframework.kafka.listener.KafkaMessageListenerContainer$ListenerConsumer.run(KafkaMessageListenerContainer.java:1368)
	at java.base/java.util.concurrent.CompletableFuture$AsyncRun.run(CompletableFuture.java:1825)
	at java.base/java.lang.Thread.run(Thread.java:1474)
16:24:30.909 [org.springframework.kafka.KafkaListenerEndpointContainer#0-0-C-1] DEBUG o.a.k.c.consumer.internals.ConsumerCoordinator - [Consumer clientId=consumer-slow-consumer-group-1, groupId=slow-consumer-group] Executing onJoinPrepare with generation -1 and memberId 
16:24:30.909 [org.springframework.kafka.KafkaListenerEndpointContainer#0-0-C-1] INFO  o.a.k.c.consumer.internals.ConsumerCoordinator - [Consumer clientId=consumer-slow-consumer-group-1, groupId=slow-consumer-group] Giving away all assigned partitions as lost since generation/memberID has been reset,indicating that consumer is in old state or no longer part of the group
16:24:30.909 [org.springframework.kafka.KafkaListenerEndpointContainer#0-0-C-1] INFO  o.a.k.c.c.i.ConsumerRebalanceListenerInvoker - [Consumer clientId=consumer-slow-consumer-group-1, groupId=slow-consumer-group] Lost previously assigned partitions [slow-events-0, slow-events-1, slow-events-2]
16:24:30.909 [org.springframework.kafka.KafkaListenerEndpointContainer#0-0-C-1] INFO  o.s.kafka.listener.KafkaMessageListenerContainer - slow-consumer-group: partitions lost: [slow-events-0, slow-events-1, slow-events-2]
16:24:30.910 [org.springframework.kafka.KafkaListenerEndpointContainer#0-0-C-1] INFO  o.s.kafka.listener.KafkaMessageListenerContainer - slow-consumer-group: partitions revoked: [slow-events-0, slow-events-1, slow-events-2]
16:24:30.910 [org.springframework.kafka.KafkaListenerEndpointContainer#0-0-C-1] INFO  o.a.k.c.consumer.internals.ConsumerCoordinator - [Consumer clientId=consumer-slow-consumer-group-1, groupId=slow-consumer-group] (Re-)joining group
16:24:30.910 [org.springframework.kafka.KafkaListenerEndpointContainer#0-0-C-1] DEBUG o.a.k.c.consumer.internals.ConsumerCoordinator - [Consumer clientId=consumer-slow-consumer-group-1, groupId=slow-consumer-group] Joining group with current subscription: [slow-events]
16:24:30.911 [org.springframework.kafka.KafkaListenerEndpointContainer#0-0-C-1] DEBUG o.a.k.c.consumer.internals.ConsumerCoordinator - [Consumer clientId=consumer-slow-consumer-group-1, groupId=slow-consumer-group] Sending JoinGroup (JoinGroupRequestData(groupId='slow-consumer-group', sessionTimeoutMs=10000, rebalanceTimeoutMs=6000, memberId='', groupInstanceId=null, protocolType='consumer', protocols=[JoinGroupRequestProtocol(name='range', metadata=[0, 3, 0, 0, 0, 1, 0, 11, 115, 108, 111, 119, 45, 101, 118, 101, 110, 116, 115, -1, -1, -1, -1, 0, 0, 0, 0, -1, -1, -1, -1, -1, -1]), JoinGroupRequestProtocol(name='cooperative-sticky', metadata=[0, 3, 0, 0, 0, 1, 0, 11, 115, 108, 111, 119, 45, 101, 118, 101, 110, 116, 115, 0, 0, 0, 4, -1, -1, -1, -1, 0, 0, 0, 0, -1, -1, -1, -1, -1, -1])], reason='consumer pro-actively leaving the group')) to coordinator localhost:9092 (id: 2147483646 rack: null isFenced: false)
16:24:30.920 [org.springframework.kafka.KafkaListenerEndpointContainer#0-0-C-1] DEBUG o.a.k.c.consumer.internals.ConsumerCoordinator - [Consumer clientId=consumer-slow-consumer-group-1, groupId=slow-consumer-group] JoinGroup failed due to non-fatal error: MEMBER_ID_REQUIRED. Will set the member id as consumer-slow-consumer-group-1-81ca644e-b5f0-4124-928d-435c7da13529 and then rejoin. Sent generation was Generation{generationId=-1, memberId='', protocol='null'}
16:24:30.920 [org.springframework.kafka.KafkaListenerEndpointContainer#0-0-C-1] INFO  o.a.k.c.consumer.internals.ConsumerCoordinator - [Consumer clientId=consumer-slow-consumer-group-1, groupId=slow-consumer-group] Request joining group due to: need to re-join with the given member-id: consumer-slow-consumer-group-1-81ca644e-b5f0-4124-928d-435c7da13529
16:24:30.921 [org.springframework.kafka.KafkaListenerEndpointContainer#0-0-C-1] INFO  o.a.k.c.consumer.internals.ConsumerCoordinator - [Consumer clientId=consumer-slow-consumer-group-1, groupId=slow-consumer-group] (Re-)joining group
16:24:30.921 [org.springframework.kafka.KafkaListenerEndpointContainer#0-0-C-1] DEBUG o.a.k.c.consumer.internals.ConsumerCoordinator - [Consumer clientId=consumer-slow-consumer-group-1, groupId=slow-consumer-group] Joining group with current subscription: [slow-events]
16:24:30.921 [org.springframework.kafka.KafkaListenerEndpointContainer#0-0-C-1] DEBUG o.a.k.c.consumer.internals.ConsumerCoordinator - [Consumer clientId=consumer-slow-consumer-group-1, groupId=slow-consumer-group] Sending JoinGroup (JoinGroupRequestData(groupId='slow-consumer-group', sessionTimeoutMs=10000, rebalanceTimeoutMs=6000, memberId='consumer-slow-consumer-group-1-81ca644e-b5f0-4124-928d-435c7da13529', groupInstanceId=null, protocolType='consumer', protocols=[JoinGroupRequestProtocol(name='range', metadata=[0, 3, 0, 0, 0, 1, 0, 11, 115, 108, 111, 119, 45, 101, 118, 101, 110, 116, 115, -1, -1, -1, -1, 0, 0, 0, 0, -1, -1, -1, -1, -1, -1]), JoinGroupRequestProtocol(name='cooperative-sticky', metadata=[0, 3, 0, 0, 0, 1, 0, 11, 115, 108, 111, 119, 45, 101, 118, 101, 110, 116, 115, 0, 0, 0, 4, -1, -1, -1, -1, 0, 0, 0, 0, -1, -1, -1, -1, -1, -1])], reason='need to re-join with the given member-id: consumer-slow-consumer-group-1-81ca644e-b5f0-4124-928d-435c7da13529')) to coordinator localhost:9092 (id: 2147483646 rack: null isFenced: false)
16:24:30.927 [org.springframework.kafka.KafkaListenerEndpointContainer#0-0-C-1] DEBUG o.a.k.c.consumer.internals.ConsumerCoordinator - [Consumer clientId=consumer-slow-consumer-group-1, groupId=slow-consumer-group] Received successful JoinGroup response: JoinGroupResponseData(throttleTimeMs=0, errorCode=0, generationId=7, protocolType='consumer', protocolName='range', leader='consumer-slow-consumer-group-1-81ca644e-b5f0-4124-928d-435c7da13529', skipAssignment=false, memberId='consumer-slow-consumer-group-1-81ca644e-b5f0-4124-928d-435c7da13529', members=[JoinGroupResponseMember(memberId='consumer-slow-consumer-group-1-81ca644e-b5f0-4124-928d-435c7da13529', groupInstanceId=null, metadata=[0, 3, 0, 0, 0, 1, 0, 11, 115, 108, 111, 119, 45, 101, 118, 101, 110, 116, 115, -1, -1, -1, -1, 0, 0, 0, 0, -1, -1, -1, -1, -1, -1])])
16:24:30.928 [org.springframework.kafka.KafkaListenerEndpointContainer#0-0-C-1] DEBUG o.a.k.c.consumer.internals.ConsumerCoordinator - [Consumer clientId=consumer-slow-consumer-group-1, groupId=slow-consumer-group] Enabling heartbeat thread
16:24:30.928 [org.springframework.kafka.KafkaListenerEndpointContainer#0-0-C-1] INFO  o.a.k.c.consumer.internals.ConsumerCoordinator - [Consumer clientId=consumer-slow-consumer-group-1, groupId=slow-consumer-group] Successfully joined group with generation Generation{generationId=7, memberId='consumer-slow-consumer-group-1-81ca644e-b5f0-4124-928d-435c7da13529', protocol='range'}
16:24:30.928 [org.springframework.kafka.KafkaListenerEndpointContainer#0-0-C-1] DEBUG o.a.k.c.consumer.internals.ConsumerCoordinator - [Consumer clientId=consumer-slow-consumer-group-1, groupId=slow-consumer-group] Performing assignment using strategy range with subscriptions {consumer-slow-consumer-group-1-81ca644e-b5f0-4124-928d-435c7da13529=Subscription(topics=[slow-events], ownedPartitions=[], groupInstanceId=null, generationId=-1, rackId=null)}
16:24:30.928 [org.springframework.kafka.KafkaListenerEndpointContainer#0-0-C-1] INFO  o.a.k.c.consumer.internals.ConsumerCoordinator - [Consumer clientId=consumer-slow-consumer-group-1, groupId=slow-consumer-group] Finished assignment for group at generation 7: {consumer-slow-consumer-group-1-81ca644e-b5f0-4124-928d-435c7da13529=Assignment(partitions=[slow-events-0, slow-events-1, slow-events-2])}
16:24:30.928 [org.springframework.kafka.KafkaListenerEndpointContainer#0-0-C-1] DEBUG o.a.k.c.consumer.internals.ConsumerCoordinator - [Consumer clientId=consumer-slow-consumer-group-1, groupId=slow-consumer-group] Sending leader SyncGroup to coordinator localhost:9092 (id: 2147483646 rack: null isFenced: false): SyncGroupRequestData(groupId='slow-consumer-group', generationId=7, memberId='consumer-slow-consumer-group-1-81ca644e-b5f0-4124-928d-435c7da13529', groupInstanceId=null, protocolType='consumer', protocolName='range', assignments=[SyncGroupRequestAssignment(memberId='consumer-slow-consumer-group-1-81ca644e-b5f0-4124-928d-435c7da13529', assignment=[0, 3, 0, 0, 0, 1, 0, 11, 115, 108, 111, 119, 45, 101, 118, 101, 110, 116, 115, 0, 0, 0, 3, 0, 0, 0, 0, 0, 0, 0, 1, 0, 0, 0, 2, -1, -1, -1, -1])])
16:24:30.935 [org.springframework.kafka.KafkaListenerEndpointContainer#0-0-C-1] DEBUG o.a.k.c.consumer.internals.ConsumerCoordinator - [Consumer clientId=consumer-slow-consumer-group-1, groupId=slow-consumer-group] Received successful SyncGroup response: SyncGroupResponseData(throttleTimeMs=0, errorCode=0, protocolType='consumer', protocolName='range', assignment=[0, 3, 0, 0, 0, 1, 0, 11, 115, 108, 111, 119, 45, 101, 118, 101, 110, 116, 115, 0, 0, 0, 3, 0, 0, 0, 0, 0, 0, 0, 1, 0, 0, 0, 2, -1, -1, -1, -1])
16:24:30.936 [org.springframework.kafka.KafkaListenerEndpointContainer#0-0-C-1] INFO  o.a.k.c.consumer.internals.ConsumerCoordinator - [Consumer clientId=consumer-slow-consumer-group-1, groupId=slow-consumer-group] Successfully synced group in generation Generation{generationId=7, memberId='consumer-slow-consumer-group-1-81ca644e-b5f0-4124-928d-435c7da13529', protocol='range'}
16:24:30.936 [org.springframework.kafka.KafkaListenerEndpointContainer#0-0-C-1] DEBUG o.a.k.c.consumer.internals.ConsumerCoordinator - [Consumer clientId=consumer-slow-consumer-group-1, groupId=slow-consumer-group] Executing onJoinComplete with generation 7 and memberId consumer-slow-consumer-group-1-81ca644e-b5f0-4124-928d-435c7da13529
16:24:30.936 [org.springframework.kafka.KafkaListenerEndpointContainer#0-0-C-1] INFO  o.a.k.c.consumer.internals.ConsumerCoordinator - [Consumer clientId=consumer-slow-consumer-group-1, groupId=slow-consumer-group] Notifying assignor about the new Assignment(partitions=[slow-events-0, slow-events-1, slow-events-2])
16:24:30.936 [org.springframework.kafka.KafkaListenerEndpointContainer#0-0-C-1] INFO  o.a.k.c.c.i.ConsumerRebalanceListenerInvoker - [Consumer clientId=consumer-slow-consumer-group-1, groupId=slow-consumer-group] Adding newly assigned partitions: [slow-events-0, slow-events-1, slow-events-2]
16:24:30.936 [org.springframework.kafka.KafkaListenerEndpointContainer#0-0-C-1] DEBUG o.a.k.c.consumer.internals.ConsumerCoordinator - [Consumer clientId=consumer-slow-consumer-group-1, groupId=slow-consumer-group] Fetching committed offsets for partitions: [slow-events-2, slow-events-1, slow-events-0]
16:24:30.939 [org.springframework.kafka.KafkaListenerEndpointContainer#0-0-C-1] INFO  o.a.k.c.consumer.internals.ConsumerCoordinator - [Consumer clientId=consumer-slow-consumer-group-1, groupId=slow-consumer-group] Found no committed offset for partition slow-events-2
16:24:30.939 [org.springframework.kafka.KafkaListenerEndpointContainer#0-0-C-1] INFO  o.a.k.c.consumer.internals.ConsumerCoordinator - [Consumer clientId=consumer-slow-consumer-group-1, groupId=slow-consumer-group] Found no committed offset for partition slow-events-1
16:24:30.939 [org.springframework.kafka.KafkaListenerEndpointContainer#0-0-C-1] INFO  o.a.kafka.clients.consumer.internals.ConsumerUtils - Setting offset for partition slow-events-0 to the committed offset FetchPosition{offset=1, offsetEpoch=Optional.empty, currentLeader=LeaderAndEpoch{leader=Optional[localhost:9092 (id: 1 rack: null isFenced: false)], epoch=0}}
16:24:30.942 [org.springframework.kafka.KafkaListenerEndpointContainer#0-0-C-1] INFO  o.a.k.clients.consumer.internals.SubscriptionState - [Consumer clientId=consumer-slow-consumer-group-1, groupId=slow-consumer-group] Resetting offset for partition slow-events-2 to position FetchPosition{offset=0, offsetEpoch=Optional.empty, currentLeader=LeaderAndEpoch{leader=Optional[localhost:9092 (id: 1 rack: null isFenced: false)], epoch=0}}.
16:24:30.942 [org.springframework.kafka.KafkaListenerEndpointContainer#0-0-C-1] INFO  o.a.k.clients.consumer.internals.SubscriptionState - [Consumer clientId=consumer-slow-consumer-group-1, groupId=slow-consumer-group] Resetting offset for partition slow-events-1 to position FetchPosition{offset=0, offsetEpoch=Optional.empty, currentLeader=LeaderAndEpoch{leader=Optional[localhost:9092 (id: 1 rack: null isFenced: false)], epoch=0}}.
16:24:30.942 [org.springframework.kafka.KafkaListenerEndpointContainer#0-0-C-1] INFO  o.s.kafka.listener.KafkaMessageListenerContainer - slow-consumer-group: partitions assigned: [slow-events-0, slow-events-1, slow-events-2]
16:24:30.945 [org.springframework.kafka.KafkaListenerEndpointContainer#0-0-C-1] DEBUG o.s.kafka.listener.KafkaMessageListenerContainer - Received: 1 records
16:24:30.945 [org.springframework.kafka.KafkaListenerEndpointContainer#0-0-C-1] DEBUG o.s.k.l.a.RecordMessagingMessageListenerAdapter - Processing [GenericMessage [payload=DemoEvent(id=472138ad-6d5f-4b67-b8c6-e96870c125c9, payload=demo-event-4, slow=true, retryTrigger=false, createdAt=2026-08-25T08:24:11.418200Z), headers={kafka_offset=1, kafka_consumer=org.springframework.kafka.core.DefaultKafkaConsumerFactory$ExtendedKafkaConsumer@4d006356, kafka_timestampType=CREATE_TIME, kafka_receivedPartitionId=0, kafka_receivedMessageKey=1, kafka_receivedTopic=slow-events, kafka_receivedTimestamp=1787646251418, kafka_acknowledgment=Acknowledgment for slow-events-0@1, kafka_groupId=slow-consumer-group}]]
16:24:30.945 [org.springframework.kafka.KafkaListenerEndpointContainer#0-0-C-1] INFO  c.e.kafkarebalance.listener.SlowEventListener - 收到消息 id=472138ad-6d5f-4b67-b8c6-e96870c125c9 partition=0 slow=true
16:24:30.945 [org.springframework.kafka.KafkaListenerEndpointContainer#0-0-C-1] WARN  c.e.kafkarebalance.listener.SlowEventListener - 模拟慢处理开始：id=472138ad-6d5f-4b67-b8c6-e96870c125c9 将阻塞 10000ms（超过 max.poll.interval.ms=6000ms，预期触发 rebalance）
16:24:33.930 [kafka-coordinator-heartbeat-thread | slow-consumer-group] DEBUG o.a.k.c.consumer.internals.ConsumerCoordinator - [Consumer clientId=consumer-slow-consumer-group-1, groupId=slow-consumer-group] Sending Heartbeat request with generation 7 and member id consumer-slow-consumer-group-1-81ca644e-b5f0-4124-928d-435c7da13529 to coordinator localhost:9092 (id: 2147483646 rack: null isFenced: false)
16:24:34.035 [kafka-coordinator-heartbeat-thread | slow-consumer-group] DEBUG o.a.k.c.consumer.internals.ConsumerCoordinator - [Consumer clientId=consumer-slow-consumer-group-1, groupId=slow-consumer-group] Received successful Heartbeat response
16:24:36.930 [kafka-coordinator-heartbeat-thread | slow-consumer-group] DEBUG o.a.k.c.consumer.internals.ConsumerCoordinator - [Consumer clientId=consumer-slow-consumer-group-1, groupId=slow-consumer-group] Sending Heartbeat request with generation 7 and member id consumer-slow-consumer-group-1-81ca644e-b5f0-4124-928d-435c7da13529 to coordinator localhost:9092 (id: 2147483646 rack: null isFenced: false)
16:24:37.037 [kafka-coordinator-heartbeat-thread | slow-consumer-group] DEBUG o.a.k.c.consumer.internals.ConsumerCoordinator - [Consumer clientId=consumer-slow-consumer-group-1, groupId=slow-consumer-group] Received successful Heartbeat response
16:24:37.037 [kafka-coordinator-heartbeat-thread | slow-consumer-group] WARN  o.a.k.c.consumer.internals.ConsumerCoordinator - [Consumer clientId=consumer-slow-consumer-group-1, groupId=slow-consumer-group] consumer poll timeout has expired. This means the time between subsequent calls to poll() was longer than the configured max.poll.interval.ms, which typically implies that the poll loop is spending too much time processing messages. You can address this either by increasing max.poll.interval.ms or by reducing the maximum size of batches returned in poll() with max.poll.records.
16:24:37.037 [kafka-coordinator-heartbeat-thread | slow-consumer-group] INFO  o.a.k.c.consumer.internals.ConsumerCoordinator - [Consumer clientId=consumer-slow-consumer-group-1, groupId=slow-consumer-group] Member consumer-slow-consumer-group-1-81ca644e-b5f0-4124-928d-435c7da13529 sending LeaveGroup request to coordinator localhost:9092 (id: 2147483646 rack: null isFenced: false) due to consumer poll timeout has expired.
16:24:37.039 [kafka-coordinator-heartbeat-thread | slow-consumer-group] INFO  o.a.k.c.consumer.internals.ConsumerCoordinator - [Consumer clientId=consumer-slow-consumer-group-1, groupId=slow-consumer-group] Resetting generation and member id due to: consumer pro-actively leaving the group
16:24:37.039 [kafka-coordinator-heartbeat-thread | slow-consumer-group] INFO  o.a.k.c.consumer.internals.ConsumerCoordinator - [Consumer clientId=consumer-slow-consumer-group-1, groupId=slow-consumer-group] Request joining group due to: consumer pro-actively leaving the group
16:24:40.948 [org.springframework.kafka.KafkaListenerEndpointContainer#0-0-C-1] DEBUG o.s.kafka.listener.KafkaMessageListenerContainer - Committing: {slow-events-0=OffsetAndMetadata{offset=2, leaderEpoch=null, metadata=''}}
16:24:40.948 [org.springframework.kafka.KafkaListenerEndpointContainer#0-0-C-1] INFO  o.a.k.c.consumer.internals.ConsumerCoordinator - [Consumer clientId=consumer-slow-consumer-group-1, groupId=slow-consumer-group] Failing OffsetCommit request since the consumer is not part of an active group
16:24:40.950 [org.springframework.kafka.KafkaListenerEndpointContainer#0-0-C-1] DEBUG o.a.k.c.consumer.internals.ConsumerCoordinator - [Consumer clientId=consumer-slow-consumer-group-1, groupId=slow-consumer-group] LeaveGroup response with Generation{generationId=7, memberId='consumer-slow-consumer-group-1-81ca644e-b5f0-4124-928d-435c7da13529', protocol='range'} returned successfully: ClientResponse(receivedTimeMs=1787646280949, latencyMs=3911, disconnected=false, timedOut=false, requestHeader=RequestHeader(apiKey=LEAVE_GROUP, apiVersion=5, clientId=consumer-slow-consumer-group-1, correlationId=39, headerVersion=2), responseBody=LeaveGroupResponseData(throttleTimeMs=0, errorCode=0, members=[MemberResponse(memberId='consumer-slow-consumer-group-1-81ca644e-b5f0-4124-928d-435c7da13529', groupInstanceId=null, errorCode=0)]))
16:24:40.950 [org.springframework.kafka.KafkaListenerEndpointContainer#0-0-C-1] WARN  c.e.kafkarebalance.listener.SlowEventListener - 提交 offset 失败，可能因 rebalance 导致该分区已被回收 id=472138ad-6d5f-4b67-b8c6-e96870c125c9
org.apache.kafka.clients.consumer.CommitFailedException: Offset commit cannot be completed since the consumer is not part of an active group for auto partition assignment; it is likely that the consumer was kicked out of the group.
	at org.apache.kafka.clients.consumer.internals.ConsumerCoordinator.sendOffsetCommitRequest(ConsumerCoordinator.java:1320)
	at org.apache.kafka.clients.consumer.internals.ConsumerCoordinator.commitOffsetsSync(ConsumerCoordinator.java:1155)
	at org.apache.kafka.clients.consumer.internals.ClassicKafkaConsumer.commitSync(ClassicKafkaConsumer.java:747)
	at org.apache.kafka.clients.consumer.KafkaConsumer.commitSync(KafkaConsumer.java:1094)
	at org.springframework.kafka.listener.KafkaMessageListenerContainer$ListenerConsumer.doCommitSync(KafkaMessageListenerContainer.java:3474)
	at org.springframework.kafka.listener.KafkaMessageListenerContainer$ListenerConsumer.commitSync(KafkaMessageListenerContainer.java:3469)
	at org.springframework.kafka.listener.KafkaMessageListenerContainer$ListenerConsumer.commitOffsets(KafkaMessageListenerContainer.java:3452)
	at org.springframework.kafka.listener.KafkaMessageListenerContainer$ListenerConsumer.commitOffsetsInTransactions(KafkaMessageListenerContainer.java:3443)
	at org.springframework.kafka.listener.KafkaMessageListenerContainer$ListenerConsumer.ackImmediate(KafkaMessageListenerContainer.java:2187)
	at org.springframework.kafka.listener.KafkaMessageListenerContainer$ListenerConsumer.processAck(KafkaMessageListenerContainer.java:2082)
	at org.springframework.kafka.listener.KafkaMessageListenerContainer$ListenerConsumer.doAck(KafkaMessageListenerContainer.java:2062)
	at org.springframework.kafka.listener.KafkaMessageListenerContainer$ListenerConsumer$ConsumerAcknowledgment.acknowledge(KafkaMessageListenerContainer.java:3622)
	at com.example.kafkarebalance.listener.SlowEventListener.onMessage(SlowEventListener.kt:51)
	at java.base/jdk.internal.reflect.DirectMethodHandleAccessor.invoke(DirectMethodHandleAccessor.java:104)
	at java.base/java.lang.reflect.Method.invoke(Method.java:565)
	at org.springframework.messaging.handler.invocation.InvocableHandlerMethod.doInvoke(InvocableHandlerMethod.java:168)
	at org.springframework.kafka.listener.adapter.KotlinAwareInvocableHandlerMethod.doInvoke(KotlinAwareInvocableHandlerMethod.java:48)
	at org.springframework.messaging.handler.invocation.InvocableHandlerMethod.invoke(InvocableHandlerMethod.java:119)
	at org.springframework.kafka.listener.adapter.HandlerAdapter.invoke(HandlerAdapter.java:80)
	at org.springframework.kafka.listener.adapter.MessagingMessageListenerAdapter.invokeHandler(MessagingMessageListenerAdapter.java:488)
	at org.springframework.kafka.listener.adapter.MessagingMessageListenerAdapter.invoke(MessagingMessageListenerAdapter.java:425)
	at org.springframework.kafka.listener.adapter.RecordMessagingMessageListenerAdapter.onMessage(RecordMessagingMessageListenerAdapter.java:92)
	at org.springframework.kafka.listener.adapter.RecordMessagingMessageListenerAdapter.onMessage(RecordMessagingMessageListenerAdapter.java:52)
	at org.springframework.kafka.listener.KafkaMessageListenerContainer$ListenerConsumer.doInvokeOnMessage(KafkaMessageListenerContainer.java:2948)
	at org.springframework.kafka.listener.KafkaMessageListenerContainer$ListenerConsumer.invokeOnMessage(KafkaMessageListenerContainer.java:2927)
	at org.springframework.kafka.listener.KafkaMessageListenerContainer$ListenerConsumer.doInvokeRecordListener(KafkaMessageListenerContainer.java:2837)
	at org.springframework.kafka.listener.KafkaMessageListenerContainer$ListenerConsumer.doInvokeWithRecords(KafkaMessageListenerContainer.java:2679)
	at org.springframework.kafka.listener.KafkaMessageListenerContainer$ListenerConsumer.invokeRecordListener(KafkaMessageListenerContainer.java:2573)
	at org.springframework.kafka.listener.KafkaMessageListenerContainer$ListenerConsumer.invokeListener(KafkaMessageListenerContainer.java:2204)
	at org.springframework.kafka.listener.KafkaMessageListenerContainer$ListenerConsumer.invokeIfHaveRecords(KafkaMessageListenerContainer.java:1559)
	at org.springframework.kafka.listener.KafkaMessageListenerContainer$ListenerConsumer.pollAndInvoke(KafkaMessageListenerContainer.java:1499)
	at org.springframework.kafka.listener.KafkaMessageListenerContainer$ListenerConsumer.run(KafkaMessageListenerContainer.java:1368)
	at java.base/java.util.concurrent.CompletableFuture$AsyncRun.run(CompletableFuture.java:1825)
	at java.base/java.lang.Thread.run(Thread.java:1474)
16:24:40.952 [org.springframework.kafka.KafkaListenerEndpointContainer#0-0-C-1] DEBUG o.a.k.c.consumer.internals.ConsumerCoordinator - [Consumer clientId=consumer-slow-consumer-group-1, groupId=slow-consumer-group] Executing onJoinPrepare with generation -1 and memberId 
16:24:40.953 [org.springframework.kafka.KafkaListenerEndpointContainer#0-0-C-1] INFO  o.a.k.c.consumer.internals.ConsumerCoordinator - [Consumer clientId=consumer-slow-consumer-group-1, groupId=slow-consumer-group] Giving away all assigned partitions as lost since generation/memberID has been reset,indicating that consumer is in old state or no longer part of the group
16:24:40.954 [org.springframework.kafka.KafkaListenerEndpointContainer#0-0-C-1] INFO  o.a.k.c.c.i.ConsumerRebalanceListenerInvoker - [Consumer clientId=consumer-slow-consumer-group-1, groupId=slow-consumer-group] Lost previously assigned partitions [slow-events-0, slow-events-1, slow-events-2]
16:24:40.954 [org.springframework.kafka.KafkaListenerEndpointContainer#0-0-C-1] INFO  o.s.kafka.listener.KafkaMessageListenerContainer - slow-consumer-group: partitions lost: [slow-events-0, slow-events-1, slow-events-2]
16:24:40.954 [org.springframework.kafka.KafkaListenerEndpointContainer#0-0-C-1] INFO  o.s.kafka.listener.KafkaMessageListenerContainer - slow-consumer-group: partitions revoked: [slow-events-0, slow-events-1, slow-events-2]
16:24:40.954 [org.springframework.kafka.KafkaListenerEndpointContainer#0-0-C-1] INFO  o.a.k.c.consumer.internals.ConsumerCoordinator - [Consumer clientId=consumer-slow-consumer-group-1, groupId=slow-consumer-group] (Re-)joining group
16:24:40.954 [org.springframework.kafka.KafkaListenerEndpointContainer#0-0-C-1] DEBUG o.a.k.c.consumer.internals.ConsumerCoordinator - [Consumer clientId=consumer-slow-consumer-group-1, groupId=slow-consumer-group] Joining group with current subscription: [slow-events]
16:24:40.954 [org.springframework.kafka.KafkaListenerEndpointContainer#0-0-C-1] DEBUG o.a.k.c.consumer.internals.ConsumerCoordinator - [Consumer clientId=consumer-slow-consumer-group-1, groupId=slow-consumer-group] Sending JoinGroup (JoinGroupRequestData(groupId='slow-consumer-group', sessionTimeoutMs=10000, rebalanceTimeoutMs=6000, memberId='', groupInstanceId=null, protocolType='consumer', protocols=[JoinGroupRequestProtocol(name='range', metadata=[0, 3, 0, 0, 0, 1, 0, 11, 115, 108, 111, 119, 45, 101, 118, 101, 110, 116, 115, -1, -1, -1, -1, 0, 0, 0, 0, -1, -1, -1, -1, -1, -1]), JoinGroupRequestProtocol(name='cooperative-sticky', metadata=[0, 3, 0, 0, 0, 1, 0, 11, 115, 108, 111, 119, 45, 101, 118, 101, 110, 116, 115, 0, 0, 0, 4, -1, -1, -1, -1, 0, 0, 0, 0, -1, -1, -1, -1, -1, -1])], reason='consumer pro-actively leaving the group')) to coordinator localhost:9092 (id: 2147483646 rack: null isFenced: false)
16:24:40.965 [org.springframework.kafka.KafkaListenerEndpointContainer#0-0-C-1] DEBUG o.a.k.c.consumer.internals.ConsumerCoordinator - [Consumer clientId=consumer-slow-consumer-group-1, groupId=slow-consumer-group] JoinGroup failed due to non-fatal error: MEMBER_ID_REQUIRED. Will set the member id as consumer-slow-consumer-group-1-1611ca75-3249-4135-97f9-fddb0a8763d2 and then rejoin. Sent generation was Generation{generationId=-1, memberId='', protocol='null'}
16:24:40.965 [org.springframework.kafka.KafkaListenerEndpointContainer#0-0-C-1] INFO  o.a.k.c.consumer.internals.ConsumerCoordinator - [Consumer clientId=consumer-slow-consumer-group-1, groupId=slow-consumer-group] Request joining group due to: need to re-join with the given member-id: consumer-slow-consumer-group-1-1611ca75-3249-4135-97f9-fddb0a8763d2
16:24:40.965 [org.springframework.kafka.KafkaListenerEndpointContainer#0-0-C-1] INFO  o.a.k.c.consumer.internals.ConsumerCoordinator - [Consumer clientId=consumer-slow-consumer-group-1, groupId=slow-consumer-group] (Re-)joining group
16:24:40.965 [org.springframework.kafka.KafkaListenerEndpointContainer#0-0-C-1] DEBUG o.a.k.c.consumer.internals.ConsumerCoordinator - [Consumer clientId=consumer-slow-consumer-group-1, groupId=slow-consumer-group] Joining group with current subscription: [slow-events]
16:24:40.965 [org.springframework.kafka.KafkaListenerEndpointContainer#0-0-C-1] DEBUG o.a.k.c.consumer.internals.ConsumerCoordinator - [Consumer clientId=consumer-slow-consumer-group-1, groupId=slow-consumer-group] Sending JoinGroup (JoinGroupRequestData(groupId='slow-consumer-group', sessionTimeoutMs=10000, rebalanceTimeoutMs=6000, memberId='consumer-slow-consumer-group-1-1611ca75-3249-4135-97f9-fddb0a8763d2', groupInstanceId=null, protocolType='consumer', protocols=[JoinGroupRequestProtocol(name='range', metadata=[0, 3, 0, 0, 0, 1, 0, 11, 115, 108, 111, 119, 45, 101, 118, 101, 110, 116, 115, -1, -1, -1, -1, 0, 0, 0, 0, -1, -1, -1, -1, -1, -1]), JoinGroupRequestProtocol(name='cooperative-sticky', metadata=[0, 3, 0, 0, 0, 1, 0, 11, 115, 108, 111, 119, 45, 101, 118, 101, 110, 116, 115, 0, 0, 0, 4, -1, -1, -1, -1, 0, 0, 0, 0, -1, -1, -1, -1, -1, -1])], reason='need to re-join with the given member-id: consumer-slow-consumer-group-1-1611ca75-3249-4135-97f9-fddb0a8763d2')) to coordinator localhost:9092 (id: 2147483646 rack: null isFenced: false)
16:24:40.970 [org.springframework.kafka.KafkaListenerEndpointContainer#0-0-C-1] DEBUG o.a.k.c.consumer.internals.ConsumerCoordinator - [Consumer clientId=consumer-slow-consumer-group-1, groupId=slow-consumer-group] Received successful JoinGroup response: JoinGroupResponseData(throttleTimeMs=0, errorCode=0, generationId=9, protocolType='consumer', protocolName='range', leader='consumer-slow-consumer-group-1-1611ca75-3249-4135-97f9-fddb0a8763d2', skipAssignment=false, memberId='consumer-slow-consumer-group-1-1611ca75-3249-4135-97f9-fddb0a8763d2', members=[JoinGroupResponseMember(memberId='consumer-slow-consumer-group-1-1611ca75-3249-4135-97f9-fddb0a8763d2', groupInstanceId=null, metadata=[0, 3, 0, 0, 0, 1, 0, 11, 115, 108, 111, 119, 45, 101, 118, 101, 110, 116, 115, -1, -1, -1, -1, 0, 0, 0, 0, -1, -1, -1, -1, -1, -1])])
16:24:40.970 [org.springframework.kafka.KafkaListenerEndpointContainer#0-0-C-1] DEBUG o.a.k.c.consumer.internals.ConsumerCoordinator - [Consumer clientId=consumer-slow-consumer-group-1, groupId=slow-consumer-group] Enabling heartbeat thread
16:24:40.970 [org.springframework.kafka.KafkaListenerEndpointContainer#0-0-C-1] INFO  o.a.k.c.consumer.internals.ConsumerCoordinator - [Consumer clientId=consumer-slow-consumer-group-1, groupId=slow-consumer-group] Successfully joined group with generation Generation{generationId=9, memberId='consumer-slow-consumer-group-1-1611ca75-3249-4135-97f9-fddb0a8763d2', protocol='range'}
16:24:40.971 [org.springframework.kafka.KafkaListenerEndpointContainer#0-0-C-1] DEBUG o.a.k.c.consumer.internals.ConsumerCoordinator - [Consumer clientId=consumer-slow-consumer-group-1, groupId=slow-consumer-group] Performing assignment using strategy range with subscriptions {consumer-slow-consumer-group-1-1611ca75-3249-4135-97f9-fddb0a8763d2=Subscription(topics=[slow-events], ownedPartitions=[], groupInstanceId=null, generationId=-1, rackId=null)}
16:24:40.971 [org.springframework.kafka.KafkaListenerEndpointContainer#0-0-C-1] INFO  o.a.k.c.consumer.internals.ConsumerCoordinator - [Consumer clientId=consumer-slow-consumer-group-1, groupId=slow-consumer-group] Finished assignment for group at generation 9: {consumer-slow-consumer-group-1-1611ca75-3249-4135-97f9-fddb0a8763d2=Assignment(partitions=[slow-events-0, slow-events-1, slow-events-2])}
16:24:40.971 [org.springframework.kafka.KafkaListenerEndpointContainer#0-0-C-1] DEBUG o.a.k.c.consumer.internals.ConsumerCoordinator - [Consumer clientId=consumer-slow-consumer-group-1, groupId=slow-consumer-group] Sending leader SyncGroup to coordinator localhost:9092 (id: 2147483646 rack: null isFenced: false): SyncGroupRequestData(groupId='slow-consumer-group', generationId=9, memberId='consumer-slow-consumer-group-1-1611ca75-3249-4135-97f9-fddb0a8763d2', groupInstanceId=null, protocolType='consumer', protocolName='range', assignments=[SyncGroupRequestAssignment(memberId='consumer-slow-consumer-group-1-1611ca75-3249-4135-97f9-fddb0a8763d2', assignment=[0, 3, 0, 0, 0, 1, 0, 11, 115, 108, 111, 119, 45, 101, 118, 101, 110, 116, 115, 0, 0, 0, 3, 0, 0, 0, 0, 0, 0, 0, 1, 0, 0, 0, 2, -1, -1, -1, -1])])
16:24:40.976 [org.springframework.kafka.KafkaListenerEndpointContainer#0-0-C-1] DEBUG o.a.k.c.consumer.internals.ConsumerCoordinator - [Consumer clientId=consumer-slow-consumer-group-1, groupId=slow-consumer-group] Received successful SyncGroup response: SyncGroupResponseData(throttleTimeMs=0, errorCode=0, protocolType='consumer', protocolName='range', assignment=[0, 3, 0, 0, 0, 1, 0, 11, 115, 108, 111, 119, 45, 101, 118, 101, 110, 116, 115, 0, 0, 0, 3, 0, 0, 0, 0, 0, 0, 0, 1, 0, 0, 0, 2, -1, -1, -1, -1])
16:24:40.976 [org.springframework.kafka.KafkaListenerEndpointContainer#0-0-C-1] INFO  o.a.k.c.consumer.internals.ConsumerCoordinator - [Consumer clientId=consumer-slow-consumer-group-1, groupId=slow-consumer-group] Successfully synced group in generation Generation{generationId=9, memberId='consumer-slow-consumer-group-1-1611ca75-3249-4135-97f9-fddb0a8763d2', protocol='range'}
16:24:40.976 [org.springframework.kafka.KafkaListenerEndpointContainer#0-0-C-1] DEBUG o.a.k.c.consumer.internals.ConsumerCoordinator - [Consumer clientId=consumer-slow-consumer-group-1, groupId=slow-consumer-group] Executing onJoinComplete with generation 9 and memberId consumer-slow-consumer-group-1-1611ca75-3249-4135-97f9-fddb0a8763d2
16:24:40.976 [org.springframework.kafka.KafkaListenerEndpointContainer#0-0-C-1] INFO  o.a.k.c.consumer.internals.ConsumerCoordinator - [Consumer clientId=consumer-slow-consumer-group-1, groupId=slow-consumer-group] Notifying assignor about the new Assignment(partitions=[slow-events-0, slow-events-1, slow-events-2])
16:24:40.977 [org.springframework.kafka.KafkaListenerEndpointContainer#0-0-C-1] INFO  o.a.k.c.c.i.ConsumerRebalanceListenerInvoker - [Consumer clientId=consumer-slow-consumer-group-1, groupId=slow-consumer-group] Adding newly assigned partitions: [slow-events-0, slow-events-1, slow-events-2]
16:24:40.977 [org.springframework.kafka.KafkaListenerEndpointContainer#0-0-C-1] DEBUG o.a.k.c.consumer.internals.ConsumerCoordinator - [Consumer clientId=consumer-slow-consumer-group-1, groupId=slow-consumer-group] Fetching committed offsets for partitions: [slow-events-2, slow-events-1, slow-events-0]
16:24:40.979 [org.springframework.kafka.KafkaListenerEndpointContainer#0-0-C-1] INFO  o.a.k.c.consumer.internals.ConsumerCoordinator - [Consumer clientId=consumer-slow-consumer-group-1, groupId=slow-consumer-group] Found no committed offset for partition slow-events-2
16:24:40.979 [org.springframework.kafka.KafkaListenerEndpointContainer#0-0-C-1] INFO  o.a.k.c.consumer.internals.ConsumerCoordinator - [Consumer clientId=consumer-slow-consumer-group-1, groupId=slow-consumer-group] Found no committed offset for partition slow-events-1
16:24:40.979 [org.springframework.kafka.KafkaListenerEndpointContainer#0-0-C-1] INFO  o.a.kafka.clients.consumer.internals.ConsumerUtils - Setting offset for partition slow-events-0 to the committed offset FetchPosition{offset=1, offsetEpoch=Optional.empty, currentLeader=LeaderAndEpoch{leader=Optional[localhost:9092 (id: 1 rack: null isFenced: false)], epoch=0}}
16:24:40.981 [org.springframework.kafka.KafkaListenerEndpointContainer#0-0-C-1] INFO  o.a.k.clients.consumer.internals.SubscriptionState - [Consumer clientId=consumer-slow-consumer-group-1, groupId=slow-consumer-group] Resetting offset for partition slow-events-2 to position FetchPosition{offset=0, offsetEpoch=Optional.empty, currentLeader=LeaderAndEpoch{leader=Optional[localhost:9092 (id: 1 rack: null isFenced: false)], epoch=0}}.
16:24:40.981 [org.springframework.kafka.KafkaListenerEndpointContainer#0-0-C-1] INFO  o.a.k.clients.consumer.internals.SubscriptionState - [Consumer clientId=consumer-slow-consumer-group-1, groupId=slow-consumer-group] Resetting offset for partition slow-events-1 to position FetchPosition{offset=0, offsetEpoch=Optional.empty, currentLeader=LeaderAndEpoch{leader=Optional[localhost:9092 (id: 1 rack: null isFenced: false)], epoch=0}}.
16:24:40.981 [org.springframework.kafka.KafkaListenerEndpointContainer#0-0-C-1] INFO  o.s.kafka.listener.KafkaMessageListenerContainer - slow-consumer-group: partitions assigned: [slow-events-0, slow-events-1, slow-events-2]
16:24:40.985 [org.springframework.kafka.KafkaListenerEndpointContainer#0-0-C-1] DEBUG o.s.kafka.listener.KafkaMessageListenerContainer - Received: 1 records
16:24:40.985 [org.springframework.kafka.KafkaListenerEndpointContainer#0-0-C-1] DEBUG o.s.k.l.a.RecordMessagingMessageListenerAdapter - Processing [GenericMessage [payload=DemoEvent(id=472138ad-6d5f-4b67-b8c6-e96870c125c9, payload=demo-event-4, slow=true, retryTrigger=false, createdAt=2026-08-25T08:24:11.418200Z), headers={kafka_offset=1, kafka_consumer=org.springframework.kafka.core.DefaultKafkaConsumerFactory$ExtendedKafkaConsumer@4d006356, kafka_timestampType=CREATE_TIME, kafka_receivedPartitionId=0, kafka_receivedMessageKey=1, kafka_receivedTopic=slow-events, kafka_receivedTimestamp=1787646251418, kafka_acknowledgment=Acknowledgment for slow-events-0@1, kafka_groupId=slow-consumer-group}]]
16:24:40.986 [org.springframework.kafka.KafkaListenerEndpointContainer#0-0-C-1] INFO  c.e.kafkarebalance.listener.SlowEventListener - 收到消息 id=472138ad-6d5f-4b67-b8c6-e96870c125c9 partition=0 slow=true
16:24:40.986 [org.springframework.kafka.KafkaListenerEndpointContainer#0-0-C-1] WARN  c.e.kafkarebalance.listener.SlowEventListener - 模拟慢处理开始：id=472138ad-6d5f-4b67-b8c6-e96870c125c9 将阻塞 10000ms（超过 max.poll.interval.ms=6000ms，预期触发 rebalance）
16:24:43.983 [kafka-coordinator-heartbeat-thread | slow-consumer-group] DEBUG o.a.k.c.consumer.internals.ConsumerCoordinator - [Consumer clientId=consumer-slow-consumer-group-1, groupId=slow-consumer-group] Sending Heartbeat request with generation 9 and member id consumer-slow-consumer-group-1-1611ca75-3249-4135-97f9-fddb0a8763d2 to coordinator localhost:9092 (id: 2147483646 rack: null isFenced: false)
16:24:44.089 [kafka-coordinator-heartbeat-thread | slow-consumer-group] DEBUG o.a.k.c.consumer.internals.ConsumerCoordinator - [Consumer clientId=consumer-slow-consumer-group-1, groupId=slow-consumer-group] Received successful Heartbeat response
16:24:46.994 [kafka-coordinator-heartbeat-thread | slow-consumer-group] WARN  o.a.k.c.consumer.internals.ConsumerCoordinator - [Consumer clientId=consumer-slow-consumer-group-1, groupId=slow-consumer-group] consumer poll timeout has expired. This means the time between subsequent calls to poll() was longer than the configured max.poll.interval.ms, which typically implies that the poll loop is spending too much time processing messages. You can address this either by increasing max.poll.interval.ms or by reducing the maximum size of batches returned in poll() with max.poll.records.
16:24:46.994 [kafka-coordinator-heartbeat-thread | slow-consumer-group] INFO  o.a.k.c.consumer.internals.ConsumerCoordinator - [Consumer clientId=consumer-slow-consumer-group-1, groupId=slow-consumer-group] Member consumer-slow-consumer-group-1-1611ca75-3249-4135-97f9-fddb0a8763d2 sending LeaveGroup request to coordinator localhost:9092 (id: 2147483646 rack: null isFenced: false) due to consumer poll timeout has expired.
16:24:46.995 [kafka-coordinator-heartbeat-thread | slow-consumer-group] INFO  o.a.k.c.consumer.internals.ConsumerCoordinator - [Consumer clientId=consumer-slow-consumer-group-1, groupId=slow-consumer-group] Resetting generation and member id due to: consumer pro-actively leaving the group
16:24:46.995 [kafka-coordinator-heartbeat-thread | slow-consumer-group] INFO  o.a.k.c.consumer.internals.ConsumerCoordinator - [Consumer clientId=consumer-slow-consumer-group-1, groupId=slow-consumer-group] Request joining group due to: consumer pro-actively leaving the group
16:24:50.990 [org.springframework.kafka.KafkaListenerEndpointContainer#0-0-C-1] DEBUG o.s.kafka.listener.KafkaMessageListenerContainer - Committing: {slow-events-0=OffsetAndMetadata{offset=2, leaderEpoch=null, metadata=''}}
16:24:50.991 [org.springframework.kafka.KafkaListenerEndpointContainer#0-0-C-1] INFO  o.a.k.c.consumer.internals.ConsumerCoordinator - [Consumer clientId=consumer-slow-consumer-group-1, groupId=slow-consumer-group] Failing OffsetCommit request since the consumer is not part of an active group
16:24:50.992 [org.springframework.kafka.KafkaListenerEndpointContainer#0-0-C-1] DEBUG o.a.k.c.consumer.internals.ConsumerCoordinator - [Consumer clientId=consumer-slow-consumer-group-1, groupId=slow-consumer-group] LeaveGroup response with Generation{generationId=9, memberId='consumer-slow-consumer-group-1-1611ca75-3249-4135-97f9-fddb0a8763d2', protocol='range'} returned successfully: ClientResponse(receivedTimeMs=1787646290992, latencyMs=3998, disconnected=false, timedOut=false, requestHeader=RequestHeader(apiKey=LEAVE_GROUP, apiVersion=5, clientId=consumer-slow-consumer-group-1, correlationId=47, headerVersion=2), responseBody=LeaveGroupResponseData(throttleTimeMs=0, errorCode=0, members=[MemberResponse(memberId='consumer-slow-consumer-group-1-1611ca75-3249-4135-97f9-fddb0a8763d2', groupInstanceId=null, errorCode=0)]))
16:24:50.992 [org.springframework.kafka.KafkaListenerEndpointContainer#0-0-C-1] WARN  c.e.kafkarebalance.listener.SlowEventListener - 提交 offset 失败，可能因 rebalance 导致该分区已被回收 id=472138ad-6d5f-4b67-b8c6-e96870c125c9
org.apache.kafka.clients.consumer.CommitFailedException: Offset commit cannot be completed since the consumer is not part of an active group for auto partition assignment; it is likely that the consumer was kicked out of the group.
	at org.apache.kafka.clients.consumer.internals.ConsumerCoordinator.sendOffsetCommitRequest(ConsumerCoordinator.java:1320)
	at org.apache.kafka.clients.consumer.internals.ConsumerCoordinator.commitOffsetsSync(ConsumerCoordinator.java:1155)
	at org.apache.kafka.clients.consumer.internals.ClassicKafkaConsumer.commitSync(ClassicKafkaConsumer.java:747)
	at org.apache.kafka.clients.consumer.KafkaConsumer.commitSync(KafkaConsumer.java:1094)
	at org.springframework.kafka.listener.KafkaMessageListenerContainer$ListenerConsumer.doCommitSync(KafkaMessageListenerContainer.java:3474)
	at org.springframework.kafka.listener.KafkaMessageListenerContainer$ListenerConsumer.commitSync(KafkaMessageListenerContainer.java:3469)
	at org.springframework.kafka.listener.KafkaMessageListenerContainer$ListenerConsumer.commitOffsets(KafkaMessageListenerContainer.java:3452)
	at org.springframework.kafka.listener.KafkaMessageListenerContainer$ListenerConsumer.commitOffsetsInTransactions(KafkaMessageListenerContainer.java:3443)
	at org.springframework.kafka.listener.KafkaMessageListenerContainer$ListenerConsumer.ackImmediate(KafkaMessageListenerContainer.java:2187)
	at org.springframework.kafka.listener.KafkaMessageListenerContainer$ListenerConsumer.processAck(KafkaMessageListenerContainer.java:2082)
	at org.springframework.kafka.listener.KafkaMessageListenerContainer$ListenerConsumer.doAck(KafkaMessageListenerContainer.java:2062)
	at org.springframework.kafka.listener.KafkaMessageListenerContainer$ListenerConsumer$ConsumerAcknowledgment.acknowledge(KafkaMessageListenerContainer.java:3622)
	at com.example.kafkarebalance.listener.SlowEventListener.onMessage(SlowEventListener.kt:51)
	at java.base/jdk.internal.reflect.DirectMethodHandleAccessor.invoke(DirectMethodHandleAccessor.java:104)
	at java.base/java.lang.reflect.Method.invoke(Method.java:565)
	at org.springframework.messaging.handler.invocation.InvocableHandlerMethod.doInvoke(InvocableHandlerMethod.java:168)
	at org.springframework.kafka.listener.adapter.KotlinAwareInvocableHandlerMethod.doInvoke(KotlinAwareInvocableHandlerMethod.java:48)
	at org.springframework.messaging.handler.invocation.InvocableHandlerMethod.invoke(InvocableHandlerMethod.java:119)
	at org.springframework.kafka.listener.adapter.HandlerAdapter.invoke(HandlerAdapter.java:80)
	at org.springframework.kafka.listener.adapter.MessagingMessageListenerAdapter.invokeHandler(MessagingMessageListenerAdapter.java:488)
	at org.springframework.kafka.listener.adapter.MessagingMessageListenerAdapter.invoke(MessagingMessageListenerAdapter.java:425)
	at org.springframework.kafka.listener.adapter.RecordMessagingMessageListenerAdapter.onMessage(RecordMessagingMessageListenerAdapter.java:92)
	at org.springframework.kafka.listener.adapter.RecordMessagingMessageListenerAdapter.onMessage(RecordMessagingMessageListenerAdapter.java:52)
	at org.springframework.kafka.listener.KafkaMessageListenerContainer$ListenerConsumer.doInvokeOnMessage(KafkaMessageListenerContainer.java:2948)
	at org.springframework.kafka.listener.KafkaMessageListenerContainer$ListenerConsumer.invokeOnMessage(KafkaMessageListenerContainer.java:2927)
	at org.springframework.kafka.listener.KafkaMessageListenerContainer$ListenerConsumer.doInvokeRecordListener(KafkaMessageListenerContainer.java:2837)
	at org.springframework.kafka.listener.KafkaMessageListenerContainer$ListenerConsumer.doInvokeWithRecords(KafkaMessageListenerContainer.java:2679)
	at org.springframework.kafka.listener.KafkaMessageListenerContainer$ListenerConsumer.invokeRecordListener(KafkaMessageListenerContainer.java:2573)
	at org.springframework.kafka.listener.KafkaMessageListenerContainer$ListenerConsumer.invokeListener(KafkaMessageListenerContainer.java:2204)
	at org.springframework.kafka.listener.KafkaMessageListenerContainer$ListenerConsumer.invokeIfHaveRecords(KafkaMessageListenerContainer.java:1559)
	at org.springframework.kafka.listener.KafkaMessageListenerContainer$ListenerConsumer.pollAndInvoke(KafkaMessageListenerContainer.java:1499)
	at org.springframework.kafka.listener.KafkaMessageListenerContainer$ListenerConsumer.run(KafkaMessageListenerContainer.java:1368)
	at java.base/java.util.concurrent.CompletableFuture$AsyncRun.run(CompletableFuture.java:1825)
	at java.base/java.lang.Thread.run(Thread.java:1474)
16:24:50.994 [org.springframework.kafka.KafkaListenerEndpointContainer#0-0-C-1] DEBUG o.a.k.c.consumer.internals.ConsumerCoordinator - [Consumer clientId=consumer-slow-consumer-group-1, groupId=slow-consumer-group] Executing onJoinPrepare with generation -1 and memberId 
16:24:50.994 [org.springframework.kafka.KafkaListenerEndpointContainer#0-0-C-1] INFO  o.a.k.c.consumer.internals.ConsumerCoordinator - [Consumer clientId=consumer-slow-consumer-group-1, groupId=slow-consumer-group] Giving away all assigned partitions as lost since generation/memberID has been reset,indicating that consumer is in old state or no longer part of the group
16:24:50.994 [org.springframework.kafka.KafkaListenerEndpointContainer#0-0-C-1] INFO  o.a.k.c.c.i.ConsumerRebalanceListenerInvoker - [Consumer clientId=consumer-slow-consumer-group-1, groupId=slow-consumer-group] Lost previously assigned partitions [slow-events-0, slow-events-1, slow-events-2]
16:24:50.994 [org.springframework.kafka.KafkaListenerEndpointContainer#0-0-C-1] INFO  o.s.kafka.listener.KafkaMessageListenerContainer - slow-consumer-group: partitions lost: [slow-events-0, slow-events-1, slow-events-2]
16:24:50.994 [org.springframework.kafka.KafkaListenerEndpointContainer#0-0-C-1] INFO  o.s.kafka.listener.KafkaMessageListenerContainer - slow-consumer-group: partitions revoked: [slow-events-0, slow-events-1, slow-events-2]
16:24:50.994 [org.springframework.kafka.KafkaListenerEndpointContainer#0-0-C-1] INFO  o.a.k.c.consumer.internals.ConsumerCoordinator - [Consumer clientId=consumer-slow-consumer-group-1, groupId=slow-consumer-group] (Re-)joining group
16:24:50.994 [org.springframework.kafka.KafkaListenerEndpointContainer#0-0-C-1] DEBUG o.a.k.c.consumer.internals.ConsumerCoordinator - [Consumer clientId=consumer-slow-consumer-group-1, groupId=slow-consumer-group] Joining group with current subscription: [slow-events]
16:24:50.995 [org.springframework.kafka.KafkaListenerEndpointContainer#0-0-C-1] DEBUG o.a.k.c.consumer.internals.ConsumerCoordinator - [Consumer clientId=consumer-slow-consumer-group-1, groupId=slow-consumer-group] Sending JoinGroup (JoinGroupRequestData(groupId='slow-consumer-group', sessionTimeoutMs=10000, rebalanceTimeoutMs=6000, memberId='', groupInstanceId=null, protocolType='consumer', protocols=[JoinGroupRequestProtocol(name='range', metadata=[0, 3, 0, 0, 0, 1, 0, 11, 115, 108, 111, 119, 45, 101, 118, 101, 110, 116, 115, -1, -1, -1, -1, 0, 0, 0, 0, -1, -1, -1, -1, -1, -1]), JoinGroupRequestProtocol(name='cooperative-sticky', metadata=[0, 3, 0, 0, 0, 1, 0, 11, 115, 108, 111, 119, 45, 101, 118, 101, 110, 116, 115, 0, 0, 0, 4, -1, -1, -1, -1, 0, 0, 0, 0, -1, -1, -1, -1, -1, -1])], reason='consumer pro-actively leaving the group')) to coordinator localhost:9092 (id: 2147483646 rack: null isFenced: false)
16:24:51.005 [org.springframework.kafka.KafkaListenerEndpointContainer#0-0-C-1] DEBUG o.a.k.c.consumer.internals.ConsumerCoordinator - [Consumer clientId=consumer-slow-consumer-group-1, groupId=slow-consumer-group] JoinGroup failed due to non-fatal error: MEMBER_ID_REQUIRED. Will set the member id as consumer-slow-consumer-group-1-83f798a6-ad93-4a43-9912-82c4fde7564d and then rejoin. Sent generation was Generation{generationId=-1, memberId='', protocol='null'}
16:24:51.005 [org.springframework.kafka.KafkaListenerEndpointContainer#0-0-C-1] INFO  o.a.k.c.consumer.internals.ConsumerCoordinator - [Consumer clientId=consumer-slow-consumer-group-1, groupId=slow-consumer-group] Request joining group due to: need to re-join with the given member-id: consumer-slow-consumer-group-1-83f798a6-ad93-4a43-9912-82c4fde7564d
16:24:51.005 [org.springframework.kafka.KafkaListenerEndpointContainer#0-0-C-1] INFO  o.a.k.c.consumer.internals.ConsumerCoordinator - [Consumer clientId=consumer-slow-consumer-group-1, groupId=slow-consumer-group] (Re-)joining group
16:24:51.005 [org.springframework.kafka.KafkaListenerEndpointContainer#0-0-C-1] DEBUG o.a.k.c.consumer.internals.ConsumerCoordinator - [Consumer clientId=consumer-slow-consumer-group-1, groupId=slow-consumer-group] Joining group with current subscription: [slow-events]
16:24:51.006 [org.springframework.kafka.KafkaListenerEndpointContainer#0-0-C-1] DEBUG o.a.k.c.consumer.internals.ConsumerCoordinator - [Consumer clientId=consumer-slow-consumer-group-1, groupId=slow-consumer-group] Sending JoinGroup (JoinGroupRequestData(groupId='slow-consumer-group', sessionTimeoutMs=10000, rebalanceTimeoutMs=6000, memberId='consumer-slow-consumer-group-1-83f798a6-ad93-4a43-9912-82c4fde7564d', groupInstanceId=null, protocolType='consumer', protocols=[JoinGroupRequestProtocol(name='range', metadata=[0, 3, 0, 0, 0, 1, 0, 11, 115, 108, 111, 119, 45, 101, 118, 101, 110, 116, 115, -1, -1, -1, -1, 0, 0, 0, 0, -1, -1, -1, -1, -1, -1]), JoinGroupRequestProtocol(name='cooperative-sticky', metadata=[0, 3, 0, 0, 0, 1, 0, 11, 115, 108, 111, 119, 45, 101, 118, 101, 110, 116, 115, 0, 0, 0, 4, -1, -1, -1, -1, 0, 0, 0, 0, -1, -1, -1, -1, -1, -1])], reason='need to re-join with the given member-id: consumer-slow-consumer-group-1-83f798a6-ad93-4a43-9912-82c4fde7564d')) to coordinator localhost:9092 (id: 2147483646 rack: null isFenced: false)
16:24:51.013 [org.springframework.kafka.KafkaListenerEndpointContainer#0-0-C-1] DEBUG o.a.k.c.consumer.internals.ConsumerCoordinator - [Consumer clientId=consumer-slow-consumer-group-1, groupId=slow-consumer-group] Received successful JoinGroup response: JoinGroupResponseData(throttleTimeMs=0, errorCode=0, generationId=11, protocolType='consumer', protocolName='range', leader='consumer-slow-consumer-group-1-83f798a6-ad93-4a43-9912-82c4fde7564d', skipAssignment=false, memberId='consumer-slow-consumer-group-1-83f798a6-ad93-4a43-9912-82c4fde7564d', members=[JoinGroupResponseMember(memberId='consumer-slow-consumer-group-1-83f798a6-ad93-4a43-9912-82c4fde7564d', groupInstanceId=null, metadata=[0, 3, 0, 0, 0, 1, 0, 11, 115, 108, 111, 119, 45, 101, 118, 101, 110, 116, 115, -1, -1, -1, -1, 0, 0, 0, 0, -1, -1, -1, -1, -1, -1])])
16:24:51.014 [org.springframework.kafka.KafkaListenerEndpointContainer#0-0-C-1] DEBUG o.a.k.c.consumer.internals.ConsumerCoordinator - [Consumer clientId=consumer-slow-consumer-group-1, groupId=slow-consumer-group] Enabling heartbeat thread
16:24:51.014 [org.springframework.kafka.KafkaListenerEndpointContainer#0-0-C-1] INFO  o.a.k.c.consumer.internals.ConsumerCoordinator - [Consumer clientId=consumer-slow-consumer-group-1, groupId=slow-consumer-group] Successfully joined group with generation Generation{generationId=11, memberId='consumer-slow-consumer-group-1-83f798a6-ad93-4a43-9912-82c4fde7564d', protocol='range'}
16:24:51.014 [org.springframework.kafka.KafkaListenerEndpointContainer#0-0-C-1] DEBUG o.a.k.c.consumer.internals.ConsumerCoordinator - [Consumer clientId=consumer-slow-consumer-group-1, groupId=slow-consumer-group] Performing assignment using strategy range with subscriptions {consumer-slow-consumer-group-1-83f798a6-ad93-4a43-9912-82c4fde7564d=Subscription(topics=[slow-events], ownedPartitions=[], groupInstanceId=null, generationId=-1, rackId=null)}
16:24:51.014 [org.springframework.kafka.KafkaListenerEndpointContainer#0-0-C-1] INFO  o.a.k.c.consumer.internals.ConsumerCoordinator - [Consumer clientId=consumer-slow-consumer-group-1, groupId=slow-consumer-group] Finished assignment for group at generation 11: {consumer-slow-consumer-group-1-83f798a6-ad93-4a43-9912-82c4fde7564d=Assignment(partitions=[slow-events-0, slow-events-1, slow-events-2])}
16:24:51.015 [org.springframework.kafka.KafkaListenerEndpointContainer#0-0-C-1] DEBUG o.a.k.c.consumer.internals.ConsumerCoordinator - [Consumer clientId=consumer-slow-consumer-group-1, groupId=slow-consumer-group] Sending leader SyncGroup to coordinator localhost:9092 (id: 2147483646 rack: null isFenced: false): SyncGroupRequestData(groupId='slow-consumer-group', generationId=11, memberId='consumer-slow-consumer-group-1-83f798a6-ad93-4a43-9912-82c4fde7564d', groupInstanceId=null, protocolType='consumer', protocolName='range', assignments=[SyncGroupRequestAssignment(memberId='consumer-slow-consumer-group-1-83f798a6-ad93-4a43-9912-82c4fde7564d', assignment=[0, 3, 0, 0, 0, 1, 0, 11, 115, 108, 111, 119, 45, 101, 118, 101, 110, 116, 115, 0, 0, 0, 3, 0, 0, 0, 0, 0, 0, 0, 1, 0, 0, 0, 2, -1, -1, -1, -1])])
16:24:51.021 [org.springframework.kafka.KafkaListenerEndpointContainer#0-0-C-1] DEBUG o.a.k.c.consumer.internals.ConsumerCoordinator - [Consumer clientId=consumer-slow-consumer-group-1, groupId=slow-consumer-group] Received successful SyncGroup response: SyncGroupResponseData(throttleTimeMs=0, errorCode=0, protocolType='consumer', protocolName='range', assignment=[0, 3, 0, 0, 0, 1, 0, 11, 115, 108, 111, 119, 45, 101, 118, 101, 110, 116, 115, 0, 0, 0, 3, 0, 0, 0, 0, 0, 0, 0, 1, 0, 0, 0, 2, -1, -1, -1, -1])
16:24:51.022 [org.springframework.kafka.KafkaListenerEndpointContainer#0-0-C-1] INFO  o.a.k.c.consumer.internals.ConsumerCoordinator - [Consumer clientId=consumer-slow-consumer-group-1, groupId=slow-consumer-group] Successfully synced group in generation Generation{generationId=11, memberId='consumer-slow-consumer-group-1-83f798a6-ad93-4a43-9912-82c4fde7564d', protocol='range'}
16:24:51.022 [org.springframework.kafka.KafkaListenerEndpointContainer#0-0-C-1] DEBUG o.a.k.c.consumer.internals.ConsumerCoordinator - [Consumer clientId=consumer-slow-consumer-group-1, groupId=slow-consumer-group] Executing onJoinComplete with generation 11 and memberId consumer-slow-consumer-group-1-83f798a6-ad93-4a43-9912-82c4fde7564d
16:24:51.022 [org.springframework.kafka.KafkaListenerEndpointContainer#0-0-C-1] INFO  o.a.k.c.consumer.internals.ConsumerCoordinator - [Consumer clientId=consumer-slow-consumer-group-1, groupId=slow-consumer-group] Notifying assignor about the new Assignment(partitions=[slow-events-0, slow-events-1, slow-events-2])
16:24:51.022 [org.springframework.kafka.KafkaListenerEndpointContainer#0-0-C-1] INFO  o.a.k.c.c.i.ConsumerRebalanceListenerInvoker - [Consumer clientId=consumer-slow-consumer-group-1, groupId=slow-consumer-group] Adding newly assigned partitions: [slow-events-0, slow-events-1, slow-events-2]
16:24:51.022 [org.springframework.kafka.KafkaListenerEndpointContainer#0-0-C-1] DEBUG o.a.k.c.consumer.internals.ConsumerCoordinator - [Consumer clientId=consumer-slow-consumer-group-1, groupId=slow-consumer-group] Fetching committed offsets for partitions: [slow-events-2, slow-events-1, slow-events-0]
16:24:51.024 [org.springframework.kafka.KafkaListenerEndpointContainer#0-0-C-1] INFO  o.a.k.c.consumer.internals.ConsumerCoordinator - [Consumer clientId=consumer-slow-consumer-group-1, groupId=slow-consumer-group] Found no committed offset for partition slow-events-2
16:24:51.024 [org.springframework.kafka.KafkaListenerEndpointContainer#0-0-C-1] INFO  o.a.k.c.consumer.internals.ConsumerCoordinator - [Consumer clientId=consumer-slow-consumer-group-1, groupId=slow-consumer-group] Found no committed offset for partition slow-events-1
16:24:51.024 [org.springframework.kafka.KafkaListenerEndpointContainer#0-0-C-1] INFO  o.a.kafka.clients.consumer.internals.ConsumerUtils - Setting offset for partition slow-events-0 to the committed offset FetchPosition{offset=1, offsetEpoch=Optional.empty, currentLeader=LeaderAndEpoch{leader=Optional[localhost:9092 (id: 1 rack: null isFenced: false)], epoch=0}}
16:24:51.026 [org.springframework.kafka.KafkaListenerEndpointContainer#0-0-C-1] INFO  o.a.k.clients.consumer.internals.SubscriptionState - [Consumer clientId=consumer-slow-consumer-group-1, groupId=slow-consumer-group] Resetting offset for partition slow-events-2 to position FetchPosition{offset=0, offsetEpoch=Optional.empty, currentLeader=LeaderAndEpoch{leader=Optional[localhost:9092 (id: 1 rack: null isFenced: false)], epoch=0}}.
16:24:51.026 [org.springframework.kafka.KafkaListenerEndpointContainer#0-0-C-1] INFO  o.a.k.clients.consumer.internals.SubscriptionState - [Consumer clientId=consumer-slow-consumer-group-1, groupId=slow-consumer-group] Resetting offset for partition slow-events-1 to position FetchPosition{offset=0, offsetEpoch=Optional.empty, currentLeader=LeaderAndEpoch{leader=Optional[localhost:9092 (id: 1 rack: null isFenced: false)], epoch=0}}.
16:24:51.027 [org.springframework.kafka.KafkaListenerEndpointContainer#0-0-C-1] INFO  o.s.kafka.listener.KafkaMessageListenerContainer - slow-consumer-group: partitions assigned: [slow-events-0, slow-events-1, slow-events-2]
16:24:51.030 [org.springframework.kafka.KafkaListenerEndpointContainer#0-0-C-1] DEBUG o.s.kafka.listener.KafkaMessageListenerContainer - Received: 1 records
16:24:51.030 [org.springframework.kafka.KafkaListenerEndpointContainer#0-0-C-1] DEBUG o.s.k.l.a.RecordMessagingMessageListenerAdapter - Processing [GenericMessage [payload=DemoEvent(id=472138ad-6d5f-4b67-b8c6-e96870c125c9, payload=demo-event-4, slow=true, retryTrigger=false, createdAt=2026-08-25T08:24:11.418200Z), headers={kafka_offset=1, kafka_consumer=org.springframework.kafka.core.DefaultKafkaConsumerFactory$ExtendedKafkaConsumer@4d006356, kafka_timestampType=CREATE_TIME, kafka_receivedPartitionId=0, kafka_receivedMessageKey=1, kafka_receivedTopic=slow-events, kafka_receivedTimestamp=1787646251418, kafka_acknowledgment=Acknowledgment for slow-events-0@1, kafka_groupId=slow-consumer-group}]]
16:24:51.030 [org.springframework.kafka.KafkaListenerEndpointContainer#0-0-C-1] INFO  c.e.kafkarebalance.listener.SlowEventListener - 收到消息 id=472138ad-6d5f-4b67-b8c6-e96870c125c9 partition=0 slow=true
16:24:51.030 [org.springframework.kafka.KafkaListenerEndpointContainer#0-0-C-1] WARN  c.e.kafkarebalance.listener.SlowEventListener - 模拟慢处理开始：id=472138ad-6d5f-4b67-b8c6-e96870c125c9 将阻塞 10000ms（超过 max.poll.interval.ms=6000ms，预期触发 rebalance）
16:24:54.025 [kafka-coordinator-heartbeat-thread | slow-consumer-group] DEBUG o.a.k.c.consumer.internals.ConsumerCoordinator - [Consumer clientId=consumer-slow-consumer-group-1, groupId=slow-consumer-group] Sending Heartbeat request with generation 11 and member id consumer-slow-consumer-group-1-83f798a6-ad93-4a43-9912-82c4fde7564d to coordinator localhost:9092 (id: 2147483646 rack: null isFenced: false)
16:24:54.131 [kafka-coordinator-heartbeat-thread | slow-consumer-group] DEBUG o.a.k.c.consumer.internals.ConsumerCoordinator - [Consumer clientId=consumer-slow-consumer-group-1, groupId=slow-consumer-group] Received successful Heartbeat response
16:24:57.122 [kafka-coordinator-heartbeat-thread | slow-consumer-group] WARN  o.a.k.c.consumer.internals.ConsumerCoordinator - [Consumer clientId=consumer-slow-consumer-group-1, groupId=slow-consumer-group] consumer poll timeout has expired. This means the time between subsequent calls to poll() was longer than the configured max.poll.interval.ms, which typically implies that the poll loop is spending too much time processing messages. You can address this either by increasing max.poll.interval.ms or by reducing the maximum size of batches returned in poll() with max.poll.records.
16:24:57.123 [kafka-coordinator-heartbeat-thread | slow-consumer-group] INFO  o.a.k.c.consumer.internals.ConsumerCoordinator - [Consumer clientId=consumer-slow-consumer-group-1, groupId=slow-consumer-group] Member consumer-slow-consumer-group-1-83f798a6-ad93-4a43-9912-82c4fde7564d sending LeaveGroup request to coordinator localhost:9092 (id: 2147483646 rack: null isFenced: false) due to consumer poll timeout has expired.
16:24:57.124 [kafka-coordinator-heartbeat-thread | slow-consumer-group] INFO  o.a.k.c.consumer.internals.ConsumerCoordinator - [Consumer clientId=consumer-slow-consumer-group-1, groupId=slow-consumer-group] Resetting generation and member id due to: consumer pro-actively leaving the group
16:24:57.124 [kafka-coordinator-heartbeat-thread | slow-consumer-group] INFO  o.a.k.c.consumer.internals.ConsumerCoordinator - [Consumer clientId=consumer-slow-consumer-group-1, groupId=slow-consumer-group] Request joining group due to: consumer pro-actively leaving the group
16:25:01.032 [org.springframework.kafka.KafkaListenerEndpointContainer#0-0-C-1] DEBUG o.s.kafka.listener.KafkaMessageListenerContainer - Committing: {slow-events-0=OffsetAndMetadata{offset=2, leaderEpoch=null, metadata=''}}
16:25:01.033 [org.springframework.kafka.KafkaListenerEndpointContainer#0-0-C-1] INFO  o.a.k.c.consumer.internals.ConsumerCoordinator - [Consumer clientId=consumer-slow-consumer-group-1, groupId=slow-consumer-group] Failing OffsetCommit request since the consumer is not part of an active group
16:25:01.034 [org.springframework.kafka.KafkaListenerEndpointContainer#0-0-C-1] DEBUG o.a.k.c.consumer.internals.ConsumerCoordinator - [Consumer clientId=consumer-slow-consumer-group-1, groupId=slow-consumer-group] LeaveGroup response with Generation{generationId=11, memberId='consumer-slow-consumer-group-1-83f798a6-ad93-4a43-9912-82c4fde7564d', protocol='range'} returned successfully: ClientResponse(receivedTimeMs=1787646301034, latencyMs=3911, disconnected=false, timedOut=false, requestHeader=RequestHeader(apiKey=LEAVE_GROUP, apiVersion=5, clientId=consumer-slow-consumer-group-1, correlationId=55, headerVersion=2), responseBody=LeaveGroupResponseData(throttleTimeMs=0, errorCode=0, members=[MemberResponse(memberId='consumer-slow-consumer-group-1-83f798a6-ad93-4a43-9912-82c4fde7564d', groupInstanceId=null, errorCode=0)]))
16:25:01.035 [org.springframework.kafka.KafkaListenerEndpointContainer#0-0-C-1] WARN  c.e.kafkarebalance.listener.SlowEventListener - 提交 offset 失败，可能因 rebalance 导致该分区已被回收 id=472138ad-6d5f-4b67-b8c6-e96870c125c9
org.apache.kafka.clients.consumer.CommitFailedException: Offset commit cannot be completed since the consumer is not part of an active group for auto partition assignment; it is likely that the consumer was kicked out of the group.
	at org.apache.kafka.clients.consumer.internals.ConsumerCoordinator.sendOffsetCommitRequest(ConsumerCoordinator.java:1320)
	at org.apache.kafka.clients.consumer.internals.ConsumerCoordinator.commitOffsetsSync(ConsumerCoordinator.java:1155)
	at org.apache.kafka.clients.consumer.internals.ClassicKafkaConsumer.commitSync(ClassicKafkaConsumer.java:747)
	at org.apache.kafka.clients.consumer.KafkaConsumer.commitSync(KafkaConsumer.java:1094)
	at org.springframework.kafka.listener.KafkaMessageListenerContainer$ListenerConsumer.doCommitSync(KafkaMessageListenerContainer.java:3474)
	at org.springframework.kafka.listener.KafkaMessageListenerContainer$ListenerConsumer.commitSync(KafkaMessageListenerContainer.java:3469)
	at org.springframework.kafka.listener.KafkaMessageListenerContainer$ListenerConsumer.commitOffsets(KafkaMessageListenerContainer.java:3452)
	at org.springframework.kafka.listener.KafkaMessageListenerContainer$ListenerConsumer.commitOffsetsInTransactions(KafkaMessageListenerContainer.java:3443)
	at org.springframework.kafka.listener.KafkaMessageListenerContainer$ListenerConsumer.ackImmediate(KafkaMessageListenerContainer.java:2187)
	at org.springframework.kafka.listener.KafkaMessageListenerContainer$ListenerConsumer.processAck(KafkaMessageListenerContainer.java:2082)
	at org.springframework.kafka.listener.KafkaMessageListenerContainer$ListenerConsumer.doAck(KafkaMessageListenerContainer.java:2062)
	at org.springframework.kafka.listener.KafkaMessageListenerContainer$ListenerConsumer$ConsumerAcknowledgment.acknowledge(KafkaMessageListenerContainer.java:3622)
	at com.example.kafkarebalance.listener.SlowEventListener.onMessage(SlowEventListener.kt:51)
	at java.base/jdk.internal.reflect.DirectMethodHandleAccessor.invoke(DirectMethodHandleAccessor.java:104)
	at java.base/java.lang.reflect.Method.invoke(Method.java:565)
	at org.springframework.messaging.handler.invocation.InvocableHandlerMethod.doInvoke(InvocableHandlerMethod.java:168)
	at org.springframework.kafka.listener.adapter.KotlinAwareInvocableHandlerMethod.doInvoke(KotlinAwareInvocableHandlerMethod.java:48)
	at org.springframework.messaging.handler.invocation.InvocableHandlerMethod.invoke(InvocableHandlerMethod.java:119)
	at org.springframework.kafka.listener.adapter.HandlerAdapter.invoke(HandlerAdapter.java:80)
	at org.springframework.kafka.listener.adapter.MessagingMessageListenerAdapter.invokeHandler(MessagingMessageListenerAdapter.java:488)
	at org.springframework.kafka.listener.adapter.MessagingMessageListenerAdapter.invoke(MessagingMessageListenerAdapter.java:425)
	at org.springframework.kafka.listener.adapter.RecordMessagingMessageListenerAdapter.onMessage(RecordMessagingMessageListenerAdapter.java:92)
	at org.springframework.kafka.listener.adapter.RecordMessagingMessageListenerAdapter.onMessage(RecordMessagingMessageListenerAdapter.java:52)
	at org.springframework.kafka.listener.KafkaMessageListenerContainer$ListenerConsumer.doInvokeOnMessage(KafkaMessageListenerContainer.java:2948)
	at org.springframework.kafka.listener.KafkaMessageListenerContainer$ListenerConsumer.invokeOnMessage(KafkaMessageListenerContainer.java:2927)
	at org.springframework.kafka.listener.KafkaMessageListenerContainer$ListenerConsumer.doInvokeRecordListener(KafkaMessageListenerContainer.java:2837)
	at org.springframework.kafka.listener.KafkaMessageListenerContainer$ListenerConsumer.doInvokeWithRecords(KafkaMessageListenerContainer.java:2679)
	at org.springframework.kafka.listener.KafkaMessageListenerContainer$ListenerConsumer.invokeRecordListener(KafkaMessageListenerContainer.java:2573)
	at org.springframework.kafka.listener.KafkaMessageListenerContainer$ListenerConsumer.invokeListener(KafkaMessageListenerContainer.java:2204)
	at org.springframework.kafka.listener.KafkaMessageListenerContainer$ListenerConsumer.invokeIfHaveRecords(KafkaMessageListenerContainer.java:1559)
	at org.springframework.kafka.listener.KafkaMessageListenerContainer$ListenerConsumer.pollAndInvoke(KafkaMessageListenerContainer.java:1499)
	at org.springframework.kafka.listener.KafkaMessageListenerContainer$ListenerConsumer.run(KafkaMessageListenerContainer.java:1368)
	at java.base/java.util.concurrent.CompletableFuture$AsyncRun.run(CompletableFuture.java:1825)
	at java.base/java.lang.Thread.run(Thread.java:1474)
16:25:01.036 [org.springframework.kafka.KafkaListenerEndpointContainer#0-0-C-1] DEBUG o.a.k.c.consumer.internals.ConsumerCoordinator - [Consumer clientId=consumer-slow-consumer-group-1, groupId=slow-consumer-group] Executing onJoinPrepare with generation -1 and memberId 
16:25:01.036 [org.springframework.kafka.KafkaListenerEndpointContainer#0-0-C-1] INFO  o.a.k.c.consumer.internals.ConsumerCoordinator - [Consumer clientId=consumer-slow-consumer-group-1, groupId=slow-consumer-group] Giving away all assigned partitions as lost since generation/memberID has been reset,indicating that consumer is in old state or no longer part of the group
16:25:01.036 [org.springframework.kafka.KafkaListenerEndpointContainer#0-0-C-1] INFO  o.a.k.c.c.i.ConsumerRebalanceListenerInvoker - [Consumer clientId=consumer-slow-consumer-group-1, groupId=slow-consumer-group] Lost previously assigned partitions [slow-events-0, slow-events-1, slow-events-2]
16:25:01.036 [org.springframework.kafka.KafkaListenerEndpointContainer#0-0-C-1] INFO  o.s.kafka.listener.KafkaMessageListenerContainer - slow-consumer-group: partitions lost: [slow-events-0, slow-events-1, slow-events-2]
16:25:01.036 [org.springframework.kafka.KafkaListenerEndpointContainer#0-0-C-1] INFO  o.s.kafka.listener.KafkaMessageListenerContainer - slow-consumer-group: partitions revoked: [slow-events-0, slow-events-1, slow-events-2]
16:25:01.036 [org.springframework.kafka.KafkaListenerEndpointContainer#0-0-C-1] INFO  o.a.k.c.consumer.internals.ConsumerCoordinator - [Consumer clientId=consumer-slow-consumer-group-1, groupId=slow-consumer-group] (Re-)joining group
16:25:01.036 [org.springframework.kafka.KafkaListenerEndpointContainer#0-0-C-1] DEBUG o.a.k.c.consumer.internals.ConsumerCoordinator - [Consumer clientId=consumer-slow-consumer-group-1, groupId=slow-consumer-group] Joining group with current subscription: [slow-events]
16:25:01.037 [org.springframework.kafka.KafkaListenerEndpointContainer#0-0-C-1] DEBUG o.a.k.c.consumer.internals.ConsumerCoordinator - [Consumer clientId=consumer-slow-consumer-group-1, groupId=slow-consumer-group] Sending JoinGroup (JoinGroupRequestData(groupId='slow-consumer-group', sessionTimeoutMs=10000, rebalanceTimeoutMs=6000, memberId='', groupInstanceId=null, protocolType='consumer', protocols=[JoinGroupRequestProtocol(name='range', metadata=[0, 3, 0, 0, 0, 1, 0, 11, 115, 108, 111, 119, 45, 101, 118, 101, 110, 116, 115, -1, -1, -1, -1, 0, 0, 0, 0, -1, -1, -1, -1, -1, -1]), JoinGroupRequestProtocol(name='cooperative-sticky', metadata=[0, 3, 0, 0, 0, 1, 0, 11, 115, 108, 111, 119, 45, 101, 118, 101, 110, 116, 115, 0, 0, 0, 4, -1, -1, -1, -1, 0, 0, 0, 0, -1, -1, -1, -1, -1, -1])], reason='consumer pro-actively leaving the group')) to coordinator localhost:9092 (id: 2147483646 rack: null isFenced: false)
16:25:01.046 [org.springframework.kafka.KafkaListenerEndpointContainer#0-0-C-1] DEBUG o.a.k.c.consumer.internals.ConsumerCoordinator - [Consumer clientId=consumer-slow-consumer-group-1, groupId=slow-consumer-group] JoinGroup failed due to non-fatal error: MEMBER_ID_REQUIRED. Will set the member id as consumer-slow-consumer-group-1-c9fdafb2-746b-46ec-b9b8-a1218fe32c5f and then rejoin. Sent generation was Generation{generationId=-1, memberId='', protocol='null'}
16:25:01.046 [org.springframework.kafka.KafkaListenerEndpointContainer#0-0-C-1] INFO  o.a.k.c.consumer.internals.ConsumerCoordinator - [Consumer clientId=consumer-slow-consumer-group-1, groupId=slow-consumer-group] Request joining group due to: need to re-join with the given member-id: consumer-slow-consumer-group-1-c9fdafb2-746b-46ec-b9b8-a1218fe32c5f
16:25:01.046 [org.springframework.kafka.KafkaListenerEndpointContainer#0-0-C-1] INFO  o.a.k.c.consumer.internals.ConsumerCoordinator - [Consumer clientId=consumer-slow-consumer-group-1, groupId=slow-consumer-group] (Re-)joining group
16:25:01.046 [org.springframework.kafka.KafkaListenerEndpointContainer#0-0-C-1] DEBUG o.a.k.c.consumer.internals.ConsumerCoordinator - [Consumer clientId=consumer-slow-consumer-group-1, groupId=slow-consumer-group] Joining group with current subscription: [slow-events]
16:25:01.047 [org.springframework.kafka.KafkaListenerEndpointContainer#0-0-C-1] DEBUG o.a.k.c.consumer.internals.ConsumerCoordinator - [Consumer clientId=consumer-slow-consumer-group-1, groupId=slow-consumer-group] Sending JoinGroup (JoinGroupRequestData(groupId='slow-consumer-group', sessionTimeoutMs=10000, rebalanceTimeoutMs=6000, memberId='consumer-slow-consumer-group-1-c9fdafb2-746b-46ec-b9b8-a1218fe32c5f', groupInstanceId=null, protocolType='consumer', protocols=[JoinGroupRequestProtocol(name='range', metadata=[0, 3, 0, 0, 0, 1, 0, 11, 115, 108, 111, 119, 45, 101, 118, 101, 110, 116, 115, -1, -1, -1, -1, 0, 0, 0, 0, -1, -1, -1, -1, -1, -1]), JoinGroupRequestProtocol(name='cooperative-sticky', metadata=[0, 3, 0, 0, 0, 1, 0, 11, 115, 108, 111, 119, 45, 101, 118, 101, 110, 116, 115, 0, 0, 0, 4, -1, -1, -1, -1, 0, 0, 0, 0, -1, -1, -1, -1, -1, -1])], reason='need to re-join with the given member-id: consumer-slow-consumer-group-1-c9fdafb2-746b-46ec-b9b8-a1218fe32c5f')) to coordinator localhost:9092 (id: 2147483646 rack: null isFenced: false)
16:25:01.052 [org.springframework.kafka.KafkaListenerEndpointContainer#0-0-C-1] DEBUG o.a.k.c.consumer.internals.ConsumerCoordinator - [Consumer clientId=consumer-slow-consumer-group-1, groupId=slow-consumer-group] Received successful JoinGroup response: JoinGroupResponseData(throttleTimeMs=0, errorCode=0, generationId=13, protocolType='consumer', protocolName='range', leader='consumer-slow-consumer-group-1-c9fdafb2-746b-46ec-b9b8-a1218fe32c5f', skipAssignment=false, memberId='consumer-slow-consumer-group-1-c9fdafb2-746b-46ec-b9b8-a1218fe32c5f', members=[JoinGroupResponseMember(memberId='consumer-slow-consumer-group-1-c9fdafb2-746b-46ec-b9b8-a1218fe32c5f', groupInstanceId=null, metadata=[0, 3, 0, 0, 0, 1, 0, 11, 115, 108, 111, 119, 45, 101, 118, 101, 110, 116, 115, -1, -1, -1, -1, 0, 0, 0, 0, -1, -1, -1, -1, -1, -1])])
16:25:01.052 [org.springframework.kafka.KafkaListenerEndpointContainer#0-0-C-1] DEBUG o.a.k.c.consumer.internals.ConsumerCoordinator - [Consumer clientId=consumer-slow-consumer-group-1, groupId=slow-consumer-group] Enabling heartbeat thread
16:25:01.052 [org.springframework.kafka.KafkaListenerEndpointContainer#0-0-C-1] INFO  o.a.k.c.consumer.internals.ConsumerCoordinator - [Consumer clientId=consumer-slow-consumer-group-1, groupId=slow-consumer-group] Successfully joined group with generation Generation{generationId=13, memberId='consumer-slow-consumer-group-1-c9fdafb2-746b-46ec-b9b8-a1218fe32c5f', protocol='range'}
16:25:01.052 [org.springframework.kafka.KafkaListenerEndpointContainer#0-0-C-1] DEBUG o.a.k.c.consumer.internals.ConsumerCoordinator - [Consumer clientId=consumer-slow-consumer-group-1, groupId=slow-consumer-group] Performing assignment using strategy range with subscriptions {consumer-slow-consumer-group-1-c9fdafb2-746b-46ec-b9b8-a1218fe32c5f=Subscription(topics=[slow-events], ownedPartitions=[], groupInstanceId=null, generationId=-1, rackId=null)}
16:25:01.053 [org.springframework.kafka.KafkaListenerEndpointContainer#0-0-C-1] INFO  o.a.k.c.consumer.internals.ConsumerCoordinator - [Consumer clientId=consumer-slow-consumer-group-1, groupId=slow-consumer-group] Finished assignment for group at generation 13: {consumer-slow-consumer-group-1-c9fdafb2-746b-46ec-b9b8-a1218fe32c5f=Assignment(partitions=[slow-events-0, slow-events-1, slow-events-2])}
16:25:01.053 [org.springframework.kafka.KafkaListenerEndpointContainer#0-0-C-1] DEBUG o.a.k.c.consumer.internals.ConsumerCoordinator - [Consumer clientId=consumer-slow-consumer-group-1, groupId=slow-consumer-group] Sending leader SyncGroup to coordinator localhost:9092 (id: 2147483646 rack: null isFenced: false): SyncGroupRequestData(groupId='slow-consumer-group', generationId=13, memberId='consumer-slow-consumer-group-1-c9fdafb2-746b-46ec-b9b8-a1218fe32c5f', groupInstanceId=null, protocolType='consumer', protocolName='range', assignments=[SyncGroupRequestAssignment(memberId='consumer-slow-consumer-group-1-c9fdafb2-746b-46ec-b9b8-a1218fe32c5f', assignment=[0, 3, 0, 0, 0, 1, 0, 11, 115, 108, 111, 119, 45, 101, 118, 101, 110, 116, 115, 0, 0, 0, 3, 0, 0, 0, 0, 0, 0, 0, 1, 0, 0, 0, 2, -1, -1, -1, -1])])
16:25:01.058 [org.springframework.kafka.KafkaListenerEndpointContainer#0-0-C-1] DEBUG o.a.k.c.consumer.internals.ConsumerCoordinator - [Consumer clientId=consumer-slow-consumer-group-1, groupId=slow-consumer-group] Received successful SyncGroup response: SyncGroupResponseData(throttleTimeMs=0, errorCode=0, protocolType='consumer', protocolName='range', assignment=[0, 3, 0, 0, 0, 1, 0, 11, 115, 108, 111, 119, 45, 101, 118, 101, 110, 116, 115, 0, 0, 0, 3, 0, 0, 0, 0, 0, 0, 0, 1, 0, 0, 0, 2, -1, -1, -1, -1])
16:25:01.058 [org.springframework.kafka.KafkaListenerEndpointContainer#0-0-C-1] INFO  o.a.k.c.consumer.internals.ConsumerCoordinator - [Consumer clientId=consumer-slow-consumer-group-1, groupId=slow-consumer-group] Successfully synced group in generation Generation{generationId=13, memberId='consumer-slow-consumer-group-1-c9fdafb2-746b-46ec-b9b8-a1218fe32c5f', protocol='range'}
16:25:01.058 [org.springframework.kafka.KafkaListenerEndpointContainer#0-0-C-1] DEBUG o.a.k.c.consumer.internals.ConsumerCoordinator - [Consumer clientId=consumer-slow-consumer-group-1, groupId=slow-consumer-group] Executing onJoinComplete with generation 13 and memberId consumer-slow-consumer-group-1-c9fdafb2-746b-46ec-b9b8-a1218fe32c5f
16:25:01.058 [org.springframework.kafka.KafkaListenerEndpointContainer#0-0-C-1] INFO  o.a.k.c.consumer.internals.ConsumerCoordinator - [Consumer clientId=consumer-slow-consumer-group-1, groupId=slow-consumer-group] Notifying assignor about the new Assignment(partitions=[slow-events-0, slow-events-1, slow-events-2])
16:25:01.058 [org.springframework.kafka.KafkaListenerEndpointContainer#0-0-C-1] INFO  o.a.k.c.c.i.ConsumerRebalanceListenerInvoker - [Consumer clientId=consumer-slow-consumer-group-1, groupId=slow-consumer-group] Adding newly assigned partitions: [slow-events-0, slow-events-1, slow-events-2]
16:25:01.059 [org.springframework.kafka.KafkaListenerEndpointContainer#0-0-C-1] DEBUG o.a.k.c.consumer.internals.ConsumerCoordinator - [Consumer clientId=consumer-slow-consumer-group-1, groupId=slow-consumer-group] Fetching committed offsets for partitions: [slow-events-2, slow-events-1, slow-events-0]
16:25:01.062 [org.springframework.kafka.KafkaListenerEndpointContainer#0-0-C-1] INFO  o.a.k.c.consumer.internals.ConsumerCoordinator - [Consumer clientId=consumer-slow-consumer-group-1, groupId=slow-consumer-group] Found no committed offset for partition slow-events-2
16:25:01.062 [org.springframework.kafka.KafkaListenerEndpointContainer#0-0-C-1] INFO  o.a.k.c.consumer.internals.ConsumerCoordinator - [Consumer clientId=consumer-slow-consumer-group-1, groupId=slow-consumer-group] Found no committed offset for partition slow-events-1
16:25:01.062 [org.springframework.kafka.KafkaListenerEndpointContainer#0-0-C-1] INFO  o.a.kafka.clients.consumer.internals.ConsumerUtils - Setting offset for partition slow-events-0 to the committed offset FetchPosition{offset=1, offsetEpoch=Optional.empty, currentLeader=LeaderAndEpoch{leader=Optional[localhost:9092 (id: 1 rack: null isFenced: false)], epoch=0}}
16:25:01.064 [org.springframework.kafka.KafkaListenerEndpointContainer#0-0-C-1] INFO  o.a.k.clients.consumer.internals.SubscriptionState - [Consumer clientId=consumer-slow-consumer-group-1, groupId=slow-consumer-group] Resetting offset for partition slow-events-2 to position FetchPosition{offset=0, offsetEpoch=Optional.empty, currentLeader=LeaderAndEpoch{leader=Optional[localhost:9092 (id: 1 rack: null isFenced: false)], epoch=0}}.
16:25:01.064 [org.springframework.kafka.KafkaListenerEndpointContainer#0-0-C-1] INFO  o.a.k.clients.consumer.internals.SubscriptionState - [Consumer clientId=consumer-slow-consumer-group-1, groupId=slow-consumer-group] Resetting offset for partition slow-events-1 to position FetchPosition{offset=0, offsetEpoch=Optional.empty, currentLeader=LeaderAndEpoch{leader=Optional[localhost:9092 (id: 1 rack: null isFenced: false)], epoch=0}}.
16:25:01.064 [org.springframework.kafka.KafkaListenerEndpointContainer#0-0-C-1] INFO  o.s.kafka.listener.KafkaMessageListenerContainer - slow-consumer-group: partitions assigned: [slow-events-0, slow-events-1, slow-events-2]
16:25:01.068 [org.springframework.kafka.KafkaListenerEndpointContainer#0-0-C-1] DEBUG o.s.kafka.listener.KafkaMessageListenerContainer - Received: 1 records
16:25:01.068 [org.springframework.kafka.KafkaListenerEndpointContainer#0-0-C-1] DEBUG o.s.k.l.a.RecordMessagingMessageListenerAdapter - Processing [GenericMessage [payload=DemoEvent(id=472138ad-6d5f-4b67-b8c6-e96870c125c9, payload=demo-event-4, slow=true, retryTrigger=false, createdAt=2026-08-25T08:24:11.418200Z), headers={kafka_offset=1, kafka_consumer=org.springframework.kafka.core.DefaultKafkaConsumerFactory$ExtendedKafkaConsumer@4d006356, kafka_timestampType=CREATE_TIME, kafka_receivedPartitionId=0, kafka_receivedMessageKey=1, kafka_receivedTopic=slow-events, kafka_receivedTimestamp=1787646251418, kafka_acknowledgment=Acknowledgment for slow-events-0@1, kafka_groupId=slow-consumer-group}]]
16:25:01.068 [org.springframework.kafka.KafkaListenerEndpointContainer#0-0-C-1] INFO  c.e.kafkarebalance.listener.SlowEventListener - 收到消息 id=472138ad-6d5f-4b67-b8c6-e96870c125c9 partition=0 slow=true
16:25:01.068 [org.springframework.kafka.KafkaListenerEndpointContainer#0-0-C-1] WARN  c.e.kafkarebalance.listener.SlowEventListener - 模拟慢处理开始：id=472138ad-6d5f-4b67-b8c6-e96870c125c9 将阻塞 10000ms（超过 max.poll.interval.ms=6000ms，预期触发 rebalance）
16:25:04.134 [kafka-coordinator-heartbeat-thread | slow-consumer-group] DEBUG o.a.k.c.consumer.internals.ConsumerCoordinator - [Consumer clientId=consumer-slow-consumer-group-1, groupId=slow-consumer-group] Sending Heartbeat request with generation 13 and member id consumer-slow-consumer-group-1-c9fdafb2-746b-46ec-b9b8-a1218fe32c5f to coordinator localhost:9092 (id: 2147483646 rack: null isFenced: false)
16:25:04.239 [kafka-coordinator-heartbeat-thread | slow-consumer-group] DEBUG o.a.k.c.consumer.internals.ConsumerCoordinator - [Consumer clientId=consumer-slow-consumer-group-1, groupId=slow-consumer-group] Received successful Heartbeat response
16:25:07.141 [kafka-coordinator-heartbeat-thread | slow-consumer-group] WARN  o.a.k.c.consumer.internals.ConsumerCoordinator - [Consumer clientId=consumer-slow-consumer-group-1, groupId=slow-consumer-group] consumer poll timeout has expired. This means the time between subsequent calls to poll() was longer than the configured max.poll.interval.ms, which typically implies that the poll loop is spending too much time processing messages. You can address this either by increasing max.poll.interval.ms or by reducing the maximum size of batches returned in poll() with max.poll.records.
16:25:07.141 [kafka-coordinator-heartbeat-thread | slow-consumer-group] INFO  o.a.k.c.consumer.internals.ConsumerCoordinator - [Consumer clientId=consumer-slow-consumer-group-1, groupId=slow-consumer-group] Member consumer-slow-consumer-group-1-c9fdafb2-746b-46ec-b9b8-a1218fe32c5f sending LeaveGroup request to coordinator localhost:9092 (id: 2147483646 rack: null isFenced: false) due to consumer poll timeout has expired.
16:25:07.142 [kafka-coordinator-heartbeat-thread | slow-consumer-group] INFO  o.a.k.c.consumer.internals.ConsumerCoordinator - [Consumer clientId=consumer-slow-consumer-group-1, groupId=slow-consumer-group] Resetting generation and member id due to: consumer pro-actively leaving the group
16:25:07.142 [kafka-coordinator-heartbeat-thread | slow-consumer-group] INFO  o.a.k.c.consumer.internals.ConsumerCoordinator - [Consumer clientId=consumer-slow-consumer-group-1, groupId=slow-consumer-group] Request joining group due to: consumer pro-actively leaving the group
16:25:11.074 [org.springframework.kafka.KafkaListenerEndpointContainer#0-0-C-1] DEBUG o.s.kafka.listener.KafkaMessageListenerContainer - Committing: {slow-events-0=OffsetAndMetadata{offset=2, leaderEpoch=null, metadata=''}}
16:25:11.074 [org.springframework.kafka.KafkaListenerEndpointContainer#0-0-C-1] INFO  o.a.k.c.consumer.internals.ConsumerCoordinator - [Consumer clientId=consumer-slow-consumer-group-1, groupId=slow-consumer-group] Failing OffsetCommit request since the consumer is not part of an active group
16:25:11.075 [org.springframework.kafka.KafkaListenerEndpointContainer#0-0-C-1] DEBUG o.a.k.c.consumer.internals.ConsumerCoordinator - [Consumer clientId=consumer-slow-consumer-group-1, groupId=slow-consumer-group] LeaveGroup response with Generation{generationId=13, memberId='consumer-slow-consumer-group-1-c9fdafb2-746b-46ec-b9b8-a1218fe32c5f', protocol='range'} returned successfully: ClientResponse(receivedTimeMs=1787646311075, latencyMs=3934, disconnected=false, timedOut=false, requestHeader=RequestHeader(apiKey=LEAVE_GROUP, apiVersion=5, clientId=consumer-slow-consumer-group-1, correlationId=63, headerVersion=2), responseBody=LeaveGroupResponseData(throttleTimeMs=0, errorCode=0, members=[MemberResponse(memberId='consumer-slow-consumer-group-1-c9fdafb2-746b-46ec-b9b8-a1218fe32c5f', groupInstanceId=null, errorCode=0)]))
16:25:11.076 [org.springframework.kafka.KafkaListenerEndpointContainer#0-0-C-1] WARN  c.e.kafkarebalance.listener.SlowEventListener - 提交 offset 失败，可能因 rebalance 导致该分区已被回收 id=472138ad-6d5f-4b67-b8c6-e96870c125c9
org.apache.kafka.clients.consumer.CommitFailedException: Offset commit cannot be completed since the consumer is not part of an active group for auto partition assignment; it is likely that the consumer was kicked out of the group.
	at org.apache.kafka.clients.consumer.internals.ConsumerCoordinator.sendOffsetCommitRequest(ConsumerCoordinator.java:1320)
	at org.apache.kafka.clients.consumer.internals.ConsumerCoordinator.commitOffsetsSync(ConsumerCoordinator.java:1155)
	at org.apache.kafka.clients.consumer.internals.ClassicKafkaConsumer.commitSync(ClassicKafkaConsumer.java:747)
	at org.apache.kafka.clients.consumer.KafkaConsumer.commitSync(KafkaConsumer.java:1094)
	at org.springframework.kafka.listener.KafkaMessageListenerContainer$ListenerConsumer.doCommitSync(KafkaMessageListenerContainer.java:3474)
	at org.springframework.kafka.listener.KafkaMessageListenerContainer$ListenerConsumer.commitSync(KafkaMessageListenerContainer.java:3469)
	at org.springframework.kafka.listener.KafkaMessageListenerContainer$ListenerConsumer.commitOffsets(KafkaMessageListenerContainer.java:3452)
	at org.springframework.kafka.listener.KafkaMessageListenerContainer$ListenerConsumer.commitOffsetsInTransactions(KafkaMessageListenerContainer.java:3443)
	at org.springframework.kafka.listener.KafkaMessageListenerContainer$ListenerConsumer.ackImmediate(KafkaMessageListenerContainer.java:2187)
	at org.springframework.kafka.listener.KafkaMessageListenerContainer$ListenerConsumer.processAck(KafkaMessageListenerContainer.java:2082)
	at org.springframework.kafka.listener.KafkaMessageListenerContainer$ListenerConsumer.doAck(KafkaMessageListenerContainer.java:2062)
	at org.springframework.kafka.listener.KafkaMessageListenerContainer$ListenerConsumer$ConsumerAcknowledgment.acknowledge(KafkaMessageListenerContainer.java:3622)
	at com.example.kafkarebalance.listener.SlowEventListener.onMessage(SlowEventListener.kt:51)
	at java.base/jdk.internal.reflect.DirectMethodHandleAccessor.invoke(DirectMethodHandleAccessor.java:104)
	at java.base/java.lang.reflect.Method.invoke(Method.java:565)
	at org.springframework.messaging.handler.invocation.InvocableHandlerMethod.doInvoke(InvocableHandlerMethod.java:168)
	at org.springframework.kafka.listener.adapter.KotlinAwareInvocableHandlerMethod.doInvoke(KotlinAwareInvocableHandlerMethod.java:48)
	at org.springframework.messaging.handler.invocation.InvocableHandlerMethod.invoke(InvocableHandlerMethod.java:119)
	at org.springframework.kafka.listener.adapter.HandlerAdapter.invoke(HandlerAdapter.java:80)
	at org.springframework.kafka.listener.adapter.MessagingMessageListenerAdapter.invokeHandler(MessagingMessageListenerAdapter.java:488)
	at org.springframework.kafka.listener.adapter.MessagingMessageListenerAdapter.invoke(MessagingMessageListenerAdapter.java:425)
	at org.springframework.kafka.listener.adapter.RecordMessagingMessageListenerAdapter.onMessage(RecordMessagingMessageListenerAdapter.java:92)
	at org.springframework.kafka.listener.adapter.RecordMessagingMessageListenerAdapter.onMessage(RecordMessagingMessageListenerAdapter.java:52)
	at org.springframework.kafka.listener.KafkaMessageListenerContainer$ListenerConsumer.doInvokeOnMessage(KafkaMessageListenerContainer.java:2948)
	at org.springframework.kafka.listener.KafkaMessageListenerContainer$ListenerConsumer.invokeOnMessage(KafkaMessageListenerContainer.java:2927)
	at org.springframework.kafka.listener.KafkaMessageListenerContainer$ListenerConsumer.doInvokeRecordListener(KafkaMessageListenerContainer.java:2837)
	at org.springframework.kafka.listener.KafkaMessageListenerContainer$ListenerConsumer.doInvokeWithRecords(KafkaMessageListenerContainer.java:2679)
	at org.springframework.kafka.listener.KafkaMessageListenerContainer$ListenerConsumer.invokeRecordListener(KafkaMessageListenerContainer.java:2573)
	at org.springframework.kafka.listener.KafkaMessageListenerContainer$ListenerConsumer.invokeListener(KafkaMessageListenerContainer.java:2204)
	at org.springframework.kafka.listener.KafkaMessageListenerContainer$ListenerConsumer.invokeIfHaveRecords(KafkaMessageListenerContainer.java:1559)
	at org.springframework.kafka.listener.KafkaMessageListenerContainer$ListenerConsumer.pollAndInvoke(KafkaMessageListenerContainer.java:1499)
	at org.springframework.kafka.listener.KafkaMessageListenerContainer$ListenerConsumer.run(KafkaMessageListenerContainer.java:1368)
	at java.base/java.util.concurrent.CompletableFuture$AsyncRun.run(CompletableFuture.java:1825)
	at java.base/java.lang.Thread.run(Thread.java:1474)
16:25:11.078 [org.springframework.kafka.KafkaListenerEndpointContainer#0-0-C-1] DEBUG o.a.k.c.consumer.internals.ConsumerCoordinator - [Consumer clientId=consumer-slow-consumer-group-1, groupId=slow-consumer-group] Executing onJoinPrepare with generation -1 and memberId 
16:25:11.078 [org.springframework.kafka.KafkaListenerEndpointContainer#0-0-C-1] INFO  o.a.k.c.consumer.internals.ConsumerCoordinator - [Consumer clientId=consumer-slow-consumer-group-1, groupId=slow-consumer-group] Giving away all assigned partitions as lost since generation/memberID has been reset,indicating that consumer is in old state or no longer part of the group
16:25:11.078 [org.springframework.kafka.KafkaListenerEndpointContainer#0-0-C-1] INFO  o.a.k.c.c.i.ConsumerRebalanceListenerInvoker - [Consumer clientId=consumer-slow-consumer-group-1, groupId=slow-consumer-group] Lost previously assigned partitions [slow-events-0, slow-events-1, slow-events-2]
16:25:11.078 [org.springframework.kafka.KafkaListenerEndpointContainer#0-0-C-1] INFO  o.s.kafka.listener.KafkaMessageListenerContainer - slow-consumer-group: partitions lost: [slow-events-0, slow-events-1, slow-events-2]
16:25:11.078 [org.springframework.kafka.KafkaListenerEndpointContainer#0-0-C-1] INFO  o.s.kafka.listener.KafkaMessageListenerContainer - slow-consumer-group: partitions revoked: [slow-events-0, slow-events-1, slow-events-2]
16:25:11.078 [org.springframework.kafka.KafkaListenerEndpointContainer#0-0-C-1] INFO  o.a.k.c.consumer.internals.ConsumerCoordinator - [Consumer clientId=consumer-slow-consumer-group-1, groupId=slow-consumer-group] (Re-)joining group
16:25:11.078 [org.springframework.kafka.KafkaListenerEndpointContainer#0-0-C-1] DEBUG o.a.k.c.consumer.internals.ConsumerCoordinator - [Consumer clientId=consumer-slow-consumer-group-1, groupId=slow-consumer-group] Joining group with current subscription: [slow-events]
16:25:11.079 [org.springframework.kafka.KafkaListenerEndpointContainer#0-0-C-1] DEBUG o.a.k.c.consumer.internals.ConsumerCoordinator - [Consumer clientId=consumer-slow-consumer-group-1, groupId=slow-consumer-group] Sending JoinGroup (JoinGroupRequestData(groupId='slow-consumer-group', sessionTimeoutMs=10000, rebalanceTimeoutMs=6000, memberId='', groupInstanceId=null, protocolType='consumer', protocols=[JoinGroupRequestProtocol(name='range', metadata=[0, 3, 0, 0, 0, 1, 0, 11, 115, 108, 111, 119, 45, 101, 118, 101, 110, 116, 115, -1, -1, -1, -1, 0, 0, 0, 0, -1, -1, -1, -1, -1, -1]), JoinGroupRequestProtocol(name='cooperative-sticky', metadata=[0, 3, 0, 0, 0, 1, 0, 11, 115, 108, 111, 119, 45, 101, 118, 101, 110, 116, 115, 0, 0, 0, 4, -1, -1, -1, -1, 0, 0, 0, 0, -1, -1, -1, -1, -1, -1])], reason='consumer pro-actively leaving the group')) to coordinator localhost:9092 (id: 2147483646 rack: null isFenced: false)
16:25:11.090 [org.springframework.kafka.KafkaListenerEndpointContainer#0-0-C-1] DEBUG o.a.k.c.consumer.internals.ConsumerCoordinator - [Consumer clientId=consumer-slow-consumer-group-1, groupId=slow-consumer-group] JoinGroup failed due to non-fatal error: MEMBER_ID_REQUIRED. Will set the member id as consumer-slow-consumer-group-1-20d993b8-c516-4401-928d-16bff2d809cd and then rejoin. Sent generation was Generation{generationId=-1, memberId='', protocol='null'}
16:25:11.090 [org.springframework.kafka.KafkaListenerEndpointContainer#0-0-C-1] INFO  o.a.k.c.consumer.internals.ConsumerCoordinator - [Consumer clientId=consumer-slow-consumer-group-1, groupId=slow-consumer-group] Request joining group due to: need to re-join with the given member-id: consumer-slow-consumer-group-1-20d993b8-c516-4401-928d-16bff2d809cd
16:25:11.090 [org.springframework.kafka.KafkaListenerEndpointContainer#0-0-C-1] INFO  o.a.k.c.consumer.internals.ConsumerCoordinator - [Consumer clientId=consumer-slow-consumer-group-1, groupId=slow-consumer-group] (Re-)joining group
16:25:11.091 [org.springframework.kafka.KafkaListenerEndpointContainer#0-0-C-1] DEBUG o.a.k.c.consumer.internals.ConsumerCoordinator - [Consumer clientId=consumer-slow-consumer-group-1, groupId=slow-consumer-group] Joining group with current subscription: [slow-events]
16:25:11.091 [org.springframework.kafka.KafkaListenerEndpointContainer#0-0-C-1] DEBUG o.a.k.c.consumer.internals.ConsumerCoordinator - [Consumer clientId=consumer-slow-consumer-group-1, groupId=slow-consumer-group] Sending JoinGroup (JoinGroupRequestData(groupId='slow-consumer-group', sessionTimeoutMs=10000, rebalanceTimeoutMs=6000, memberId='consumer-slow-consumer-group-1-20d993b8-c516-4401-928d-16bff2d809cd', groupInstanceId=null, protocolType='consumer', protocols=[JoinGroupRequestProtocol(name='range', metadata=[0, 3, 0, 0, 0, 1, 0, 11, 115, 108, 111, 119, 45, 101, 118, 101, 110, 116, 115, -1, -1, -1, -1, 0, 0, 0, 0, -1, -1, -1, -1, -1, -1]), JoinGroupRequestProtocol(name='cooperative-sticky', metadata=[0, 3, 0, 0, 0, 1, 0, 11, 115, 108, 111, 119, 45, 101, 118, 101, 110, 116, 115, 0, 0, 0, 4, -1, -1, -1, -1, 0, 0, 0, 0, -1, -1, -1, -1, -1, -1])], reason='need to re-join with the given member-id: consumer-slow-consumer-group-1-20d993b8-c516-4401-928d-16bff2d809cd')) to coordinator localhost:9092 (id: 2147483646 rack: null isFenced: false)
16:25:11.099 [org.springframework.kafka.KafkaListenerEndpointContainer#0-0-C-1] DEBUG o.a.k.c.consumer.internals.ConsumerCoordinator - [Consumer clientId=consumer-slow-consumer-group-1, groupId=slow-consumer-group] Received successful JoinGroup response: JoinGroupResponseData(throttleTimeMs=0, errorCode=0, generationId=15, protocolType='consumer', protocolName='range', leader='consumer-slow-consumer-group-1-20d993b8-c516-4401-928d-16bff2d809cd', skipAssignment=false, memberId='consumer-slow-consumer-group-1-20d993b8-c516-4401-928d-16bff2d809cd', members=[JoinGroupResponseMember(memberId='consumer-slow-consumer-group-1-20d993b8-c516-4401-928d-16bff2d809cd', groupInstanceId=null, metadata=[0, 3, 0, 0, 0, 1, 0, 11, 115, 108, 111, 119, 45, 101, 118, 101, 110, 116, 115, -1, -1, -1, -1, 0, 0, 0, 0, -1, -1, -1, -1, -1, -1])])
16:25:11.099 [org.springframework.kafka.KafkaListenerEndpointContainer#0-0-C-1] DEBUG o.a.k.c.consumer.internals.ConsumerCoordinator - [Consumer clientId=consumer-slow-consumer-group-1, groupId=slow-consumer-group] Enabling heartbeat thread
16:25:11.099 [org.springframework.kafka.KafkaListenerEndpointContainer#0-0-C-1] INFO  o.a.k.c.consumer.internals.ConsumerCoordinator - [Consumer clientId=consumer-slow-consumer-group-1, groupId=slow-consumer-group] Successfully joined group with generation Generation{generationId=15, memberId='consumer-slow-consumer-group-1-20d993b8-c516-4401-928d-16bff2d809cd', protocol='range'}
16:25:11.100 [org.springframework.kafka.KafkaListenerEndpointContainer#0-0-C-1] DEBUG o.a.k.c.consumer.internals.ConsumerCoordinator - [Consumer clientId=consumer-slow-consumer-group-1, groupId=slow-consumer-group] Performing assignment using strategy range with subscriptions {consumer-slow-consumer-group-1-20d993b8-c516-4401-928d-16bff2d809cd=Subscription(topics=[slow-events], ownedPartitions=[], groupInstanceId=null, generationId=-1, rackId=null)}
16:25:11.100 [org.springframework.kafka.KafkaListenerEndpointContainer#0-0-C-1] INFO  o.a.k.c.consumer.internals.ConsumerCoordinator - [Consumer clientId=consumer-slow-consumer-group-1, groupId=slow-consumer-group] Finished assignment for group at generation 15: {consumer-slow-consumer-group-1-20d993b8-c516-4401-928d-16bff2d809cd=Assignment(partitions=[slow-events-0, slow-events-1, slow-events-2])}
16:25:11.100 [org.springframework.kafka.KafkaListenerEndpointContainer#0-0-C-1] DEBUG o.a.k.c.consumer.internals.ConsumerCoordinator - [Consumer clientId=consumer-slow-consumer-group-1, groupId=slow-consumer-group] Sending leader SyncGroup to coordinator localhost:9092 (id: 2147483646 rack: null isFenced: false): SyncGroupRequestData(groupId='slow-consumer-group', generationId=15, memberId='consumer-slow-consumer-group-1-20d993b8-c516-4401-928d-16bff2d809cd', groupInstanceId=null, protocolType='consumer', protocolName='range', assignments=[SyncGroupRequestAssignment(memberId='consumer-slow-consumer-group-1-20d993b8-c516-4401-928d-16bff2d809cd', assignment=[0, 3, 0, 0, 0, 1, 0, 11, 115, 108, 111, 119, 45, 101, 118, 101, 110, 116, 115, 0, 0, 0, 3, 0, 0, 0, 0, 0, 0, 0, 1, 0, 0, 0, 2, -1, -1, -1, -1])])
16:25:11.103 [org.springframework.kafka.KafkaListenerEndpointContainer#0-0-C-1] DEBUG o.a.k.c.consumer.internals.ConsumerCoordinator - [Consumer clientId=consumer-slow-consumer-group-1, groupId=slow-consumer-group] Received successful SyncGroup response: SyncGroupResponseData(throttleTimeMs=0, errorCode=0, protocolType='consumer', protocolName='range', assignment=[0, 3, 0, 0, 0, 1, 0, 11, 115, 108, 111, 119, 45, 101, 118, 101, 110, 116, 115, 0, 0, 0, 3, 0, 0, 0, 0, 0, 0, 0, 1, 0, 0, 0, 2, -1, -1, -1, -1])
16:25:11.103 [org.springframework.kafka.KafkaListenerEndpointContainer#0-0-C-1] INFO  o.a.k.c.consumer.internals.ConsumerCoordinator - [Consumer clientId=consumer-slow-consumer-group-1, groupId=slow-consumer-group] Successfully synced group in generation Generation{generationId=15, memberId='consumer-slow-consumer-group-1-20d993b8-c516-4401-928d-16bff2d809cd', protocol='range'}
16:25:11.104 [org.springframework.kafka.KafkaListenerEndpointContainer#0-0-C-1] DEBUG o.a.k.c.consumer.internals.ConsumerCoordinator - [Consumer clientId=consumer-slow-consumer-group-1, groupId=slow-consumer-group] Executing onJoinComplete with generation 15 and memberId consumer-slow-consumer-group-1-20d993b8-c516-4401-928d-16bff2d809cd
16:25:11.104 [org.springframework.kafka.KafkaListenerEndpointContainer#0-0-C-1] INFO  o.a.k.c.consumer.internals.ConsumerCoordinator - [Consumer clientId=consumer-slow-consumer-group-1, groupId=slow-consumer-group] Notifying assignor about the new Assignment(partitions=[slow-events-0, slow-events-1, slow-events-2])
16:25:11.104 [org.springframework.kafka.KafkaListenerEndpointContainer#0-0-C-1] INFO  o.a.k.c.c.i.ConsumerRebalanceListenerInvoker - [Consumer clientId=consumer-slow-consumer-group-1, groupId=slow-consumer-group] Adding newly assigned partitions: [slow-events-0, slow-events-1, slow-events-2]
16:25:11.104 [org.springframework.kafka.KafkaListenerEndpointContainer#0-0-C-1] DEBUG o.a.k.c.consumer.internals.ConsumerCoordinator - [Consumer clientId=consumer-slow-consumer-group-1, groupId=slow-consumer-group] Fetching committed offsets for partitions: [slow-events-2, slow-events-1, slow-events-0]
16:25:11.106 [org.springframework.kafka.KafkaListenerEndpointContainer#0-0-C-1] INFO  o.a.k.c.consumer.internals.ConsumerCoordinator - [Consumer clientId=consumer-slow-consumer-group-1, groupId=slow-consumer-group] Found no committed offset for partition slow-events-2
16:25:11.106 [org.springframework.kafka.KafkaListenerEndpointContainer#0-0-C-1] INFO  o.a.k.c.consumer.internals.ConsumerCoordinator - [Consumer clientId=consumer-slow-consumer-group-1, groupId=slow-consumer-group] Found no committed offset for partition slow-events-1
16:25:11.106 [org.springframework.kafka.KafkaListenerEndpointContainer#0-0-C-1] INFO  o.a.kafka.clients.consumer.internals.ConsumerUtils - Setting offset for partition slow-events-0 to the committed offset FetchPosition{offset=1, offsetEpoch=Optional.empty, currentLeader=LeaderAndEpoch{leader=Optional[localhost:9092 (id: 1 rack: null isFenced: false)], epoch=0}}
16:25:11.108 [org.springframework.kafka.KafkaListenerEndpointContainer#0-0-C-1] INFO  o.a.k.clients.consumer.internals.SubscriptionState - [Consumer clientId=consumer-slow-consumer-group-1, groupId=slow-consumer-group] Resetting offset for partition slow-events-2 to position FetchPosition{offset=0, offsetEpoch=Optional.empty, currentLeader=LeaderAndEpoch{leader=Optional[localhost:9092 (id: 1 rack: null isFenced: false)], epoch=0}}.
16:25:11.109 [org.springframework.kafka.KafkaListenerEndpointContainer#0-0-C-1] INFO  o.a.k.clients.consumer.internals.SubscriptionState - [Consumer clientId=consumer-slow-consumer-group-1, groupId=slow-consumer-group] Resetting offset for partition slow-events-1 to position FetchPosition{offset=0, offsetEpoch=Optional.empty, currentLeader=LeaderAndEpoch{leader=Optional[localhost:9092 (id: 1 rack: null isFenced: false)], epoch=0}}.
16:25:11.109 [org.springframework.kafka.KafkaListenerEndpointContainer#0-0-C-1] INFO  o.s.kafka.listener.KafkaMessageListenerContainer - slow-consumer-group: partitions assigned: [slow-events-0, slow-events-1, slow-events-2]
16:25:11.112 [org.springframework.kafka.KafkaListenerEndpointContainer#0-0-C-1] DEBUG o.s.kafka.listener.KafkaMessageListenerContainer - Received: 1 records
16:25:11.112 [org.springframework.kafka.KafkaListenerEndpointContainer#0-0-C-1] DEBUG o.s.k.l.a.RecordMessagingMessageListenerAdapter - Processing [GenericMessage [payload=DemoEvent(id=472138ad-6d5f-4b67-b8c6-e96870c125c9, payload=demo-event-4, slow=true, retryTrigger=false, createdAt=2026-08-25T08:24:11.418200Z), headers={kafka_offset=1, kafka_consumer=org.springframework.kafka.core.DefaultKafkaConsumerFactory$ExtendedKafkaConsumer@4d006356, kafka_timestampType=CREATE_TIME, kafka_receivedPartitionId=0, kafka_receivedMessageKey=1, kafka_receivedTopic=slow-events, kafka_receivedTimestamp=1787646251418, kafka_acknowledgment=Acknowledgment for slow-events-0@1, kafka_groupId=slow-consumer-group}]]
16:25:11.112 [org.springframework.kafka.KafkaListenerEndpointContainer#0-0-C-1] INFO  c.e.kafkarebalance.listener.SlowEventListener - 收到消息 id=472138ad-6d5f-4b67-b8c6-e96870c125c9 partition=0 slow=true
16:25:11.113 [org.springframework.kafka.KafkaListenerEndpointContainer#0-0-C-1] WARN  c.e.kafkarebalance.listener.SlowEventListener - 模拟慢处理开始：id=472138ad-6d5f-4b67-b8c6-e96870c125c9 将阻塞 10000ms（超过 max.poll.interval.ms=6000ms，预期触发 rebalance）
16:25:14.195 [kafka-coordinator-heartbeat-thread | slow-consumer-group] DEBUG o.a.k.c.consumer.internals.ConsumerCoordinator - [Consumer clientId=consumer-slow-consumer-group-1, groupId=slow-consumer-group] Sending Heartbeat request with generation 15 and member id consumer-slow-consumer-group-1-20d993b8-c516-4401-928d-16bff2d809cd to coordinator localhost:9092 (id: 2147483646 rack: null isFenced: false)
16:25:14.301 [kafka-coordinator-heartbeat-thread | slow-consumer-group] DEBUG o.a.k.c.consumer.internals.ConsumerCoordinator - [Consumer clientId=consumer-slow-consumer-group-1, groupId=slow-consumer-group] Received successful Heartbeat response
16:25:17.204 [kafka-coordinator-heartbeat-thread | slow-consumer-group] WARN  o.a.k.c.consumer.internals.ConsumerCoordinator - [Consumer clientId=consumer-slow-consumer-group-1, groupId=slow-consumer-group] consumer poll timeout has expired. This means the time between subsequent calls to poll() was longer than the configured max.poll.interval.ms, which typically implies that the poll loop is spending too much time processing messages. You can address this either by increasing max.poll.interval.ms or by reducing the maximum size of batches returned in poll() with max.poll.records.
16:25:17.204 [kafka-coordinator-heartbeat-thread | slow-consumer-group] INFO  o.a.k.c.consumer.internals.ConsumerCoordinator - [Consumer clientId=consumer-slow-consumer-group-1, groupId=slow-consumer-group] Member consumer-slow-consumer-group-1-20d993b8-c516-4401-928d-16bff2d809cd sending LeaveGroup request to coordinator localhost:9092 (id: 2147483646 rack: null isFenced: false) due to consumer poll timeout has expired.
16:25:17.206 [kafka-coordinator-heartbeat-thread | slow-consumer-group] INFO  o.a.k.c.consumer.internals.ConsumerCoordinator - [Consumer clientId=consumer-slow-consumer-group-1, groupId=slow-consumer-group] Resetting generation and member id due to: consumer pro-actively leaving the group
16:25:17.206 [kafka-coordinator-heartbeat-thread | slow-consumer-group] INFO  o.a.k.c.consumer.internals.ConsumerCoordinator - [Consumer clientId=consumer-slow-consumer-group-1, groupId=slow-consumer-group] Request joining group due to: consumer pro-actively leaving the group
16:25:21.118 [org.springframework.kafka.KafkaListenerEndpointContainer#0-0-C-1] DEBUG o.s.kafka.listener.KafkaMessageListenerContainer - Committing: {slow-events-0=OffsetAndMetadata{offset=2, leaderEpoch=null, metadata=''}}
16:25:21.118 [org.springframework.kafka.KafkaListenerEndpointContainer#0-0-C-1] INFO  o.a.k.c.consumer.internals.ConsumerCoordinator - [Consumer clientId=consumer-slow-consumer-group-1, groupId=slow-consumer-group] Failing OffsetCommit request since the consumer is not part of an active group
16:25:21.119 [org.springframework.kafka.KafkaListenerEndpointContainer#0-0-C-1] DEBUG o.a.k.c.consumer.internals.ConsumerCoordinator - [Consumer clientId=consumer-slow-consumer-group-1, groupId=slow-consumer-group] LeaveGroup response with Generation{generationId=15, memberId='consumer-slow-consumer-group-1-20d993b8-c516-4401-928d-16bff2d809cd', protocol='range'} returned successfully: ClientResponse(receivedTimeMs=1787646321119, latencyMs=3914, disconnected=false, timedOut=false, requestHeader=RequestHeader(apiKey=LEAVE_GROUP, apiVersion=5, clientId=consumer-slow-consumer-group-1, correlationId=71, headerVersion=2), responseBody=LeaveGroupResponseData(throttleTimeMs=0, errorCode=0, members=[MemberResponse(memberId='consumer-slow-consumer-group-1-20d993b8-c516-4401-928d-16bff2d809cd', groupInstanceId=null, errorCode=0)]))
16:25:21.119 [org.springframework.kafka.KafkaListenerEndpointContainer#0-0-C-1] WARN  c.e.kafkarebalance.listener.SlowEventListener - 提交 offset 失败，可能因 rebalance 导致该分区已被回收 id=472138ad-6d5f-4b67-b8c6-e96870c125c9
org.apache.kafka.clients.consumer.CommitFailedException: Offset commit cannot be completed since the consumer is not part of an active group for auto partition assignment; it is likely that the consumer was kicked out of the group.
	at org.apache.kafka.clients.consumer.internals.ConsumerCoordinator.sendOffsetCommitRequest(ConsumerCoordinator.java:1320)
	at org.apache.kafka.clients.consumer.internals.ConsumerCoordinator.commitOffsetsSync(ConsumerCoordinator.java:1155)
	at org.apache.kafka.clients.consumer.internals.ClassicKafkaConsumer.commitSync(ClassicKafkaConsumer.java:747)
	at org.apache.kafka.clients.consumer.KafkaConsumer.commitSync(KafkaConsumer.java:1094)
	at org.springframework.kafka.listener.KafkaMessageListenerContainer$ListenerConsumer.doCommitSync(KafkaMessageListenerContainer.java:3474)
	at org.springframework.kafka.listener.KafkaMessageListenerContainer$ListenerConsumer.commitSync(KafkaMessageListenerContainer.java:3469)
	at org.springframework.kafka.listener.KafkaMessageListenerContainer$ListenerConsumer.commitOffsets(KafkaMessageListenerContainer.java:3452)
	at org.springframework.kafka.listener.KafkaMessageListenerContainer$ListenerConsumer.commitOffsetsInTransactions(KafkaMessageListenerContainer.java:3443)
	at org.springframework.kafka.listener.KafkaMessageListenerContainer$ListenerConsumer.ackImmediate(KafkaMessageListenerContainer.java:2187)
	at org.springframework.kafka.listener.KafkaMessageListenerContainer$ListenerConsumer.processAck(KafkaMessageListenerContainer.java:2082)
	at org.springframework.kafka.listener.KafkaMessageListenerContainer$ListenerConsumer.doAck(KafkaMessageListenerContainer.java:2062)
	at org.springframework.kafka.listener.KafkaMessageListenerContainer$ListenerConsumer$ConsumerAcknowledgment.acknowledge(KafkaMessageListenerContainer.java:3622)
	at com.example.kafkarebalance.listener.SlowEventListener.onMessage(SlowEventListener.kt:51)
	at java.base/jdk.internal.reflect.DirectMethodHandleAccessor.invoke(DirectMethodHandleAccessor.java:104)
	at java.base/java.lang.reflect.Method.invoke(Method.java:565)
	at org.springframework.messaging.handler.invocation.InvocableHandlerMethod.doInvoke(InvocableHandlerMethod.java:168)
	at org.springframework.kafka.listener.adapter.KotlinAwareInvocableHandlerMethod.doInvoke(KotlinAwareInvocableHandlerMethod.java:48)
	at org.springframework.messaging.handler.invocation.InvocableHandlerMethod.invoke(InvocableHandlerMethod.java:119)
	at org.springframework.kafka.listener.adapter.HandlerAdapter.invoke(HandlerAdapter.java:80)
	at org.springframework.kafka.listener.adapter.MessagingMessageListenerAdapter.invokeHandler(MessagingMessageListenerAdapter.java:488)
	at org.springframework.kafka.listener.adapter.MessagingMessageListenerAdapter.invoke(MessagingMessageListenerAdapter.java:425)
	at org.springframework.kafka.listener.adapter.RecordMessagingMessageListenerAdapter.onMessage(RecordMessagingMessageListenerAdapter.java:92)
	at org.springframework.kafka.listener.adapter.RecordMessagingMessageListenerAdapter.onMessage(RecordMessagingMessageListenerAdapter.java:52)
	at org.springframework.kafka.listener.KafkaMessageListenerContainer$ListenerConsumer.doInvokeOnMessage(KafkaMessageListenerContainer.java:2948)
	at org.springframework.kafka.listener.KafkaMessageListenerContainer$ListenerConsumer.invokeOnMessage(KafkaMessageListenerContainer.java:2927)
	at org.springframework.kafka.listener.KafkaMessageListenerContainer$ListenerConsumer.doInvokeRecordListener(KafkaMessageListenerContainer.java:2837)
	at org.springframework.kafka.listener.KafkaMessageListenerContainer$ListenerConsumer.doInvokeWithRecords(KafkaMessageListenerContainer.java:2679)
	at org.springframework.kafka.listener.KafkaMessageListenerContainer$ListenerConsumer.invokeRecordListener(KafkaMessageListenerContainer.java:2573)
	at org.springframework.kafka.listener.KafkaMessageListenerContainer$ListenerConsumer.invokeListener(KafkaMessageListenerContainer.java:2204)
	at org.springframework.kafka.listener.KafkaMessageListenerContainer$ListenerConsumer.invokeIfHaveRecords(KafkaMessageListenerContainer.java:1559)
	at org.springframework.kafka.listener.KafkaMessageListenerContainer$ListenerConsumer.pollAndInvoke(KafkaMessageListenerContainer.java:1499)
	at org.springframework.kafka.listener.KafkaMessageListenerContainer$ListenerConsumer.run(KafkaMessageListenerContainer.java:1368)
	at java.base/java.util.concurrent.CompletableFuture$AsyncRun.run(CompletableFuture.java:1825)
	at java.base/java.lang.Thread.run(Thread.java:1474)
16:25:21.120 [org.springframework.kafka.KafkaListenerEndpointContainer#0-0-C-1] DEBUG o.a.k.c.consumer.internals.ConsumerCoordinator - [Consumer clientId=consumer-slow-consumer-group-1, groupId=slow-consumer-group] Executing onJoinPrepare with generation -1 and memberId 
16:25:21.121 [org.springframework.kafka.KafkaListenerEndpointContainer#0-0-C-1] INFO  o.a.k.c.consumer.internals.ConsumerCoordinator - [Consumer clientId=consumer-slow-consumer-group-1, groupId=slow-consumer-group] Giving away all assigned partitions as lost since generation/memberID has been reset,indicating that consumer is in old state or no longer part of the group
16:25:21.121 [org.springframework.kafka.KafkaListenerEndpointContainer#0-0-C-1] INFO  o.a.k.c.c.i.ConsumerRebalanceListenerInvoker - [Consumer clientId=consumer-slow-consumer-group-1, groupId=slow-consumer-group] Lost previously assigned partitions [slow-events-0, slow-events-1, slow-events-2]
16:25:21.121 [org.springframework.kafka.KafkaListenerEndpointContainer#0-0-C-1] INFO  o.s.kafka.listener.KafkaMessageListenerContainer - slow-consumer-group: partitions lost: [slow-events-0, slow-events-1, slow-events-2]
16:25:21.121 [org.springframework.kafka.KafkaListenerEndpointContainer#0-0-C-1] INFO  o.s.kafka.listener.KafkaMessageListenerContainer - slow-consumer-group: partitions revoked: [slow-events-0, slow-events-1, slow-events-2]
16:25:21.121 [org.springframework.kafka.KafkaListenerEndpointContainer#0-0-C-1] INFO  o.a.k.c.consumer.internals.ConsumerCoordinator - [Consumer clientId=consumer-slow-consumer-group-1, groupId=slow-consumer-group] (Re-)joining group
16:25:21.121 [org.springframework.kafka.KafkaListenerEndpointContainer#0-0-C-1] DEBUG o.a.k.c.consumer.internals.ConsumerCoordinator - [Consumer clientId=consumer-slow-consumer-group-1, groupId=slow-consumer-group] Joining group with current subscription: [slow-events]
16:25:21.121 [org.springframework.kafka.KafkaListenerEndpointContainer#0-0-C-1] DEBUG o.a.k.c.consumer.internals.ConsumerCoordinator - [Consumer clientId=consumer-slow-consumer-group-1, groupId=slow-consumer-group] Sending JoinGroup (JoinGroupRequestData(groupId='slow-consumer-group', sessionTimeoutMs=10000, rebalanceTimeoutMs=6000, memberId='', groupInstanceId=null, protocolType='consumer', protocols=[JoinGroupRequestProtocol(name='range', metadata=[0, 3, 0, 0, 0, 1, 0, 11, 115, 108, 111, 119, 45, 101, 118, 101, 110, 116, 115, -1, -1, -1, -1, 0, 0, 0, 0, -1, -1, -1, -1, -1, -1]), JoinGroupRequestProtocol(name='cooperative-sticky', metadata=[0, 3, 0, 0, 0, 1, 0, 11, 115, 108, 111, 119, 45, 101, 118, 101, 110, 116, 115, 0, 0, 0, 4, -1, -1, -1, -1, 0, 0, 0, 0, -1, -1, -1, -1, -1, -1])], reason='consumer pro-actively leaving the group')) to coordinator localhost:9092 (id: 2147483646 rack: null isFenced: false)
16:25:21.132 [org.springframework.kafka.KafkaListenerEndpointContainer#0-0-C-1] DEBUG o.a.k.c.consumer.internals.ConsumerCoordinator - [Consumer clientId=consumer-slow-consumer-group-1, groupId=slow-consumer-group] JoinGroup failed due to non-fatal error: MEMBER_ID_REQUIRED. Will set the member id as consumer-slow-consumer-group-1-111a6591-439f-4009-ac3d-75e46f03ca00 and then rejoin. Sent generation was Generation{generationId=-1, memberId='', protocol='null'}
16:25:21.132 [org.springframework.kafka.KafkaListenerEndpointContainer#0-0-C-1] INFO  o.a.k.c.consumer.internals.ConsumerCoordinator - [Consumer clientId=consumer-slow-consumer-group-1, groupId=slow-consumer-group] Request joining group due to: need to re-join with the given member-id: consumer-slow-consumer-group-1-111a6591-439f-4009-ac3d-75e46f03ca00
16:25:21.132 [org.springframework.kafka.KafkaListenerEndpointContainer#0-0-C-1] INFO  o.a.k.c.consumer.internals.ConsumerCoordinator - [Consumer clientId=consumer-slow-consumer-group-1, groupId=slow-consumer-group] (Re-)joining group
16:25:21.132 [org.springframework.kafka.KafkaListenerEndpointContainer#0-0-C-1] DEBUG o.a.k.c.consumer.internals.ConsumerCoordinator - [Consumer clientId=consumer-slow-consumer-group-1, groupId=slow-consumer-group] Joining group with current subscription: [slow-events]
16:25:21.133 [org.springframework.kafka.KafkaListenerEndpointContainer#0-0-C-1] DEBUG o.a.k.c.consumer.internals.ConsumerCoordinator - [Consumer clientId=consumer-slow-consumer-group-1, groupId=slow-consumer-group] Sending JoinGroup (JoinGroupRequestData(groupId='slow-consumer-group', sessionTimeoutMs=10000, rebalanceTimeoutMs=6000, memberId='consumer-slow-consumer-group-1-111a6591-439f-4009-ac3d-75e46f03ca00', groupInstanceId=null, protocolType='consumer', protocols=[JoinGroupRequestProtocol(name='range', metadata=[0, 3, 0, 0, 0, 1, 0, 11, 115, 108, 111, 119, 45, 101, 118, 101, 110, 116, 115, -1, -1, -1, -1, 0, 0, 0, 0, -1, -1, -1, -1, -1, -1]), JoinGroupRequestProtocol(name='cooperative-sticky', metadata=[0, 3, 0, 0, 0, 1, 0, 11, 115, 108, 111, 119, 45, 101, 118, 101, 110, 116, 115, 0, 0, 0, 4, -1, -1, -1, -1, 0, 0, 0, 0, -1, -1, -1, -1, -1, -1])], reason='need to re-join with the given member-id: consumer-slow-consumer-group-1-111a6591-439f-4009-ac3d-75e46f03ca00')) to coordinator localhost:9092 (id: 2147483646 rack: null isFenced: false)
16:25:21.138 [org.springframework.kafka.KafkaListenerEndpointContainer#0-0-C-1] DEBUG o.a.k.c.consumer.internals.ConsumerCoordinator - [Consumer clientId=consumer-slow-consumer-group-1, groupId=slow-consumer-group] Received successful JoinGroup response: JoinGroupResponseData(throttleTimeMs=0, errorCode=0, generationId=17, protocolType='consumer', protocolName='range', leader='consumer-slow-consumer-group-1-111a6591-439f-4009-ac3d-75e46f03ca00', skipAssignment=false, memberId='consumer-slow-consumer-group-1-111a6591-439f-4009-ac3d-75e46f03ca00', members=[JoinGroupResponseMember(memberId='consumer-slow-consumer-group-1-111a6591-439f-4009-ac3d-75e46f03ca00', groupInstanceId=null, metadata=[0, 3, 0, 0, 0, 1, 0, 11, 115, 108, 111, 119, 45, 101, 118, 101, 110, 116, 115, -1, -1, -1, -1, 0, 0, 0, 0, -1, -1, -1, -1, -1, -1])])
16:25:21.138 [org.springframework.kafka.KafkaListenerEndpointContainer#0-0-C-1] DEBUG o.a.k.c.consumer.internals.ConsumerCoordinator - [Consumer clientId=consumer-slow-consumer-group-1, groupId=slow-consumer-group] Enabling heartbeat thread
16:25:21.138 [org.springframework.kafka.KafkaListenerEndpointContainer#0-0-C-1] INFO  o.a.k.c.consumer.internals.ConsumerCoordinator - [Consumer clientId=consumer-slow-consumer-group-1, groupId=slow-consumer-group] Successfully joined group with generation Generation{generationId=17, memberId='consumer-slow-consumer-group-1-111a6591-439f-4009-ac3d-75e46f03ca00', protocol='range'}
16:25:21.138 [org.springframework.kafka.KafkaListenerEndpointContainer#0-0-C-1] DEBUG o.a.k.c.consumer.internals.ConsumerCoordinator - [Consumer clientId=consumer-slow-consumer-group-1, groupId=slow-consumer-group] Performing assignment using strategy range with subscriptions {consumer-slow-consumer-group-1-111a6591-439f-4009-ac3d-75e46f03ca00=Subscription(topics=[slow-events], ownedPartitions=[], groupInstanceId=null, generationId=-1, rackId=null)}
16:25:21.139 [org.springframework.kafka.KafkaListenerEndpointContainer#0-0-C-1] INFO  o.a.k.c.consumer.internals.ConsumerCoordinator - [Consumer clientId=consumer-slow-consumer-group-1, groupId=slow-consumer-group] Finished assignment for group at generation 17: {consumer-slow-consumer-group-1-111a6591-439f-4009-ac3d-75e46f03ca00=Assignment(partitions=[slow-events-0, slow-events-1, slow-events-2])}
16:25:21.139 [org.springframework.kafka.KafkaListenerEndpointContainer#0-0-C-1] DEBUG o.a.k.c.consumer.internals.ConsumerCoordinator - [Consumer clientId=consumer-slow-consumer-group-1, groupId=slow-consumer-group] Sending leader SyncGroup to coordinator localhost:9092 (id: 2147483646 rack: null isFenced: false): SyncGroupRequestData(groupId='slow-consumer-group', generationId=17, memberId='consumer-slow-consumer-group-1-111a6591-439f-4009-ac3d-75e46f03ca00', groupInstanceId=null, protocolType='consumer', protocolName='range', assignments=[SyncGroupRequestAssignment(memberId='consumer-slow-consumer-group-1-111a6591-439f-4009-ac3d-75e46f03ca00', assignment=[0, 3, 0, 0, 0, 1, 0, 11, 115, 108, 111, 119, 45, 101, 118, 101, 110, 116, 115, 0, 0, 0, 3, 0, 0, 0, 0, 0, 0, 0, 1, 0, 0, 0, 2, -1, -1, -1, -1])])
16:25:21.145 [org.springframework.kafka.KafkaListenerEndpointContainer#0-0-C-1] DEBUG o.a.k.c.consumer.internals.ConsumerCoordinator - [Consumer clientId=consumer-slow-consumer-group-1, groupId=slow-consumer-group] Received successful SyncGroup response: SyncGroupResponseData(throttleTimeMs=0, errorCode=0, protocolType='consumer', protocolName='range', assignment=[0, 3, 0, 0, 0, 1, 0, 11, 115, 108, 111, 119, 45, 101, 118, 101, 110, 116, 115, 0, 0, 0, 3, 0, 0, 0, 0, 0, 0, 0, 1, 0, 0, 0, 2, -1, -1, -1, -1])
16:25:21.145 [org.springframework.kafka.KafkaListenerEndpointContainer#0-0-C-1] INFO  o.a.k.c.consumer.internals.ConsumerCoordinator - [Consumer clientId=consumer-slow-consumer-group-1, groupId=slow-consumer-group] Successfully synced group in generation Generation{generationId=17, memberId='consumer-slow-consumer-group-1-111a6591-439f-4009-ac3d-75e46f03ca00', protocol='range'}
16:25:21.145 [org.springframework.kafka.KafkaListenerEndpointContainer#0-0-C-1] DEBUG o.a.k.c.consumer.internals.ConsumerCoordinator - [Consumer clientId=consumer-slow-consumer-group-1, groupId=slow-consumer-group] Executing onJoinComplete with generation 17 and memberId consumer-slow-consumer-group-1-111a6591-439f-4009-ac3d-75e46f03ca00
16:25:21.145 [org.springframework.kafka.KafkaListenerEndpointContainer#0-0-C-1] INFO  o.a.k.c.consumer.internals.ConsumerCoordinator - [Consumer clientId=consumer-slow-consumer-group-1, groupId=slow-consumer-group] Notifying assignor about the new Assignment(partitions=[slow-events-0, slow-events-1, slow-events-2])
16:25:21.145 [org.springframework.kafka.KafkaListenerEndpointContainer#0-0-C-1] INFO  o.a.k.c.c.i.ConsumerRebalanceListenerInvoker - [Consumer clientId=consumer-slow-consumer-group-1, groupId=slow-consumer-group] Adding newly assigned partitions: [slow-events-0, slow-events-1, slow-events-2]
16:25:21.145 [org.springframework.kafka.KafkaListenerEndpointContainer#0-0-C-1] DEBUG o.a.k.c.consumer.internals.ConsumerCoordinator - [Consumer clientId=consumer-slow-consumer-group-1, groupId=slow-consumer-group] Fetching committed offsets for partitions: [slow-events-2, slow-events-1, slow-events-0]
16:25:21.148 [org.springframework.kafka.KafkaListenerEndpointContainer#0-0-C-1] INFO  o.a.k.c.consumer.internals.ConsumerCoordinator - [Consumer clientId=consumer-slow-consumer-group-1, groupId=slow-consumer-group] Found no committed offset for partition slow-events-2
16:25:21.148 [org.springframework.kafka.KafkaListenerEndpointContainer#0-0-C-1] INFO  o.a.k.c.consumer.internals.ConsumerCoordinator - [Consumer clientId=consumer-slow-consumer-group-1, groupId=slow-consumer-group] Found no committed offset for partition slow-events-1
16:25:21.148 [org.springframework.kafka.KafkaListenerEndpointContainer#0-0-C-1] INFO  o.a.kafka.clients.consumer.internals.ConsumerUtils - Setting offset for partition slow-events-0 to the committed offset FetchPosition{offset=1, offsetEpoch=Optional.empty, currentLeader=LeaderAndEpoch{leader=Optional[localhost:9092 (id: 1 rack: null isFenced: false)], epoch=0}}
16:25:21.151 [org.springframework.kafka.KafkaListenerEndpointContainer#0-0-C-1] INFO  o.a.k.clients.consumer.internals.SubscriptionState - [Consumer clientId=consumer-slow-consumer-group-1, groupId=slow-consumer-group] Resetting offset for partition slow-events-2 to position FetchPosition{offset=0, offsetEpoch=Optional.empty, currentLeader=LeaderAndEpoch{leader=Optional[localhost:9092 (id: 1 rack: null isFenced: false)], epoch=0}}.
16:25:21.152 [org.springframework.kafka.KafkaListenerEndpointContainer#0-0-C-1] INFO  o.a.k.clients.consumer.internals.SubscriptionState - [Consumer clientId=consumer-slow-consumer-group-1, groupId=slow-consumer-group] Resetting offset for partition slow-events-1 to position FetchPosition{offset=0, offsetEpoch=Optional.empty, currentLeader=LeaderAndEpoch{leader=Optional[localhost:9092 (id: 1 rack: null isFenced: false)], epoch=0}}.
16:25:21.152 [org.springframework.kafka.KafkaListenerEndpointContainer#0-0-C-1] INFO  o.s.kafka.listener.KafkaMessageListenerContainer - slow-consumer-group: partitions assigned: [slow-events-0, slow-events-1, slow-events-2]
16:25:21.156 [org.springframework.kafka.KafkaListenerEndpointContainer#0-0-C-1] DEBUG o.s.kafka.listener.KafkaMessageListenerContainer - Received: 1 records
16:25:21.156 [org.springframework.kafka.KafkaListenerEndpointContainer#0-0-C-1] DEBUG o.s.k.l.a.RecordMessagingMessageListenerAdapter - Processing [GenericMessage [payload=DemoEvent(id=472138ad-6d5f-4b67-b8c6-e96870c125c9, payload=demo-event-4, slow=true, retryTrigger=false, createdAt=2026-08-25T08:24:11.418200Z), headers={kafka_offset=1, kafka_consumer=org.springframework.kafka.core.DefaultKafkaConsumerFactory$ExtendedKafkaConsumer@4d006356, kafka_timestampType=CREATE_TIME, kafka_receivedPartitionId=0, kafka_receivedMessageKey=1, kafka_receivedTopic=slow-events, kafka_receivedTimestamp=1787646251418, kafka_acknowledgment=Acknowledgment for slow-events-0@1, kafka_groupId=slow-consumer-group}]]
16:25:21.156 [org.springframework.kafka.KafkaListenerEndpointContainer#0-0-C-1] INFO  c.e.kafkarebalance.listener.SlowEventListener - 收到消息 id=472138ad-6d5f-4b67-b8c6-e96870c125c9 partition=0 slow=true
16:25:21.156 [org.springframework.kafka.KafkaListenerEndpointContainer#0-0-C-1] WARN  c.e.kafkarebalance.listener.SlowEventListener - 模拟慢处理开始：id=472138ad-6d5f-4b67-b8c6-e96870c125c9 将阻塞 10000ms（超过 max.poll.interval.ms=6000ms，预期触发 rebalance）
16:25:24.140 [kafka-coordinator-heartbeat-thread | slow-consumer-group] DEBUG o.a.k.c.consumer.internals.ConsumerCoordinator - [Consumer clientId=consumer-slow-consumer-group-1, groupId=slow-consumer-group] Sending Heartbeat request with generation 17 and member id consumer-slow-consumer-group-1-111a6591-439f-4009-ac3d-75e46f03ca00 to coordinator localhost:9092 (id: 2147483646 rack: null isFenced: false)
16:25:24.248 [kafka-coordinator-heartbeat-thread | slow-consumer-group] DEBUG o.a.k.c.consumer.internals.ConsumerCoordinator - [Consumer clientId=consumer-slow-consumer-group-1, groupId=slow-consumer-group] Received successful Heartbeat response
16:25:27.152 [kafka-coordinator-heartbeat-thread | slow-consumer-group] DEBUG o.a.k.c.consumer.internals.ConsumerCoordinator - [Consumer clientId=consumer-slow-consumer-group-1, groupId=slow-consumer-group] Sending Heartbeat request with generation 17 and member id consumer-slow-consumer-group-1-111a6591-439f-4009-ac3d-75e46f03ca00 to coordinator localhost:9092 (id: 2147483646 rack: null isFenced: false)
16:25:27.154 [kafka-coordinator-heartbeat-thread | slow-consumer-group] WARN  o.a.k.c.consumer.internals.ConsumerCoordinator - [Consumer clientId=consumer-slow-consumer-group-1, groupId=slow-consumer-group] consumer poll timeout has expired. This means the time between subsequent calls to poll() was longer than the configured max.poll.interval.ms, which typically implies that the poll loop is spending too much time processing messages. You can address this either by increasing max.poll.interval.ms or by reducing the maximum size of batches returned in poll() with max.poll.records.
16:25:27.154 [kafka-coordinator-heartbeat-thread | slow-consumer-group] INFO  o.a.k.c.consumer.internals.ConsumerCoordinator - [Consumer clientId=consumer-slow-consumer-group-1, groupId=slow-consumer-group] Member consumer-slow-consumer-group-1-111a6591-439f-4009-ac3d-75e46f03ca00 sending LeaveGroup request to coordinator localhost:9092 (id: 2147483646 rack: null isFenced: false) due to consumer poll timeout has expired.
16:25:27.154 [kafka-coordinator-heartbeat-thread | slow-consumer-group] INFO  o.a.k.c.consumer.internals.ConsumerCoordinator - [Consumer clientId=consumer-slow-consumer-group-1, groupId=slow-consumer-group] Resetting generation and member id due to: consumer pro-actively leaving the group
16:25:27.154 [kafka-coordinator-heartbeat-thread | slow-consumer-group] INFO  o.a.k.c.consumer.internals.ConsumerCoordinator - [Consumer clientId=consumer-slow-consumer-group-1, groupId=slow-consumer-group] Request joining group due to: consumer pro-actively leaving the group
16:25:31.161 [org.springframework.kafka.KafkaListenerEndpointContainer#0-0-C-1] DEBUG o.s.kafka.listener.KafkaMessageListenerContainer - Committing: {slow-events-0=OffsetAndMetadata{offset=2, leaderEpoch=null, metadata=''}}
16:25:31.162 [org.springframework.kafka.KafkaListenerEndpointContainer#0-0-C-1] INFO  o.a.k.c.consumer.internals.ConsumerCoordinator - [Consumer clientId=consumer-slow-consumer-group-1, groupId=slow-consumer-group] Failing OffsetCommit request since the consumer is not part of an active group
16:25:31.162 [org.springframework.kafka.KafkaListenerEndpointContainer#0-0-C-1] DEBUG o.a.k.c.consumer.internals.ConsumerCoordinator - [Consumer clientId=consumer-slow-consumer-group-1, groupId=slow-consumer-group] Received successful Heartbeat response
16:25:31.162 [org.springframework.kafka.KafkaListenerEndpointContainer#0-0-C-1] WARN  c.e.kafkarebalance.listener.SlowEventListener - 提交 offset 失败，可能因 rebalance 导致该分区已被回收 id=472138ad-6d5f-4b67-b8c6-e96870c125c9
org.apache.kafka.clients.consumer.CommitFailedException: Offset commit cannot be completed since the consumer is not part of an active group for auto partition assignment; it is likely that the consumer was kicked out of the group.
	at org.apache.kafka.clients.consumer.internals.ConsumerCoordinator.sendOffsetCommitRequest(ConsumerCoordinator.java:1320)
	at org.apache.kafka.clients.consumer.internals.ConsumerCoordinator.commitOffsetsSync(ConsumerCoordinator.java:1155)
	at org.apache.kafka.clients.consumer.internals.ClassicKafkaConsumer.commitSync(ClassicKafkaConsumer.java:747)
	at org.apache.kafka.clients.consumer.KafkaConsumer.commitSync(KafkaConsumer.java:1094)
	at org.springframework.kafka.listener.KafkaMessageListenerContainer$ListenerConsumer.doCommitSync(KafkaMessageListenerContainer.java:3474)
	at org.springframework.kafka.listener.KafkaMessageListenerContainer$ListenerConsumer.commitSync(KafkaMessageListenerContainer.java:3469)
	at org.springframework.kafka.listener.KafkaMessageListenerContainer$ListenerConsumer.commitOffsets(KafkaMessageListenerContainer.java:3452)
	at org.springframework.kafka.listener.KafkaMessageListenerContainer$ListenerConsumer.commitOffsetsInTransactions(KafkaMessageListenerContainer.java:3443)
	at org.springframework.kafka.listener.KafkaMessageListenerContainer$ListenerConsumer.ackImmediate(KafkaMessageListenerContainer.java:2187)
	at org.springframework.kafka.listener.KafkaMessageListenerContainer$ListenerConsumer.processAck(KafkaMessageListenerContainer.java:2082)
	at org.springframework.kafka.listener.KafkaMessageListenerContainer$ListenerConsumer.doAck(KafkaMessageListenerContainer.java:2062)
	at org.springframework.kafka.listener.KafkaMessageListenerContainer$ListenerConsumer$ConsumerAcknowledgment.acknowledge(KafkaMessageListenerContainer.java:3622)
	at com.example.kafkarebalance.listener.SlowEventListener.onMessage(SlowEventListener.kt:51)
	at java.base/jdk.internal.reflect.DirectMethodHandleAccessor.invoke(DirectMethodHandleAccessor.java:104)
	at java.base/java.lang.reflect.Method.invoke(Method.java:565)
	at org.springframework.messaging.handler.invocation.InvocableHandlerMethod.doInvoke(InvocableHandlerMethod.java:168)
	at org.springframework.kafka.listener.adapter.KotlinAwareInvocableHandlerMethod.doInvoke(KotlinAwareInvocableHandlerMethod.java:48)
	at org.springframework.messaging.handler.invocation.InvocableHandlerMethod.invoke(InvocableHandlerMethod.java:119)
	at org.springframework.kafka.listener.adapter.HandlerAdapter.invoke(HandlerAdapter.java:80)
	at org.springframework.kafka.listener.adapter.MessagingMessageListenerAdapter.invokeHandler(MessagingMessageListenerAdapter.java:488)
	at org.springframework.kafka.listener.adapter.MessagingMessageListenerAdapter.invoke(MessagingMessageListenerAdapter.java:425)
	at org.springframework.kafka.listener.adapter.RecordMessagingMessageListenerAdapter.onMessage(RecordMessagingMessageListenerAdapter.java:92)
	at org.springframework.kafka.listener.adapter.RecordMessagingMessageListenerAdapter.onMessage(RecordMessagingMessageListenerAdapter.java:52)
	at org.springframework.kafka.listener.KafkaMessageListenerContainer$ListenerConsumer.doInvokeOnMessage(KafkaMessageListenerContainer.java:2948)
	at org.springframework.kafka.listener.KafkaMessageListenerContainer$ListenerConsumer.invokeOnMessage(KafkaMessageListenerContainer.java:2927)
	at org.springframework.kafka.listener.KafkaMessageListenerContainer$ListenerConsumer.doInvokeRecordListener(KafkaMessageListenerContainer.java:2837)
	at org.springframework.kafka.listener.KafkaMessageListenerContainer$ListenerConsumer.doInvokeWithRecords(KafkaMessageListenerContainer.java:2679)
	at org.springframework.kafka.listener.KafkaMessageListenerContainer$ListenerConsumer.invokeRecordListener(KafkaMessageListenerContainer.java:2573)
	at org.springframework.kafka.listener.KafkaMessageListenerContainer$ListenerConsumer.invokeListener(KafkaMessageListenerContainer.java:2204)
	at org.springframework.kafka.listener.KafkaMessageListenerContainer$ListenerConsumer.invokeIfHaveRecords(KafkaMessageListenerContainer.java:1559)
	at org.springframework.kafka.listener.KafkaMessageListenerContainer$ListenerConsumer.pollAndInvoke(KafkaMessageListenerContainer.java:1499)
	at org.springframework.kafka.listener.KafkaMessageListenerContainer$ListenerConsumer.run(KafkaMessageListenerContainer.java:1368)
	at java.base/java.util.concurrent.CompletableFuture$AsyncRun.run(CompletableFuture.java:1825)
	at java.base/java.lang.Thread.run(Thread.java:1474)
16:25:31.163 [org.springframework.kafka.KafkaListenerEndpointContainer#0-0-C-1] DEBUG o.a.k.c.consumer.internals.ConsumerCoordinator - [Consumer clientId=consumer-slow-consumer-group-1, groupId=slow-consumer-group] Executing onJoinPrepare with generation -1 and memberId 
16:25:31.163 [org.springframework.kafka.KafkaListenerEndpointContainer#0-0-C-1] INFO  o.a.k.c.consumer.internals.ConsumerCoordinator - [Consumer clientId=consumer-slow-consumer-group-1, groupId=slow-consumer-group] Giving away all assigned partitions as lost since generation/memberID has been reset,indicating that consumer is in old state or no longer part of the group
16:25:31.163 [org.springframework.kafka.KafkaListenerEndpointContainer#0-0-C-1] INFO  o.a.k.c.c.i.ConsumerRebalanceListenerInvoker - [Consumer clientId=consumer-slow-consumer-group-1, groupId=slow-consumer-group] Lost previously assigned partitions [slow-events-0, slow-events-1, slow-events-2]
16:25:31.163 [org.springframework.kafka.KafkaListenerEndpointContainer#0-0-C-1] INFO  o.s.kafka.listener.KafkaMessageListenerContainer - slow-consumer-group: partitions lost: [slow-events-0, slow-events-1, slow-events-2]
16:25:31.163 [org.springframework.kafka.KafkaListenerEndpointContainer#0-0-C-1] INFO  o.s.kafka.listener.KafkaMessageListenerContainer - slow-consumer-group: partitions revoked: [slow-events-0, slow-events-1, slow-events-2]
16:25:31.163 [org.springframework.kafka.KafkaListenerEndpointContainer#0-0-C-1] INFO  o.a.k.c.consumer.internals.ConsumerCoordinator - [Consumer clientId=consumer-slow-consumer-group-1, groupId=slow-consumer-group] (Re-)joining group
16:25:31.163 [org.springframework.kafka.KafkaListenerEndpointContainer#0-0-C-1] DEBUG o.a.k.c.consumer.internals.ConsumerCoordinator - [Consumer clientId=consumer-slow-consumer-group-1, groupId=slow-consumer-group] Joining group with current subscription: [slow-events]
16:25:31.164 [org.springframework.kafka.KafkaListenerEndpointContainer#0-0-C-1] DEBUG o.a.k.c.consumer.internals.ConsumerCoordinator - [Consumer clientId=consumer-slow-consumer-group-1, groupId=slow-consumer-group] Sending JoinGroup (JoinGroupRequestData(groupId='slow-consumer-group', sessionTimeoutMs=10000, rebalanceTimeoutMs=6000, memberId='', groupInstanceId=null, protocolType='consumer', protocols=[JoinGroupRequestProtocol(name='range', metadata=[0, 3, 0, 0, 0, 1, 0, 11, 115, 108, 111, 119, 45, 101, 118, 101, 110, 116, 115, -1, -1, -1, -1, 0, 0, 0, 0, -1, -1, -1, -1, -1, -1]), JoinGroupRequestProtocol(name='cooperative-sticky', metadata=[0, 3, 0, 0, 0, 1, 0, 11, 115, 108, 111, 119, 45, 101, 118, 101, 110, 116, 115, 0, 0, 0, 4, -1, -1, -1, -1, 0, 0, 0, 0, -1, -1, -1, -1, -1, -1])], reason='consumer pro-actively leaving the group')) to coordinator localhost:9092 (id: 2147483646 rack: null isFenced: false)
16:25:31.165 [org.springframework.kafka.KafkaListenerEndpointContainer#0-0-C-1] DEBUG o.a.k.c.consumer.internals.ConsumerCoordinator - [Consumer clientId=consumer-slow-consumer-group-1, groupId=slow-consumer-group] LeaveGroup response with Generation{generationId=17, memberId='consumer-slow-consumer-group-1-111a6591-439f-4009-ac3d-75e46f03ca00', protocol='range'} returned successfully: ClientResponse(receivedTimeMs=1787646331165, latencyMs=4011, disconnected=false, timedOut=false, requestHeader=RequestHeader(apiKey=LEAVE_GROUP, apiVersion=5, clientId=consumer-slow-consumer-group-1, correlationId=80, headerVersion=2), responseBody=LeaveGroupResponseData(throttleTimeMs=0, errorCode=0, members=[MemberResponse(memberId='consumer-slow-consumer-group-1-111a6591-439f-4009-ac3d-75e46f03ca00', groupInstanceId=null, errorCode=0)]))
16:25:31.176 [org.springframework.kafka.KafkaListenerEndpointContainer#0-0-C-1] DEBUG o.a.k.c.consumer.internals.ConsumerCoordinator - [Consumer clientId=consumer-slow-consumer-group-1, groupId=slow-consumer-group] JoinGroup failed due to non-fatal error: MEMBER_ID_REQUIRED. Will set the member id as consumer-slow-consumer-group-1-c697d5bc-87a5-4a21-83c4-b89262504e0d and then rejoin. Sent generation was Generation{generationId=-1, memberId='', protocol='null'}
16:25:31.176 [org.springframework.kafka.KafkaListenerEndpointContainer#0-0-C-1] INFO  o.a.k.c.consumer.internals.ConsumerCoordinator - [Consumer clientId=consumer-slow-consumer-group-1, groupId=slow-consumer-group] Request joining group due to: need to re-join with the given member-id: consumer-slow-consumer-group-1-c697d5bc-87a5-4a21-83c4-b89262504e0d
16:25:31.176 [org.springframework.kafka.KafkaListenerEndpointContainer#0-0-C-1] INFO  o.a.k.c.consumer.internals.ConsumerCoordinator - [Consumer clientId=consumer-slow-consumer-group-1, groupId=slow-consumer-group] (Re-)joining group
16:25:31.176 [org.springframework.kafka.KafkaListenerEndpointContainer#0-0-C-1] DEBUG o.a.k.c.consumer.internals.ConsumerCoordinator - [Consumer clientId=consumer-slow-consumer-group-1, groupId=slow-consumer-group] Joining group with current subscription: [slow-events]
16:25:31.176 [org.springframework.kafka.KafkaListenerEndpointContainer#0-0-C-1] DEBUG o.a.k.c.consumer.internals.ConsumerCoordinator - [Consumer clientId=consumer-slow-consumer-group-1, groupId=slow-consumer-group] Sending JoinGroup (JoinGroupRequestData(groupId='slow-consumer-group', sessionTimeoutMs=10000, rebalanceTimeoutMs=6000, memberId='consumer-slow-consumer-group-1-c697d5bc-87a5-4a21-83c4-b89262504e0d', groupInstanceId=null, protocolType='consumer', protocols=[JoinGroupRequestProtocol(name='range', metadata=[0, 3, 0, 0, 0, 1, 0, 11, 115, 108, 111, 119, 45, 101, 118, 101, 110, 116, 115, -1, -1, -1, -1, 0, 0, 0, 0, -1, -1, -1, -1, -1, -1]), JoinGroupRequestProtocol(name='cooperative-sticky', metadata=[0, 3, 0, 0, 0, 1, 0, 11, 115, 108, 111, 119, 45, 101, 118, 101, 110, 116, 115, 0, 0, 0, 4, -1, -1, -1, -1, 0, 0, 0, 0, -1, -1, -1, -1, -1, -1])], reason='need to re-join with the given member-id: consumer-slow-consumer-group-1-c697d5bc-87a5-4a21-83c4-b89262504e0d')) to coordinator localhost:9092 (id: 2147483646 rack: null isFenced: false)
16:25:31.183 [org.springframework.kafka.KafkaListenerEndpointContainer#0-0-C-1] DEBUG o.a.k.c.consumer.internals.ConsumerCoordinator - [Consumer clientId=consumer-slow-consumer-group-1, groupId=slow-consumer-group] Received successful JoinGroup response: JoinGroupResponseData(throttleTimeMs=0, errorCode=0, generationId=19, protocolType='consumer', protocolName='range', leader='consumer-slow-consumer-group-1-c697d5bc-87a5-4a21-83c4-b89262504e0d', skipAssignment=false, memberId='consumer-slow-consumer-group-1-c697d5bc-87a5-4a21-83c4-b89262504e0d', members=[JoinGroupResponseMember(memberId='consumer-slow-consumer-group-1-c697d5bc-87a5-4a21-83c4-b89262504e0d', groupInstanceId=null, metadata=[0, 3, 0, 0, 0, 1, 0, 11, 115, 108, 111, 119, 45, 101, 118, 101, 110, 116, 115, -1, -1, -1, -1, 0, 0, 0, 0, -1, -1, -1, -1, -1, -1])])
16:25:31.183 [org.springframework.kafka.KafkaListenerEndpointContainer#0-0-C-1] DEBUG o.a.k.c.consumer.internals.ConsumerCoordinator - [Consumer clientId=consumer-slow-consumer-group-1, groupId=slow-consumer-group] Enabling heartbeat thread
16:25:31.183 [org.springframework.kafka.KafkaListenerEndpointContainer#0-0-C-1] INFO  o.a.k.c.consumer.internals.ConsumerCoordinator - [Consumer clientId=consumer-slow-consumer-group-1, groupId=slow-consumer-group] Successfully joined group with generation Generation{generationId=19, memberId='consumer-slow-consumer-group-1-c697d5bc-87a5-4a21-83c4-b89262504e0d', protocol='range'}
16:25:31.184 [org.springframework.kafka.KafkaListenerEndpointContainer#0-0-C-1] DEBUG o.a.k.c.consumer.internals.ConsumerCoordinator - [Consumer clientId=consumer-slow-consumer-group-1, groupId=slow-consumer-group] Performing assignment using strategy range with subscriptions {consumer-slow-consumer-group-1-c697d5bc-87a5-4a21-83c4-b89262504e0d=Subscription(topics=[slow-events], ownedPartitions=[], groupInstanceId=null, generationId=-1, rackId=null)}
16:25:31.184 [org.springframework.kafka.KafkaListenerEndpointContainer#0-0-C-1] INFO  o.a.k.c.consumer.internals.ConsumerCoordinator - [Consumer clientId=consumer-slow-consumer-group-1, groupId=slow-consumer-group] Finished assignment for group at generation 19: {consumer-slow-consumer-group-1-c697d5bc-87a5-4a21-83c4-b89262504e0d=Assignment(partitions=[slow-events-0, slow-events-1, slow-events-2])}
16:25:31.184 [org.springframework.kafka.KafkaListenerEndpointContainer#0-0-C-1] DEBUG o.a.k.c.consumer.internals.ConsumerCoordinator - [Consumer clientId=consumer-slow-consumer-group-1, groupId=slow-consumer-group] Sending leader SyncGroup to coordinator localhost:9092 (id: 2147483646 rack: null isFenced: false): SyncGroupRequestData(groupId='slow-consumer-group', generationId=19, memberId='consumer-slow-consumer-group-1-c697d5bc-87a5-4a21-83c4-b89262504e0d', groupInstanceId=null, protocolType='consumer', protocolName='range', assignments=[SyncGroupRequestAssignment(memberId='consumer-slow-consumer-group-1-c697d5bc-87a5-4a21-83c4-b89262504e0d', assignment=[0, 3, 0, 0, 0, 1, 0, 11, 115, 108, 111, 119, 45, 101, 118, 101, 110, 116, 115, 0, 0, 0, 3, 0, 0, 0, 0, 0, 0, 0, 1, 0, 0, 0, 2, -1, -1, -1, -1])])
16:25:31.188 [org.springframework.kafka.KafkaListenerEndpointContainer#0-0-C-1] DEBUG o.a.k.c.consumer.internals.ConsumerCoordinator - [Consumer clientId=consumer-slow-consumer-group-1, groupId=slow-consumer-group] Received successful SyncGroup response: SyncGroupResponseData(throttleTimeMs=0, errorCode=0, protocolType='consumer', protocolName='range', assignment=[0, 3, 0, 0, 0, 1, 0, 11, 115, 108, 111, 119, 45, 101, 118, 101, 110, 116, 115, 0, 0, 0, 3, 0, 0, 0, 0, 0, 0, 0, 1, 0, 0, 0, 2, -1, -1, -1, -1])
16:25:31.188 [org.springframework.kafka.KafkaListenerEndpointContainer#0-0-C-1] INFO  o.a.k.c.consumer.internals.ConsumerCoordinator - [Consumer clientId=consumer-slow-consumer-group-1, groupId=slow-consumer-group] Successfully synced group in generation Generation{generationId=19, memberId='consumer-slow-consumer-group-1-c697d5bc-87a5-4a21-83c4-b89262504e0d', protocol='range'}
16:25:31.189 [org.springframework.kafka.KafkaListenerEndpointContainer#0-0-C-1] DEBUG o.a.k.c.consumer.internals.ConsumerCoordinator - [Consumer clientId=consumer-slow-consumer-group-1, groupId=slow-consumer-group] Executing onJoinComplete with generation 19 and memberId consumer-slow-consumer-group-1-c697d5bc-87a5-4a21-83c4-b89262504e0d
16:25:31.189 [org.springframework.kafka.KafkaListenerEndpointContainer#0-0-C-1] INFO  o.a.k.c.consumer.internals.ConsumerCoordinator - [Consumer clientId=consumer-slow-consumer-group-1, groupId=slow-consumer-group] Notifying assignor about the new Assignment(partitions=[slow-events-0, slow-events-1, slow-events-2])
16:25:31.189 [org.springframework.kafka.KafkaListenerEndpointContainer#0-0-C-1] INFO  o.a.k.c.c.i.ConsumerRebalanceListenerInvoker - [Consumer clientId=consumer-slow-consumer-group-1, groupId=slow-consumer-group] Adding newly assigned partitions: [slow-events-0, slow-events-1, slow-events-2]
16:25:31.189 [org.springframework.kafka.KafkaListenerEndpointContainer#0-0-C-1] DEBUG o.a.k.c.consumer.internals.ConsumerCoordinator - [Consumer clientId=consumer-slow-consumer-group-1, groupId=slow-consumer-group] Fetching committed offsets for partitions: [slow-events-2, slow-events-1, slow-events-0]
16:25:31.191 [org.springframework.kafka.KafkaListenerEndpointContainer#0-0-C-1] INFO  o.a.k.c.consumer.internals.ConsumerCoordinator - [Consumer clientId=consumer-slow-consumer-group-1, groupId=slow-consumer-group] Found no committed offset for partition slow-events-2
16:25:31.191 [org.springframework.kafka.KafkaListenerEndpointContainer#0-0-C-1] INFO  o.a.k.c.consumer.internals.ConsumerCoordinator - [Consumer clientId=consumer-slow-consumer-group-1, groupId=slow-consumer-group] Found no committed offset for partition slow-events-1
16:25:31.191 [org.springframework.kafka.KafkaListenerEndpointContainer#0-0-C-1] INFO  o.a.kafka.clients.consumer.internals.ConsumerUtils - Setting offset for partition slow-events-0 to the committed offset FetchPosition{offset=1, offsetEpoch=Optional.empty, currentLeader=LeaderAndEpoch{leader=Optional[localhost:9092 (id: 1 rack: null isFenced: false)], epoch=0}}
16:25:31.193 [org.springframework.kafka.KafkaListenerEndpointContainer#0-0-C-1] INFO  o.a.k.clients.consumer.internals.SubscriptionState - [Consumer clientId=consumer-slow-consumer-group-1, groupId=slow-consumer-group] Resetting offset for partition slow-events-2 to position FetchPosition{offset=0, offsetEpoch=Optional.empty, currentLeader=LeaderAndEpoch{leader=Optional[localhost:9092 (id: 1 rack: null isFenced: false)], epoch=0}}.
16:25:31.193 [org.springframework.kafka.KafkaListenerEndpointContainer#0-0-C-1] INFO  o.a.k.clients.consumer.internals.SubscriptionState - [Consumer clientId=consumer-slow-consumer-group-1, groupId=slow-consumer-group] Resetting offset for partition slow-events-1 to position FetchPosition{offset=0, offsetEpoch=Optional.empty, currentLeader=LeaderAndEpoch{leader=Optional[localhost:9092 (id: 1 rack: null isFenced: false)], epoch=0}}.
16:25:31.193 [org.springframework.kafka.KafkaListenerEndpointContainer#0-0-C-1] INFO  o.s.kafka.listener.KafkaMessageListenerContainer - slow-consumer-group: partitions assigned: [slow-events-0, slow-events-1, slow-events-2]
16:25:31.197 [org.springframework.kafka.KafkaListenerEndpointContainer#0-0-C-1] DEBUG o.s.kafka.listener.KafkaMessageListenerContainer - Received: 1 records
16:25:31.197 [org.springframework.kafka.KafkaListenerEndpointContainer#0-0-C-1] DEBUG o.s.k.l.a.RecordMessagingMessageListenerAdapter - Processing [GenericMessage [payload=DemoEvent(id=472138ad-6d5f-4b67-b8c6-e96870c125c9, payload=demo-event-4, slow=true, retryTrigger=false, createdAt=2026-08-25T08:24:11.418200Z), headers={kafka_offset=1, kafka_consumer=org.springframework.kafka.core.DefaultKafkaConsumerFactory$ExtendedKafkaConsumer@4d006356, kafka_timestampType=CREATE_TIME, kafka_receivedPartitionId=0, kafka_receivedMessageKey=1, kafka_receivedTopic=slow-events, kafka_receivedTimestamp=1787646251418, kafka_acknowledgment=Acknowledgment for slow-events-0@1, kafka_groupId=slow-consumer-group}]]
16:25:31.197 [org.springframework.kafka.KafkaListenerEndpointContainer#0-0-C-1] INFO  c.e.kafkarebalance.listener.SlowEventListener - 收到消息 id=472138ad-6d5f-4b67-b8c6-e96870c125c9 partition=0 slow=true
16:25:31.197 [org.springframework.kafka.KafkaListenerEndpointContainer#0-0-C-1] WARN  c.e.kafkarebalance.listener.SlowEventListener - 模拟慢处理开始：id=472138ad-6d5f-4b67-b8c6-e96870c125c9 将阻塞 10000ms（超过 max.poll.interval.ms=6000ms，预期触发 rebalance）
16:25:34.187 [kafka-coordinator-heartbeat-thread | slow-consumer-group] DEBUG o.a.k.c.consumer.internals.ConsumerCoordinator - [Consumer clientId=consumer-slow-consumer-group-1, groupId=slow-consumer-group] Sending Heartbeat request with generation 19 and member id consumer-slow-consumer-group-1-c697d5bc-87a5-4a21-83c4-b89262504e0d to coordinator localhost:9092 (id: 2147483646 rack: null isFenced: false)
16:25:34.290 [kafka-coordinator-heartbeat-thread | slow-consumer-group] DEBUG o.a.k.c.consumer.internals.ConsumerCoordinator - [Consumer clientId=consumer-slow-consumer-group-1, groupId=slow-consumer-group] Received successful Heartbeat response
16:25:37.276 [kafka-coordinator-heartbeat-thread | slow-consumer-group] WARN  o.a.k.c.consumer.internals.ConsumerCoordinator - [Consumer clientId=consumer-slow-consumer-group-1, groupId=slow-consumer-group] consumer poll timeout has expired. This means the time between subsequent calls to poll() was longer than the configured max.poll.interval.ms, which typically implies that the poll loop is spending too much time processing messages. You can address this either by increasing max.poll.interval.ms or by reducing the maximum size of batches returned in poll() with max.poll.records.
16:25:37.276 [kafka-coordinator-heartbeat-thread | slow-consumer-group] INFO  o.a.k.c.consumer.internals.ConsumerCoordinator - [Consumer clientId=consumer-slow-consumer-group-1, groupId=slow-consumer-group] Member consumer-slow-consumer-group-1-c697d5bc-87a5-4a21-83c4-b89262504e0d sending LeaveGroup request to coordinator localhost:9092 (id: 2147483646 rack: null isFenced: false) due to consumer poll timeout has expired.
16:25:37.277 [kafka-coordinator-heartbeat-thread | slow-consumer-group] INFO  o.a.k.c.consumer.internals.ConsumerCoordinator - [Consumer clientId=consumer-slow-consumer-group-1, groupId=slow-consumer-group] Resetting generation and member id due to: consumer pro-actively leaving the group
16:25:37.277 [kafka-coordinator-heartbeat-thread | slow-consumer-group] INFO  o.a.k.c.consumer.internals.ConsumerCoordinator - [Consumer clientId=consumer-slow-consumer-group-1, groupId=slow-consumer-group] Request joining group due to: consumer pro-actively leaving the group
16:25:41.202 [org.springframework.kafka.KafkaListenerEndpointContainer#0-0-C-1] DEBUG o.s.kafka.listener.KafkaMessageListenerContainer - Committing: {slow-events-0=OffsetAndMetadata{offset=2, leaderEpoch=null, metadata=''}}
16:25:41.202 [org.springframework.kafka.KafkaListenerEndpointContainer#0-0-C-1] INFO  o.a.k.c.consumer.internals.ConsumerCoordinator - [Consumer clientId=consumer-slow-consumer-group-1, groupId=slow-consumer-group] Failing OffsetCommit request since the consumer is not part of an active group
16:25:41.203 [org.springframework.kafka.KafkaListenerEndpointContainer#0-0-C-1] DEBUG o.a.k.c.consumer.internals.ConsumerCoordinator - [Consumer clientId=consumer-slow-consumer-group-1, groupId=slow-consumer-group] LeaveGroup response with Generation{generationId=19, memberId='consumer-slow-consumer-group-1-c697d5bc-87a5-4a21-83c4-b89262504e0d', protocol='range'} returned successfully: ClientResponse(receivedTimeMs=1787646341203, latencyMs=3927, disconnected=false, timedOut=false, requestHeader=RequestHeader(apiKey=LEAVE_GROUP, apiVersion=5, clientId=consumer-slow-consumer-group-1, correlationId=88, headerVersion=2), responseBody=LeaveGroupResponseData(throttleTimeMs=0, errorCode=0, members=[MemberResponse(memberId='consumer-slow-consumer-group-1-c697d5bc-87a5-4a21-83c4-b89262504e0d', groupInstanceId=null, errorCode=0)]))
16:25:41.203 [org.springframework.kafka.KafkaListenerEndpointContainer#0-0-C-1] WARN  c.e.kafkarebalance.listener.SlowEventListener - 提交 offset 失败，可能因 rebalance 导致该分区已被回收 id=472138ad-6d5f-4b67-b8c6-e96870c125c9
org.apache.kafka.clients.consumer.CommitFailedException: Offset commit cannot be completed since the consumer is not part of an active group for auto partition assignment; it is likely that the consumer was kicked out of the group.
	at org.apache.kafka.clients.consumer.internals.ConsumerCoordinator.sendOffsetCommitRequest(ConsumerCoordinator.java:1320)
	at org.apache.kafka.clients.consumer.internals.ConsumerCoordinator.commitOffsetsSync(ConsumerCoordinator.java:1155)
	at org.apache.kafka.clients.consumer.internals.ClassicKafkaConsumer.commitSync(ClassicKafkaConsumer.java:747)
	at org.apache.kafka.clients.consumer.KafkaConsumer.commitSync(KafkaConsumer.java:1094)
	at org.springframework.kafka.listener.KafkaMessageListenerContainer$ListenerConsumer.doCommitSync(KafkaMessageListenerContainer.java:3474)
	at org.springframework.kafka.listener.KafkaMessageListenerContainer$ListenerConsumer.commitSync(KafkaMessageListenerContainer.java:3469)
	at org.springframework.kafka.listener.KafkaMessageListenerContainer$ListenerConsumer.commitOffsets(KafkaMessageListenerContainer.java:3452)
	at org.springframework.kafka.listener.KafkaMessageListenerContainer$ListenerConsumer.commitOffsetsInTransactions(KafkaMessageListenerContainer.java:3443)
	at org.springframework.kafka.listener.KafkaMessageListenerContainer$ListenerConsumer.ackImmediate(KafkaMessageListenerContainer.java:2187)
	at org.springframework.kafka.listener.KafkaMessageListenerContainer$ListenerConsumer.processAck(KafkaMessageListenerContainer.java:2082)
	at org.springframework.kafka.listener.KafkaMessageListenerContainer$ListenerConsumer.doAck(KafkaMessageListenerContainer.java:2062)
	at org.springframework.kafka.listener.KafkaMessageListenerContainer$ListenerConsumer$ConsumerAcknowledgment.acknowledge(KafkaMessageListenerContainer.java:3622)
	at com.example.kafkarebalance.listener.SlowEventListener.onMessage(SlowEventListener.kt:51)
	at java.base/jdk.internal.reflect.DirectMethodHandleAccessor.invoke(DirectMethodHandleAccessor.java:104)
	at java.base/java.lang.reflect.Method.invoke(Method.java:565)
	at org.springframework.messaging.handler.invocation.InvocableHandlerMethod.doInvoke(InvocableHandlerMethod.java:168)
	at org.springframework.kafka.listener.adapter.KotlinAwareInvocableHandlerMethod.doInvoke(KotlinAwareInvocableHandlerMethod.java:48)
	at org.springframework.messaging.handler.invocation.InvocableHandlerMethod.invoke(InvocableHandlerMethod.java:119)
	at org.springframework.kafka.listener.adapter.HandlerAdapter.invoke(HandlerAdapter.java:80)
	at org.springframework.kafka.listener.adapter.MessagingMessageListenerAdapter.invokeHandler(MessagingMessageListenerAdapter.java:488)
	at org.springframework.kafka.listener.adapter.MessagingMessageListenerAdapter.invoke(MessagingMessageListenerAdapter.java:425)
	at org.springframework.kafka.listener.adapter.RecordMessagingMessageListenerAdapter.onMessage(RecordMessagingMessageListenerAdapter.java:92)
	at org.springframework.kafka.listener.adapter.RecordMessagingMessageListenerAdapter.onMessage(RecordMessagingMessageListenerAdapter.java:52)
	at org.springframework.kafka.listener.KafkaMessageListenerContainer$ListenerConsumer.doInvokeOnMessage(KafkaMessageListenerContainer.java:2948)
	at org.springframework.kafka.listener.KafkaMessageListenerContainer$ListenerConsumer.invokeOnMessage(KafkaMessageListenerContainer.java:2927)
	at org.springframework.kafka.listener.KafkaMessageListenerContainer$ListenerConsumer.doInvokeRecordListener(KafkaMessageListenerContainer.java:2837)
	at org.springframework.kafka.listener.KafkaMessageListenerContainer$ListenerConsumer.doInvokeWithRecords(KafkaMessageListenerContainer.java:2679)
	at org.springframework.kafka.listener.KafkaMessageListenerContainer$ListenerConsumer.invokeRecordListener(KafkaMessageListenerContainer.java:2573)
	at org.springframework.kafka.listener.KafkaMessageListenerContainer$ListenerConsumer.invokeListener(KafkaMessageListenerContainer.java:2204)
	at org.springframework.kafka.listener.KafkaMessageListenerContainer$ListenerConsumer.invokeIfHaveRecords(KafkaMessageListenerContainer.java:1559)
	at org.springframework.kafka.listener.KafkaMessageListenerContainer$ListenerConsumer.pollAndInvoke(KafkaMessageListenerContainer.java:1499)
	at org.springframework.kafka.listener.KafkaMessageListenerContainer$ListenerConsumer.run(KafkaMessageListenerContainer.java:1368)
	at java.base/java.util.concurrent.CompletableFuture$AsyncRun.run(CompletableFuture.java:1825)
	at java.base/java.lang.Thread.run(Thread.java:1474)
16:25:41.203 [org.springframework.kafka.KafkaListenerEndpointContainer#0-0-C-1] DEBUG o.a.k.c.consumer.internals.ConsumerCoordinator - [Consumer clientId=consumer-slow-consumer-group-1, groupId=slow-consumer-group] Executing onJoinPrepare with generation -1 and memberId 
16:25:41.203 [org.springframework.kafka.KafkaListenerEndpointContainer#0-0-C-1] INFO  o.a.k.c.consumer.internals.ConsumerCoordinator - [Consumer clientId=consumer-slow-consumer-group-1, groupId=slow-consumer-group] Giving away all assigned partitions as lost since generation/memberID has been reset,indicating that consumer is in old state or no longer part of the group
16:25:41.203 [org.springframework.kafka.KafkaListenerEndpointContainer#0-0-C-1] INFO  o.a.k.c.c.i.ConsumerRebalanceListenerInvoker - [Consumer clientId=consumer-slow-consumer-group-1, groupId=slow-consumer-group] Lost previously assigned partitions [slow-events-0, slow-events-1, slow-events-2]
16:25:41.203 [org.springframework.kafka.KafkaListenerEndpointContainer#0-0-C-1] INFO  o.s.kafka.listener.KafkaMessageListenerContainer - slow-consumer-group: partitions lost: [slow-events-0, slow-events-1, slow-events-2]
16:25:41.203 [org.springframework.kafka.KafkaListenerEndpointContainer#0-0-C-1] INFO  o.s.kafka.listener.KafkaMessageListenerContainer - slow-consumer-group: partitions revoked: [slow-events-0, slow-events-1, slow-events-2]
16:25:41.203 [org.springframework.kafka.KafkaListenerEndpointContainer#0-0-C-1] INFO  o.a.k.c.consumer.internals.ConsumerCoordinator - [Consumer clientId=consumer-slow-consumer-group-1, groupId=slow-consumer-group] (Re-)joining group
16:25:41.203 [org.springframework.kafka.KafkaListenerEndpointContainer#0-0-C-1] DEBUG o.a.k.c.consumer.internals.ConsumerCoordinator - [Consumer clientId=consumer-slow-consumer-group-1, groupId=slow-consumer-group] Joining group with current subscription: [slow-events]
16:25:41.203 [org.springframework.kafka.KafkaListenerEndpointContainer#0-0-C-1] DEBUG o.a.k.c.consumer.internals.ConsumerCoordinator - [Consumer clientId=consumer-slow-consumer-group-1, groupId=slow-consumer-group] Sending JoinGroup (JoinGroupRequestData(groupId='slow-consumer-group', sessionTimeoutMs=10000, rebalanceTimeoutMs=6000, memberId='', groupInstanceId=null, protocolType='consumer', protocols=[JoinGroupRequestProtocol(name='range', metadata=[0, 3, 0, 0, 0, 1, 0, 11, 115, 108, 111, 119, 45, 101, 118, 101, 110, 116, 115, -1, -1, -1, -1, 0, 0, 0, 0, -1, -1, -1, -1, -1, -1]), JoinGroupRequestProtocol(name='cooperative-sticky', metadata=[0, 3, 0, 0, 0, 1, 0, 11, 115, 108, 111, 119, 45, 101, 118, 101, 110, 116, 115, 0, 0, 0, 4, -1, -1, -1, -1, 0, 0, 0, 0, -1, -1, -1, -1, -1, -1])], reason='consumer pro-actively leaving the group')) to coordinator localhost:9092 (id: 2147483646 rack: null isFenced: false)
16:25:41.206 [org.springframework.kafka.KafkaListenerEndpointContainer#0-0-C-1] DEBUG o.a.k.c.consumer.internals.ConsumerCoordinator - [Consumer clientId=consumer-slow-consumer-group-1, groupId=slow-consumer-group] JoinGroup failed due to non-fatal error: MEMBER_ID_REQUIRED. Will set the member id as consumer-slow-consumer-group-1-abd336ab-610d-4df1-aad5-9fd2bf34df9e and then rejoin. Sent generation was Generation{generationId=-1, memberId='', protocol='null'}
16:25:41.206 [org.springframework.kafka.KafkaListenerEndpointContainer#0-0-C-1] INFO  o.a.k.c.consumer.internals.ConsumerCoordinator - [Consumer clientId=consumer-slow-consumer-group-1, groupId=slow-consumer-group] Request joining group due to: need to re-join with the given member-id: consumer-slow-consumer-group-1-abd336ab-610d-4df1-aad5-9fd2bf34df9e
16:25:41.206 [org.springframework.kafka.KafkaListenerEndpointContainer#0-0-C-1] INFO  o.a.k.c.consumer.internals.ConsumerCoordinator - [Consumer clientId=consumer-slow-consumer-group-1, groupId=slow-consumer-group] (Re-)joining group
16:25:41.206 [org.springframework.kafka.KafkaListenerEndpointContainer#0-0-C-1] DEBUG o.a.k.c.consumer.internals.ConsumerCoordinator - [Consumer clientId=consumer-slow-consumer-group-1, groupId=slow-consumer-group] Joining group with current subscription: [slow-events]
16:25:41.206 [org.springframework.kafka.KafkaListenerEndpointContainer#0-0-C-1] DEBUG o.a.k.c.consumer.internals.ConsumerCoordinator - [Consumer clientId=consumer-slow-consumer-group-1, groupId=slow-consumer-group] Sending JoinGroup (JoinGroupRequestData(groupId='slow-consumer-group', sessionTimeoutMs=10000, rebalanceTimeoutMs=6000, memberId='consumer-slow-consumer-group-1-abd336ab-610d-4df1-aad5-9fd2bf34df9e', groupInstanceId=null, protocolType='consumer', protocols=[JoinGroupRequestProtocol(name='range', metadata=[0, 3, 0, 0, 0, 1, 0, 11, 115, 108, 111, 119, 45, 101, 118, 101, 110, 116, 115, -1, -1, -1, -1, 0, 0, 0, 0, -1, -1, -1, -1, -1, -1]), JoinGroupRequestProtocol(name='cooperative-sticky', metadata=[0, 3, 0, 0, 0, 1, 0, 11, 115, 108, 111, 119, 45, 101, 118, 101, 110, 116, 115, 0, 0, 0, 4, -1, -1, -1, -1, 0, 0, 0, 0, -1, -1, -1, -1, -1, -1])], reason='need to re-join with the given member-id: consumer-slow-consumer-group-1-abd336ab-610d-4df1-aad5-9fd2bf34df9e')) to coordinator localhost:9092 (id: 2147483646 rack: null isFenced: false)
16:25:41.209 [org.springframework.kafka.KafkaListenerEndpointContainer#0-0-C-1] DEBUG o.a.k.c.consumer.internals.ConsumerCoordinator - [Consumer clientId=consumer-slow-consumer-group-1, groupId=slow-consumer-group] Received successful JoinGroup response: JoinGroupResponseData(throttleTimeMs=0, errorCode=0, generationId=21, protocolType='consumer', protocolName='range', leader='consumer-slow-consumer-group-1-abd336ab-610d-4df1-aad5-9fd2bf34df9e', skipAssignment=false, memberId='consumer-slow-consumer-group-1-abd336ab-610d-4df1-aad5-9fd2bf34df9e', members=[JoinGroupResponseMember(memberId='consumer-slow-consumer-group-1-abd336ab-610d-4df1-aad5-9fd2bf34df9e', groupInstanceId=null, metadata=[0, 3, 0, 0, 0, 1, 0, 11, 115, 108, 111, 119, 45, 101, 118, 101, 110, 116, 115, -1, -1, -1, -1, 0, 0, 0, 0, -1, -1, -1, -1, -1, -1])])
16:25:41.209 [org.springframework.kafka.KafkaListenerEndpointContainer#0-0-C-1] DEBUG o.a.k.c.consumer.internals.ConsumerCoordinator - [Consumer clientId=consumer-slow-consumer-group-1, groupId=slow-consumer-group] Enabling heartbeat thread
16:25:41.209 [org.springframework.kafka.KafkaListenerEndpointContainer#0-0-C-1] INFO  o.a.k.c.consumer.internals.ConsumerCoordinator - [Consumer clientId=consumer-slow-consumer-group-1, groupId=slow-consumer-group] Successfully joined group with generation Generation{generationId=21, memberId='consumer-slow-consumer-group-1-abd336ab-610d-4df1-aad5-9fd2bf34df9e', protocol='range'}
16:25:41.209 [org.springframework.kafka.KafkaListenerEndpointContainer#0-0-C-1] DEBUG o.a.k.c.consumer.internals.ConsumerCoordinator - [Consumer clientId=consumer-slow-consumer-group-1, groupId=slow-consumer-group] Performing assignment using strategy range with subscriptions {consumer-slow-consumer-group-1-abd336ab-610d-4df1-aad5-9fd2bf34df9e=Subscription(topics=[slow-events], ownedPartitions=[], groupInstanceId=null, generationId=-1, rackId=null)}
16:25:41.209 [org.springframework.kafka.KafkaListenerEndpointContainer#0-0-C-1] INFO  o.a.k.c.consumer.internals.ConsumerCoordinator - [Consumer clientId=consumer-slow-consumer-group-1, groupId=slow-consumer-group] Finished assignment for group at generation 21: {consumer-slow-consumer-group-1-abd336ab-610d-4df1-aad5-9fd2bf34df9e=Assignment(partitions=[slow-events-0, slow-events-1, slow-events-2])}
16:25:41.209 [org.springframework.kafka.KafkaListenerEndpointContainer#0-0-C-1] DEBUG o.a.k.c.consumer.internals.ConsumerCoordinator - [Consumer clientId=consumer-slow-consumer-group-1, groupId=slow-consumer-group] Sending leader SyncGroup to coordinator localhost:9092 (id: 2147483646 rack: null isFenced: false): SyncGroupRequestData(groupId='slow-consumer-group', generationId=21, memberId='consumer-slow-consumer-group-1-abd336ab-610d-4df1-aad5-9fd2bf34df9e', groupInstanceId=null, protocolType='consumer', protocolName='range', assignments=[SyncGroupRequestAssignment(memberId='consumer-slow-consumer-group-1-abd336ab-610d-4df1-aad5-9fd2bf34df9e', assignment=[0, 3, 0, 0, 0, 1, 0, 11, 115, 108, 111, 119, 45, 101, 118, 101, 110, 116, 115, 0, 0, 0, 3, 0, 0, 0, 0, 0, 0, 0, 1, 0, 0, 0, 2, -1, -1, -1, -1])])
16:25:41.210 [org.springframework.kafka.KafkaListenerEndpointContainer#0-0-C-1] DEBUG o.a.k.c.consumer.internals.ConsumerCoordinator - [Consumer clientId=consumer-slow-consumer-group-1, groupId=slow-consumer-group] Received successful SyncGroup response: SyncGroupResponseData(throttleTimeMs=0, errorCode=0, protocolType='consumer', protocolName='range', assignment=[0, 3, 0, 0, 0, 1, 0, 11, 115, 108, 111, 119, 45, 101, 118, 101, 110, 116, 115, 0, 0, 0, 3, 0, 0, 0, 0, 0, 0, 0, 1, 0, 0, 0, 2, -1, -1, -1, -1])
16:25:41.210 [org.springframework.kafka.KafkaListenerEndpointContainer#0-0-C-1] INFO  o.a.k.c.consumer.internals.ConsumerCoordinator - [Consumer clientId=consumer-slow-consumer-group-1, groupId=slow-consumer-group] Successfully synced group in generation Generation{generationId=21, memberId='consumer-slow-consumer-group-1-abd336ab-610d-4df1-aad5-9fd2bf34df9e', protocol='range'}
16:25:41.210 [org.springframework.kafka.KafkaListenerEndpointContainer#0-0-C-1] DEBUG o.a.k.c.consumer.internals.ConsumerCoordinator - [Consumer clientId=consumer-slow-consumer-group-1, groupId=slow-consumer-group] Executing onJoinComplete with generation 21 and memberId consumer-slow-consumer-group-1-abd336ab-610d-4df1-aad5-9fd2bf34df9e
16:25:41.210 [org.springframework.kafka.KafkaListenerEndpointContainer#0-0-C-1] INFO  o.a.k.c.consumer.internals.ConsumerCoordinator - [Consumer clientId=consumer-slow-consumer-group-1, groupId=slow-consumer-group] Notifying assignor about the new Assignment(partitions=[slow-events-0, slow-events-1, slow-events-2])
16:25:41.210 [org.springframework.kafka.KafkaListenerEndpointContainer#0-0-C-1] INFO  o.a.k.c.c.i.ConsumerRebalanceListenerInvoker - [Consumer clientId=consumer-slow-consumer-group-1, groupId=slow-consumer-group] Adding newly assigned partitions: [slow-events-0, slow-events-1, slow-events-2]
16:25:41.210 [org.springframework.kafka.KafkaListenerEndpointContainer#0-0-C-1] DEBUG o.a.k.c.consumer.internals.ConsumerCoordinator - [Consumer clientId=consumer-slow-consumer-group-1, groupId=slow-consumer-group] Fetching committed offsets for partitions: [slow-events-2, slow-events-1, slow-events-0]
16:25:41.211 [org.springframework.kafka.KafkaListenerEndpointContainer#0-0-C-1] INFO  o.a.k.c.consumer.internals.ConsumerCoordinator - [Consumer clientId=consumer-slow-consumer-group-1, groupId=slow-consumer-group] Found no committed offset for partition slow-events-2
16:25:41.211 [org.springframework.kafka.KafkaListenerEndpointContainer#0-0-C-1] INFO  o.a.k.c.consumer.internals.ConsumerCoordinator - [Consumer clientId=consumer-slow-consumer-group-1, groupId=slow-consumer-group] Found no committed offset for partition slow-events-1
16:25:41.211 [org.springframework.kafka.KafkaListenerEndpointContainer#0-0-C-1] INFO  o.a.kafka.clients.consumer.internals.ConsumerUtils - Setting offset for partition slow-events-0 to the committed offset FetchPosition{offset=1, offsetEpoch=Optional.empty, currentLeader=LeaderAndEpoch{leader=Optional[localhost:9092 (id: 1 rack: null isFenced: false)], epoch=0}}
16:25:41.212 [org.springframework.kafka.KafkaListenerEndpointContainer#0-0-C-1] INFO  o.a.k.clients.consumer.internals.SubscriptionState - [Consumer clientId=consumer-slow-consumer-group-1, groupId=slow-consumer-group] Resetting offset for partition slow-events-2 to position FetchPosition{offset=0, offsetEpoch=Optional.empty, currentLeader=LeaderAndEpoch{leader=Optional[localhost:9092 (id: 1 rack: null isFenced: false)], epoch=0}}.
16:25:41.213 [org.springframework.kafka.KafkaListenerEndpointContainer#0-0-C-1] INFO  o.a.k.clients.consumer.internals.SubscriptionState - [Consumer clientId=consumer-slow-consumer-group-1, groupId=slow-consumer-group] Resetting offset for partition slow-events-1 to position FetchPosition{offset=0, offsetEpoch=Optional.empty, currentLeader=LeaderAndEpoch{leader=Optional[localhost:9092 (id: 1 rack: null isFenced: false)], epoch=0}}.
16:25:41.213 [org.springframework.kafka.KafkaListenerEndpointContainer#0-0-C-1] INFO  o.s.kafka.listener.KafkaMessageListenerContainer - slow-consumer-group: partitions assigned: [slow-events-0, slow-events-1, slow-events-2]
16:25:41.215 [org.springframework.kafka.KafkaListenerEndpointContainer#0-0-C-1] DEBUG o.s.kafka.listener.KafkaMessageListenerContainer - Received: 1 records
16:25:41.215 [org.springframework.kafka.KafkaListenerEndpointContainer#0-0-C-1] DEBUG o.s.k.l.a.RecordMessagingMessageListenerAdapter - Processing [GenericMessage [payload=DemoEvent(id=472138ad-6d5f-4b67-b8c6-e96870c125c9, payload=demo-event-4, slow=true, retryTrigger=false, createdAt=2026-08-25T08:24:11.418200Z), headers={kafka_offset=1, kafka_consumer=org.springframework.kafka.core.DefaultKafkaConsumerFactory$ExtendedKafkaConsumer@4d006356, kafka_timestampType=CREATE_TIME, kafka_receivedPartitionId=0, kafka_receivedMessageKey=1, kafka_receivedTopic=slow-events, kafka_receivedTimestamp=1787646251418, kafka_acknowledgment=Acknowledgment for slow-events-0@1, kafka_groupId=slow-consumer-group}]]
16:25:41.215 [org.springframework.kafka.KafkaListenerEndpointContainer#0-0-C-1] INFO  c.e.kafkarebalance.listener.SlowEventListener - 收到消息 id=472138ad-6d5f-4b67-b8c6-e96870c125c9 partition=0 slow=true
16:25:41.215 [org.springframework.kafka.KafkaListenerEndpointContainer#0-0-C-1] WARN  c.e.kafkarebalance.listener.SlowEventListener - 模拟慢处理开始：id=472138ad-6d5f-4b67-b8c6-e96870c125c9 将阻塞 10000ms（超过 max.poll.interval.ms=6000ms，预期触发 rebalance）
16:25:44.212 [kafka-coordinator-heartbeat-thread | slow-consumer-group] DEBUG o.a.k.c.consumer.internals.ConsumerCoordinator - [Consumer clientId=consumer-slow-consumer-group-1, groupId=slow-consumer-group] Sending Heartbeat request with generation 21 and member id consumer-slow-consumer-group-1-abd336ab-610d-4df1-aad5-9fd2bf34df9e to coordinator localhost:9092 (id: 2147483646 rack: null isFenced: false)
16:25:44.317 [kafka-coordinator-heartbeat-thread | slow-consumer-group] DEBUG o.a.k.c.consumer.internals.ConsumerCoordinator - [Consumer clientId=consumer-slow-consumer-group-1, groupId=slow-consumer-group] Received successful Heartbeat response
16:25:47.227 [kafka-coordinator-heartbeat-thread | slow-consumer-group] WARN  o.a.k.c.consumer.internals.ConsumerCoordinator - [Consumer clientId=consumer-slow-consumer-group-1, groupId=slow-consumer-group] consumer poll timeout has expired. This means the time between subsequent calls to poll() was longer than the configured max.poll.interval.ms, which typically implies that the poll loop is spending too much time processing messages. You can address this either by increasing max.poll.interval.ms or by reducing the maximum size of batches returned in poll() with max.poll.records.
16:25:47.227 [kafka-coordinator-heartbeat-thread | slow-consumer-group] INFO  o.a.k.c.consumer.internals.ConsumerCoordinator - [Consumer clientId=consumer-slow-consumer-group-1, groupId=slow-consumer-group] Member consumer-slow-consumer-group-1-abd336ab-610d-4df1-aad5-9fd2bf34df9e sending LeaveGroup request to coordinator localhost:9092 (id: 2147483646 rack: null isFenced: false) due to consumer poll timeout has expired.
16:25:47.228 [kafka-coordinator-heartbeat-thread | slow-consumer-group] INFO  o.a.k.c.consumer.internals.ConsumerCoordinator - [Consumer clientId=consumer-slow-consumer-group-1, groupId=slow-consumer-group] Resetting generation and member id due to: consumer pro-actively leaving the group
16:25:47.229 [kafka-coordinator-heartbeat-thread | slow-consumer-group] INFO  o.a.k.c.consumer.internals.ConsumerCoordinator - [Consumer clientId=consumer-slow-consumer-group-1, groupId=slow-consumer-group] Request joining group due to: consumer pro-actively leaving the group
16:25:51.220 [org.springframework.kafka.KafkaListenerEndpointContainer#0-0-C-1] DEBUG o.s.kafka.listener.KafkaMessageListenerContainer - Committing: {slow-events-0=OffsetAndMetadata{offset=2, leaderEpoch=null, metadata=''}}
16:25:51.220 [org.springframework.kafka.KafkaListenerEndpointContainer#0-0-C-1] INFO  o.a.k.c.consumer.internals.ConsumerCoordinator - [Consumer clientId=consumer-slow-consumer-group-1, groupId=slow-consumer-group] Failing OffsetCommit request since the consumer is not part of an active group
16:25:51.220 [org.springframework.kafka.KafkaListenerEndpointContainer#0-0-C-1] DEBUG o.a.k.c.consumer.internals.ConsumerCoordinator - [Consumer clientId=consumer-slow-consumer-group-1, groupId=slow-consumer-group] LeaveGroup response with Generation{generationId=21, memberId='consumer-slow-consumer-group-1-abd336ab-610d-4df1-aad5-9fd2bf34df9e', protocol='range'} returned successfully: ClientResponse(receivedTimeMs=1787646351220, latencyMs=3993, disconnected=false, timedOut=false, requestHeader=RequestHeader(apiKey=LEAVE_GROUP, apiVersion=5, clientId=consumer-slow-consumer-group-1, correlationId=96, headerVersion=2), responseBody=LeaveGroupResponseData(throttleTimeMs=0, errorCode=0, members=[MemberResponse(memberId='consumer-slow-consumer-group-1-abd336ab-610d-4df1-aad5-9fd2bf34df9e', groupInstanceId=null, errorCode=0)]))
16:25:51.221 [org.springframework.kafka.KafkaListenerEndpointContainer#0-0-C-1] WARN  c.e.kafkarebalance.listener.SlowEventListener - 提交 offset 失败，可能因 rebalance 导致该分区已被回收 id=472138ad-6d5f-4b67-b8c6-e96870c125c9
org.apache.kafka.clients.consumer.CommitFailedException: Offset commit cannot be completed since the consumer is not part of an active group for auto partition assignment; it is likely that the consumer was kicked out of the group.
	at org.apache.kafka.clients.consumer.internals.ConsumerCoordinator.sendOffsetCommitRequest(ConsumerCoordinator.java:1320)
	at org.apache.kafka.clients.consumer.internals.ConsumerCoordinator.commitOffsetsSync(ConsumerCoordinator.java:1155)
	at org.apache.kafka.clients.consumer.internals.ClassicKafkaConsumer.commitSync(ClassicKafkaConsumer.java:747)
	at org.apache.kafka.clients.consumer.KafkaConsumer.commitSync(KafkaConsumer.java:1094)
	at org.springframework.kafka.listener.KafkaMessageListenerContainer$ListenerConsumer.doCommitSync(KafkaMessageListenerContainer.java:3474)
	at org.springframework.kafka.listener.KafkaMessageListenerContainer$ListenerConsumer.commitSync(KafkaMessageListenerContainer.java:3469)
	at org.springframework.kafka.listener.KafkaMessageListenerContainer$ListenerConsumer.commitOffsets(KafkaMessageListenerContainer.java:3452)
	at org.springframework.kafka.listener.KafkaMessageListenerContainer$ListenerConsumer.commitOffsetsInTransactions(KafkaMessageListenerContainer.java:3443)
	at org.springframework.kafka.listener.KafkaMessageListenerContainer$ListenerConsumer.ackImmediate(KafkaMessageListenerContainer.java:2187)
	at org.springframework.kafka.listener.KafkaMessageListenerContainer$ListenerConsumer.processAck(KafkaMessageListenerContainer.java:2082)
	at org.springframework.kafka.listener.KafkaMessageListenerContainer$ListenerConsumer.doAck(KafkaMessageListenerContainer.java:2062)
	at org.springframework.kafka.listener.KafkaMessageListenerContainer$ListenerConsumer$ConsumerAcknowledgment.acknowledge(KafkaMessageListenerContainer.java:3622)
	at com.example.kafkarebalance.listener.SlowEventListener.onMessage(SlowEventListener.kt:51)
	at java.base/jdk.internal.reflect.DirectMethodHandleAccessor.invoke(DirectMethodHandleAccessor.java:104)
	at java.base/java.lang.reflect.Method.invoke(Method.java:565)
	at org.springframework.messaging.handler.invocation.InvocableHandlerMethod.doInvoke(InvocableHandlerMethod.java:168)
	at org.springframework.kafka.listener.adapter.KotlinAwareInvocableHandlerMethod.doInvoke(KotlinAwareInvocableHandlerMethod.java:48)
	at org.springframework.messaging.handler.invocation.InvocableHandlerMethod.invoke(InvocableHandlerMethod.java:119)
	at org.springframework.kafka.listener.adapter.HandlerAdapter.invoke(HandlerAdapter.java:80)
	at org.springframework.kafka.listener.adapter.MessagingMessageListenerAdapter.invokeHandler(MessagingMessageListenerAdapter.java:488)
	at org.springframework.kafka.listener.adapter.MessagingMessageListenerAdapter.invoke(MessagingMessageListenerAdapter.java:425)
	at org.springframework.kafka.listener.adapter.RecordMessagingMessageListenerAdapter.onMessage(RecordMessagingMessageListenerAdapter.java:92)
	at org.springframework.kafka.listener.adapter.RecordMessagingMessageListenerAdapter.onMessage(RecordMessagingMessageListenerAdapter.java:52)
	at org.springframework.kafka.listener.KafkaMessageListenerContainer$ListenerConsumer.doInvokeOnMessage(KafkaMessageListenerContainer.java:2948)
	at org.springframework.kafka.listener.KafkaMessageListenerContainer$ListenerConsumer.invokeOnMessage(KafkaMessageListenerContainer.java:2927)
	at org.springframework.kafka.listener.KafkaMessageListenerContainer$ListenerConsumer.doInvokeRecordListener(KafkaMessageListenerContainer.java:2837)
	at org.springframework.kafka.listener.KafkaMessageListenerContainer$ListenerConsumer.doInvokeWithRecords(KafkaMessageListenerContainer.java:2679)
	at org.springframework.kafka.listener.KafkaMessageListenerContainer$ListenerConsumer.invokeRecordListener(KafkaMessageListenerContainer.java:2573)
	at org.springframework.kafka.listener.KafkaMessageListenerContainer$ListenerConsumer.invokeListener(KafkaMessageListenerContainer.java:2204)
	at org.springframework.kafka.listener.KafkaMessageListenerContainer$ListenerConsumer.invokeIfHaveRecords(KafkaMessageListenerContainer.java:1559)
	at org.springframework.kafka.listener.KafkaMessageListenerContainer$ListenerConsumer.pollAndInvoke(KafkaMessageListenerContainer.java:1499)
	at org.springframework.kafka.listener.KafkaMessageListenerContainer$ListenerConsumer.run(KafkaMessageListenerContainer.java:1368)
	at java.base/java.util.concurrent.CompletableFuture$AsyncRun.run(CompletableFuture.java:1825)
	at java.base/java.lang.Thread.run(Thread.java:1474)
16:25:51.221 [org.springframework.kafka.KafkaListenerEndpointContainer#0-0-C-1] DEBUG o.a.k.c.consumer.internals.ConsumerCoordinator - [Consumer clientId=consumer-slow-consumer-group-1, groupId=slow-consumer-group] Executing onJoinPrepare with generation -1 and memberId 
16:25:51.221 [org.springframework.kafka.KafkaListenerEndpointContainer#0-0-C-1] INFO  o.a.k.c.consumer.internals.ConsumerCoordinator - [Consumer clientId=consumer-slow-consumer-group-1, groupId=slow-consumer-group] Giving away all assigned partitions as lost since generation/memberID has been reset,indicating that consumer is in old state or no longer part of the group
16:25:51.221 [org.springframework.kafka.KafkaListenerEndpointContainer#0-0-C-1] INFO  o.a.k.c.c.i.ConsumerRebalanceListenerInvoker - [Consumer clientId=consumer-slow-consumer-group-1, groupId=slow-consumer-group] Lost previously assigned partitions [slow-events-0, slow-events-1, slow-events-2]
16:25:51.221 [org.springframework.kafka.KafkaListenerEndpointContainer#0-0-C-1] INFO  o.s.kafka.listener.KafkaMessageListenerContainer - slow-consumer-group: partitions lost: [slow-events-0, slow-events-1, slow-events-2]
16:25:51.221 [org.springframework.kafka.KafkaListenerEndpointContainer#0-0-C-1] INFO  o.s.kafka.listener.KafkaMessageListenerContainer - slow-consumer-group: partitions revoked: [slow-events-0, slow-events-1, slow-events-2]
16:25:51.221 [org.springframework.kafka.KafkaListenerEndpointContainer#0-0-C-1] INFO  o.a.k.c.consumer.internals.ConsumerCoordinator - [Consumer clientId=consumer-slow-consumer-group-1, groupId=slow-consumer-group] (Re-)joining group
16:25:51.221 [org.springframework.kafka.KafkaListenerEndpointContainer#0-0-C-1] DEBUG o.a.k.c.consumer.internals.ConsumerCoordinator - [Consumer clientId=consumer-slow-consumer-group-1, groupId=slow-consumer-group] Joining group with current subscription: [slow-events]
16:25:51.221 [org.springframework.kafka.KafkaListenerEndpointContainer#0-0-C-1] DEBUG o.a.k.c.consumer.internals.ConsumerCoordinator - [Consumer clientId=consumer-slow-consumer-group-1, groupId=slow-consumer-group] Sending JoinGroup (JoinGroupRequestData(groupId='slow-consumer-group', sessionTimeoutMs=10000, rebalanceTimeoutMs=6000, memberId='', groupInstanceId=null, protocolType='consumer', protocols=[JoinGroupRequestProtocol(name='range', metadata=[0, 3, 0, 0, 0, 1, 0, 11, 115, 108, 111, 119, 45, 101, 118, 101, 110, 116, 115, -1, -1, -1, -1, 0, 0, 0, 0, -1, -1, -1, -1, -1, -1]), JoinGroupRequestProtocol(name='cooperative-sticky', metadata=[0, 3, 0, 0, 0, 1, 0, 11, 115, 108, 111, 119, 45, 101, 118, 101, 110, 116, 115, 0, 0, 0, 4, -1, -1, -1, -1, 0, 0, 0, 0, -1, -1, -1, -1, -1, -1])], reason='consumer pro-actively leaving the group')) to coordinator localhost:9092 (id: 2147483646 rack: null isFenced: false)
16:25:51.223 [org.springframework.kafka.KafkaListenerEndpointContainer#0-0-C-1] DEBUG o.a.k.c.consumer.internals.ConsumerCoordinator - [Consumer clientId=consumer-slow-consumer-group-1, groupId=slow-consumer-group] JoinGroup failed due to non-fatal error: MEMBER_ID_REQUIRED. Will set the member id as consumer-slow-consumer-group-1-d31b93f4-c1cf-466a-9fff-c704cac41609 and then rejoin. Sent generation was Generation{generationId=-1, memberId='', protocol='null'}
16:25:51.223 [org.springframework.kafka.KafkaListenerEndpointContainer#0-0-C-1] INFO  o.a.k.c.consumer.internals.ConsumerCoordinator - [Consumer clientId=consumer-slow-consumer-group-1, groupId=slow-consumer-group] Request joining group due to: need to re-join with the given member-id: consumer-slow-consumer-group-1-d31b93f4-c1cf-466a-9fff-c704cac41609
16:25:51.223 [org.springframework.kafka.KafkaListenerEndpointContainer#0-0-C-1] INFO  o.a.k.c.consumer.internals.ConsumerCoordinator - [Consumer clientId=consumer-slow-consumer-group-1, groupId=slow-consumer-group] (Re-)joining group
16:25:51.223 [org.springframework.kafka.KafkaListenerEndpointContainer#0-0-C-1] DEBUG o.a.k.c.consumer.internals.ConsumerCoordinator - [Consumer clientId=consumer-slow-consumer-group-1, groupId=slow-consumer-group] Joining group with current subscription: [slow-events]
16:25:51.223 [org.springframework.kafka.KafkaListenerEndpointContainer#0-0-C-1] DEBUG o.a.k.c.consumer.internals.ConsumerCoordinator - [Consumer clientId=consumer-slow-consumer-group-1, groupId=slow-consumer-group] Sending JoinGroup (JoinGroupRequestData(groupId='slow-consumer-group', sessionTimeoutMs=10000, rebalanceTimeoutMs=6000, memberId='consumer-slow-consumer-group-1-d31b93f4-c1cf-466a-9fff-c704cac41609', groupInstanceId=null, protocolType='consumer', protocols=[JoinGroupRequestProtocol(name='range', metadata=[0, 3, 0, 0, 0, 1, 0, 11, 115, 108, 111, 119, 45, 101, 118, 101, 110, 116, 115, -1, -1, -1, -1, 0, 0, 0, 0, -1, -1, -1, -1, -1, -1]), JoinGroupRequestProtocol(name='cooperative-sticky', metadata=[0, 3, 0, 0, 0, 1, 0, 11, 115, 108, 111, 119, 45, 101, 118, 101, 110, 116, 115, 0, 0, 0, 4, -1, -1, -1, -1, 0, 0, 0, 0, -1, -1, -1, -1, -1, -1])], reason='need to re-join with the given member-id: consumer-slow-consumer-group-1-d31b93f4-c1cf-466a-9fff-c704cac41609')) to coordinator localhost:9092 (id: 2147483646 rack: null isFenced: false)
16:25:51.225 [org.springframework.kafka.KafkaListenerEndpointContainer#0-0-C-1] DEBUG o.a.k.c.consumer.internals.ConsumerCoordinator - [Consumer clientId=consumer-slow-consumer-group-1, groupId=slow-consumer-group] Received successful JoinGroup response: JoinGroupResponseData(throttleTimeMs=0, errorCode=0, generationId=23, protocolType='consumer', protocolName='range', leader='consumer-slow-consumer-group-1-d31b93f4-c1cf-466a-9fff-c704cac41609', skipAssignment=false, memberId='consumer-slow-consumer-group-1-d31b93f4-c1cf-466a-9fff-c704cac41609', members=[JoinGroupResponseMember(memberId='consumer-slow-consumer-group-1-d31b93f4-c1cf-466a-9fff-c704cac41609', groupInstanceId=null, metadata=[0, 3, 0, 0, 0, 1, 0, 11, 115, 108, 111, 119, 45, 101, 118, 101, 110, 116, 115, -1, -1, -1, -1, 0, 0, 0, 0, -1, -1, -1, -1, -1, -1])])
16:25:51.225 [org.springframework.kafka.KafkaListenerEndpointContainer#0-0-C-1] DEBUG o.a.k.c.consumer.internals.ConsumerCoordinator - [Consumer clientId=consumer-slow-consumer-group-1, groupId=slow-consumer-group] Enabling heartbeat thread
16:25:51.225 [org.springframework.kafka.KafkaListenerEndpointContainer#0-0-C-1] INFO  o.a.k.c.consumer.internals.ConsumerCoordinator - [Consumer clientId=consumer-slow-consumer-group-1, groupId=slow-consumer-group] Successfully joined group with generation Generation{generationId=23, memberId='consumer-slow-consumer-group-1-d31b93f4-c1cf-466a-9fff-c704cac41609', protocol='range'}
16:25:51.225 [org.springframework.kafka.KafkaListenerEndpointContainer#0-0-C-1] DEBUG o.a.k.c.consumer.internals.ConsumerCoordinator - [Consumer clientId=consumer-slow-consumer-group-1, groupId=slow-consumer-group] Performing assignment using strategy range with subscriptions {consumer-slow-consumer-group-1-d31b93f4-c1cf-466a-9fff-c704cac41609=Subscription(topics=[slow-events], ownedPartitions=[], groupInstanceId=null, generationId=-1, rackId=null)}
16:25:51.225 [org.springframework.kafka.KafkaListenerEndpointContainer#0-0-C-1] INFO  o.a.k.c.consumer.internals.ConsumerCoordinator - [Consumer clientId=consumer-slow-consumer-group-1, groupId=slow-consumer-group] Finished assignment for group at generation 23: {consumer-slow-consumer-group-1-d31b93f4-c1cf-466a-9fff-c704cac41609=Assignment(partitions=[slow-events-0, slow-events-1, slow-events-2])}
16:25:51.225 [org.springframework.kafka.KafkaListenerEndpointContainer#0-0-C-1] DEBUG o.a.k.c.consumer.internals.ConsumerCoordinator - [Consumer clientId=consumer-slow-consumer-group-1, groupId=slow-consumer-group] Sending leader SyncGroup to coordinator localhost:9092 (id: 2147483646 rack: null isFenced: false): SyncGroupRequestData(groupId='slow-consumer-group', generationId=23, memberId='consumer-slow-consumer-group-1-d31b93f4-c1cf-466a-9fff-c704cac41609', groupInstanceId=null, protocolType='consumer', protocolName='range', assignments=[SyncGroupRequestAssignment(memberId='consumer-slow-consumer-group-1-d31b93f4-c1cf-466a-9fff-c704cac41609', assignment=[0, 3, 0, 0, 0, 1, 0, 11, 115, 108, 111, 119, 45, 101, 118, 101, 110, 116, 115, 0, 0, 0, 3, 0, 0, 0, 0, 0, 0, 0, 1, 0, 0, 0, 2, -1, -1, -1, -1])])
16:25:51.227 [org.springframework.kafka.KafkaListenerEndpointContainer#0-0-C-1] DEBUG o.a.k.c.consumer.internals.ConsumerCoordinator - [Consumer clientId=consumer-slow-consumer-group-1, groupId=slow-consumer-group] Received successful SyncGroup response: SyncGroupResponseData(throttleTimeMs=0, errorCode=0, protocolType='consumer', protocolName='range', assignment=[0, 3, 0, 0, 0, 1, 0, 11, 115, 108, 111, 119, 45, 101, 118, 101, 110, 116, 115, 0, 0, 0, 3, 0, 0, 0, 0, 0, 0, 0, 1, 0, 0, 0, 2, -1, -1, -1, -1])
16:25:51.227 [org.springframework.kafka.KafkaListenerEndpointContainer#0-0-C-1] INFO  o.a.k.c.consumer.internals.ConsumerCoordinator - [Consumer clientId=consumer-slow-consumer-group-1, groupId=slow-consumer-group] Successfully synced group in generation Generation{generationId=23, memberId='consumer-slow-consumer-group-1-d31b93f4-c1cf-466a-9fff-c704cac41609', protocol='range'}
16:25:51.227 [org.springframework.kafka.KafkaListenerEndpointContainer#0-0-C-1] DEBUG o.a.k.c.consumer.internals.ConsumerCoordinator - [Consumer clientId=consumer-slow-consumer-group-1, groupId=slow-consumer-group] Executing onJoinComplete with generation 23 and memberId consumer-slow-consumer-group-1-d31b93f4-c1cf-466a-9fff-c704cac41609
16:25:51.227 [org.springframework.kafka.KafkaListenerEndpointContainer#0-0-C-1] INFO  o.a.k.c.consumer.internals.ConsumerCoordinator - [Consumer clientId=consumer-slow-consumer-group-1, groupId=slow-consumer-group] Notifying assignor about the new Assignment(partitions=[slow-events-0, slow-events-1, slow-events-2])
16:25:51.227 [org.springframework.kafka.KafkaListenerEndpointContainer#0-0-C-1] INFO  o.a.k.c.c.i.ConsumerRebalanceListenerInvoker - [Consumer clientId=consumer-slow-consumer-group-1, groupId=slow-consumer-group] Adding newly assigned partitions: [slow-events-0, slow-events-1, slow-events-2]
16:25:51.227 [org.springframework.kafka.KafkaListenerEndpointContainer#0-0-C-1] DEBUG o.a.k.c.consumer.internals.ConsumerCoordinator - [Consumer clientId=consumer-slow-consumer-group-1, groupId=slow-consumer-group] Fetching committed offsets for partitions: [slow-events-2, slow-events-1, slow-events-0]
16:25:51.228 [org.springframework.kafka.KafkaListenerEndpointContainer#0-0-C-1] INFO  o.a.k.c.consumer.internals.ConsumerCoordinator - [Consumer clientId=consumer-slow-consumer-group-1, groupId=slow-consumer-group] Found no committed offset for partition slow-events-2
16:25:51.228 [org.springframework.kafka.KafkaListenerEndpointContainer#0-0-C-1] INFO  o.a.k.c.consumer.internals.ConsumerCoordinator - [Consumer clientId=consumer-slow-consumer-group-1, groupId=slow-consumer-group] Found no committed offset for partition slow-events-1
16:25:51.228 [org.springframework.kafka.KafkaListenerEndpointContainer#0-0-C-1] INFO  o.a.kafka.clients.consumer.internals.ConsumerUtils - Setting offset for partition slow-events-0 to the committed offset FetchPosition{offset=1, offsetEpoch=Optional.empty, currentLeader=LeaderAndEpoch{leader=Optional[localhost:9092 (id: 1 rack: null isFenced: false)], epoch=0}}
16:25:51.229 [org.springframework.kafka.KafkaListenerEndpointContainer#0-0-C-1] INFO  o.a.k.clients.consumer.internals.SubscriptionState - [Consumer clientId=consumer-slow-consumer-group-1, groupId=slow-consumer-group] Resetting offset for partition slow-events-2 to position FetchPosition{offset=0, offsetEpoch=Optional.empty, currentLeader=LeaderAndEpoch{leader=Optional[localhost:9092 (id: 1 rack: null isFenced: false)], epoch=0}}.
16:25:51.229 [org.springframework.kafka.KafkaListenerEndpointContainer#0-0-C-1] INFO  o.a.k.clients.consumer.internals.SubscriptionState - [Consumer clientId=consumer-slow-consumer-group-1, groupId=slow-consumer-group] Resetting offset for partition slow-events-1 to position FetchPosition{offset=0, offsetEpoch=Optional.empty, currentLeader=LeaderAndEpoch{leader=Optional[localhost:9092 (id: 1 rack: null isFenced: false)], epoch=0}}.
16:25:51.230 [org.springframework.kafka.KafkaListenerEndpointContainer#0-0-C-1] INFO  o.s.kafka.listener.KafkaMessageListenerContainer - slow-consumer-group: partitions assigned: [slow-events-0, slow-events-1, slow-events-2]
16:25:51.232 [org.springframework.kafka.KafkaListenerEndpointContainer#0-0-C-1] DEBUG o.s.kafka.listener.KafkaMessageListenerContainer - Received: 1 records
16:25:51.232 [org.springframework.kafka.KafkaListenerEndpointContainer#0-0-C-1] DEBUG o.s.k.l.a.RecordMessagingMessageListenerAdapter - Processing [GenericMessage [payload=DemoEvent(id=472138ad-6d5f-4b67-b8c6-e96870c125c9, payload=demo-event-4, slow=true, retryTrigger=false, createdAt=2026-08-25T08:24:11.418200Z), headers={kafka_offset=1, kafka_consumer=org.springframework.kafka.core.DefaultKafkaConsumerFactory$ExtendedKafkaConsumer@4d006356, kafka_timestampType=CREATE_TIME, kafka_receivedPartitionId=0, kafka_receivedMessageKey=1, kafka_receivedTopic=slow-events, kafka_receivedTimestamp=1787646251418, kafka_acknowledgment=Acknowledgment for slow-events-0@1, kafka_groupId=slow-consumer-group}]]
16:25:51.232 [org.springframework.kafka.KafkaListenerEndpointContainer#0-0-C-1] INFO  c.e.kafkarebalance.listener.SlowEventListener - 收到消息 id=472138ad-6d5f-4b67-b8c6-e96870c125c9 partition=0 slow=true
16:25:51.232 [org.springframework.kafka.KafkaListenerEndpointContainer#0-0-C-1] WARN  c.e.kafkarebalance.listener.SlowEventListener - 模拟慢处理开始：id=472138ad-6d5f-4b67-b8c6-e96870c125c9 将阻塞 10000ms（超过 max.poll.interval.ms=6000ms，预期触发 rebalance）
16:25:54.321 [kafka-coordinator-heartbeat-thread | slow-consumer-group] DEBUG o.a.k.c.consumer.internals.ConsumerCoordinator - [Consumer clientId=consumer-slow-consumer-group-1, groupId=slow-consumer-group] Sending Heartbeat request with generation 23 and member id consumer-slow-consumer-group-1-d31b93f4-c1cf-466a-9fff-c704cac41609 to coordinator localhost:9092 (id: 2147483646 rack: null isFenced: false)
16:25:54.426 [kafka-coordinator-heartbeat-thread | slow-consumer-group] DEBUG o.a.k.c.consumer.internals.ConsumerCoordinator - [Consumer clientId=consumer-slow-consumer-group-1, groupId=slow-consumer-group] Received successful Heartbeat response
16:25:57.324 [kafka-coordinator-heartbeat-thread | slow-consumer-group] WARN  o.a.k.c.consumer.internals.ConsumerCoordinator - [Consumer clientId=consumer-slow-consumer-group-1, groupId=slow-consumer-group] consumer poll timeout has expired. This means the time between subsequent calls to poll() was longer than the configured max.poll.interval.ms, which typically implies that the poll loop is spending too much time processing messages. You can address this either by increasing max.poll.interval.ms or by reducing the maximum size of batches returned in poll() with max.poll.records.
16:25:57.324 [kafka-coordinator-heartbeat-thread | slow-consumer-group] INFO  o.a.k.c.consumer.internals.ConsumerCoordinator - [Consumer clientId=consumer-slow-consumer-group-1, groupId=slow-consumer-group] Member consumer-slow-consumer-group-1-d31b93f4-c1cf-466a-9fff-c704cac41609 sending LeaveGroup request to coordinator localhost:9092 (id: 2147483646 rack: null isFenced: false) due to consumer poll timeout has expired.
16:25:57.325 [kafka-coordinator-heartbeat-thread | slow-consumer-group] INFO  o.a.k.c.consumer.internals.ConsumerCoordinator - [Consumer clientId=consumer-slow-consumer-group-1, groupId=slow-consumer-group] Resetting generation and member id due to: consumer pro-actively leaving the group
16:25:57.325 [kafka-coordinator-heartbeat-thread | slow-consumer-group] INFO  o.a.k.c.consumer.internals.ConsumerCoordinator - [Consumer clientId=consumer-slow-consumer-group-1, groupId=slow-consumer-group] Request joining group due to: consumer pro-actively leaving the group
16:26:01.237 [org.springframework.kafka.KafkaListenerEndpointContainer#0-0-C-1] DEBUG o.s.kafka.listener.KafkaMessageListenerContainer - Committing: {slow-events-0=OffsetAndMetadata{offset=2, leaderEpoch=null, metadata=''}}
16:26:01.237 [org.springframework.kafka.KafkaListenerEndpointContainer#0-0-C-1] INFO  o.a.k.c.consumer.internals.ConsumerCoordinator - [Consumer clientId=consumer-slow-consumer-group-1, groupId=slow-consumer-group] Failing OffsetCommit request since the consumer is not part of an active group
16:26:01.238 [org.springframework.kafka.KafkaListenerEndpointContainer#0-0-C-1] DEBUG o.a.k.c.consumer.internals.ConsumerCoordinator - [Consumer clientId=consumer-slow-consumer-group-1, groupId=slow-consumer-group] LeaveGroup response with Generation{generationId=23, memberId='consumer-slow-consumer-group-1-d31b93f4-c1cf-466a-9fff-c704cac41609', protocol='range'} returned successfully: ClientResponse(receivedTimeMs=1787646361238, latencyMs=3914, disconnected=false, timedOut=false, requestHeader=RequestHeader(apiKey=LEAVE_GROUP, apiVersion=5, clientId=consumer-slow-consumer-group-1, correlationId=104, headerVersion=2), responseBody=LeaveGroupResponseData(throttleTimeMs=0, errorCode=0, members=[MemberResponse(memberId='consumer-slow-consumer-group-1-d31b93f4-c1cf-466a-9fff-c704cac41609', groupInstanceId=null, errorCode=0)]))
16:26:01.238 [org.springframework.kafka.KafkaListenerEndpointContainer#0-0-C-1] WARN  c.e.kafkarebalance.listener.SlowEventListener - 提交 offset 失败，可能因 rebalance 导致该分区已被回收 id=472138ad-6d5f-4b67-b8c6-e96870c125c9
org.apache.kafka.clients.consumer.CommitFailedException: Offset commit cannot be completed since the consumer is not part of an active group for auto partition assignment; it is likely that the consumer was kicked out of the group.
	at org.apache.kafka.clients.consumer.internals.ConsumerCoordinator.sendOffsetCommitRequest(ConsumerCoordinator.java:1320)
	at org.apache.kafka.clients.consumer.internals.ConsumerCoordinator.commitOffsetsSync(ConsumerCoordinator.java:1155)
	at org.apache.kafka.clients.consumer.internals.ClassicKafkaConsumer.commitSync(ClassicKafkaConsumer.java:747)
	at org.apache.kafka.clients.consumer.KafkaConsumer.commitSync(KafkaConsumer.java:1094)
	at org.springframework.kafka.listener.KafkaMessageListenerContainer$ListenerConsumer.doCommitSync(KafkaMessageListenerContainer.java:3474)
	at org.springframework.kafka.listener.KafkaMessageListenerContainer$ListenerConsumer.commitSync(KafkaMessageListenerContainer.java:3469)
	at org.springframework.kafka.listener.KafkaMessageListenerContainer$ListenerConsumer.commitOffsets(KafkaMessageListenerContainer.java:3452)
	at org.springframework.kafka.listener.KafkaMessageListenerContainer$ListenerConsumer.commitOffsetsInTransactions(KafkaMessageListenerContainer.java:3443)
	at org.springframework.kafka.listener.KafkaMessageListenerContainer$ListenerConsumer.ackImmediate(KafkaMessageListenerContainer.java:2187)
	at org.springframework.kafka.listener.KafkaMessageListenerContainer$ListenerConsumer.processAck(KafkaMessageListenerContainer.java:2082)
	at org.springframework.kafka.listener.KafkaMessageListenerContainer$ListenerConsumer.doAck(KafkaMessageListenerContainer.java:2062)
	at org.springframework.kafka.listener.KafkaMessageListenerContainer$ListenerConsumer$ConsumerAcknowledgment.acknowledge(KafkaMessageListenerContainer.java:3622)
	at com.example.kafkarebalance.listener.SlowEventListener.onMessage(SlowEventListener.kt:51)
	at java.base/jdk.internal.reflect.DirectMethodHandleAccessor.invoke(DirectMethodHandleAccessor.java:104)
	at java.base/java.lang.reflect.Method.invoke(Method.java:565)
	at org.springframework.messaging.handler.invocation.InvocableHandlerMethod.doInvoke(InvocableHandlerMethod.java:168)
	at org.springframework.kafka.listener.adapter.KotlinAwareInvocableHandlerMethod.doInvoke(KotlinAwareInvocableHandlerMethod.java:48)
	at org.springframework.messaging.handler.invocation.InvocableHandlerMethod.invoke(InvocableHandlerMethod.java:119)
	at org.springframework.kafka.listener.adapter.HandlerAdapter.invoke(HandlerAdapter.java:80)
	at org.springframework.kafka.listener.adapter.MessagingMessageListenerAdapter.invokeHandler(MessagingMessageListenerAdapter.java:488)
	at org.springframework.kafka.listener.adapter.MessagingMessageListenerAdapter.invoke(MessagingMessageListenerAdapter.java:425)
	at org.springframework.kafka.listener.adapter.RecordMessagingMessageListenerAdapter.onMessage(RecordMessagingMessageListenerAdapter.java:92)
	at org.springframework.kafka.listener.adapter.RecordMessagingMessageListenerAdapter.onMessage(RecordMessagingMessageListenerAdapter.java:52)
	at org.springframework.kafka.listener.KafkaMessageListenerContainer$ListenerConsumer.doInvokeOnMessage(KafkaMessageListenerContainer.java:2948)
	at org.springframework.kafka.listener.KafkaMessageListenerContainer$ListenerConsumer.invokeOnMessage(KafkaMessageListenerContainer.java:2927)
	at org.springframework.kafka.listener.KafkaMessageListenerContainer$ListenerConsumer.doInvokeRecordListener(KafkaMessageListenerContainer.java:2837)
	at org.springframework.kafka.listener.KafkaMessageListenerContainer$ListenerConsumer.doInvokeWithRecords(KafkaMessageListenerContainer.java:2679)
	at org.springframework.kafka.listener.KafkaMessageListenerContainer$ListenerConsumer.invokeRecordListener(KafkaMessageListenerContainer.java:2573)
	at org.springframework.kafka.listener.KafkaMessageListenerContainer$ListenerConsumer.invokeListener(KafkaMessageListenerContainer.java:2204)
	at org.springframework.kafka.listener.KafkaMessageListenerContainer$ListenerConsumer.invokeIfHaveRecords(KafkaMessageListenerContainer.java:1559)
	at org.springframework.kafka.listener.KafkaMessageListenerContainer$ListenerConsumer.pollAndInvoke(KafkaMessageListenerContainer.java:1499)
	at org.springframework.kafka.listener.KafkaMessageListenerContainer$ListenerConsumer.run(KafkaMessageListenerContainer.java:1368)
	at java.base/java.util.concurrent.CompletableFuture$AsyncRun.run(CompletableFuture.java:1825)
	at java.base/java.lang.Thread.run(Thread.java:1474)
16:26:01.239 [org.springframework.kafka.KafkaListenerEndpointContainer#0-0-C-1] DEBUG o.a.k.c.consumer.internals.ConsumerCoordinator - [Consumer clientId=consumer-slow-consumer-group-1, groupId=slow-consumer-group] Executing onJoinPrepare with generation -1 and memberId 
16:26:01.239 [org.springframework.kafka.KafkaListenerEndpointContainer#0-0-C-1] INFO  o.a.k.c.consumer.internals.ConsumerCoordinator - [Consumer clientId=consumer-slow-consumer-group-1, groupId=slow-consumer-group] Giving away all assigned partitions as lost since generation/memberID has been reset,indicating that consumer is in old state or no longer part of the group
16:26:01.239 [org.springframework.kafka.KafkaListenerEndpointContainer#0-0-C-1] INFO  o.a.k.c.c.i.ConsumerRebalanceListenerInvoker - [Consumer clientId=consumer-slow-consumer-group-1, groupId=slow-consumer-group] Lost previously assigned partitions [slow-events-0, slow-events-1, slow-events-2]
16:26:01.239 [org.springframework.kafka.KafkaListenerEndpointContainer#0-0-C-1] INFO  o.s.kafka.listener.KafkaMessageListenerContainer - slow-consumer-group: partitions lost: [slow-events-0, slow-events-1, slow-events-2]
16:26:01.239 [org.springframework.kafka.KafkaListenerEndpointContainer#0-0-C-1] INFO  o.s.kafka.listener.KafkaMessageListenerContainer - slow-consumer-group: partitions revoked: [slow-events-0, slow-events-1, slow-events-2]
16:26:01.239 [org.springframework.kafka.KafkaListenerEndpointContainer#0-0-C-1] INFO  o.a.k.c.consumer.internals.ConsumerCoordinator - [Consumer clientId=consumer-slow-consumer-group-1, groupId=slow-consumer-group] (Re-)joining group
16:26:01.239 [org.springframework.kafka.KafkaListenerEndpointContainer#0-0-C-1] DEBUG o.a.k.c.consumer.internals.ConsumerCoordinator - [Consumer clientId=consumer-slow-consumer-group-1, groupId=slow-consumer-group] Joining group with current subscription: [slow-events]
16:26:01.240 [org.springframework.kafka.KafkaListenerEndpointContainer#0-0-C-1] DEBUG o.a.k.c.consumer.internals.ConsumerCoordinator - [Consumer clientId=consumer-slow-consumer-group-1, groupId=slow-consumer-group] Sending JoinGroup (JoinGroupRequestData(groupId='slow-consumer-group', sessionTimeoutMs=10000, rebalanceTimeoutMs=6000, memberId='', groupInstanceId=null, protocolType='consumer', protocols=[JoinGroupRequestProtocol(name='range', metadata=[0, 3, 0, 0, 0, 1, 0, 11, 115, 108, 111, 119, 45, 101, 118, 101, 110, 116, 115, -1, -1, -1, -1, 0, 0, 0, 0, -1, -1, -1, -1, -1, -1]), JoinGroupRequestProtocol(name='cooperative-sticky', metadata=[0, 3, 0, 0, 0, 1, 0, 11, 115, 108, 111, 119, 45, 101, 118, 101, 110, 116, 115, 0, 0, 0, 4, -1, -1, -1, -1, 0, 0, 0, 0, -1, -1, -1, -1, -1, -1])], reason='consumer pro-actively leaving the group')) to coordinator localhost:9092 (id: 2147483646 rack: null isFenced: false)
16:26:01.250 [org.springframework.kafka.KafkaListenerEndpointContainer#0-0-C-1] DEBUG o.a.k.c.consumer.internals.ConsumerCoordinator - [Consumer clientId=consumer-slow-consumer-group-1, groupId=slow-consumer-group] JoinGroup failed due to non-fatal error: MEMBER_ID_REQUIRED. Will set the member id as consumer-slow-consumer-group-1-40e2b8e9-5819-4731-ad06-918437223533 and then rejoin. Sent generation was Generation{generationId=-1, memberId='', protocol='null'}
16:26:01.250 [org.springframework.kafka.KafkaListenerEndpointContainer#0-0-C-1] INFO  o.a.k.c.consumer.internals.ConsumerCoordinator - [Consumer clientId=consumer-slow-consumer-group-1, groupId=slow-consumer-group] Request joining group due to: need to re-join with the given member-id: consumer-slow-consumer-group-1-40e2b8e9-5819-4731-ad06-918437223533
16:26:01.250 [org.springframework.kafka.KafkaListenerEndpointContainer#0-0-C-1] INFO  o.a.k.c.consumer.internals.ConsumerCoordinator - [Consumer clientId=consumer-slow-consumer-group-1, groupId=slow-consumer-group] (Re-)joining group
16:26:01.250 [org.springframework.kafka.KafkaListenerEndpointContainer#0-0-C-1] DEBUG o.a.k.c.consumer.internals.ConsumerCoordinator - [Consumer clientId=consumer-slow-consumer-group-1, groupId=slow-consumer-group] Joining group with current subscription: [slow-events]
16:26:01.250 [org.springframework.kafka.KafkaListenerEndpointContainer#0-0-C-1] DEBUG o.a.k.c.consumer.internals.ConsumerCoordinator - [Consumer clientId=consumer-slow-consumer-group-1, groupId=slow-consumer-group] Sending JoinGroup (JoinGroupRequestData(groupId='slow-consumer-group', sessionTimeoutMs=10000, rebalanceTimeoutMs=6000, memberId='consumer-slow-consumer-group-1-40e2b8e9-5819-4731-ad06-918437223533', groupInstanceId=null, protocolType='consumer', protocols=[JoinGroupRequestProtocol(name='range', metadata=[0, 3, 0, 0, 0, 1, 0, 11, 115, 108, 111, 119, 45, 101, 118, 101, 110, 116, 115, -1, -1, -1, -1, 0, 0, 0, 0, -1, -1, -1, -1, -1, -1]), JoinGroupRequestProtocol(name='cooperative-sticky', metadata=[0, 3, 0, 0, 0, 1, 0, 11, 115, 108, 111, 119, 45, 101, 118, 101, 110, 116, 115, 0, 0, 0, 4, -1, -1, -1, -1, 0, 0, 0, 0, -1, -1, -1, -1, -1, -1])], reason='need to re-join with the given member-id: consumer-slow-consumer-group-1-40e2b8e9-5819-4731-ad06-918437223533')) to coordinator localhost:9092 (id: 2147483646 rack: null isFenced: false)
16:26:01.257 [org.springframework.kafka.KafkaListenerEndpointContainer#0-0-C-1] DEBUG o.a.k.c.consumer.internals.ConsumerCoordinator - [Consumer clientId=consumer-slow-consumer-group-1, groupId=slow-consumer-group] Received successful JoinGroup response: JoinGroupResponseData(throttleTimeMs=0, errorCode=0, generationId=25, protocolType='consumer', protocolName='range', leader='consumer-slow-consumer-group-1-40e2b8e9-5819-4731-ad06-918437223533', skipAssignment=false, memberId='consumer-slow-consumer-group-1-40e2b8e9-5819-4731-ad06-918437223533', members=[JoinGroupResponseMember(memberId='consumer-slow-consumer-group-1-40e2b8e9-5819-4731-ad06-918437223533', groupInstanceId=null, metadata=[0, 3, 0, 0, 0, 1, 0, 11, 115, 108, 111, 119, 45, 101, 118, 101, 110, 116, 115, -1, -1, -1, -1, 0, 0, 0, 0, -1, -1, -1, -1, -1, -1])])
16:26:01.257 [org.springframework.kafka.KafkaListenerEndpointContainer#0-0-C-1] DEBUG o.a.k.c.consumer.internals.ConsumerCoordinator - [Consumer clientId=consumer-slow-consumer-group-1, groupId=slow-consumer-group] Enabling heartbeat thread
16:26:01.257 [org.springframework.kafka.KafkaListenerEndpointContainer#0-0-C-1] INFO  o.a.k.c.consumer.internals.ConsumerCoordinator - [Consumer clientId=consumer-slow-consumer-group-1, groupId=slow-consumer-group] Successfully joined group with generation Generation{generationId=25, memberId='consumer-slow-consumer-group-1-40e2b8e9-5819-4731-ad06-918437223533', protocol='range'}
16:26:01.258 [org.springframework.kafka.KafkaListenerEndpointContainer#0-0-C-1] DEBUG o.a.k.c.consumer.internals.ConsumerCoordinator - [Consumer clientId=consumer-slow-consumer-group-1, groupId=slow-consumer-group] Performing assignment using strategy range with subscriptions {consumer-slow-consumer-group-1-40e2b8e9-5819-4731-ad06-918437223533=Subscription(topics=[slow-events], ownedPartitions=[], groupInstanceId=null, generationId=-1, rackId=null)}
16:26:01.258 [org.springframework.kafka.KafkaListenerEndpointContainer#0-0-C-1] INFO  o.a.k.c.consumer.internals.ConsumerCoordinator - [Consumer clientId=consumer-slow-consumer-group-1, groupId=slow-consumer-group] Finished assignment for group at generation 25: {consumer-slow-consumer-group-1-40e2b8e9-5819-4731-ad06-918437223533=Assignment(partitions=[slow-events-0, slow-events-1, slow-events-2])}
16:26:01.258 [org.springframework.kafka.KafkaListenerEndpointContainer#0-0-C-1] DEBUG o.a.k.c.consumer.internals.ConsumerCoordinator - [Consumer clientId=consumer-slow-consumer-group-1, groupId=slow-consumer-group] Sending leader SyncGroup to coordinator localhost:9092 (id: 2147483646 rack: null isFenced: false): SyncGroupRequestData(groupId='slow-consumer-group', generationId=25, memberId='consumer-slow-consumer-group-1-40e2b8e9-5819-4731-ad06-918437223533', groupInstanceId=null, protocolType='consumer', protocolName='range', assignments=[SyncGroupRequestAssignment(memberId='consumer-slow-consumer-group-1-40e2b8e9-5819-4731-ad06-918437223533', assignment=[0, 3, 0, 0, 0, 1, 0, 11, 115, 108, 111, 119, 45, 101, 118, 101, 110, 116, 115, 0, 0, 0, 3, 0, 0, 0, 0, 0, 0, 0, 1, 0, 0, 0, 2, -1, -1, -1, -1])])
16:26:01.264 [org.springframework.kafka.KafkaListenerEndpointContainer#0-0-C-1] DEBUG o.a.k.c.consumer.internals.ConsumerCoordinator - [Consumer clientId=consumer-slow-consumer-group-1, groupId=slow-consumer-group] Received successful SyncGroup response: SyncGroupResponseData(throttleTimeMs=0, errorCode=0, protocolType='consumer', protocolName='range', assignment=[0, 3, 0, 0, 0, 1, 0, 11, 115, 108, 111, 119, 45, 101, 118, 101, 110, 116, 115, 0, 0, 0, 3, 0, 0, 0, 0, 0, 0, 0, 1, 0, 0, 0, 2, -1, -1, -1, -1])
16:26:01.264 [org.springframework.kafka.KafkaListenerEndpointContainer#0-0-C-1] INFO  o.a.k.c.consumer.internals.ConsumerCoordinator - [Consumer clientId=consumer-slow-consumer-group-1, groupId=slow-consumer-group] Successfully synced group in generation Generation{generationId=25, memberId='consumer-slow-consumer-group-1-40e2b8e9-5819-4731-ad06-918437223533', protocol='range'}
16:26:01.264 [org.springframework.kafka.KafkaListenerEndpointContainer#0-0-C-1] DEBUG o.a.k.c.consumer.internals.ConsumerCoordinator - [Consumer clientId=consumer-slow-consumer-group-1, groupId=slow-consumer-group] Executing onJoinComplete with generation 25 and memberId consumer-slow-consumer-group-1-40e2b8e9-5819-4731-ad06-918437223533
16:26:01.265 [org.springframework.kafka.KafkaListenerEndpointContainer#0-0-C-1] INFO  o.a.k.c.consumer.internals.ConsumerCoordinator - [Consumer clientId=consumer-slow-consumer-group-1, groupId=slow-consumer-group] Notifying assignor about the new Assignment(partitions=[slow-events-0, slow-events-1, slow-events-2])
16:26:01.265 [org.springframework.kafka.KafkaListenerEndpointContainer#0-0-C-1] INFO  o.a.k.c.c.i.ConsumerRebalanceListenerInvoker - [Consumer clientId=consumer-slow-consumer-group-1, groupId=slow-consumer-group] Adding newly assigned partitions: [slow-events-0, slow-events-1, slow-events-2]
16:26:01.265 [org.springframework.kafka.KafkaListenerEndpointContainer#0-0-C-1] DEBUG o.a.k.c.consumer.internals.ConsumerCoordinator - [Consumer clientId=consumer-slow-consumer-group-1, groupId=slow-consumer-group] Fetching committed offsets for partitions: [slow-events-2, slow-events-1, slow-events-0]
16:26:01.268 [org.springframework.kafka.KafkaListenerEndpointContainer#0-0-C-1] INFO  o.a.k.c.consumer.internals.ConsumerCoordinator - [Consumer clientId=consumer-slow-consumer-group-1, groupId=slow-consumer-group] Found no committed offset for partition slow-events-2
16:26:01.268 [org.springframework.kafka.KafkaListenerEndpointContainer#0-0-C-1] INFO  o.a.k.c.consumer.internals.ConsumerCoordinator - [Consumer clientId=consumer-slow-consumer-group-1, groupId=slow-consumer-group] Found no committed offset for partition slow-events-1
16:26:01.268 [org.springframework.kafka.KafkaListenerEndpointContainer#0-0-C-1] INFO  o.a.kafka.clients.consumer.internals.ConsumerUtils - Setting offset for partition slow-events-0 to the committed offset FetchPosition{offset=1, offsetEpoch=Optional.empty, currentLeader=LeaderAndEpoch{leader=Optional[localhost:9092 (id: 1 rack: null isFenced: false)], epoch=0}}
16:26:01.271 [org.springframework.kafka.KafkaListenerEndpointContainer#0-0-C-1] INFO  o.a.k.clients.consumer.internals.SubscriptionState - [Consumer clientId=consumer-slow-consumer-group-1, groupId=slow-consumer-group] Resetting offset for partition slow-events-2 to position FetchPosition{offset=0, offsetEpoch=Optional.empty, currentLeader=LeaderAndEpoch{leader=Optional[localhost:9092 (id: 1 rack: null isFenced: false)], epoch=0}}.
16:26:01.271 [org.springframework.kafka.KafkaListenerEndpointContainer#0-0-C-1] INFO  o.a.k.clients.consumer.internals.SubscriptionState - [Consumer clientId=consumer-slow-consumer-group-1, groupId=slow-consumer-group] Resetting offset for partition slow-events-1 to position FetchPosition{offset=0, offsetEpoch=Optional.empty, currentLeader=LeaderAndEpoch{leader=Optional[localhost:9092 (id: 1 rack: null isFenced: false)], epoch=0}}.
16:26:01.271 [org.springframework.kafka.KafkaListenerEndpointContainer#0-0-C-1] INFO  o.s.kafka.listener.KafkaMessageListenerContainer - slow-consumer-group: partitions assigned: [slow-events-0, slow-events-1, slow-events-2]
16:26:01.275 [org.springframework.kafka.KafkaListenerEndpointContainer#0-0-C-1] DEBUG o.s.kafka.listener.KafkaMessageListenerContainer - Received: 1 records
16:26:01.275 [org.springframework.kafka.KafkaListenerEndpointContainer#0-0-C-1] DEBUG o.s.k.l.a.RecordMessagingMessageListenerAdapter - Processing [GenericMessage [payload=DemoEvent(id=472138ad-6d5f-4b67-b8c6-e96870c125c9, payload=demo-event-4, slow=true, retryTrigger=false, createdAt=2026-08-25T08:24:11.418200Z), headers={kafka_offset=1, kafka_consumer=org.springframework.kafka.core.DefaultKafkaConsumerFactory$ExtendedKafkaConsumer@4d006356, kafka_timestampType=CREATE_TIME, kafka_receivedPartitionId=0, kafka_receivedMessageKey=1, kafka_receivedTopic=slow-events, kafka_receivedTimestamp=1787646251418, kafka_acknowledgment=Acknowledgment for slow-events-0@1, kafka_groupId=slow-consumer-group}]]
16:26:01.275 [org.springframework.kafka.KafkaListenerEndpointContainer#0-0-C-1] INFO  c.e.kafkarebalance.listener.SlowEventListener - 收到消息 id=472138ad-6d5f-4b67-b8c6-e96870c125c9 partition=0 slow=true
16:26:01.275 [org.springframework.kafka.KafkaListenerEndpointContainer#0-0-C-1] WARN  c.e.kafkarebalance.listener.SlowEventListener - 模拟慢处理开始：id=472138ad-6d5f-4b67-b8c6-e96870c125c9 将阻塞 10000ms（超过 max.poll.interval.ms=6000ms，预期触发 rebalance）
16:26:04.259 [kafka-coordinator-heartbeat-thread | slow-consumer-group] DEBUG o.a.k.c.consumer.internals.ConsumerCoordinator - [Consumer clientId=consumer-slow-consumer-group-1, groupId=slow-consumer-group] Sending Heartbeat request with generation 25 and member id consumer-slow-consumer-group-1-40e2b8e9-5819-4731-ad06-918437223533 to coordinator localhost:9092 (id: 2147483646 rack: null isFenced: false)
16:26:04.361 [kafka-coordinator-heartbeat-thread | slow-consumer-group] DEBUG o.a.k.c.consumer.internals.ConsumerCoordinator - [Consumer clientId=consumer-slow-consumer-group-1, groupId=slow-consumer-group] Received successful Heartbeat response
16:26:07.352 [kafka-coordinator-heartbeat-thread | slow-consumer-group] WARN  o.a.k.c.consumer.internals.ConsumerCoordinator - [Consumer clientId=consumer-slow-consumer-group-1, groupId=slow-consumer-group] consumer poll timeout has expired. This means the time between subsequent calls to poll() was longer than the configured max.poll.interval.ms, which typically implies that the poll loop is spending too much time processing messages. You can address this either by increasing max.poll.interval.ms or by reducing the maximum size of batches returned in poll() with max.poll.records.
16:26:07.353 [kafka-coordinator-heartbeat-thread | slow-consumer-group] INFO  o.a.k.c.consumer.internals.ConsumerCoordinator - [Consumer clientId=consumer-slow-consumer-group-1, groupId=slow-consumer-group] Member consumer-slow-consumer-group-1-40e2b8e9-5819-4731-ad06-918437223533 sending LeaveGroup request to coordinator localhost:9092 (id: 2147483646 rack: null isFenced: false) due to consumer poll timeout has expired.
16:26:07.354 [kafka-coordinator-heartbeat-thread | slow-consumer-group] INFO  o.a.k.c.consumer.internals.ConsumerCoordinator - [Consumer clientId=consumer-slow-consumer-group-1, groupId=slow-consumer-group] Resetting generation and member id due to: consumer pro-actively leaving the group
16:26:07.354 [kafka-coordinator-heartbeat-thread | slow-consumer-group] INFO  o.a.k.c.consumer.internals.ConsumerCoordinator - [Consumer clientId=consumer-slow-consumer-group-1, groupId=slow-consumer-group] Request joining group due to: consumer pro-actively leaving the group
16:26:11.280 [org.springframework.kafka.KafkaListenerEndpointContainer#0-0-C-1] DEBUG o.s.kafka.listener.KafkaMessageListenerContainer - Committing: {slow-events-0=OffsetAndMetadata{offset=2, leaderEpoch=null, metadata=''}}
16:26:11.280 [org.springframework.kafka.KafkaListenerEndpointContainer#0-0-C-1] INFO  o.a.k.c.consumer.internals.ConsumerCoordinator - [Consumer clientId=consumer-slow-consumer-group-1, groupId=slow-consumer-group] Failing OffsetCommit request since the consumer is not part of an active group
16:26:11.281 [org.springframework.kafka.KafkaListenerEndpointContainer#0-0-C-1] DEBUG o.a.k.c.consumer.internals.ConsumerCoordinator - [Consumer clientId=consumer-slow-consumer-group-1, groupId=slow-consumer-group] LeaveGroup response with Generation{generationId=25, memberId='consumer-slow-consumer-group-1-40e2b8e9-5819-4731-ad06-918437223533', protocol='range'} returned successfully: ClientResponse(receivedTimeMs=1787646371281, latencyMs=3928, disconnected=false, timedOut=false, requestHeader=RequestHeader(apiKey=LEAVE_GROUP, apiVersion=5, clientId=consumer-slow-consumer-group-1, correlationId=112, headerVersion=2), responseBody=LeaveGroupResponseData(throttleTimeMs=0, errorCode=0, members=[MemberResponse(memberId='consumer-slow-consumer-group-1-40e2b8e9-5819-4731-ad06-918437223533', groupInstanceId=null, errorCode=0)]))
16:26:11.281 [org.springframework.kafka.KafkaListenerEndpointContainer#0-0-C-1] WARN  c.e.kafkarebalance.listener.SlowEventListener - 提交 offset 失败，可能因 rebalance 导致该分区已被回收 id=472138ad-6d5f-4b67-b8c6-e96870c125c9
org.apache.kafka.clients.consumer.CommitFailedException: Offset commit cannot be completed since the consumer is not part of an active group for auto partition assignment; it is likely that the consumer was kicked out of the group.
	at org.apache.kafka.clients.consumer.internals.ConsumerCoordinator.sendOffsetCommitRequest(ConsumerCoordinator.java:1320)
	at org.apache.kafka.clients.consumer.internals.ConsumerCoordinator.commitOffsetsSync(ConsumerCoordinator.java:1155)
	at org.apache.kafka.clients.consumer.internals.ClassicKafkaConsumer.commitSync(ClassicKafkaConsumer.java:747)
	at org.apache.kafka.clients.consumer.KafkaConsumer.commitSync(KafkaConsumer.java:1094)
	at org.springframework.kafka.listener.KafkaMessageListenerContainer$ListenerConsumer.doCommitSync(KafkaMessageListenerContainer.java:3474)
	at org.springframework.kafka.listener.KafkaMessageListenerContainer$ListenerConsumer.commitSync(KafkaMessageListenerContainer.java:3469)
	at org.springframework.kafka.listener.KafkaMessageListenerContainer$ListenerConsumer.commitOffsets(KafkaMessageListenerContainer.java:3452)
	at org.springframework.kafka.listener.KafkaMessageListenerContainer$ListenerConsumer.commitOffsetsInTransactions(KafkaMessageListenerContainer.java:3443)
	at org.springframework.kafka.listener.KafkaMessageListenerContainer$ListenerConsumer.ackImmediate(KafkaMessageListenerContainer.java:2187)
	at org.springframework.kafka.listener.KafkaMessageListenerContainer$ListenerConsumer.processAck(KafkaMessageListenerContainer.java:2082)
	at org.springframework.kafka.listener.KafkaMessageListenerContainer$ListenerConsumer.doAck(KafkaMessageListenerContainer.java:2062)
	at org.springframework.kafka.listener.KafkaMessageListenerContainer$ListenerConsumer$ConsumerAcknowledgment.acknowledge(KafkaMessageListenerContainer.java:3622)
	at com.example.kafkarebalance.listener.SlowEventListener.onMessage(SlowEventListener.kt:51)
	at java.base/jdk.internal.reflect.DirectMethodHandleAccessor.invoke(DirectMethodHandleAccessor.java:104)
	at java.base/java.lang.reflect.Method.invoke(Method.java:565)
	at org.springframework.messaging.handler.invocation.InvocableHandlerMethod.doInvoke(InvocableHandlerMethod.java:168)
	at org.springframework.kafka.listener.adapter.KotlinAwareInvocableHandlerMethod.doInvoke(KotlinAwareInvocableHandlerMethod.java:48)
	at org.springframework.messaging.handler.invocation.InvocableHandlerMethod.invoke(InvocableHandlerMethod.java:119)
	at org.springframework.kafka.listener.adapter.HandlerAdapter.invoke(HandlerAdapter.java:80)
	at org.springframework.kafka.listener.adapter.MessagingMessageListenerAdapter.invokeHandler(MessagingMessageListenerAdapter.java:488)
	at org.springframework.kafka.listener.adapter.MessagingMessageListenerAdapter.invoke(MessagingMessageListenerAdapter.java:425)
	at org.springframework.kafka.listener.adapter.RecordMessagingMessageListenerAdapter.onMessage(RecordMessagingMessageListenerAdapter.java:92)
	at org.springframework.kafka.listener.adapter.RecordMessagingMessageListenerAdapter.onMessage(RecordMessagingMessageListenerAdapter.java:52)
	at org.springframework.kafka.listener.KafkaMessageListenerContainer$ListenerConsumer.doInvokeOnMessage(KafkaMessageListenerContainer.java:2948)
	at org.springframework.kafka.listener.KafkaMessageListenerContainer$ListenerConsumer.invokeOnMessage(KafkaMessageListenerContainer.java:2927)
	at org.springframework.kafka.listener.KafkaMessageListenerContainer$ListenerConsumer.doInvokeRecordListener(KafkaMessageListenerContainer.java:2837)
	at org.springframework.kafka.listener.KafkaMessageListenerContainer$ListenerConsumer.doInvokeWithRecords(KafkaMessageListenerContainer.java:2679)
	at org.springframework.kafka.listener.KafkaMessageListenerContainer$ListenerConsumer.invokeRecordListener(KafkaMessageListenerContainer.java:2573)
	at org.springframework.kafka.listener.KafkaMessageListenerContainer$ListenerConsumer.invokeListener(KafkaMessageListenerContainer.java:2204)
	at org.springframework.kafka.listener.KafkaMessageListenerContainer$ListenerConsumer.invokeIfHaveRecords(KafkaMessageListenerContainer.java:1559)
	at org.springframework.kafka.listener.KafkaMessageListenerContainer$ListenerConsumer.pollAndInvoke(KafkaMessageListenerContainer.java:1499)
	at org.springframework.kafka.listener.KafkaMessageListenerContainer$ListenerConsumer.run(KafkaMessageListenerContainer.java:1368)
	at java.base/java.util.concurrent.CompletableFuture$AsyncRun.run(CompletableFuture.java:1825)
	at java.base/java.lang.Thread.run(Thread.java:1474)
16:26:11.282 [org.springframework.kafka.KafkaListenerEndpointContainer#0-0-C-1] DEBUG o.a.k.c.consumer.internals.ConsumerCoordinator - [Consumer clientId=consumer-slow-consumer-group-1, groupId=slow-consumer-group] Executing onJoinPrepare with generation -1 and memberId 
16:26:11.283 [org.springframework.kafka.KafkaListenerEndpointContainer#0-0-C-1] INFO  o.a.k.c.consumer.internals.ConsumerCoordinator - [Consumer clientId=consumer-slow-consumer-group-1, groupId=slow-consumer-group] Giving away all assigned partitions as lost since generation/memberID has been reset,indicating that consumer is in old state or no longer part of the group
16:26:11.283 [org.springframework.kafka.KafkaListenerEndpointContainer#0-0-C-1] INFO  o.a.k.c.c.i.ConsumerRebalanceListenerInvoker - [Consumer clientId=consumer-slow-consumer-group-1, groupId=slow-consumer-group] Lost previously assigned partitions [slow-events-0, slow-events-1, slow-events-2]
16:26:11.283 [org.springframework.kafka.KafkaListenerEndpointContainer#0-0-C-1] INFO  o.s.kafka.listener.KafkaMessageListenerContainer - slow-consumer-group: partitions lost: [slow-events-0, slow-events-1, slow-events-2]
16:26:11.283 [org.springframework.kafka.KafkaListenerEndpointContainer#0-0-C-1] INFO  o.s.kafka.listener.KafkaMessageListenerContainer - slow-consumer-group: partitions revoked: [slow-events-0, slow-events-1, slow-events-2]
16:26:11.283 [org.springframework.kafka.KafkaListenerEndpointContainer#0-0-C-1] INFO  o.a.k.c.consumer.internals.ConsumerCoordinator - [Consumer clientId=consumer-slow-consumer-group-1, groupId=slow-consumer-group] (Re-)joining group
16:26:11.283 [org.springframework.kafka.KafkaListenerEndpointContainer#0-0-C-1] DEBUG o.a.k.c.consumer.internals.ConsumerCoordinator - [Consumer clientId=consumer-slow-consumer-group-1, groupId=slow-consumer-group] Joining group with current subscription: [slow-events]
16:26:11.283 [org.springframework.kafka.KafkaListenerEndpointContainer#0-0-C-1] DEBUG o.a.k.c.consumer.internals.ConsumerCoordinator - [Consumer clientId=consumer-slow-consumer-group-1, groupId=slow-consumer-group] Sending JoinGroup (JoinGroupRequestData(groupId='slow-consumer-group', sessionTimeoutMs=10000, rebalanceTimeoutMs=6000, memberId='', groupInstanceId=null, protocolType='consumer', protocols=[JoinGroupRequestProtocol(name='range', metadata=[0, 3, 0, 0, 0, 1, 0, 11, 115, 108, 111, 119, 45, 101, 118, 101, 110, 116, 115, -1, -1, -1, -1, 0, 0, 0, 0, -1, -1, -1, -1, -1, -1]), JoinGroupRequestProtocol(name='cooperative-sticky', metadata=[0, 3, 0, 0, 0, 1, 0, 11, 115, 108, 111, 119, 45, 101, 118, 101, 110, 116, 115, 0, 0, 0, 4, -1, -1, -1, -1, 0, 0, 0, 0, -1, -1, -1, -1, -1, -1])], reason='consumer pro-actively leaving the group')) to coordinator localhost:9092 (id: 2147483646 rack: null isFenced: false)
16:26:11.289 [org.springframework.kafka.KafkaListenerEndpointContainer#0-0-C-1] DEBUG o.a.k.c.consumer.internals.ConsumerCoordinator - [Consumer clientId=consumer-slow-consumer-group-1, groupId=slow-consumer-group] JoinGroup failed due to non-fatal error: MEMBER_ID_REQUIRED. Will set the member id as consumer-slow-consumer-group-1-fc2865ca-f0d3-454e-9c14-e4a1e002695e and then rejoin. Sent generation was Generation{generationId=-1, memberId='', protocol='null'}
16:26:11.289 [org.springframework.kafka.KafkaListenerEndpointContainer#0-0-C-1] INFO  o.a.k.c.consumer.internals.ConsumerCoordinator - [Consumer clientId=consumer-slow-consumer-group-1, groupId=slow-consumer-group] Request joining group due to: need to re-join with the given member-id: consumer-slow-consumer-group-1-fc2865ca-f0d3-454e-9c14-e4a1e002695e
16:26:11.290 [org.springframework.kafka.KafkaListenerEndpointContainer#0-0-C-1] INFO  o.a.k.c.consumer.internals.ConsumerCoordinator - [Consumer clientId=consumer-slow-consumer-group-1, groupId=slow-consumer-group] (Re-)joining group
16:26:11.290 [org.springframework.kafka.KafkaListenerEndpointContainer#0-0-C-1] DEBUG o.a.k.c.consumer.internals.ConsumerCoordinator - [Consumer clientId=consumer-slow-consumer-group-1, groupId=slow-consumer-group] Joining group with current subscription: [slow-events]
16:26:11.291 [org.springframework.kafka.KafkaListenerEndpointContainer#0-0-C-1] DEBUG o.a.k.c.consumer.internals.ConsumerCoordinator - [Consumer clientId=consumer-slow-consumer-group-1, groupId=slow-consumer-group] Sending JoinGroup (JoinGroupRequestData(groupId='slow-consumer-group', sessionTimeoutMs=10000, rebalanceTimeoutMs=6000, memberId='consumer-slow-consumer-group-1-fc2865ca-f0d3-454e-9c14-e4a1e002695e', groupInstanceId=null, protocolType='consumer', protocols=[JoinGroupRequestProtocol(name='range', metadata=[0, 3, 0, 0, 0, 1, 0, 11, 115, 108, 111, 119, 45, 101, 118, 101, 110, 116, 115, -1, -1, -1, -1, 0, 0, 0, 0, -1, -1, -1, -1, -1, -1]), JoinGroupRequestProtocol(name='cooperative-sticky', metadata=[0, 3, 0, 0, 0, 1, 0, 11, 115, 108, 111, 119, 45, 101, 118, 101, 110, 116, 115, 0, 0, 0, 4, -1, -1, -1, -1, 0, 0, 0, 0, -1, -1, -1, -1, -1, -1])], reason='need to re-join with the given member-id: consumer-slow-consumer-group-1-fc2865ca-f0d3-454e-9c14-e4a1e002695e')) to coordinator localhost:9092 (id: 2147483646 rack: null isFenced: false)
16:26:11.298 [org.springframework.kafka.KafkaListenerEndpointContainer#0-0-C-1] DEBUG o.a.k.c.consumer.internals.ConsumerCoordinator - [Consumer clientId=consumer-slow-consumer-group-1, groupId=slow-consumer-group] Received successful JoinGroup response: JoinGroupResponseData(throttleTimeMs=0, errorCode=0, generationId=27, protocolType='consumer', protocolName='range', leader='consumer-slow-consumer-group-1-fc2865ca-f0d3-454e-9c14-e4a1e002695e', skipAssignment=false, memberId='consumer-slow-consumer-group-1-fc2865ca-f0d3-454e-9c14-e4a1e002695e', members=[JoinGroupResponseMember(memberId='consumer-slow-consumer-group-1-fc2865ca-f0d3-454e-9c14-e4a1e002695e', groupInstanceId=null, metadata=[0, 3, 0, 0, 0, 1, 0, 11, 115, 108, 111, 119, 45, 101, 118, 101, 110, 116, 115, -1, -1, -1, -1, 0, 0, 0, 0, -1, -1, -1, -1, -1, -1])])
16:26:11.298 [org.springframework.kafka.KafkaListenerEndpointContainer#0-0-C-1] DEBUG o.a.k.c.consumer.internals.ConsumerCoordinator - [Consumer clientId=consumer-slow-consumer-group-1, groupId=slow-consumer-group] Enabling heartbeat thread
16:26:11.298 [org.springframework.kafka.KafkaListenerEndpointContainer#0-0-C-1] INFO  o.a.k.c.consumer.internals.ConsumerCoordinator - [Consumer clientId=consumer-slow-consumer-group-1, groupId=slow-consumer-group] Successfully joined group with generation Generation{generationId=27, memberId='consumer-slow-consumer-group-1-fc2865ca-f0d3-454e-9c14-e4a1e002695e', protocol='range'}
16:26:11.298 [org.springframework.kafka.KafkaListenerEndpointContainer#0-0-C-1] DEBUG o.a.k.c.consumer.internals.ConsumerCoordinator - [Consumer clientId=consumer-slow-consumer-group-1, groupId=slow-consumer-group] Performing assignment using strategy range with subscriptions {consumer-slow-consumer-group-1-fc2865ca-f0d3-454e-9c14-e4a1e002695e=Subscription(topics=[slow-events], ownedPartitions=[], groupInstanceId=null, generationId=-1, rackId=null)}
16:26:11.299 [org.springframework.kafka.KafkaListenerEndpointContainer#0-0-C-1] INFO  o.a.k.c.consumer.internals.ConsumerCoordinator - [Consumer clientId=consumer-slow-consumer-group-1, groupId=slow-consumer-group] Finished assignment for group at generation 27: {consumer-slow-consumer-group-1-fc2865ca-f0d3-454e-9c14-e4a1e002695e=Assignment(partitions=[slow-events-0, slow-events-1, slow-events-2])}
16:26:11.299 [org.springframework.kafka.KafkaListenerEndpointContainer#0-0-C-1] DEBUG o.a.k.c.consumer.internals.ConsumerCoordinator - [Consumer clientId=consumer-slow-consumer-group-1, groupId=slow-consumer-group] Sending leader SyncGroup to coordinator localhost:9092 (id: 2147483646 rack: null isFenced: false): SyncGroupRequestData(groupId='slow-consumer-group', generationId=27, memberId='consumer-slow-consumer-group-1-fc2865ca-f0d3-454e-9c14-e4a1e002695e', groupInstanceId=null, protocolType='consumer', protocolName='range', assignments=[SyncGroupRequestAssignment(memberId='consumer-slow-consumer-group-1-fc2865ca-f0d3-454e-9c14-e4a1e002695e', assignment=[0, 3, 0, 0, 0, 1, 0, 11, 115, 108, 111, 119, 45, 101, 118, 101, 110, 116, 115, 0, 0, 0, 3, 0, 0, 0, 0, 0, 0, 0, 1, 0, 0, 0, 2, -1, -1, -1, -1])])
16:26:11.306 [org.springframework.kafka.KafkaListenerEndpointContainer#0-0-C-1] DEBUG o.a.k.c.consumer.internals.ConsumerCoordinator - [Consumer clientId=consumer-slow-consumer-group-1, groupId=slow-consumer-group] Received successful SyncGroup response: SyncGroupResponseData(throttleTimeMs=0, errorCode=0, protocolType='consumer', protocolName='range', assignment=[0, 3, 0, 0, 0, 1, 0, 11, 115, 108, 111, 119, 45, 101, 118, 101, 110, 116, 115, 0, 0, 0, 3, 0, 0, 0, 0, 0, 0, 0, 1, 0, 0, 0, 2, -1, -1, -1, -1])
16:26:11.306 [org.springframework.kafka.KafkaListenerEndpointContainer#0-0-C-1] INFO  o.a.k.c.consumer.internals.ConsumerCoordinator - [Consumer clientId=consumer-slow-consumer-group-1, groupId=slow-consumer-group] Successfully synced group in generation Generation{generationId=27, memberId='consumer-slow-consumer-group-1-fc2865ca-f0d3-454e-9c14-e4a1e002695e', protocol='range'}
16:26:11.306 [org.springframework.kafka.KafkaListenerEndpointContainer#0-0-C-1] DEBUG o.a.k.c.consumer.internals.ConsumerCoordinator - [Consumer clientId=consumer-slow-consumer-group-1, groupId=slow-consumer-group] Executing onJoinComplete with generation 27 and memberId consumer-slow-consumer-group-1-fc2865ca-f0d3-454e-9c14-e4a1e002695e
16:26:11.306 [org.springframework.kafka.KafkaListenerEndpointContainer#0-0-C-1] INFO  o.a.k.c.consumer.internals.ConsumerCoordinator - [Consumer clientId=consumer-slow-consumer-group-1, groupId=slow-consumer-group] Notifying assignor about the new Assignment(partitions=[slow-events-0, slow-events-1, slow-events-2])
16:26:11.306 [org.springframework.kafka.KafkaListenerEndpointContainer#0-0-C-1] INFO  o.a.k.c.c.i.ConsumerRebalanceListenerInvoker - [Consumer clientId=consumer-slow-consumer-group-1, groupId=slow-consumer-group] Adding newly assigned partitions: [slow-events-0, slow-events-1, slow-events-2]
16:26:11.307 [org.springframework.kafka.KafkaListenerEndpointContainer#0-0-C-1] DEBUG o.a.k.c.consumer.internals.ConsumerCoordinator - [Consumer clientId=consumer-slow-consumer-group-1, groupId=slow-consumer-group] Fetching committed offsets for partitions: [slow-events-2, slow-events-1, slow-events-0]
16:26:11.313 [org.springframework.kafka.KafkaListenerEndpointContainer#0-0-C-1] INFO  o.a.k.c.consumer.internals.ConsumerCoordinator - [Consumer clientId=consumer-slow-consumer-group-1, groupId=slow-consumer-group] Found no committed offset for partition slow-events-2
16:26:11.313 [org.springframework.kafka.KafkaListenerEndpointContainer#0-0-C-1] INFO  o.a.k.c.consumer.internals.ConsumerCoordinator - [Consumer clientId=consumer-slow-consumer-group-1, groupId=slow-consumer-group] Found no committed offset for partition slow-events-1
16:26:11.313 [org.springframework.kafka.KafkaListenerEndpointContainer#0-0-C-1] INFO  o.a.kafka.clients.consumer.internals.ConsumerUtils - Setting offset for partition slow-events-0 to the committed offset FetchPosition{offset=1, offsetEpoch=Optional.empty, currentLeader=LeaderAndEpoch{leader=Optional[localhost:9092 (id: 1 rack: null isFenced: false)], epoch=0}}
16:26:11.317 [org.springframework.kafka.KafkaListenerEndpointContainer#0-0-C-1] INFO  o.a.k.clients.consumer.internals.SubscriptionState - [Consumer clientId=consumer-slow-consumer-group-1, groupId=slow-consumer-group] Resetting offset for partition slow-events-2 to position FetchPosition{offset=0, offsetEpoch=Optional.empty, currentLeader=LeaderAndEpoch{leader=Optional[localhost:9092 (id: 1 rack: null isFenced: false)], epoch=0}}.
16:26:11.317 [org.springframework.kafka.KafkaListenerEndpointContainer#0-0-C-1] INFO  o.a.k.clients.consumer.internals.SubscriptionState - [Consumer clientId=consumer-slow-consumer-group-1, groupId=slow-consumer-group] Resetting offset for partition slow-events-1 to position FetchPosition{offset=0, offsetEpoch=Optional.empty, currentLeader=LeaderAndEpoch{leader=Optional[localhost:9092 (id: 1 rack: null isFenced: false)], epoch=0}}.
16:26:11.317 [org.springframework.kafka.KafkaListenerEndpointContainer#0-0-C-1] INFO  o.s.kafka.listener.KafkaMessageListenerContainer - slow-consumer-group: partitions assigned: [slow-events-0, slow-events-1, slow-events-2]
16:26:11.321 [org.springframework.kafka.KafkaListenerEndpointContainer#0-0-C-1] DEBUG o.s.kafka.listener.KafkaMessageListenerContainer - Received: 1 records
16:26:11.321 [org.springframework.kafka.KafkaListenerEndpointContainer#0-0-C-1] DEBUG o.s.k.l.a.RecordMessagingMessageListenerAdapter - Processing [GenericMessage [payload=DemoEvent(id=472138ad-6d5f-4b67-b8c6-e96870c125c9, payload=demo-event-4, slow=true, retryTrigger=false, createdAt=2026-08-25T08:24:11.418200Z), headers={kafka_offset=1, kafka_consumer=org.springframework.kafka.core.DefaultKafkaConsumerFactory$ExtendedKafkaConsumer@4d006356, kafka_timestampType=CREATE_TIME, kafka_receivedPartitionId=0, kafka_receivedMessageKey=1, kafka_receivedTopic=slow-events, kafka_receivedTimestamp=1787646251418, kafka_acknowledgment=Acknowledgment for slow-events-0@1, kafka_groupId=slow-consumer-group}]]
16:26:11.321 [org.springframework.kafka.KafkaListenerEndpointContainer#0-0-C-1] INFO  c.e.kafkarebalance.listener.SlowEventListener - 收到消息 id=472138ad-6d5f-4b67-b8c6-e96870c125c9 partition=0 slow=true
16:26:11.321 [org.springframework.kafka.KafkaListenerEndpointContainer#0-0-C-1] WARN  c.e.kafkarebalance.listener.SlowEventListener - 模拟慢处理开始：id=472138ad-6d5f-4b67-b8c6-e96870c125c9 将阻塞 10000ms（超过 max.poll.interval.ms=6000ms，预期触发 rebalance）
16:26:14.305 [kafka-coordinator-heartbeat-thread | slow-consumer-group] DEBUG o.a.k.c.consumer.internals.ConsumerCoordinator - [Consumer clientId=consumer-slow-consumer-group-1, groupId=slow-consumer-group] Sending Heartbeat request with generation 27 and member id consumer-slow-consumer-group-1-fc2865ca-f0d3-454e-9c14-e4a1e002695e to coordinator localhost:9092 (id: 2147483646 rack: null isFenced: false)
16:26:14.411 [kafka-coordinator-heartbeat-thread | slow-consumer-group] DEBUG o.a.k.c.consumer.internals.ConsumerCoordinator - [Consumer clientId=consumer-slow-consumer-group-1, groupId=slow-consumer-group] Received successful Heartbeat response
16:26:17.311 [kafka-coordinator-heartbeat-thread | slow-consumer-group] DEBUG o.a.k.c.consumer.internals.ConsumerCoordinator - [Consumer clientId=consumer-slow-consumer-group-1, groupId=slow-consumer-group] Sending Heartbeat request with generation 27 and member id consumer-slow-consumer-group-1-fc2865ca-f0d3-454e-9c14-e4a1e002695e to coordinator localhost:9092 (id: 2147483646 rack: null isFenced: false)
16:26:17.416 [kafka-coordinator-heartbeat-thread | slow-consumer-group] DEBUG o.a.k.c.consumer.internals.ConsumerCoordinator - [Consumer clientId=consumer-slow-consumer-group-1, groupId=slow-consumer-group] Received successful Heartbeat response
16:26:17.416 [kafka-coordinator-heartbeat-thread | slow-consumer-group] WARN  o.a.k.c.consumer.internals.ConsumerCoordinator - [Consumer clientId=consumer-slow-consumer-group-1, groupId=slow-consumer-group] consumer poll timeout has expired. This means the time between subsequent calls to poll() was longer than the configured max.poll.interval.ms, which typically implies that the poll loop is spending too much time processing messages. You can address this either by increasing max.poll.interval.ms or by reducing the maximum size of batches returned in poll() with max.poll.records.
16:26:17.417 [kafka-coordinator-heartbeat-thread | slow-consumer-group] INFO  o.a.k.c.consumer.internals.ConsumerCoordinator - [Consumer clientId=consumer-slow-consumer-group-1, groupId=slow-consumer-group] Member consumer-slow-consumer-group-1-fc2865ca-f0d3-454e-9c14-e4a1e002695e sending LeaveGroup request to coordinator localhost:9092 (id: 2147483646 rack: null isFenced: false) due to consumer poll timeout has expired.
16:26:17.417 [kafka-coordinator-heartbeat-thread | slow-consumer-group] INFO  o.a.k.c.consumer.internals.ConsumerCoordinator - [Consumer clientId=consumer-slow-consumer-group-1, groupId=slow-consumer-group] Resetting generation and member id due to: consumer pro-actively leaving the group
16:26:17.417 [kafka-coordinator-heartbeat-thread | slow-consumer-group] INFO  o.a.k.c.consumer.internals.ConsumerCoordinator - [Consumer clientId=consumer-slow-consumer-group-1, groupId=slow-consumer-group] Request joining group due to: consumer pro-actively leaving the group
16:26:21.326 [org.springframework.kafka.KafkaListenerEndpointContainer#0-0-C-1] DEBUG o.s.kafka.listener.KafkaMessageListenerContainer - Committing: {slow-events-0=OffsetAndMetadata{offset=2, leaderEpoch=null, metadata=''}}
16:26:21.327 [org.springframework.kafka.KafkaListenerEndpointContainer#0-0-C-1] INFO  o.a.k.c.consumer.internals.ConsumerCoordinator - [Consumer clientId=consumer-slow-consumer-group-1, groupId=slow-consumer-group] Failing OffsetCommit request since the consumer is not part of an active group
16:26:21.327 [org.springframework.kafka.KafkaListenerEndpointContainer#0-0-C-1] DEBUG o.a.k.c.consumer.internals.ConsumerCoordinator - [Consumer clientId=consumer-slow-consumer-group-1, groupId=slow-consumer-group] LeaveGroup response with Generation{generationId=27, memberId='consumer-slow-consumer-group-1-fc2865ca-f0d3-454e-9c14-e4a1e002695e', protocol='range'} returned successfully: ClientResponse(receivedTimeMs=1787646381327, latencyMs=3910, disconnected=false, timedOut=false, requestHeader=RequestHeader(apiKey=LEAVE_GROUP, apiVersion=5, clientId=consumer-slow-consumer-group-1, correlationId=121, headerVersion=2), responseBody=LeaveGroupResponseData(throttleTimeMs=0, errorCode=0, members=[MemberResponse(memberId='consumer-slow-consumer-group-1-fc2865ca-f0d3-454e-9c14-e4a1e002695e', groupInstanceId=null, errorCode=0)]))
16:26:21.327 [org.springframework.kafka.KafkaListenerEndpointContainer#0-0-C-1] WARN  c.e.kafkarebalance.listener.SlowEventListener - 提交 offset 失败，可能因 rebalance 导致该分区已被回收 id=472138ad-6d5f-4b67-b8c6-e96870c125c9
org.apache.kafka.clients.consumer.CommitFailedException: Offset commit cannot be completed since the consumer is not part of an active group for auto partition assignment; it is likely that the consumer was kicked out of the group.
	at org.apache.kafka.clients.consumer.internals.ConsumerCoordinator.sendOffsetCommitRequest(ConsumerCoordinator.java:1320)
	at org.apache.kafka.clients.consumer.internals.ConsumerCoordinator.commitOffsetsSync(ConsumerCoordinator.java:1155)
	at org.apache.kafka.clients.consumer.internals.ClassicKafkaConsumer.commitSync(ClassicKafkaConsumer.java:747)
	at org.apache.kafka.clients.consumer.KafkaConsumer.commitSync(KafkaConsumer.java:1094)
	at org.springframework.kafka.listener.KafkaMessageListenerContainer$ListenerConsumer.doCommitSync(KafkaMessageListenerContainer.java:3474)
	at org.springframework.kafka.listener.KafkaMessageListenerContainer$ListenerConsumer.commitSync(KafkaMessageListenerContainer.java:3469)
	at org.springframework.kafka.listener.KafkaMessageListenerContainer$ListenerConsumer.commitOffsets(KafkaMessageListenerContainer.java:3452)
	at org.springframework.kafka.listener.KafkaMessageListenerContainer$ListenerConsumer.commitOffsetsInTransactions(KafkaMessageListenerContainer.java:3443)
	at org.springframework.kafka.listener.KafkaMessageListenerContainer$ListenerConsumer.ackImmediate(KafkaMessageListenerContainer.java:2187)
	at org.springframework.kafka.listener.KafkaMessageListenerContainer$ListenerConsumer.processAck(KafkaMessageListenerContainer.java:2082)
	at org.springframework.kafka.listener.KafkaMessageListenerContainer$ListenerConsumer.doAck(KafkaMessageListenerContainer.java:2062)
	at org.springframework.kafka.listener.KafkaMessageListenerContainer$ListenerConsumer$ConsumerAcknowledgment.acknowledge(KafkaMessageListenerContainer.java:3622)
	at com.example.kafkarebalance.listener.SlowEventListener.onMessage(SlowEventListener.kt:51)
	at java.base/jdk.internal.reflect.DirectMethodHandleAccessor.invoke(DirectMethodHandleAccessor.java:104)
	at java.base/java.lang.reflect.Method.invoke(Method.java:565)
	at org.springframework.messaging.handler.invocation.InvocableHandlerMethod.doInvoke(InvocableHandlerMethod.java:168)
	at org.springframework.kafka.listener.adapter.KotlinAwareInvocableHandlerMethod.doInvoke(KotlinAwareInvocableHandlerMethod.java:48)
	at org.springframework.messaging.handler.invocation.InvocableHandlerMethod.invoke(InvocableHandlerMethod.java:119)
	at org.springframework.kafka.listener.adapter.HandlerAdapter.invoke(HandlerAdapter.java:80)
	at org.springframework.kafka.listener.adapter.MessagingMessageListenerAdapter.invokeHandler(MessagingMessageListenerAdapter.java:488)
	at org.springframework.kafka.listener.adapter.MessagingMessageListenerAdapter.invoke(MessagingMessageListenerAdapter.java:425)
	at org.springframework.kafka.listener.adapter.RecordMessagingMessageListenerAdapter.onMessage(RecordMessagingMessageListenerAdapter.java:92)
	at org.springframework.kafka.listener.adapter.RecordMessagingMessageListenerAdapter.onMessage(RecordMessagingMessageListenerAdapter.java:52)
	at org.springframework.kafka.listener.KafkaMessageListenerContainer$ListenerConsumer.doInvokeOnMessage(KafkaMessageListenerContainer.java:2948)
	at org.springframework.kafka.listener.KafkaMessageListenerContainer$ListenerConsumer.invokeOnMessage(KafkaMessageListenerContainer.java:2927)
	at org.springframework.kafka.listener.KafkaMessageListenerContainer$ListenerConsumer.doInvokeRecordListener(KafkaMessageListenerContainer.java:2837)
	at org.springframework.kafka.listener.KafkaMessageListenerContainer$ListenerConsumer.doInvokeWithRecords(KafkaMessageListenerContainer.java:2679)
	at org.springframework.kafka.listener.KafkaMessageListenerContainer$ListenerConsumer.invokeRecordListener(KafkaMessageListenerContainer.java:2573)
	at org.springframework.kafka.listener.KafkaMessageListenerContainer$ListenerConsumer.invokeListener(KafkaMessageListenerContainer.java:2204)
	at org.springframework.kafka.listener.KafkaMessageListenerContainer$ListenerConsumer.invokeIfHaveRecords(KafkaMessageListenerContainer.java:1559)
	at org.springframework.kafka.listener.KafkaMessageListenerContainer$ListenerConsumer.pollAndInvoke(KafkaMessageListenerContainer.java:1499)
	at org.springframework.kafka.listener.KafkaMessageListenerContainer$ListenerConsumer.run(KafkaMessageListenerContainer.java:1368)
	at java.base/java.util.concurrent.CompletableFuture$AsyncRun.run(CompletableFuture.java:1825)
	at java.base/java.lang.Thread.run(Thread.java:1474)
16:26:21.328 [org.springframework.kafka.KafkaListenerEndpointContainer#0-0-C-1] DEBUG o.a.k.c.consumer.internals.ConsumerCoordinator - [Consumer clientId=consumer-slow-consumer-group-1, groupId=slow-consumer-group] Executing onJoinPrepare with generation -1 and memberId 
16:26:21.328 [org.springframework.kafka.KafkaListenerEndpointContainer#0-0-C-1] INFO  o.a.k.c.consumer.internals.ConsumerCoordinator - [Consumer clientId=consumer-slow-consumer-group-1, groupId=slow-consumer-group] Giving away all assigned partitions as lost since generation/memberID has been reset,indicating that consumer is in old state or no longer part of the group
16:26:21.328 [org.springframework.kafka.KafkaListenerEndpointContainer#0-0-C-1] INFO  o.a.k.c.c.i.ConsumerRebalanceListenerInvoker - [Consumer clientId=consumer-slow-consumer-group-1, groupId=slow-consumer-group] Lost previously assigned partitions [slow-events-0, slow-events-1, slow-events-2]
16:26:21.329 [org.springframework.kafka.KafkaListenerEndpointContainer#0-0-C-1] INFO  o.s.kafka.listener.KafkaMessageListenerContainer - slow-consumer-group: partitions lost: [slow-events-0, slow-events-1, slow-events-2]
16:26:21.329 [org.springframework.kafka.KafkaListenerEndpointContainer#0-0-C-1] INFO  o.s.kafka.listener.KafkaMessageListenerContainer - slow-consumer-group: partitions revoked: [slow-events-0, slow-events-1, slow-events-2]
16:26:21.329 [org.springframework.kafka.KafkaListenerEndpointContainer#0-0-C-1] INFO  o.a.k.c.consumer.internals.ConsumerCoordinator - [Consumer clientId=consumer-slow-consumer-group-1, groupId=slow-consumer-group] (Re-)joining group
16:26:21.329 [org.springframework.kafka.KafkaListenerEndpointContainer#0-0-C-1] DEBUG o.a.k.c.consumer.internals.ConsumerCoordinator - [Consumer clientId=consumer-slow-consumer-group-1, groupId=slow-consumer-group] Joining group with current subscription: [slow-events]
16:26:21.330 [org.springframework.kafka.KafkaListenerEndpointContainer#0-0-C-1] DEBUG o.a.k.c.consumer.internals.ConsumerCoordinator - [Consumer clientId=consumer-slow-consumer-group-1, groupId=slow-consumer-group] Sending JoinGroup (JoinGroupRequestData(groupId='slow-consumer-group', sessionTimeoutMs=10000, rebalanceTimeoutMs=6000, memberId='', groupInstanceId=null, protocolType='consumer', protocols=[JoinGroupRequestProtocol(name='range', metadata=[0, 3, 0, 0, 0, 1, 0, 11, 115, 108, 111, 119, 45, 101, 118, 101, 110, 116, 115, -1, -1, -1, -1, 0, 0, 0, 0, -1, -1, -1, -1, -1, -1]), JoinGroupRequestProtocol(name='cooperative-sticky', metadata=[0, 3, 0, 0, 0, 1, 0, 11, 115, 108, 111, 119, 45, 101, 118, 101, 110, 116, 115, 0, 0, 0, 4, -1, -1, -1, -1, 0, 0, 0, 0, -1, -1, -1, -1, -1, -1])], reason='consumer pro-actively leaving the group')) to coordinator localhost:9092 (id: 2147483646 rack: null isFenced: false)
16:26:21.347 [org.springframework.kafka.KafkaListenerEndpointContainer#0-0-C-1] DEBUG o.a.k.c.consumer.internals.ConsumerCoordinator - [Consumer clientId=consumer-slow-consumer-group-1, groupId=slow-consumer-group] JoinGroup failed due to non-fatal error: MEMBER_ID_REQUIRED. Will set the member id as consumer-slow-consumer-group-1-e5a765c9-0b51-48b9-96fa-2303fad1c4fa and then rejoin. Sent generation was Generation{generationId=-1, memberId='', protocol='null'}
16:26:21.347 [org.springframework.kafka.KafkaListenerEndpointContainer#0-0-C-1] INFO  o.a.k.c.consumer.internals.ConsumerCoordinator - [Consumer clientId=consumer-slow-consumer-group-1, groupId=slow-consumer-group] Request joining group due to: need to re-join with the given member-id: consumer-slow-consumer-group-1-e5a765c9-0b51-48b9-96fa-2303fad1c4fa
16:26:21.348 [org.springframework.kafka.KafkaListenerEndpointContainer#0-0-C-1] INFO  o.a.k.c.consumer.internals.ConsumerCoordinator - [Consumer clientId=consumer-slow-consumer-group-1, groupId=slow-consumer-group] (Re-)joining group
16:26:21.348 [org.springframework.kafka.KafkaListenerEndpointContainer#0-0-C-1] DEBUG o.a.k.c.consumer.internals.ConsumerCoordinator - [Consumer clientId=consumer-slow-consumer-group-1, groupId=slow-consumer-group] Joining group with current subscription: [slow-events]
16:26:21.348 [org.springframework.kafka.KafkaListenerEndpointContainer#0-0-C-1] DEBUG o.a.k.c.consumer.internals.ConsumerCoordinator - [Consumer clientId=consumer-slow-consumer-group-1, groupId=slow-consumer-group] Sending JoinGroup (JoinGroupRequestData(groupId='slow-consumer-group', sessionTimeoutMs=10000, rebalanceTimeoutMs=6000, memberId='consumer-slow-consumer-group-1-e5a765c9-0b51-48b9-96fa-2303fad1c4fa', groupInstanceId=null, protocolType='consumer', protocols=[JoinGroupRequestProtocol(name='range', metadata=[0, 3, 0, 0, 0, 1, 0, 11, 115, 108, 111, 119, 45, 101, 118, 101, 110, 116, 115, -1, -1, -1, -1, 0, 0, 0, 0, -1, -1, -1, -1, -1, -1]), JoinGroupRequestProtocol(name='cooperative-sticky', metadata=[0, 3, 0, 0, 0, 1, 0, 11, 115, 108, 111, 119, 45, 101, 118, 101, 110, 116, 115, 0, 0, 0, 4, -1, -1, -1, -1, 0, 0, 0, 0, -1, -1, -1, -1, -1, -1])], reason='need to re-join with the given member-id: consumer-slow-consumer-group-1-e5a765c9-0b51-48b9-96fa-2303fad1c4fa')) to coordinator localhost:9092 (id: 2147483646 rack: null isFenced: false)
16:26:21.357 [org.springframework.kafka.KafkaListenerEndpointContainer#0-0-C-1] DEBUG o.a.k.c.consumer.internals.ConsumerCoordinator - [Consumer clientId=consumer-slow-consumer-group-1, groupId=slow-consumer-group] Received successful JoinGroup response: JoinGroupResponseData(throttleTimeMs=0, errorCode=0, generationId=29, protocolType='consumer', protocolName='range', leader='consumer-slow-consumer-group-1-e5a765c9-0b51-48b9-96fa-2303fad1c4fa', skipAssignment=false, memberId='consumer-slow-consumer-group-1-e5a765c9-0b51-48b9-96fa-2303fad1c4fa', members=[JoinGroupResponseMember(memberId='consumer-slow-consumer-group-1-e5a765c9-0b51-48b9-96fa-2303fad1c4fa', groupInstanceId=null, metadata=[0, 3, 0, 0, 0, 1, 0, 11, 115, 108, 111, 119, 45, 101, 118, 101, 110, 116, 115, -1, -1, -1, -1, 0, 0, 0, 0, -1, -1, -1, -1, -1, -1])])
16:26:21.357 [org.springframework.kafka.KafkaListenerEndpointContainer#0-0-C-1] DEBUG o.a.k.c.consumer.internals.ConsumerCoordinator - [Consumer clientId=consumer-slow-consumer-group-1, groupId=slow-consumer-group] Enabling heartbeat thread
16:26:21.357 [org.springframework.kafka.KafkaListenerEndpointContainer#0-0-C-1] INFO  o.a.k.c.consumer.internals.ConsumerCoordinator - [Consumer clientId=consumer-slow-consumer-group-1, groupId=slow-consumer-group] Successfully joined group with generation Generation{generationId=29, memberId='consumer-slow-consumer-group-1-e5a765c9-0b51-48b9-96fa-2303fad1c4fa', protocol='range'}
16:26:21.357 [org.springframework.kafka.KafkaListenerEndpointContainer#0-0-C-1] DEBUG o.a.k.c.consumer.internals.ConsumerCoordinator - [Consumer clientId=consumer-slow-consumer-group-1, groupId=slow-consumer-group] Performing assignment using strategy range with subscriptions {consumer-slow-consumer-group-1-e5a765c9-0b51-48b9-96fa-2303fad1c4fa=Subscription(topics=[slow-events], ownedPartitions=[], groupInstanceId=null, generationId=-1, rackId=null)}
16:26:21.357 [org.springframework.kafka.KafkaListenerEndpointContainer#0-0-C-1] INFO  o.a.k.c.consumer.internals.ConsumerCoordinator - [Consumer clientId=consumer-slow-consumer-group-1, groupId=slow-consumer-group] Finished assignment for group at generation 29: {consumer-slow-consumer-group-1-e5a765c9-0b51-48b9-96fa-2303fad1c4fa=Assignment(partitions=[slow-events-0, slow-events-1, slow-events-2])}
16:26:21.357 [org.springframework.kafka.KafkaListenerEndpointContainer#0-0-C-1] DEBUG o.a.k.c.consumer.internals.ConsumerCoordinator - [Consumer clientId=consumer-slow-consumer-group-1, groupId=slow-consumer-group] Sending leader SyncGroup to coordinator localhost:9092 (id: 2147483646 rack: null isFenced: false): SyncGroupRequestData(groupId='slow-consumer-group', generationId=29, memberId='consumer-slow-consumer-group-1-e5a765c9-0b51-48b9-96fa-2303fad1c4fa', groupInstanceId=null, protocolType='consumer', protocolName='range', assignments=[SyncGroupRequestAssignment(memberId='consumer-slow-consumer-group-1-e5a765c9-0b51-48b9-96fa-2303fad1c4fa', assignment=[0, 3, 0, 0, 0, 1, 0, 11, 115, 108, 111, 119, 45, 101, 118, 101, 110, 116, 115, 0, 0, 0, 3, 0, 0, 0, 0, 0, 0, 0, 1, 0, 0, 0, 2, -1, -1, -1, -1])])
16:26:21.361 [org.springframework.kafka.KafkaListenerEndpointContainer#0-0-C-1] DEBUG o.a.k.c.consumer.internals.ConsumerCoordinator - [Consumer clientId=consumer-slow-consumer-group-1, groupId=slow-consumer-group] Received successful SyncGroup response: SyncGroupResponseData(throttleTimeMs=0, errorCode=0, protocolType='consumer', protocolName='range', assignment=[0, 3, 0, 0, 0, 1, 0, 11, 115, 108, 111, 119, 45, 101, 118, 101, 110, 116, 115, 0, 0, 0, 3, 0, 0, 0, 0, 0, 0, 0, 1, 0, 0, 0, 2, -1, -1, -1, -1])
16:26:21.361 [org.springframework.kafka.KafkaListenerEndpointContainer#0-0-C-1] INFO  o.a.k.c.consumer.internals.ConsumerCoordinator - [Consumer clientId=consumer-slow-consumer-group-1, groupId=slow-consumer-group] Successfully synced group in generation Generation{generationId=29, memberId='consumer-slow-consumer-group-1-e5a765c9-0b51-48b9-96fa-2303fad1c4fa', protocol='range'}
16:26:21.361 [org.springframework.kafka.KafkaListenerEndpointContainer#0-0-C-1] DEBUG o.a.k.c.consumer.internals.ConsumerCoordinator - [Consumer clientId=consumer-slow-consumer-group-1, groupId=slow-consumer-group] Executing onJoinComplete with generation 29 and memberId consumer-slow-consumer-group-1-e5a765c9-0b51-48b9-96fa-2303fad1c4fa
16:26:21.361 [org.springframework.kafka.KafkaListenerEndpointContainer#0-0-C-1] INFO  o.a.k.c.consumer.internals.ConsumerCoordinator - [Consumer clientId=consumer-slow-consumer-group-1, groupId=slow-consumer-group] Notifying assignor about the new Assignment(partitions=[slow-events-0, slow-events-1, slow-events-2])
16:26:21.361 [org.springframework.kafka.KafkaListenerEndpointContainer#0-0-C-1] INFO  o.a.k.c.c.i.ConsumerRebalanceListenerInvoker - [Consumer clientId=consumer-slow-consumer-group-1, groupId=slow-consumer-group] Adding newly assigned partitions: [slow-events-0, slow-events-1, slow-events-2]
16:26:21.361 [org.springframework.kafka.KafkaListenerEndpointContainer#0-0-C-1] DEBUG o.a.k.c.consumer.internals.ConsumerCoordinator - [Consumer clientId=consumer-slow-consumer-group-1, groupId=slow-consumer-group] Fetching committed offsets for partitions: [slow-events-2, slow-events-1, slow-events-0]
16:26:21.363 [org.springframework.kafka.KafkaListenerEndpointContainer#0-0-C-1] INFO  o.a.k.c.consumer.internals.ConsumerCoordinator - [Consumer clientId=consumer-slow-consumer-group-1, groupId=slow-consumer-group] Found no committed offset for partition slow-events-2
16:26:21.363 [org.springframework.kafka.KafkaListenerEndpointContainer#0-0-C-1] INFO  o.a.k.c.consumer.internals.ConsumerCoordinator - [Consumer clientId=consumer-slow-consumer-group-1, groupId=slow-consumer-group] Found no committed offset for partition slow-events-1
16:26:21.363 [org.springframework.kafka.KafkaListenerEndpointContainer#0-0-C-1] INFO  o.a.kafka.clients.consumer.internals.ConsumerUtils - Setting offset for partition slow-events-0 to the committed offset FetchPosition{offset=1, offsetEpoch=Optional.empty, currentLeader=LeaderAndEpoch{leader=Optional[localhost:9092 (id: 1 rack: null isFenced: false)], epoch=0}}
16:26:21.365 [org.springframework.kafka.KafkaListenerEndpointContainer#0-0-C-1] INFO  o.a.k.clients.consumer.internals.SubscriptionState - [Consumer clientId=consumer-slow-consumer-group-1, groupId=slow-consumer-group] Resetting offset for partition slow-events-2 to position FetchPosition{offset=0, offsetEpoch=Optional.empty, currentLeader=LeaderAndEpoch{leader=Optional[localhost:9092 (id: 1 rack: null isFenced: false)], epoch=0}}.
16:26:21.365 [org.springframework.kafka.KafkaListenerEndpointContainer#0-0-C-1] INFO  o.a.k.clients.consumer.internals.SubscriptionState - [Consumer clientId=consumer-slow-consumer-group-1, groupId=slow-consumer-group] Resetting offset for partition slow-events-1 to position FetchPosition{offset=0, offsetEpoch=Optional.empty, currentLeader=LeaderAndEpoch{leader=Optional[localhost:9092 (id: 1 rack: null isFenced: false)], epoch=0}}.
16:26:21.365 [org.springframework.kafka.KafkaListenerEndpointContainer#0-0-C-1] INFO  o.s.kafka.listener.KafkaMessageListenerContainer - slow-consumer-group: partitions assigned: [slow-events-0, slow-events-1, slow-events-2]
16:26:21.367 [org.springframework.kafka.KafkaListenerEndpointContainer#0-0-C-1] DEBUG o.s.kafka.listener.KafkaMessageListenerContainer - Received: 1 records
16:26:21.367 [org.springframework.kafka.KafkaListenerEndpointContainer#0-0-C-1] DEBUG o.s.k.l.a.RecordMessagingMessageListenerAdapter - Processing [GenericMessage [payload=DemoEvent(id=472138ad-6d5f-4b67-b8c6-e96870c125c9, payload=demo-event-4, slow=true, retryTrigger=false, createdAt=2026-08-25T08:24:11.418200Z), headers={kafka_offset=1, kafka_consumer=org.springframework.kafka.core.DefaultKafkaConsumerFactory$ExtendedKafkaConsumer@4d006356, kafka_timestampType=CREATE_TIME, kafka_receivedPartitionId=0, kafka_receivedMessageKey=1, kafka_receivedTopic=slow-events, kafka_receivedTimestamp=1787646251418, kafka_acknowledgment=Acknowledgment for slow-events-0@1, kafka_groupId=slow-consumer-group}]]
16:26:21.367 [org.springframework.kafka.KafkaListenerEndpointContainer#0-0-C-1] INFO  c.e.kafkarebalance.listener.SlowEventListener - 收到消息 id=472138ad-6d5f-4b67-b8c6-e96870c125c9 partition=0 slow=true
16:26:21.367 [org.springframework.kafka.KafkaListenerEndpointContainer#0-0-C-1] WARN  c.e.kafkarebalance.listener.SlowEventListener - 模拟慢处理开始：id=472138ad-6d5f-4b67-b8c6-e96870c125c9 将阻塞 10000ms（超过 max.poll.interval.ms=6000ms，预期触发 rebalance）
16:26:24.366 [kafka-coordinator-heartbeat-thread | slow-consumer-group] DEBUG o.a.k.c.consumer.internals.ConsumerCoordinator - [Consumer clientId=consumer-slow-consumer-group-1, groupId=slow-consumer-group] Sending Heartbeat request with generation 29 and member id consumer-slow-consumer-group-1-e5a765c9-0b51-48b9-96fa-2303fad1c4fa to coordinator localhost:9092 (id: 2147483646 rack: null isFenced: false)
16:26:24.467 [kafka-coordinator-heartbeat-thread | slow-consumer-group] DEBUG o.a.k.c.consumer.internals.ConsumerCoordinator - [Consumer clientId=consumer-slow-consumer-group-1, groupId=slow-consumer-group] Received successful Heartbeat response
16:26:27.374 [kafka-coordinator-heartbeat-thread | slow-consumer-group] WARN  o.a.k.c.consumer.internals.ConsumerCoordinator - [Consumer clientId=consumer-slow-consumer-group-1, groupId=slow-consumer-group] consumer poll timeout has expired. This means the time between subsequent calls to poll() was longer than the configured max.poll.interval.ms, which typically implies that the poll loop is spending too much time processing messages. You can address this either by increasing max.poll.interval.ms or by reducing the maximum size of batches returned in poll() with max.poll.records.
16:26:27.374 [kafka-coordinator-heartbeat-thread | slow-consumer-group] INFO  o.a.k.c.consumer.internals.ConsumerCoordinator - [Consumer clientId=consumer-slow-consumer-group-1, groupId=slow-consumer-group] Member consumer-slow-consumer-group-1-e5a765c9-0b51-48b9-96fa-2303fad1c4fa sending LeaveGroup request to coordinator localhost:9092 (id: 2147483646 rack: null isFenced: false) due to consumer poll timeout has expired.
16:26:27.374 [kafka-coordinator-heartbeat-thread | slow-consumer-group] INFO  o.a.k.c.consumer.internals.ConsumerCoordinator - [Consumer clientId=consumer-slow-consumer-group-1, groupId=slow-consumer-group] Resetting generation and member id due to: consumer pro-actively leaving the group
16:26:27.374 [kafka-coordinator-heartbeat-thread | slow-consumer-group] INFO  o.a.k.c.consumer.internals.ConsumerCoordinator - [Consumer clientId=consumer-slow-consumer-group-1, groupId=slow-consumer-group] Request joining group due to: consumer pro-actively leaving the group
16:26:31.373 [org.springframework.kafka.KafkaListenerEndpointContainer#0-0-C-1] DEBUG o.s.kafka.listener.KafkaMessageListenerContainer - Committing: {slow-events-0=OffsetAndMetadata{offset=2, leaderEpoch=null, metadata=''}}
16:26:31.373 [org.springframework.kafka.KafkaListenerEndpointContainer#0-0-C-1] INFO  o.a.k.c.consumer.internals.ConsumerCoordinator - [Consumer clientId=consumer-slow-consumer-group-1, groupId=slow-consumer-group] Failing OffsetCommit request since the consumer is not part of an active group
16:26:31.374 [org.springframework.kafka.KafkaListenerEndpointContainer#0-0-C-1] DEBUG o.a.k.c.consumer.internals.ConsumerCoordinator - [Consumer clientId=consumer-slow-consumer-group-1, groupId=slow-consumer-group] LeaveGroup response with Generation{generationId=29, memberId='consumer-slow-consumer-group-1-e5a765c9-0b51-48b9-96fa-2303fad1c4fa', protocol='range'} returned successfully: ClientResponse(receivedTimeMs=1787646391373, latencyMs=3999, disconnected=false, timedOut=false, requestHeader=RequestHeader(apiKey=LEAVE_GROUP, apiVersion=5, clientId=consumer-slow-consumer-group-1, correlationId=129, headerVersion=2), responseBody=LeaveGroupResponseData(throttleTimeMs=0, errorCode=0, members=[MemberResponse(memberId='consumer-slow-consumer-group-1-e5a765c9-0b51-48b9-96fa-2303fad1c4fa', groupInstanceId=null, errorCode=0)]))
16:26:31.374 [org.springframework.kafka.KafkaListenerEndpointContainer#0-0-C-1] WARN  c.e.kafkarebalance.listener.SlowEventListener - 提交 offset 失败，可能因 rebalance 导致该分区已被回收 id=472138ad-6d5f-4b67-b8c6-e96870c125c9
org.apache.kafka.clients.consumer.CommitFailedException: Offset commit cannot be completed since the consumer is not part of an active group for auto partition assignment; it is likely that the consumer was kicked out of the group.
	at org.apache.kafka.clients.consumer.internals.ConsumerCoordinator.sendOffsetCommitRequest(ConsumerCoordinator.java:1320)
	at org.apache.kafka.clients.consumer.internals.ConsumerCoordinator.commitOffsetsSync(ConsumerCoordinator.java:1155)
	at org.apache.kafka.clients.consumer.internals.ClassicKafkaConsumer.commitSync(ClassicKafkaConsumer.java:747)
	at org.apache.kafka.clients.consumer.KafkaConsumer.commitSync(KafkaConsumer.java:1094)
	at org.springframework.kafka.listener.KafkaMessageListenerContainer$ListenerConsumer.doCommitSync(KafkaMessageListenerContainer.java:3474)
	at org.springframework.kafka.listener.KafkaMessageListenerContainer$ListenerConsumer.commitSync(KafkaMessageListenerContainer.java:3469)
	at org.springframework.kafka.listener.KafkaMessageListenerContainer$ListenerConsumer.commitOffsets(KafkaMessageListenerContainer.java:3452)
	at org.springframework.kafka.listener.KafkaMessageListenerContainer$ListenerConsumer.commitOffsetsInTransactions(KafkaMessageListenerContainer.java:3443)
	at org.springframework.kafka.listener.KafkaMessageListenerContainer$ListenerConsumer.ackImmediate(KafkaMessageListenerContainer.java:2187)
	at org.springframework.kafka.listener.KafkaMessageListenerContainer$ListenerConsumer.processAck(KafkaMessageListenerContainer.java:2082)
	at org.springframework.kafka.listener.KafkaMessageListenerContainer$ListenerConsumer.doAck(KafkaMessageListenerContainer.java:2062)
	at org.springframework.kafka.listener.KafkaMessageListenerContainer$ListenerConsumer$ConsumerAcknowledgment.acknowledge(KafkaMessageListenerContainer.java:3622)
	at com.example.kafkarebalance.listener.SlowEventListener.onMessage(SlowEventListener.kt:51)
	at java.base/jdk.internal.reflect.DirectMethodHandleAccessor.invoke(DirectMethodHandleAccessor.java:104)
	at java.base/java.lang.reflect.Method.invoke(Method.java:565)
	at org.springframework.messaging.handler.invocation.InvocableHandlerMethod.doInvoke(InvocableHandlerMethod.java:168)
	at org.springframework.kafka.listener.adapter.KotlinAwareInvocableHandlerMethod.doInvoke(KotlinAwareInvocableHandlerMethod.java:48)
	at org.springframework.messaging.handler.invocation.InvocableHandlerMethod.invoke(InvocableHandlerMethod.java:119)
	at org.springframework.kafka.listener.adapter.HandlerAdapter.invoke(HandlerAdapter.java:80)
	at org.springframework.kafka.listener.adapter.MessagingMessageListenerAdapter.invokeHandler(MessagingMessageListenerAdapter.java:488)
	at org.springframework.kafka.listener.adapter.MessagingMessageListenerAdapter.invoke(MessagingMessageListenerAdapter.java:425)
	at org.springframework.kafka.listener.adapter.RecordMessagingMessageListenerAdapter.onMessage(RecordMessagingMessageListenerAdapter.java:92)
	at org.springframework.kafka.listener.adapter.RecordMessagingMessageListenerAdapter.onMessage(RecordMessagingMessageListenerAdapter.java:52)
	at org.springframework.kafka.listener.KafkaMessageListenerContainer$ListenerConsumer.doInvokeOnMessage(KafkaMessageListenerContainer.java:2948)
	at org.springframework.kafka.listener.KafkaMessageListenerContainer$ListenerConsumer.invokeOnMessage(KafkaMessageListenerContainer.java:2927)
	at org.springframework.kafka.listener.KafkaMessageListenerContainer$ListenerConsumer.doInvokeRecordListener(KafkaMessageListenerContainer.java:2837)
	at org.springframework.kafka.listener.KafkaMessageListenerContainer$ListenerConsumer.doInvokeWithRecords(KafkaMessageListenerContainer.java:2679)
	at org.springframework.kafka.listener.KafkaMessageListenerContainer$ListenerConsumer.invokeRecordListener(KafkaMessageListenerContainer.java:2573)
	at org.springframework.kafka.listener.KafkaMessageListenerContainer$ListenerConsumer.invokeListener(KafkaMessageListenerContainer.java:2204)
	at org.springframework.kafka.listener.KafkaMessageListenerContainer$ListenerConsumer.invokeIfHaveRecords(KafkaMessageListenerContainer.java:1559)
	at org.springframework.kafka.listener.KafkaMessageListenerContainer$ListenerConsumer.pollAndInvoke(KafkaMessageListenerContainer.java:1499)
	at org.springframework.kafka.listener.KafkaMessageListenerContainer$ListenerConsumer.run(KafkaMessageListenerContainer.java:1368)
	at java.base/java.util.concurrent.CompletableFuture$AsyncRun.run(CompletableFuture.java:1825)
	at java.base/java.lang.Thread.run(Thread.java:1474)
16:26:31.375 [org.springframework.kafka.KafkaListenerEndpointContainer#0-0-C-1] DEBUG o.a.k.c.consumer.internals.ConsumerCoordinator - [Consumer clientId=consumer-slow-consumer-group-1, groupId=slow-consumer-group] Executing onJoinPrepare with generation -1 and memberId 
16:26:31.375 [org.springframework.kafka.KafkaListenerEndpointContainer#0-0-C-1] INFO  o.a.k.c.consumer.internals.ConsumerCoordinator - [Consumer clientId=consumer-slow-consumer-group-1, groupId=slow-consumer-group] Giving away all assigned partitions as lost since generation/memberID has been reset,indicating that consumer is in old state or no longer part of the group
16:26:31.375 [org.springframework.kafka.KafkaListenerEndpointContainer#0-0-C-1] INFO  o.a.k.c.c.i.ConsumerRebalanceListenerInvoker - [Consumer clientId=consumer-slow-consumer-group-1, groupId=slow-consumer-group] Lost previously assigned partitions [slow-events-0, slow-events-1, slow-events-2]
16:26:31.375 [org.springframework.kafka.KafkaListenerEndpointContainer#0-0-C-1] INFO  o.s.kafka.listener.KafkaMessageListenerContainer - slow-consumer-group: partitions lost: [slow-events-0, slow-events-1, slow-events-2]
16:26:31.375 [org.springframework.kafka.KafkaListenerEndpointContainer#0-0-C-1] INFO  o.s.kafka.listener.KafkaMessageListenerContainer - slow-consumer-group: partitions revoked: [slow-events-0, slow-events-1, slow-events-2]
16:26:31.375 [org.springframework.kafka.KafkaListenerEndpointContainer#0-0-C-1] INFO  o.a.k.c.consumer.internals.ConsumerCoordinator - [Consumer clientId=consumer-slow-consumer-group-1, groupId=slow-consumer-group] (Re-)joining group
16:26:31.375 [org.springframework.kafka.KafkaListenerEndpointContainer#0-0-C-1] DEBUG o.a.k.c.consumer.internals.ConsumerCoordinator - [Consumer clientId=consumer-slow-consumer-group-1, groupId=slow-consumer-group] Joining group with current subscription: [slow-events]
16:26:31.375 [org.springframework.kafka.KafkaListenerEndpointContainer#0-0-C-1] DEBUG o.a.k.c.consumer.internals.ConsumerCoordinator - [Consumer clientId=consumer-slow-consumer-group-1, groupId=slow-consumer-group] Sending JoinGroup (JoinGroupRequestData(groupId='slow-consumer-group', sessionTimeoutMs=10000, rebalanceTimeoutMs=6000, memberId='', groupInstanceId=null, protocolType='consumer', protocols=[JoinGroupRequestProtocol(name='range', metadata=[0, 3, 0, 0, 0, 1, 0, 11, 115, 108, 111, 119, 45, 101, 118, 101, 110, 116, 115, -1, -1, -1, -1, 0, 0, 0, 0, -1, -1, -1, -1, -1, -1]), JoinGroupRequestProtocol(name='cooperative-sticky', metadata=[0, 3, 0, 0, 0, 1, 0, 11, 115, 108, 111, 119, 45, 101, 118, 101, 110, 116, 115, 0, 0, 0, 4, -1, -1, -1, -1, 0, 0, 0, 0, -1, -1, -1, -1, -1, -1])], reason='consumer pro-actively leaving the group')) to coordinator localhost:9092 (id: 2147483646 rack: null isFenced: false)
16:26:31.386 [org.springframework.kafka.KafkaListenerEndpointContainer#0-0-C-1] DEBUG o.a.k.c.consumer.internals.ConsumerCoordinator - [Consumer clientId=consumer-slow-consumer-group-1, groupId=slow-consumer-group] JoinGroup failed due to non-fatal error: MEMBER_ID_REQUIRED. Will set the member id as consumer-slow-consumer-group-1-0706deb5-fd34-465f-8a1d-9e1fa350246a and then rejoin. Sent generation was Generation{generationId=-1, memberId='', protocol='null'}
16:26:31.386 [org.springframework.kafka.KafkaListenerEndpointContainer#0-0-C-1] INFO  o.a.k.c.consumer.internals.ConsumerCoordinator - [Consumer clientId=consumer-slow-consumer-group-1, groupId=slow-consumer-group] Request joining group due to: need to re-join with the given member-id: consumer-slow-consumer-group-1-0706deb5-fd34-465f-8a1d-9e1fa350246a
16:26:31.386 [org.springframework.kafka.KafkaListenerEndpointContainer#0-0-C-1] INFO  o.a.k.c.consumer.internals.ConsumerCoordinator - [Consumer clientId=consumer-slow-consumer-group-1, groupId=slow-consumer-group] (Re-)joining group
16:26:31.386 [org.springframework.kafka.KafkaListenerEndpointContainer#0-0-C-1] DEBUG o.a.k.c.consumer.internals.ConsumerCoordinator - [Consumer clientId=consumer-slow-consumer-group-1, groupId=slow-consumer-group] Joining group with current subscription: [slow-events]
16:26:31.387 [org.springframework.kafka.KafkaListenerEndpointContainer#0-0-C-1] DEBUG o.a.k.c.consumer.internals.ConsumerCoordinator - [Consumer clientId=consumer-slow-consumer-group-1, groupId=slow-consumer-group] Sending JoinGroup (JoinGroupRequestData(groupId='slow-consumer-group', sessionTimeoutMs=10000, rebalanceTimeoutMs=6000, memberId='consumer-slow-consumer-group-1-0706deb5-fd34-465f-8a1d-9e1fa350246a', groupInstanceId=null, protocolType='consumer', protocols=[JoinGroupRequestProtocol(name='range', metadata=[0, 3, 0, 0, 0, 1, 0, 11, 115, 108, 111, 119, 45, 101, 118, 101, 110, 116, 115, -1, -1, -1, -1, 0, 0, 0, 0, -1, -1, -1, -1, -1, -1]), JoinGroupRequestProtocol(name='cooperative-sticky', metadata=[0, 3, 0, 0, 0, 1, 0, 11, 115, 108, 111, 119, 45, 101, 118, 101, 110, 116, 115, 0, 0, 0, 4, -1, -1, -1, -1, 0, 0, 0, 0, -1, -1, -1, -1, -1, -1])], reason='need to re-join with the given member-id: consumer-slow-consumer-group-1-0706deb5-fd34-465f-8a1d-9e1fa350246a')) to coordinator localhost:9092 (id: 2147483646 rack: null isFenced: false)
16:26:31.394 [org.springframework.kafka.KafkaListenerEndpointContainer#0-0-C-1] DEBUG o.a.k.c.consumer.internals.ConsumerCoordinator - [Consumer clientId=consumer-slow-consumer-group-1, groupId=slow-consumer-group] Received successful JoinGroup response: JoinGroupResponseData(throttleTimeMs=0, errorCode=0, generationId=31, protocolType='consumer', protocolName='range', leader='consumer-slow-consumer-group-1-0706deb5-fd34-465f-8a1d-9e1fa350246a', skipAssignment=false, memberId='consumer-slow-consumer-group-1-0706deb5-fd34-465f-8a1d-9e1fa350246a', members=[JoinGroupResponseMember(memberId='consumer-slow-consumer-group-1-0706deb5-fd34-465f-8a1d-9e1fa350246a', groupInstanceId=null, metadata=[0, 3, 0, 0, 0, 1, 0, 11, 115, 108, 111, 119, 45, 101, 118, 101, 110, 116, 115, -1, -1, -1, -1, 0, 0, 0, 0, -1, -1, -1, -1, -1, -1])])
16:26:31.394 [org.springframework.kafka.KafkaListenerEndpointContainer#0-0-C-1] DEBUG o.a.k.c.consumer.internals.ConsumerCoordinator - [Consumer clientId=consumer-slow-consumer-group-1, groupId=slow-consumer-group] Enabling heartbeat thread
16:26:31.394 [org.springframework.kafka.KafkaListenerEndpointContainer#0-0-C-1] INFO  o.a.k.c.consumer.internals.ConsumerCoordinator - [Consumer clientId=consumer-slow-consumer-group-1, groupId=slow-consumer-group] Successfully joined group with generation Generation{generationId=31, memberId='consumer-slow-consumer-group-1-0706deb5-fd34-465f-8a1d-9e1fa350246a', protocol='range'}
16:26:31.395 [org.springframework.kafka.KafkaListenerEndpointContainer#0-0-C-1] DEBUG o.a.k.c.consumer.internals.ConsumerCoordinator - [Consumer clientId=consumer-slow-consumer-group-1, groupId=slow-consumer-group] Performing assignment using strategy range with subscriptions {consumer-slow-consumer-group-1-0706deb5-fd34-465f-8a1d-9e1fa350246a=Subscription(topics=[slow-events], ownedPartitions=[], groupInstanceId=null, generationId=-1, rackId=null)}
16:26:31.395 [org.springframework.kafka.KafkaListenerEndpointContainer#0-0-C-1] INFO  o.a.k.c.consumer.internals.ConsumerCoordinator - [Consumer clientId=consumer-slow-consumer-group-1, groupId=slow-consumer-group] Finished assignment for group at generation 31: {consumer-slow-consumer-group-1-0706deb5-fd34-465f-8a1d-9e1fa350246a=Assignment(partitions=[slow-events-0, slow-events-1, slow-events-2])}
16:26:31.395 [org.springframework.kafka.KafkaListenerEndpointContainer#0-0-C-1] DEBUG o.a.k.c.consumer.internals.ConsumerCoordinator - [Consumer clientId=consumer-slow-consumer-group-1, groupId=slow-consumer-group] Sending leader SyncGroup to coordinator localhost:9092 (id: 2147483646 rack: null isFenced: false): SyncGroupRequestData(groupId='slow-consumer-group', generationId=31, memberId='consumer-slow-consumer-group-1-0706deb5-fd34-465f-8a1d-9e1fa350246a', groupInstanceId=null, protocolType='consumer', protocolName='range', assignments=[SyncGroupRequestAssignment(memberId='consumer-slow-consumer-group-1-0706deb5-fd34-465f-8a1d-9e1fa350246a', assignment=[0, 3, 0, 0, 0, 1, 0, 11, 115, 108, 111, 119, 45, 101, 118, 101, 110, 116, 115, 0, 0, 0, 3, 0, 0, 0, 0, 0, 0, 0, 1, 0, 0, 0, 2, -1, -1, -1, -1])])
16:26:31.403 [org.springframework.kafka.KafkaListenerEndpointContainer#0-0-C-1] DEBUG o.a.k.c.consumer.internals.ConsumerCoordinator - [Consumer clientId=consumer-slow-consumer-group-1, groupId=slow-consumer-group] Received successful SyncGroup response: SyncGroupResponseData(throttleTimeMs=0, errorCode=0, protocolType='consumer', protocolName='range', assignment=[0, 3, 0, 0, 0, 1, 0, 11, 115, 108, 111, 119, 45, 101, 118, 101, 110, 116, 115, 0, 0, 0, 3, 0, 0, 0, 0, 0, 0, 0, 1, 0, 0, 0, 2, -1, -1, -1, -1])
16:26:31.403 [org.springframework.kafka.KafkaListenerEndpointContainer#0-0-C-1] INFO  o.a.k.c.consumer.internals.ConsumerCoordinator - [Consumer clientId=consumer-slow-consumer-group-1, groupId=slow-consumer-group] Successfully synced group in generation Generation{generationId=31, memberId='consumer-slow-consumer-group-1-0706deb5-fd34-465f-8a1d-9e1fa350246a', protocol='range'}
16:26:31.404 [org.springframework.kafka.KafkaListenerEndpointContainer#0-0-C-1] DEBUG o.a.k.c.consumer.internals.ConsumerCoordinator - [Consumer clientId=consumer-slow-consumer-group-1, groupId=slow-consumer-group] Executing onJoinComplete with generation 31 and memberId consumer-slow-consumer-group-1-0706deb5-fd34-465f-8a1d-9e1fa350246a
16:26:31.404 [org.springframework.kafka.KafkaListenerEndpointContainer#0-0-C-1] INFO  o.a.k.c.consumer.internals.ConsumerCoordinator - [Consumer clientId=consumer-slow-consumer-group-1, groupId=slow-consumer-group] Notifying assignor about the new Assignment(partitions=[slow-events-0, slow-events-1, slow-events-2])
16:26:31.404 [org.springframework.kafka.KafkaListenerEndpointContainer#0-0-C-1] INFO  o.a.k.c.c.i.ConsumerRebalanceListenerInvoker - [Consumer clientId=consumer-slow-consumer-group-1, groupId=slow-consumer-group] Adding newly assigned partitions: [slow-events-0, slow-events-1, slow-events-2]
16:26:31.404 [org.springframework.kafka.KafkaListenerEndpointContainer#0-0-C-1] DEBUG o.a.k.c.consumer.internals.ConsumerCoordinator - [Consumer clientId=consumer-slow-consumer-group-1, groupId=slow-consumer-group] Fetching committed offsets for partitions: [slow-events-2, slow-events-1, slow-events-0]
16:26:31.407 [org.springframework.kafka.KafkaListenerEndpointContainer#0-0-C-1] INFO  o.a.k.c.consumer.internals.ConsumerCoordinator - [Consumer clientId=consumer-slow-consumer-group-1, groupId=slow-consumer-group] Found no committed offset for partition slow-events-2
16:26:31.407 [org.springframework.kafka.KafkaListenerEndpointContainer#0-0-C-1] INFO  o.a.k.c.consumer.internals.ConsumerCoordinator - [Consumer clientId=consumer-slow-consumer-group-1, groupId=slow-consumer-group] Found no committed offset for partition slow-events-1
16:26:31.407 [org.springframework.kafka.KafkaListenerEndpointContainer#0-0-C-1] INFO  o.a.kafka.clients.consumer.internals.ConsumerUtils - Setting offset for partition slow-events-0 to the committed offset FetchPosition{offset=1, offsetEpoch=Optional.empty, currentLeader=LeaderAndEpoch{leader=Optional[localhost:9092 (id: 1 rack: null isFenced: false)], epoch=0}}
16:26:31.409 [org.springframework.kafka.KafkaListenerEndpointContainer#0-0-C-1] INFO  o.a.k.clients.consumer.internals.SubscriptionState - [Consumer clientId=consumer-slow-consumer-group-1, groupId=slow-consumer-group] Resetting offset for partition slow-events-2 to position FetchPosition{offset=0, offsetEpoch=Optional.empty, currentLeader=LeaderAndEpoch{leader=Optional[localhost:9092 (id: 1 rack: null isFenced: false)], epoch=0}}.
16:26:31.409 [org.springframework.kafka.KafkaListenerEndpointContainer#0-0-C-1] INFO  o.a.k.clients.consumer.internals.SubscriptionState - [Consumer clientId=consumer-slow-consumer-group-1, groupId=slow-consumer-group] Resetting offset for partition slow-events-1 to position FetchPosition{offset=0, offsetEpoch=Optional.empty, currentLeader=LeaderAndEpoch{leader=Optional[localhost:9092 (id: 1 rack: null isFenced: false)], epoch=0}}.
16:26:31.409 [org.springframework.kafka.KafkaListenerEndpointContainer#0-0-C-1] INFO  o.s.kafka.listener.KafkaMessageListenerContainer - slow-consumer-group: partitions assigned: [slow-events-0, slow-events-1, slow-events-2]
16:26:31.412 [org.springframework.kafka.KafkaListenerEndpointContainer#0-0-C-1] DEBUG o.s.kafka.listener.KafkaMessageListenerContainer - Received: 1 records
16:26:31.412 [org.springframework.kafka.KafkaListenerEndpointContainer#0-0-C-1] DEBUG o.s.k.l.a.RecordMessagingMessageListenerAdapter - Processing [GenericMessage [payload=DemoEvent(id=472138ad-6d5f-4b67-b8c6-e96870c125c9, payload=demo-event-4, slow=true, retryTrigger=false, createdAt=2026-08-25T08:24:11.418200Z), headers={kafka_offset=1, kafka_consumer=org.springframework.kafka.core.DefaultKafkaConsumerFactory$ExtendedKafkaConsumer@4d006356, kafka_timestampType=CREATE_TIME, kafka_receivedPartitionId=0, kafka_receivedMessageKey=1, kafka_receivedTopic=slow-events, kafka_receivedTimestamp=1787646251418, kafka_acknowledgment=Acknowledgment for slow-events-0@1, kafka_groupId=slow-consumer-group}]]
16:26:31.412 [org.springframework.kafka.KafkaListenerEndpointContainer#0-0-C-1] INFO  c.e.kafkarebalance.listener.SlowEventListener - 收到消息 id=472138ad-6d5f-4b67-b8c6-e96870c125c9 partition=0 slow=true
16:26:31.412 [org.springframework.kafka.KafkaListenerEndpointContainer#0-0-C-1] WARN  c.e.kafkarebalance.listener.SlowEventListener - 模拟慢处理开始：id=472138ad-6d5f-4b67-b8c6-e96870c125c9 将阻塞 10000ms（超过 max.poll.interval.ms=6000ms，预期触发 rebalance）
16:26:34.399 [kafka-coordinator-heartbeat-thread | slow-consumer-group] DEBUG o.a.k.c.consumer.internals.ConsumerCoordinator - [Consumer clientId=consumer-slow-consumer-group-1, groupId=slow-consumer-group] Sending Heartbeat request with generation 31 and member id consumer-slow-consumer-group-1-0706deb5-fd34-465f-8a1d-9e1fa350246a to coordinator localhost:9092 (id: 2147483646 rack: null isFenced: false)
16:26:34.502 [kafka-coordinator-heartbeat-thread | slow-consumer-group] DEBUG o.a.k.c.consumer.internals.ConsumerCoordinator - [Consumer clientId=consumer-slow-consumer-group-1, groupId=slow-consumer-group] Received successful Heartbeat response
16:26:37.490 [kafka-coordinator-heartbeat-thread | slow-consumer-group] WARN  o.a.k.c.consumer.internals.ConsumerCoordinator - [Consumer clientId=consumer-slow-consumer-group-1, groupId=slow-consumer-group] consumer poll timeout has expired. This means the time between subsequent calls to poll() was longer than the configured max.poll.interval.ms, which typically implies that the poll loop is spending too much time processing messages. You can address this either by increasing max.poll.interval.ms or by reducing the maximum size of batches returned in poll() with max.poll.records.
16:26:37.490 [kafka-coordinator-heartbeat-thread | slow-consumer-group] INFO  o.a.k.c.consumer.internals.ConsumerCoordinator - [Consumer clientId=consumer-slow-consumer-group-1, groupId=slow-consumer-group] Member consumer-slow-consumer-group-1-0706deb5-fd34-465f-8a1d-9e1fa350246a sending LeaveGroup request to coordinator localhost:9092 (id: 2147483646 rack: null isFenced: false) due to consumer poll timeout has expired.
16:26:37.491 [kafka-coordinator-heartbeat-thread | slow-consumer-group] INFO  o.a.k.c.consumer.internals.ConsumerCoordinator - [Consumer clientId=consumer-slow-consumer-group-1, groupId=slow-consumer-group] Resetting generation and member id due to: consumer pro-actively leaving the group
16:26:37.492 [kafka-coordinator-heartbeat-thread | slow-consumer-group] INFO  o.a.k.c.consumer.internals.ConsumerCoordinator - [Consumer clientId=consumer-slow-consumer-group-1, groupId=slow-consumer-group] Request joining group due to: consumer pro-actively leaving the group
16:26:41.415 [org.springframework.kafka.KafkaListenerEndpointContainer#0-0-C-1] DEBUG o.s.kafka.listener.KafkaMessageListenerContainer - Committing: {slow-events-0=OffsetAndMetadata{offset=2, leaderEpoch=null, metadata=''}}
16:26:41.416 [org.springframework.kafka.KafkaListenerEndpointContainer#0-0-C-1] INFO  o.a.k.c.consumer.internals.ConsumerCoordinator - [Consumer clientId=consumer-slow-consumer-group-1, groupId=slow-consumer-group] Failing OffsetCommit request since the consumer is not part of an active group
16:26:41.416 [org.springframework.kafka.KafkaListenerEndpointContainer#0-0-C-1] DEBUG o.a.k.c.consumer.internals.ConsumerCoordinator - [Consumer clientId=consumer-slow-consumer-group-1, groupId=slow-consumer-group] LeaveGroup response with Generation{generationId=31, memberId='consumer-slow-consumer-group-1-0706deb5-fd34-465f-8a1d-9e1fa350246a', protocol='range'} returned successfully: ClientResponse(receivedTimeMs=1787646401416, latencyMs=3926, disconnected=false, timedOut=false, requestHeader=RequestHeader(apiKey=LEAVE_GROUP, apiVersion=5, clientId=consumer-slow-consumer-group-1, correlationId=137, headerVersion=2), responseBody=LeaveGroupResponseData(throttleTimeMs=0, errorCode=0, members=[MemberResponse(memberId='consumer-slow-consumer-group-1-0706deb5-fd34-465f-8a1d-9e1fa350246a', groupInstanceId=null, errorCode=0)]))
16:26:41.416 [org.springframework.kafka.KafkaListenerEndpointContainer#0-0-C-1] WARN  c.e.kafkarebalance.listener.SlowEventListener - 提交 offset 失败，可能因 rebalance 导致该分区已被回收 id=472138ad-6d5f-4b67-b8c6-e96870c125c9
org.apache.kafka.clients.consumer.CommitFailedException: Offset commit cannot be completed since the consumer is not part of an active group for auto partition assignment; it is likely that the consumer was kicked out of the group.
	at org.apache.kafka.clients.consumer.internals.ConsumerCoordinator.sendOffsetCommitRequest(ConsumerCoordinator.java:1320)
	at org.apache.kafka.clients.consumer.internals.ConsumerCoordinator.commitOffsetsSync(ConsumerCoordinator.java:1155)
	at org.apache.kafka.clients.consumer.internals.ClassicKafkaConsumer.commitSync(ClassicKafkaConsumer.java:747)
	at org.apache.kafka.clients.consumer.KafkaConsumer.commitSync(KafkaConsumer.java:1094)
	at org.springframework.kafka.listener.KafkaMessageListenerContainer$ListenerConsumer.doCommitSync(KafkaMessageListenerContainer.java:3474)
	at org.springframework.kafka.listener.KafkaMessageListenerContainer$ListenerConsumer.commitSync(KafkaMessageListenerContainer.java:3469)
	at org.springframework.kafka.listener.KafkaMessageListenerContainer$ListenerConsumer.commitOffsets(KafkaMessageListenerContainer.java:3452)
	at org.springframework.kafka.listener.KafkaMessageListenerContainer$ListenerConsumer.commitOffsetsInTransactions(KafkaMessageListenerContainer.java:3443)
	at org.springframework.kafka.listener.KafkaMessageListenerContainer$ListenerConsumer.ackImmediate(KafkaMessageListenerContainer.java:2187)
	at org.springframework.kafka.listener.KafkaMessageListenerContainer$ListenerConsumer.processAck(KafkaMessageListenerContainer.java:2082)
	at org.springframework.kafka.listener.KafkaMessageListenerContainer$ListenerConsumer.doAck(KafkaMessageListenerContainer.java:2062)
	at org.springframework.kafka.listener.KafkaMessageListenerContainer$ListenerConsumer$ConsumerAcknowledgment.acknowledge(KafkaMessageListenerContainer.java:3622)
	at com.example.kafkarebalance.listener.SlowEventListener.onMessage(SlowEventListener.kt:51)
	at java.base/jdk.internal.reflect.DirectMethodHandleAccessor.invoke(DirectMethodHandleAccessor.java:104)
	at java.base/java.lang.reflect.Method.invoke(Method.java:565)
	at org.springframework.messaging.handler.invocation.InvocableHandlerMethod.doInvoke(InvocableHandlerMethod.java:168)
	at org.springframework.kafka.listener.adapter.KotlinAwareInvocableHandlerMethod.doInvoke(KotlinAwareInvocableHandlerMethod.java:48)
	at org.springframework.messaging.handler.invocation.InvocableHandlerMethod.invoke(InvocableHandlerMethod.java:119)
	at org.springframework.kafka.listener.adapter.HandlerAdapter.invoke(HandlerAdapter.java:80)
	at org.springframework.kafka.listener.adapter.MessagingMessageListenerAdapter.invokeHandler(MessagingMessageListenerAdapter.java:488)
	at org.springframework.kafka.listener.adapter.MessagingMessageListenerAdapter.invoke(MessagingMessageListenerAdapter.java:425)
	at org.springframework.kafka.listener.adapter.RecordMessagingMessageListenerAdapter.onMessage(RecordMessagingMessageListenerAdapter.java:92)
	at org.springframework.kafka.listener.adapter.RecordMessagingMessageListenerAdapter.onMessage(RecordMessagingMessageListenerAdapter.java:52)
	at org.springframework.kafka.listener.KafkaMessageListenerContainer$ListenerConsumer.doInvokeOnMessage(KafkaMessageListenerContainer.java:2948)
	at org.springframework.kafka.listener.KafkaMessageListenerContainer$ListenerConsumer.invokeOnMessage(KafkaMessageListenerContainer.java:2927)
	at org.springframework.kafka.listener.KafkaMessageListenerContainer$ListenerConsumer.doInvokeRecordListener(KafkaMessageListenerContainer.java:2837)
	at org.springframework.kafka.listener.KafkaMessageListenerContainer$ListenerConsumer.doInvokeWithRecords(KafkaMessageListenerContainer.java:2679)
	at org.springframework.kafka.listener.KafkaMessageListenerContainer$ListenerConsumer.invokeRecordListener(KafkaMessageListenerContainer.java:2573)
	at org.springframework.kafka.listener.KafkaMessageListenerContainer$ListenerConsumer.invokeListener(KafkaMessageListenerContainer.java:2204)
	at org.springframework.kafka.listener.KafkaMessageListenerContainer$ListenerConsumer.invokeIfHaveRecords(KafkaMessageListenerContainer.java:1559)
	at org.springframework.kafka.listener.KafkaMessageListenerContainer$ListenerConsumer.pollAndInvoke(KafkaMessageListenerContainer.java:1499)
	at org.springframework.kafka.listener.KafkaMessageListenerContainer$ListenerConsumer.run(KafkaMessageListenerContainer.java:1368)
	at java.base/java.util.concurrent.CompletableFuture$AsyncRun.run(CompletableFuture.java:1825)
	at java.base/java.lang.Thread.run(Thread.java:1474)
16:26:41.417 [org.springframework.kafka.KafkaListenerEndpointContainer#0-0-C-1] DEBUG o.a.k.c.consumer.internals.ConsumerCoordinator - [Consumer clientId=consumer-slow-consumer-group-1, groupId=slow-consumer-group] Executing onJoinPrepare with generation -1 and memberId 
16:26:41.417 [org.springframework.kafka.KafkaListenerEndpointContainer#0-0-C-1] INFO  o.a.k.c.consumer.internals.ConsumerCoordinator - [Consumer clientId=consumer-slow-consumer-group-1, groupId=slow-consumer-group] Giving away all assigned partitions as lost since generation/memberID has been reset,indicating that consumer is in old state or no longer part of the group
16:26:41.417 [org.springframework.kafka.KafkaListenerEndpointContainer#0-0-C-1] INFO  o.a.k.c.c.i.ConsumerRebalanceListenerInvoker - [Consumer clientId=consumer-slow-consumer-group-1, groupId=slow-consumer-group] Lost previously assigned partitions [slow-events-0, slow-events-1, slow-events-2]
16:26:41.417 [org.springframework.kafka.KafkaListenerEndpointContainer#0-0-C-1] INFO  o.s.kafka.listener.KafkaMessageListenerContainer - slow-consumer-group: partitions lost: [slow-events-0, slow-events-1, slow-events-2]
16:26:41.417 [org.springframework.kafka.KafkaListenerEndpointContainer#0-0-C-1] INFO  o.s.kafka.listener.KafkaMessageListenerContainer - slow-consumer-group: partitions revoked: [slow-events-0, slow-events-1, slow-events-2]
16:26:41.417 [org.springframework.kafka.KafkaListenerEndpointContainer#0-0-C-1] INFO  o.a.k.c.consumer.internals.ConsumerCoordinator - [Consumer clientId=consumer-slow-consumer-group-1, groupId=slow-consumer-group] (Re-)joining group
16:26:41.417 [org.springframework.kafka.KafkaListenerEndpointContainer#0-0-C-1] DEBUG o.a.k.c.consumer.internals.ConsumerCoordinator - [Consumer clientId=consumer-slow-consumer-group-1, groupId=slow-consumer-group] Joining group with current subscription: [slow-events]
16:26:41.418 [org.springframework.kafka.KafkaListenerEndpointContainer#0-0-C-1] DEBUG o.a.k.c.consumer.internals.ConsumerCoordinator - [Consumer clientId=consumer-slow-consumer-group-1, groupId=slow-consumer-group] Sending JoinGroup (JoinGroupRequestData(groupId='slow-consumer-group', sessionTimeoutMs=10000, rebalanceTimeoutMs=6000, memberId='', groupInstanceId=null, protocolType='consumer', protocols=[JoinGroupRequestProtocol(name='range', metadata=[0, 3, 0, 0, 0, 1, 0, 11, 115, 108, 111, 119, 45, 101, 118, 101, 110, 116, 115, -1, -1, -1, -1, 0, 0, 0, 0, -1, -1, -1, -1, -1, -1]), JoinGroupRequestProtocol(name='cooperative-sticky', metadata=[0, 3, 0, 0, 0, 1, 0, 11, 115, 108, 111, 119, 45, 101, 118, 101, 110, 116, 115, 0, 0, 0, 4, -1, -1, -1, -1, 0, 0, 0, 0, -1, -1, -1, -1, -1, -1])], reason='consumer pro-actively leaving the group')) to coordinator localhost:9092 (id: 2147483646 rack: null isFenced: false)
16:26:41.426 [org.springframework.kafka.KafkaListenerEndpointContainer#0-0-C-1] DEBUG o.a.k.c.consumer.internals.ConsumerCoordinator - [Consumer clientId=consumer-slow-consumer-group-1, groupId=slow-consumer-group] JoinGroup failed due to non-fatal error: MEMBER_ID_REQUIRED. Will set the member id as consumer-slow-consumer-group-1-5969fea7-b443-486d-b047-6cf1b02fc663 and then rejoin. Sent generation was Generation{generationId=-1, memberId='', protocol='null'}
16:26:41.426 [org.springframework.kafka.KafkaListenerEndpointContainer#0-0-C-1] INFO  o.a.k.c.consumer.internals.ConsumerCoordinator - [Consumer clientId=consumer-slow-consumer-group-1, groupId=slow-consumer-group] Request joining group due to: need to re-join with the given member-id: consumer-slow-consumer-group-1-5969fea7-b443-486d-b047-6cf1b02fc663
16:26:41.426 [org.springframework.kafka.KafkaListenerEndpointContainer#0-0-C-1] INFO  o.a.k.c.consumer.internals.ConsumerCoordinator - [Consumer clientId=consumer-slow-consumer-group-1, groupId=slow-consumer-group] (Re-)joining group
16:26:41.426 [org.springframework.kafka.KafkaListenerEndpointContainer#0-0-C-1] DEBUG o.a.k.c.consumer.internals.ConsumerCoordinator - [Consumer clientId=consumer-slow-consumer-group-1, groupId=slow-consumer-group] Joining group with current subscription: [slow-events]
16:26:41.427 [org.springframework.kafka.KafkaListenerEndpointContainer#0-0-C-1] DEBUG o.a.k.c.consumer.internals.ConsumerCoordinator - [Consumer clientId=consumer-slow-consumer-group-1, groupId=slow-consumer-group] Sending JoinGroup (JoinGroupRequestData(groupId='slow-consumer-group', sessionTimeoutMs=10000, rebalanceTimeoutMs=6000, memberId='consumer-slow-consumer-group-1-5969fea7-b443-486d-b047-6cf1b02fc663', groupInstanceId=null, protocolType='consumer', protocols=[JoinGroupRequestProtocol(name='range', metadata=[0, 3, 0, 0, 0, 1, 0, 11, 115, 108, 111, 119, 45, 101, 118, 101, 110, 116, 115, -1, -1, -1, -1, 0, 0, 0, 0, -1, -1, -1, -1, -1, -1]), JoinGroupRequestProtocol(name='cooperative-sticky', metadata=[0, 3, 0, 0, 0, 1, 0, 11, 115, 108, 111, 119, 45, 101, 118, 101, 110, 116, 115, 0, 0, 0, 4, -1, -1, -1, -1, 0, 0, 0, 0, -1, -1, -1, -1, -1, -1])], reason='need to re-join with the given member-id: consumer-slow-consumer-group-1-5969fea7-b443-486d-b047-6cf1b02fc663')) to coordinator localhost:9092 (id: 2147483646 rack: null isFenced: false)
16:26:41.432 [org.springframework.kafka.KafkaListenerEndpointContainer#0-0-C-1] DEBUG o.a.k.c.consumer.internals.ConsumerCoordinator - [Consumer clientId=consumer-slow-consumer-group-1, groupId=slow-consumer-group] Received successful JoinGroup response: JoinGroupResponseData(throttleTimeMs=0, errorCode=0, generationId=33, protocolType='consumer', protocolName='range', leader='consumer-slow-consumer-group-1-5969fea7-b443-486d-b047-6cf1b02fc663', skipAssignment=false, memberId='consumer-slow-consumer-group-1-5969fea7-b443-486d-b047-6cf1b02fc663', members=[JoinGroupResponseMember(memberId='consumer-slow-consumer-group-1-5969fea7-b443-486d-b047-6cf1b02fc663', groupInstanceId=null, metadata=[0, 3, 0, 0, 0, 1, 0, 11, 115, 108, 111, 119, 45, 101, 118, 101, 110, 116, 115, -1, -1, -1, -1, 0, 0, 0, 0, -1, -1, -1, -1, -1, -1])])
16:26:41.432 [org.springframework.kafka.KafkaListenerEndpointContainer#0-0-C-1] DEBUG o.a.k.c.consumer.internals.ConsumerCoordinator - [Consumer clientId=consumer-slow-consumer-group-1, groupId=slow-consumer-group] Enabling heartbeat thread
16:26:41.432 [org.springframework.kafka.KafkaListenerEndpointContainer#0-0-C-1] INFO  o.a.k.c.consumer.internals.ConsumerCoordinator - [Consumer clientId=consumer-slow-consumer-group-1, groupId=slow-consumer-group] Successfully joined group with generation Generation{generationId=33, memberId='consumer-slow-consumer-group-1-5969fea7-b443-486d-b047-6cf1b02fc663', protocol='range'}
16:26:41.432 [org.springframework.kafka.KafkaListenerEndpointContainer#0-0-C-1] DEBUG o.a.k.c.consumer.internals.ConsumerCoordinator - [Consumer clientId=consumer-slow-consumer-group-1, groupId=slow-consumer-group] Performing assignment using strategy range with subscriptions {consumer-slow-consumer-group-1-5969fea7-b443-486d-b047-6cf1b02fc663=Subscription(topics=[slow-events], ownedPartitions=[], groupInstanceId=null, generationId=-1, rackId=null)}
16:26:41.433 [org.springframework.kafka.KafkaListenerEndpointContainer#0-0-C-1] INFO  o.a.k.c.consumer.internals.ConsumerCoordinator - [Consumer clientId=consumer-slow-consumer-group-1, groupId=slow-consumer-group] Finished assignment for group at generation 33: {consumer-slow-consumer-group-1-5969fea7-b443-486d-b047-6cf1b02fc663=Assignment(partitions=[slow-events-0, slow-events-1, slow-events-2])}
16:26:41.433 [org.springframework.kafka.KafkaListenerEndpointContainer#0-0-C-1] DEBUG o.a.k.c.consumer.internals.ConsumerCoordinator - [Consumer clientId=consumer-slow-consumer-group-1, groupId=slow-consumer-group] Sending leader SyncGroup to coordinator localhost:9092 (id: 2147483646 rack: null isFenced: false): SyncGroupRequestData(groupId='slow-consumer-group', generationId=33, memberId='consumer-slow-consumer-group-1-5969fea7-b443-486d-b047-6cf1b02fc663', groupInstanceId=null, protocolType='consumer', protocolName='range', assignments=[SyncGroupRequestAssignment(memberId='consumer-slow-consumer-group-1-5969fea7-b443-486d-b047-6cf1b02fc663', assignment=[0, 3, 0, 0, 0, 1, 0, 11, 115, 108, 111, 119, 45, 101, 118, 101, 110, 116, 115, 0, 0, 0, 3, 0, 0, 0, 0, 0, 0, 0, 1, 0, 0, 0, 2, -1, -1, -1, -1])])
16:26:41.437 [org.springframework.kafka.KafkaListenerEndpointContainer#0-0-C-1] DEBUG o.a.k.c.consumer.internals.ConsumerCoordinator - [Consumer clientId=consumer-slow-consumer-group-1, groupId=slow-consumer-group] Received successful SyncGroup response: SyncGroupResponseData(throttleTimeMs=0, errorCode=0, protocolType='consumer', protocolName='range', assignment=[0, 3, 0, 0, 0, 1, 0, 11, 115, 108, 111, 119, 45, 101, 118, 101, 110, 116, 115, 0, 0, 0, 3, 0, 0, 0, 0, 0, 0, 0, 1, 0, 0, 0, 2, -1, -1, -1, -1])
16:26:41.437 [org.springframework.kafka.KafkaListenerEndpointContainer#0-0-C-1] INFO  o.a.k.c.consumer.internals.ConsumerCoordinator - [Consumer clientId=consumer-slow-consumer-group-1, groupId=slow-consumer-group] Successfully synced group in generation Generation{generationId=33, memberId='consumer-slow-consumer-group-1-5969fea7-b443-486d-b047-6cf1b02fc663', protocol='range'}
16:26:41.438 [org.springframework.kafka.KafkaListenerEndpointContainer#0-0-C-1] DEBUG o.a.k.c.consumer.internals.ConsumerCoordinator - [Consumer clientId=consumer-slow-consumer-group-1, groupId=slow-consumer-group] Executing onJoinComplete with generation 33 and memberId consumer-slow-consumer-group-1-5969fea7-b443-486d-b047-6cf1b02fc663
16:26:41.438 [org.springframework.kafka.KafkaListenerEndpointContainer#0-0-C-1] INFO  o.a.k.c.consumer.internals.ConsumerCoordinator - [Consumer clientId=consumer-slow-consumer-group-1, groupId=slow-consumer-group] Notifying assignor about the new Assignment(partitions=[slow-events-0, slow-events-1, slow-events-2])
16:26:41.438 [org.springframework.kafka.KafkaListenerEndpointContainer#0-0-C-1] INFO  o.a.k.c.c.i.ConsumerRebalanceListenerInvoker - [Consumer clientId=consumer-slow-consumer-group-1, groupId=slow-consumer-group] Adding newly assigned partitions: [slow-events-0, slow-events-1, slow-events-2]
16:26:41.438 [org.springframework.kafka.KafkaListenerEndpointContainer#0-0-C-1] DEBUG o.a.k.c.consumer.internals.ConsumerCoordinator - [Consumer clientId=consumer-slow-consumer-group-1, groupId=slow-consumer-group] Fetching committed offsets for partitions: [slow-events-2, slow-events-1, slow-events-0]
16:26:41.441 [org.springframework.kafka.KafkaListenerEndpointContainer#0-0-C-1] INFO  o.a.k.c.consumer.internals.ConsumerCoordinator - [Consumer clientId=consumer-slow-consumer-group-1, groupId=slow-consumer-group] Found no committed offset for partition slow-events-2
16:26:41.441 [org.springframework.kafka.KafkaListenerEndpointContainer#0-0-C-1] INFO  o.a.k.c.consumer.internals.ConsumerCoordinator - [Consumer clientId=consumer-slow-consumer-group-1, groupId=slow-consumer-group] Found no committed offset for partition slow-events-1
16:26:41.441 [org.springframework.kafka.KafkaListenerEndpointContainer#0-0-C-1] INFO  o.a.kafka.clients.consumer.internals.ConsumerUtils - Setting offset for partition slow-events-0 to the committed offset FetchPosition{offset=1, offsetEpoch=Optional.empty, currentLeader=LeaderAndEpoch{leader=Optional[localhost:9092 (id: 1 rack: null isFenced: false)], epoch=0}}
16:26:41.444 [org.springframework.kafka.KafkaListenerEndpointContainer#0-0-C-1] INFO  o.a.k.clients.consumer.internals.SubscriptionState - [Consumer clientId=consumer-slow-consumer-group-1, groupId=slow-consumer-group] Resetting offset for partition slow-events-2 to position FetchPosition{offset=0, offsetEpoch=Optional.empty, currentLeader=LeaderAndEpoch{leader=Optional[localhost:9092 (id: 1 rack: null isFenced: false)], epoch=0}}.
16:26:41.444 [org.springframework.kafka.KafkaListenerEndpointContainer#0-0-C-1] INFO  o.a.k.clients.consumer.internals.SubscriptionState - [Consumer clientId=consumer-slow-consumer-group-1, groupId=slow-consumer-group] Resetting offset for partition slow-events-1 to position FetchPosition{offset=0, offsetEpoch=Optional.empty, currentLeader=LeaderAndEpoch{leader=Optional[localhost:9092 (id: 1 rack: null isFenced: false)], epoch=0}}.
16:26:41.444 [org.springframework.kafka.KafkaListenerEndpointContainer#0-0-C-1] INFO  o.s.kafka.listener.KafkaMessageListenerContainer - slow-consumer-group: partitions assigned: [slow-events-0, slow-events-1, slow-events-2]
16:26:41.448 [org.springframework.kafka.KafkaListenerEndpointContainer#0-0-C-1] DEBUG o.s.kafka.listener.KafkaMessageListenerContainer - Received: 1 records
16:26:41.448 [org.springframework.kafka.KafkaListenerEndpointContainer#0-0-C-1] DEBUG o.s.k.l.a.RecordMessagingMessageListenerAdapter - Processing [GenericMessage [payload=DemoEvent(id=472138ad-6d5f-4b67-b8c6-e96870c125c9, payload=demo-event-4, slow=true, retryTrigger=false, createdAt=2026-08-25T08:24:11.418200Z), headers={kafka_offset=1, kafka_consumer=org.springframework.kafka.core.DefaultKafkaConsumerFactory$ExtendedKafkaConsumer@4d006356, kafka_timestampType=CREATE_TIME, kafka_receivedPartitionId=0, kafka_receivedMessageKey=1, kafka_receivedTopic=slow-events, kafka_receivedTimestamp=1787646251418, kafka_acknowledgment=Acknowledgment for slow-events-0@1, kafka_groupId=slow-consumer-group}]]
16:26:41.448 [org.springframework.kafka.KafkaListenerEndpointContainer#0-0-C-1] INFO  c.e.kafkarebalance.listener.SlowEventListener - 收到消息 id=472138ad-6d5f-4b67-b8c6-e96870c125c9 partition=0 slow=true
16:26:41.449 [org.springframework.kafka.KafkaListenerEndpointContainer#0-0-C-1] WARN  c.e.kafkarebalance.listener.SlowEventListener - 模拟慢处理开始：id=472138ad-6d5f-4b67-b8c6-e96870c125c9 将阻塞 10000ms（超过 max.poll.interval.ms=6000ms，预期触发 rebalance）
16:26:44.436 [kafka-coordinator-heartbeat-thread | slow-consumer-group] DEBUG o.a.k.c.consumer.internals.ConsumerCoordinator - [Consumer clientId=consumer-slow-consumer-group-1, groupId=slow-consumer-group] Sending Heartbeat request with generation 33 and member id consumer-slow-consumer-group-1-5969fea7-b443-486d-b047-6cf1b02fc663 to coordinator localhost:9092 (id: 2147483646 rack: null isFenced: false)
16:26:44.541 [kafka-coordinator-heartbeat-thread | slow-consumer-group] DEBUG o.a.k.c.consumer.internals.ConsumerCoordinator - [Consumer clientId=consumer-slow-consumer-group-1, groupId=slow-consumer-group] Received successful Heartbeat response
16:26:47.439 [kafka-coordinator-heartbeat-thread | slow-consumer-group] DEBUG o.a.k.c.consumer.internals.ConsumerCoordinator - [Consumer clientId=consumer-slow-consumer-group-1, groupId=slow-consumer-group] Sending Heartbeat request with generation 33 and member id consumer-slow-consumer-group-1-5969fea7-b443-486d-b047-6cf1b02fc663 to coordinator localhost:9092 (id: 2147483646 rack: null isFenced: false)
16:26:47.545 [kafka-coordinator-heartbeat-thread | slow-consumer-group] DEBUG o.a.k.c.consumer.internals.ConsumerCoordinator - [Consumer clientId=consumer-slow-consumer-group-1, groupId=slow-consumer-group] Received successful Heartbeat response
16:26:47.545 [kafka-coordinator-heartbeat-thread | slow-consumer-group] WARN  o.a.k.c.consumer.internals.ConsumerCoordinator - [Consumer clientId=consumer-slow-consumer-group-1, groupId=slow-consumer-group] consumer poll timeout has expired. This means the time between subsequent calls to poll() was longer than the configured max.poll.interval.ms, which typically implies that the poll loop is spending too much time processing messages. You can address this either by increasing max.poll.interval.ms or by reducing the maximum size of batches returned in poll() with max.poll.records.
16:26:47.545 [kafka-coordinator-heartbeat-thread | slow-consumer-group] INFO  o.a.k.c.consumer.internals.ConsumerCoordinator - [Consumer clientId=consumer-slow-consumer-group-1, groupId=slow-consumer-group] Member consumer-slow-consumer-group-1-5969fea7-b443-486d-b047-6cf1b02fc663 sending LeaveGroup request to coordinator localhost:9092 (id: 2147483646 rack: null isFenced: false) due to consumer poll timeout has expired.
16:26:47.546 [kafka-coordinator-heartbeat-thread | slow-consumer-group] INFO  o.a.k.c.consumer.internals.ConsumerCoordinator - [Consumer clientId=consumer-slow-consumer-group-1, groupId=slow-consumer-group] Resetting generation and member id due to: consumer pro-actively leaving the group
16:26:47.546 [kafka-coordinator-heartbeat-thread | slow-consumer-group] INFO  o.a.k.c.consumer.internals.ConsumerCoordinator - [Consumer clientId=consumer-slow-consumer-group-1, groupId=slow-consumer-group] Request joining group due to: consumer pro-actively leaving the group
16:26:51.454 [org.springframework.kafka.KafkaListenerEndpointContainer#0-0-C-1] DEBUG o.s.kafka.listener.KafkaMessageListenerContainer - Committing: {slow-events-0=OffsetAndMetadata{offset=2, leaderEpoch=null, metadata=''}}
16:26:51.454 [org.springframework.kafka.KafkaListenerEndpointContainer#0-0-C-1] INFO  o.a.k.c.consumer.internals.ConsumerCoordinator - [Consumer clientId=consumer-slow-consumer-group-1, groupId=slow-consumer-group] Failing OffsetCommit request since the consumer is not part of an active group
16:26:51.455 [org.springframework.kafka.KafkaListenerEndpointContainer#0-0-C-1] DEBUG o.a.k.c.consumer.internals.ConsumerCoordinator - [Consumer clientId=consumer-slow-consumer-group-1, groupId=slow-consumer-group] LeaveGroup response with Generation{generationId=33, memberId='consumer-slow-consumer-group-1-5969fea7-b443-486d-b047-6cf1b02fc663', protocol='range'} returned successfully: ClientResponse(receivedTimeMs=1787646411454, latencyMs=3909, disconnected=false, timedOut=false, requestHeader=RequestHeader(apiKey=LEAVE_GROUP, apiVersion=5, clientId=consumer-slow-consumer-group-1, correlationId=146, headerVersion=2), responseBody=LeaveGroupResponseData(throttleTimeMs=0, errorCode=0, members=[MemberResponse(memberId='consumer-slow-consumer-group-1-5969fea7-b443-486d-b047-6cf1b02fc663', groupInstanceId=null, errorCode=0)]))
16:26:51.455 [org.springframework.kafka.KafkaListenerEndpointContainer#0-0-C-1] WARN  c.e.kafkarebalance.listener.SlowEventListener - 提交 offset 失败，可能因 rebalance 导致该分区已被回收 id=472138ad-6d5f-4b67-b8c6-e96870c125c9
org.apache.kafka.clients.consumer.CommitFailedException: Offset commit cannot be completed since the consumer is not part of an active group for auto partition assignment; it is likely that the consumer was kicked out of the group.
	at org.apache.kafka.clients.consumer.internals.ConsumerCoordinator.sendOffsetCommitRequest(ConsumerCoordinator.java:1320)
	at org.apache.kafka.clients.consumer.internals.ConsumerCoordinator.commitOffsetsSync(ConsumerCoordinator.java:1155)
	at org.apache.kafka.clients.consumer.internals.ClassicKafkaConsumer.commitSync(ClassicKafkaConsumer.java:747)
	at org.apache.kafka.clients.consumer.KafkaConsumer.commitSync(KafkaConsumer.java:1094)
	at org.springframework.kafka.listener.KafkaMessageListenerContainer$ListenerConsumer.doCommitSync(KafkaMessageListenerContainer.java:3474)
	at org.springframework.kafka.listener.KafkaMessageListenerContainer$ListenerConsumer.commitSync(KafkaMessageListenerContainer.java:3469)
	at org.springframework.kafka.listener.KafkaMessageListenerContainer$ListenerConsumer.commitOffsets(KafkaMessageListenerContainer.java:3452)
	at org.springframework.kafka.listener.KafkaMessageListenerContainer$ListenerConsumer.commitOffsetsInTransactions(KafkaMessageListenerContainer.java:3443)
	at org.springframework.kafka.listener.KafkaMessageListenerContainer$ListenerConsumer.ackImmediate(KafkaMessageListenerContainer.java:2187)
	at org.springframework.kafka.listener.KafkaMessageListenerContainer$ListenerConsumer.processAck(KafkaMessageListenerContainer.java:2082)
	at org.springframework.kafka.listener.KafkaMessageListenerContainer$ListenerConsumer.doAck(KafkaMessageListenerContainer.java:2062)
	at org.springframework.kafka.listener.KafkaMessageListenerContainer$ListenerConsumer$ConsumerAcknowledgment.acknowledge(KafkaMessageListenerContainer.java:3622)
	at com.example.kafkarebalance.listener.SlowEventListener.onMessage(SlowEventListener.kt:51)
	at java.base/jdk.internal.reflect.DirectMethodHandleAccessor.invoke(DirectMethodHandleAccessor.java:104)
	at java.base/java.lang.reflect.Method.invoke(Method.java:565)
	at org.springframework.messaging.handler.invocation.InvocableHandlerMethod.doInvoke(InvocableHandlerMethod.java:168)
	at org.springframework.kafka.listener.adapter.KotlinAwareInvocableHandlerMethod.doInvoke(KotlinAwareInvocableHandlerMethod.java:48)
	at org.springframework.messaging.handler.invocation.InvocableHandlerMethod.invoke(InvocableHandlerMethod.java:119)
	at org.springframework.kafka.listener.adapter.HandlerAdapter.invoke(HandlerAdapter.java:80)
	at org.springframework.kafka.listener.adapter.MessagingMessageListenerAdapter.invokeHandler(MessagingMessageListenerAdapter.java:488)
	at org.springframework.kafka.listener.adapter.MessagingMessageListenerAdapter.invoke(MessagingMessageListenerAdapter.java:425)
	at org.springframework.kafka.listener.adapter.RecordMessagingMessageListenerAdapter.onMessage(RecordMessagingMessageListenerAdapter.java:92)
	at org.springframework.kafka.listener.adapter.RecordMessagingMessageListenerAdapter.onMessage(RecordMessagingMessageListenerAdapter.java:52)
	at org.springframework.kafka.listener.KafkaMessageListenerContainer$ListenerConsumer.doInvokeOnMessage(KafkaMessageListenerContainer.java:2948)
	at org.springframework.kafka.listener.KafkaMessageListenerContainer$ListenerConsumer.invokeOnMessage(KafkaMessageListenerContainer.java:2927)
	at org.springframework.kafka.listener.KafkaMessageListenerContainer$ListenerConsumer.doInvokeRecordListener(KafkaMessageListenerContainer.java:2837)
	at org.springframework.kafka.listener.KafkaMessageListenerContainer$ListenerConsumer.doInvokeWithRecords(KafkaMessageListenerContainer.java:2679)
	at org.springframework.kafka.listener.KafkaMessageListenerContainer$ListenerConsumer.invokeRecordListener(KafkaMessageListenerContainer.java:2573)
	at org.springframework.kafka.listener.KafkaMessageListenerContainer$ListenerConsumer.invokeListener(KafkaMessageListenerContainer.java:2204)
	at org.springframework.kafka.listener.KafkaMessageListenerContainer$ListenerConsumer.invokeIfHaveRecords(KafkaMessageListenerContainer.java:1559)
	at org.springframework.kafka.listener.KafkaMessageListenerContainer$ListenerConsumer.pollAndInvoke(KafkaMessageListenerContainer.java:1499)
	at org.springframework.kafka.listener.KafkaMessageListenerContainer$ListenerConsumer.run(KafkaMessageListenerContainer.java:1368)
	at java.base/java.util.concurrent.CompletableFuture$AsyncRun.run(CompletableFuture.java:1825)
	at java.base/java.lang.Thread.run(Thread.java:1474)
16:26:51.455 [org.springframework.kafka.KafkaListenerEndpointContainer#0-0-C-1] DEBUG o.a.k.c.consumer.internals.ConsumerCoordinator - [Consumer clientId=consumer-slow-consumer-group-1, groupId=slow-consumer-group] Executing onJoinPrepare with generation -1 and memberId 
16:26:51.455 [org.springframework.kafka.KafkaListenerEndpointContainer#0-0-C-1] INFO  o.a.k.c.consumer.internals.ConsumerCoordinator - [Consumer clientId=consumer-slow-consumer-group-1, groupId=slow-consumer-group] Giving away all assigned partitions as lost since generation/memberID has been reset,indicating that consumer is in old state or no longer part of the group
16:26:51.455 [org.springframework.kafka.KafkaListenerEndpointContainer#0-0-C-1] INFO  o.a.k.c.c.i.ConsumerRebalanceListenerInvoker - [Consumer clientId=consumer-slow-consumer-group-1, groupId=slow-consumer-group] Lost previously assigned partitions [slow-events-0, slow-events-1, slow-events-2]
16:26:51.455 [org.springframework.kafka.KafkaListenerEndpointContainer#0-0-C-1] INFO  o.s.kafka.listener.KafkaMessageListenerContainer - slow-consumer-group: partitions lost: [slow-events-0, slow-events-1, slow-events-2]
16:26:51.455 [org.springframework.kafka.KafkaListenerEndpointContainer#0-0-C-1] INFO  o.s.kafka.listener.KafkaMessageListenerContainer - slow-consumer-group: partitions revoked: [slow-events-0, slow-events-1, slow-events-2]
16:26:51.455 [org.springframework.kafka.KafkaListenerEndpointContainer#0-0-C-1] INFO  o.a.k.c.consumer.internals.ConsumerCoordinator - [Consumer clientId=consumer-slow-consumer-group-1, groupId=slow-consumer-group] (Re-)joining group
16:26:51.455 [org.springframework.kafka.KafkaListenerEndpointContainer#0-0-C-1] DEBUG o.a.k.c.consumer.internals.ConsumerCoordinator - [Consumer clientId=consumer-slow-consumer-group-1, groupId=slow-consumer-group] Joining group with current subscription: [slow-events]
16:26:51.456 [org.springframework.kafka.KafkaListenerEndpointContainer#0-0-C-1] DEBUG o.a.k.c.consumer.internals.ConsumerCoordinator - [Consumer clientId=consumer-slow-consumer-group-1, groupId=slow-consumer-group] Sending JoinGroup (JoinGroupRequestData(groupId='slow-consumer-group', sessionTimeoutMs=10000, rebalanceTimeoutMs=6000, memberId='', groupInstanceId=null, protocolType='consumer', protocols=[JoinGroupRequestProtocol(name='range', metadata=[0, 3, 0, 0, 0, 1, 0, 11, 115, 108, 111, 119, 45, 101, 118, 101, 110, 116, 115, -1, -1, -1, -1, 0, 0, 0, 0, -1, -1, -1, -1, -1, -1]), JoinGroupRequestProtocol(name='cooperative-sticky', metadata=[0, 3, 0, 0, 0, 1, 0, 11, 115, 108, 111, 119, 45, 101, 118, 101, 110, 116, 115, 0, 0, 0, 4, -1, -1, -1, -1, 0, 0, 0, 0, -1, -1, -1, -1, -1, -1])], reason='consumer pro-actively leaving the group')) to coordinator localhost:9092 (id: 2147483646 rack: null isFenced: false)
16:26:51.463 [org.springframework.kafka.KafkaListenerEndpointContainer#0-0-C-1] DEBUG o.a.k.c.consumer.internals.ConsumerCoordinator - [Consumer clientId=consumer-slow-consumer-group-1, groupId=slow-consumer-group] JoinGroup failed due to non-fatal error: MEMBER_ID_REQUIRED. Will set the member id as consumer-slow-consumer-group-1-88eb7874-3e7e-4e50-ad0e-0197b185134c and then rejoin. Sent generation was Generation{generationId=-1, memberId='', protocol='null'}
16:26:51.463 [org.springframework.kafka.KafkaListenerEndpointContainer#0-0-C-1] INFO  o.a.k.c.consumer.internals.ConsumerCoordinator - [Consumer clientId=consumer-slow-consumer-group-1, groupId=slow-consumer-group] Request joining group due to: need to re-join with the given member-id: consumer-slow-consumer-group-1-88eb7874-3e7e-4e50-ad0e-0197b185134c
16:26:51.464 [org.springframework.kafka.KafkaListenerEndpointContainer#0-0-C-1] INFO  o.a.k.c.consumer.internals.ConsumerCoordinator - [Consumer clientId=consumer-slow-consumer-group-1, groupId=slow-consumer-group] (Re-)joining group
16:26:51.464 [org.springframework.kafka.KafkaListenerEndpointContainer#0-0-C-1] DEBUG o.a.k.c.consumer.internals.ConsumerCoordinator - [Consumer clientId=consumer-slow-consumer-group-1, groupId=slow-consumer-group] Joining group with current subscription: [slow-events]
16:26:51.464 [org.springframework.kafka.KafkaListenerEndpointContainer#0-0-C-1] DEBUG o.a.k.c.consumer.internals.ConsumerCoordinator - [Consumer clientId=consumer-slow-consumer-group-1, groupId=slow-consumer-group] Sending JoinGroup (JoinGroupRequestData(groupId='slow-consumer-group', sessionTimeoutMs=10000, rebalanceTimeoutMs=6000, memberId='consumer-slow-consumer-group-1-88eb7874-3e7e-4e50-ad0e-0197b185134c', groupInstanceId=null, protocolType='consumer', protocols=[JoinGroupRequestProtocol(name='range', metadata=[0, 3, 0, 0, 0, 1, 0, 11, 115, 108, 111, 119, 45, 101, 118, 101, 110, 116, 115, -1, -1, -1, -1, 0, 0, 0, 0, -1, -1, -1, -1, -1, -1]), JoinGroupRequestProtocol(name='cooperative-sticky', metadata=[0, 3, 0, 0, 0, 1, 0, 11, 115, 108, 111, 119, 45, 101, 118, 101, 110, 116, 115, 0, 0, 0, 4, -1, -1, -1, -1, 0, 0, 0, 0, -1, -1, -1, -1, -1, -1])], reason='need to re-join with the given member-id: consumer-slow-consumer-group-1-88eb7874-3e7e-4e50-ad0e-0197b185134c')) to coordinator localhost:9092 (id: 2147483646 rack: null isFenced: false)
16:26:51.469 [org.springframework.kafka.KafkaListenerEndpointContainer#0-0-C-1] DEBUG o.a.k.c.consumer.internals.ConsumerCoordinator - [Consumer clientId=consumer-slow-consumer-group-1, groupId=slow-consumer-group] Received successful JoinGroup response: JoinGroupResponseData(throttleTimeMs=0, errorCode=0, generationId=35, protocolType='consumer', protocolName='range', leader='consumer-slow-consumer-group-1-88eb7874-3e7e-4e50-ad0e-0197b185134c', skipAssignment=false, memberId='consumer-slow-consumer-group-1-88eb7874-3e7e-4e50-ad0e-0197b185134c', members=[JoinGroupResponseMember(memberId='consumer-slow-consumer-group-1-88eb7874-3e7e-4e50-ad0e-0197b185134c', groupInstanceId=null, metadata=[0, 3, 0, 0, 0, 1, 0, 11, 115, 108, 111, 119, 45, 101, 118, 101, 110, 116, 115, -1, -1, -1, -1, 0, 0, 0, 0, -1, -1, -1, -1, -1, -1])])
16:26:51.469 [org.springframework.kafka.KafkaListenerEndpointContainer#0-0-C-1] DEBUG o.a.k.c.consumer.internals.ConsumerCoordinator - [Consumer clientId=consumer-slow-consumer-group-1, groupId=slow-consumer-group] Enabling heartbeat thread
16:26:51.469 [org.springframework.kafka.KafkaListenerEndpointContainer#0-0-C-1] INFO  o.a.k.c.consumer.internals.ConsumerCoordinator - [Consumer clientId=consumer-slow-consumer-group-1, groupId=slow-consumer-group] Successfully joined group with generation Generation{generationId=35, memberId='consumer-slow-consumer-group-1-88eb7874-3e7e-4e50-ad0e-0197b185134c', protocol='range'}
16:26:51.470 [org.springframework.kafka.KafkaListenerEndpointContainer#0-0-C-1] DEBUG o.a.k.c.consumer.internals.ConsumerCoordinator - [Consumer clientId=consumer-slow-consumer-group-1, groupId=slow-consumer-group] Performing assignment using strategy range with subscriptions {consumer-slow-consumer-group-1-88eb7874-3e7e-4e50-ad0e-0197b185134c=Subscription(topics=[slow-events], ownedPartitions=[], groupInstanceId=null, generationId=-1, rackId=null)}
16:26:51.470 [org.springframework.kafka.KafkaListenerEndpointContainer#0-0-C-1] INFO  o.a.k.c.consumer.internals.ConsumerCoordinator - [Consumer clientId=consumer-slow-consumer-group-1, groupId=slow-consumer-group] Finished assignment for group at generation 35: {consumer-slow-consumer-group-1-88eb7874-3e7e-4e50-ad0e-0197b185134c=Assignment(partitions=[slow-events-0, slow-events-1, slow-events-2])}
16:26:51.470 [org.springframework.kafka.KafkaListenerEndpointContainer#0-0-C-1] DEBUG o.a.k.c.consumer.internals.ConsumerCoordinator - [Consumer clientId=consumer-slow-consumer-group-1, groupId=slow-consumer-group] Sending leader SyncGroup to coordinator localhost:9092 (id: 2147483646 rack: null isFenced: false): SyncGroupRequestData(groupId='slow-consumer-group', generationId=35, memberId='consumer-slow-consumer-group-1-88eb7874-3e7e-4e50-ad0e-0197b185134c', groupInstanceId=null, protocolType='consumer', protocolName='range', assignments=[SyncGroupRequestAssignment(memberId='consumer-slow-consumer-group-1-88eb7874-3e7e-4e50-ad0e-0197b185134c', assignment=[0, 3, 0, 0, 0, 1, 0, 11, 115, 108, 111, 119, 45, 101, 118, 101, 110, 116, 115, 0, 0, 0, 3, 0, 0, 0, 0, 0, 0, 0, 1, 0, 0, 0, 2, -1, -1, -1, -1])])
16:26:51.474 [org.springframework.kafka.KafkaListenerEndpointContainer#0-0-C-1] DEBUG o.a.k.c.consumer.internals.ConsumerCoordinator - [Consumer clientId=consumer-slow-consumer-group-1, groupId=slow-consumer-group] Received successful SyncGroup response: SyncGroupResponseData(throttleTimeMs=0, errorCode=0, protocolType='consumer', protocolName='range', assignment=[0, 3, 0, 0, 0, 1, 0, 11, 115, 108, 111, 119, 45, 101, 118, 101, 110, 116, 115, 0, 0, 0, 3, 0, 0, 0, 0, 0, 0, 0, 1, 0, 0, 0, 2, -1, -1, -1, -1])
16:26:51.474 [org.springframework.kafka.KafkaListenerEndpointContainer#0-0-C-1] INFO  o.a.k.c.consumer.internals.ConsumerCoordinator - [Consumer clientId=consumer-slow-consumer-group-1, groupId=slow-consumer-group] Successfully synced group in generation Generation{generationId=35, memberId='consumer-slow-consumer-group-1-88eb7874-3e7e-4e50-ad0e-0197b185134c', protocol='range'}
16:26:51.474 [org.springframework.kafka.KafkaListenerEndpointContainer#0-0-C-1] DEBUG o.a.k.c.consumer.internals.ConsumerCoordinator - [Consumer clientId=consumer-slow-consumer-group-1, groupId=slow-consumer-group] Executing onJoinComplete with generation 35 and memberId consumer-slow-consumer-group-1-88eb7874-3e7e-4e50-ad0e-0197b185134c
16:26:51.474 [org.springframework.kafka.KafkaListenerEndpointContainer#0-0-C-1] INFO  o.a.k.c.consumer.internals.ConsumerCoordinator - [Consumer clientId=consumer-slow-consumer-group-1, groupId=slow-consumer-group] Notifying assignor about the new Assignment(partitions=[slow-events-0, slow-events-1, slow-events-2])
16:26:51.474 [org.springframework.kafka.KafkaListenerEndpointContainer#0-0-C-1] INFO  o.a.k.c.c.i.ConsumerRebalanceListenerInvoker - [Consumer clientId=consumer-slow-consumer-group-1, groupId=slow-consumer-group] Adding newly assigned partitions: [slow-events-0, slow-events-1, slow-events-2]
16:26:51.474 [org.springframework.kafka.KafkaListenerEndpointContainer#0-0-C-1] DEBUG o.a.k.c.consumer.internals.ConsumerCoordinator - [Consumer clientId=consumer-slow-consumer-group-1, groupId=slow-consumer-group] Fetching committed offsets for partitions: [slow-events-2, slow-events-1, slow-events-0]
16:26:51.477 [org.springframework.kafka.KafkaListenerEndpointContainer#0-0-C-1] INFO  o.a.k.c.consumer.internals.ConsumerCoordinator - [Consumer clientId=consumer-slow-consumer-group-1, groupId=slow-consumer-group] Found no committed offset for partition slow-events-2
16:26:51.477 [org.springframework.kafka.KafkaListenerEndpointContainer#0-0-C-1] INFO  o.a.k.c.consumer.internals.ConsumerCoordinator - [Consumer clientId=consumer-slow-consumer-group-1, groupId=slow-consumer-group] Found no committed offset for partition slow-events-1
16:26:51.477 [org.springframework.kafka.KafkaListenerEndpointContainer#0-0-C-1] INFO  o.a.kafka.clients.consumer.internals.ConsumerUtils - Setting offset for partition slow-events-0 to the committed offset FetchPosition{offset=1, offsetEpoch=Optional.empty, currentLeader=LeaderAndEpoch{leader=Optional[localhost:9092 (id: 1 rack: null isFenced: false)], epoch=0}}
16:26:51.480 [org.springframework.kafka.KafkaListenerEndpointContainer#0-0-C-1] INFO  o.a.k.clients.consumer.internals.SubscriptionState - [Consumer clientId=consumer-slow-consumer-group-1, groupId=slow-consumer-group] Resetting offset for partition slow-events-2 to position FetchPosition{offset=0, offsetEpoch=Optional.empty, currentLeader=LeaderAndEpoch{leader=Optional[localhost:9092 (id: 1 rack: null isFenced: false)], epoch=0}}.
16:26:51.480 [org.springframework.kafka.KafkaListenerEndpointContainer#0-0-C-1] INFO  o.a.k.clients.consumer.internals.SubscriptionState - [Consumer clientId=consumer-slow-consumer-group-1, groupId=slow-consumer-group] Resetting offset for partition slow-events-1 to position FetchPosition{offset=0, offsetEpoch=Optional.empty, currentLeader=LeaderAndEpoch{leader=Optional[localhost:9092 (id: 1 rack: null isFenced: false)], epoch=0}}.
16:26:51.480 [org.springframework.kafka.KafkaListenerEndpointContainer#0-0-C-1] INFO  o.s.kafka.listener.KafkaMessageListenerContainer - slow-consumer-group: partitions assigned: [slow-events-0, slow-events-1, slow-events-2]
16:26:51.485 [org.springframework.kafka.KafkaListenerEndpointContainer#0-0-C-1] DEBUG o.s.kafka.listener.KafkaMessageListenerContainer - Received: 1 records
16:26:51.485 [org.springframework.kafka.KafkaListenerEndpointContainer#0-0-C-1] DEBUG o.s.k.l.a.RecordMessagingMessageListenerAdapter - Processing [GenericMessage [payload=DemoEvent(id=472138ad-6d5f-4b67-b8c6-e96870c125c9, payload=demo-event-4, slow=true, retryTrigger=false, createdAt=2026-08-25T08:24:11.418200Z), headers={kafka_offset=1, kafka_consumer=org.springframework.kafka.core.DefaultKafkaConsumerFactory$ExtendedKafkaConsumer@4d006356, kafka_timestampType=CREATE_TIME, kafka_receivedPartitionId=0, kafka_receivedMessageKey=1, kafka_receivedTopic=slow-events, kafka_receivedTimestamp=1787646251418, kafka_acknowledgment=Acknowledgment for slow-events-0@1, kafka_groupId=slow-consumer-group}]]
16:26:51.485 [org.springframework.kafka.KafkaListenerEndpointContainer#0-0-C-1] INFO  c.e.kafkarebalance.listener.SlowEventListener - 收到消息 id=472138ad-6d5f-4b67-b8c6-e96870c125c9 partition=0 slow=true
16:26:51.485 [org.springframework.kafka.KafkaListenerEndpointContainer#0-0-C-1] WARN  c.e.kafkarebalance.listener.SlowEventListener - 模拟慢处理开始：id=472138ad-6d5f-4b67-b8c6-e96870c125c9 将阻塞 10000ms（超过 max.poll.interval.ms=6000ms，预期触发 rebalance）
16:26:54.474 [kafka-coordinator-heartbeat-thread | slow-consumer-group] DEBUG o.a.k.c.consumer.internals.ConsumerCoordinator - [Consumer clientId=consumer-slow-consumer-group-1, groupId=slow-consumer-group] Sending Heartbeat request with generation 35 and member id consumer-slow-consumer-group-1-88eb7874-3e7e-4e50-ad0e-0197b185134c to coordinator localhost:9092 (id: 2147483646 rack: null isFenced: false)
16:26:54.580 [kafka-coordinator-heartbeat-thread | slow-consumer-group] DEBUG o.a.k.c.consumer.internals.ConsumerCoordinator - [Consumer clientId=consumer-slow-consumer-group-1, groupId=slow-consumer-group] Received successful Heartbeat response
16:26:57.480 [kafka-coordinator-heartbeat-thread | slow-consumer-group] DEBUG o.a.k.c.consumer.internals.ConsumerCoordinator - [Consumer clientId=consumer-slow-consumer-group-1, groupId=slow-consumer-group] Sending Heartbeat request with generation 35 and member id consumer-slow-consumer-group-1-88eb7874-3e7e-4e50-ad0e-0197b185134c to coordinator localhost:9092 (id: 2147483646 rack: null isFenced: false)
16:26:57.481 [kafka-coordinator-heartbeat-thread | slow-consumer-group] WARN  o.a.k.c.consumer.internals.ConsumerCoordinator - [Consumer clientId=consumer-slow-consumer-group-1, groupId=slow-consumer-group] consumer poll timeout has expired. This means the time between subsequent calls to poll() was longer than the configured max.poll.interval.ms, which typically implies that the poll loop is spending too much time processing messages. You can address this either by increasing max.poll.interval.ms or by reducing the maximum size of batches returned in poll() with max.poll.records.
16:26:57.481 [kafka-coordinator-heartbeat-thread | slow-consumer-group] INFO  o.a.k.c.consumer.internals.ConsumerCoordinator - [Consumer clientId=consumer-slow-consumer-group-1, groupId=slow-consumer-group] Member consumer-slow-consumer-group-1-88eb7874-3e7e-4e50-ad0e-0197b185134c sending LeaveGroup request to coordinator localhost:9092 (id: 2147483646 rack: null isFenced: false) due to consumer poll timeout has expired.
16:26:57.482 [kafka-coordinator-heartbeat-thread | slow-consumer-group] INFO  o.a.k.c.consumer.internals.ConsumerCoordinator - [Consumer clientId=consumer-slow-consumer-group-1, groupId=slow-consumer-group] Resetting generation and member id due to: consumer pro-actively leaving the group
16:26:57.482 [kafka-coordinator-heartbeat-thread | slow-consumer-group] INFO  o.a.k.c.consumer.internals.ConsumerCoordinator - [Consumer clientId=consumer-slow-consumer-group-1, groupId=slow-consumer-group] Request joining group due to: consumer pro-actively leaving the group
16:27:01.490 [org.springframework.kafka.KafkaListenerEndpointContainer#0-0-C-1] DEBUG o.s.kafka.listener.KafkaMessageListenerContainer - Committing: {slow-events-0=OffsetAndMetadata{offset=2, leaderEpoch=null, metadata=''}}
16:27:01.491 [org.springframework.kafka.KafkaListenerEndpointContainer#0-0-C-1] INFO  o.a.k.c.consumer.internals.ConsumerCoordinator - [Consumer clientId=consumer-slow-consumer-group-1, groupId=slow-consumer-group] Failing OffsetCommit request since the consumer is not part of an active group
16:27:01.491 [org.springframework.kafka.KafkaListenerEndpointContainer#0-0-C-1] DEBUG o.a.k.c.consumer.internals.ConsumerCoordinator - [Consumer clientId=consumer-slow-consumer-group-1, groupId=slow-consumer-group] Received successful Heartbeat response
16:27:01.491 [org.springframework.kafka.KafkaListenerEndpointContainer#0-0-C-1] WARN  c.e.kafkarebalance.listener.SlowEventListener - 提交 offset 失败，可能因 rebalance 导致该分区已被回收 id=472138ad-6d5f-4b67-b8c6-e96870c125c9
org.apache.kafka.clients.consumer.CommitFailedException: Offset commit cannot be completed since the consumer is not part of an active group for auto partition assignment; it is likely that the consumer was kicked out of the group.
	at org.apache.kafka.clients.consumer.internals.ConsumerCoordinator.sendOffsetCommitRequest(ConsumerCoordinator.java:1320)
	at org.apache.kafka.clients.consumer.internals.ConsumerCoordinator.commitOffsetsSync(ConsumerCoordinator.java:1155)
	at org.apache.kafka.clients.consumer.internals.ClassicKafkaConsumer.commitSync(ClassicKafkaConsumer.java:747)
	at org.apache.kafka.clients.consumer.KafkaConsumer.commitSync(KafkaConsumer.java:1094)
	at org.springframework.kafka.listener.KafkaMessageListenerContainer$ListenerConsumer.doCommitSync(KafkaMessageListenerContainer.java:3474)
	at org.springframework.kafka.listener.KafkaMessageListenerContainer$ListenerConsumer.commitSync(KafkaMessageListenerContainer.java:3469)
	at org.springframework.kafka.listener.KafkaMessageListenerContainer$ListenerConsumer.commitOffsets(KafkaMessageListenerContainer.java:3452)
	at org.springframework.kafka.listener.KafkaMessageListenerContainer$ListenerConsumer.commitOffsetsInTransactions(KafkaMessageListenerContainer.java:3443)
	at org.springframework.kafka.listener.KafkaMessageListenerContainer$ListenerConsumer.ackImmediate(KafkaMessageListenerContainer.java:2187)
	at org.springframework.kafka.listener.KafkaMessageListenerContainer$ListenerConsumer.processAck(KafkaMessageListenerContainer.java:2082)
	at org.springframework.kafka.listener.KafkaMessageListenerContainer$ListenerConsumer.doAck(KafkaMessageListenerContainer.java:2062)
	at org.springframework.kafka.listener.KafkaMessageListenerContainer$ListenerConsumer$ConsumerAcknowledgment.acknowledge(KafkaMessageListenerContainer.java:3622)
	at com.example.kafkarebalance.listener.SlowEventListener.onMessage(SlowEventListener.kt:51)
	at java.base/jdk.internal.reflect.DirectMethodHandleAccessor.invoke(DirectMethodHandleAccessor.java:104)
	at java.base/java.lang.reflect.Method.invoke(Method.java:565)
	at org.springframework.messaging.handler.invocation.InvocableHandlerMethod.doInvoke(InvocableHandlerMethod.java:168)
	at org.springframework.kafka.listener.adapter.KotlinAwareInvocableHandlerMethod.doInvoke(KotlinAwareInvocableHandlerMethod.java:48)
	at org.springframework.messaging.handler.invocation.InvocableHandlerMethod.invoke(InvocableHandlerMethod.java:119)
	at org.springframework.kafka.listener.adapter.HandlerAdapter.invoke(HandlerAdapter.java:80)
	at org.springframework.kafka.listener.adapter.MessagingMessageListenerAdapter.invokeHandler(MessagingMessageListenerAdapter.java:488)
	at org.springframework.kafka.listener.adapter.MessagingMessageListenerAdapter.invoke(MessagingMessageListenerAdapter.java:425)
	at org.springframework.kafka.listener.adapter.RecordMessagingMessageListenerAdapter.onMessage(RecordMessagingMessageListenerAdapter.java:92)
	at org.springframework.kafka.listener.adapter.RecordMessagingMessageListenerAdapter.onMessage(RecordMessagingMessageListenerAdapter.java:52)
	at org.springframework.kafka.listener.KafkaMessageListenerContainer$ListenerConsumer.doInvokeOnMessage(KafkaMessageListenerContainer.java:2948)
	at org.springframework.kafka.listener.KafkaMessageListenerContainer$ListenerConsumer.invokeOnMessage(KafkaMessageListenerContainer.java:2927)
	at org.springframework.kafka.listener.KafkaMessageListenerContainer$ListenerConsumer.doInvokeRecordListener(KafkaMessageListenerContainer.java:2837)
	at org.springframework.kafka.listener.KafkaMessageListenerContainer$ListenerConsumer.doInvokeWithRecords(KafkaMessageListenerContainer.java:2679)
	at org.springframework.kafka.listener.KafkaMessageListenerContainer$ListenerConsumer.invokeRecordListener(KafkaMessageListenerContainer.java:2573)
	at org.springframework.kafka.listener.KafkaMessageListenerContainer$ListenerConsumer.invokeListener(KafkaMessageListenerContainer.java:2204)
	at org.springframework.kafka.listener.KafkaMessageListenerContainer$ListenerConsumer.invokeIfHaveRecords(KafkaMessageListenerContainer.java:1559)
	at org.springframework.kafka.listener.KafkaMessageListenerContainer$ListenerConsumer.pollAndInvoke(KafkaMessageListenerContainer.java:1499)
	at org.springframework.kafka.listener.KafkaMessageListenerContainer$ListenerConsumer.run(KafkaMessageListenerContainer.java:1368)
	at java.base/java.util.concurrent.CompletableFuture$AsyncRun.run(CompletableFuture.java:1825)
	at java.base/java.lang.Thread.run(Thread.java:1474)
16:27:01.492 [org.springframework.kafka.KafkaListenerEndpointContainer#0-0-C-1] DEBUG o.a.k.c.consumer.internals.ConsumerCoordinator - [Consumer clientId=consumer-slow-consumer-group-1, groupId=slow-consumer-group] Executing onJoinPrepare with generation -1 and memberId 
16:27:01.492 [org.springframework.kafka.KafkaListenerEndpointContainer#0-0-C-1] INFO  o.a.k.c.consumer.internals.ConsumerCoordinator - [Consumer clientId=consumer-slow-consumer-group-1, groupId=slow-consumer-group] Giving away all assigned partitions as lost since generation/memberID has been reset,indicating that consumer is in old state or no longer part of the group
16:27:01.492 [org.springframework.kafka.KafkaListenerEndpointContainer#0-0-C-1] INFO  o.a.k.c.c.i.ConsumerRebalanceListenerInvoker - [Consumer clientId=consumer-slow-consumer-group-1, groupId=slow-consumer-group] Lost previously assigned partitions [slow-events-0, slow-events-1, slow-events-2]
16:27:01.492 [org.springframework.kafka.KafkaListenerEndpointContainer#0-0-C-1] INFO  o.s.kafka.listener.KafkaMessageListenerContainer - slow-consumer-group: partitions lost: [slow-events-0, slow-events-1, slow-events-2]
16:27:01.492 [org.springframework.kafka.KafkaListenerEndpointContainer#0-0-C-1] INFO  o.s.kafka.listener.KafkaMessageListenerContainer - slow-consumer-group: partitions revoked: [slow-events-0, slow-events-1, slow-events-2]
16:27:01.493 [org.springframework.kafka.KafkaListenerEndpointContainer#0-0-C-1] INFO  o.a.k.c.consumer.internals.ConsumerCoordinator - [Consumer clientId=consumer-slow-consumer-group-1, groupId=slow-consumer-group] (Re-)joining group
16:27:01.493 [org.springframework.kafka.KafkaListenerEndpointContainer#0-0-C-1] DEBUG o.a.k.c.consumer.internals.ConsumerCoordinator - [Consumer clientId=consumer-slow-consumer-group-1, groupId=slow-consumer-group] Joining group with current subscription: [slow-events]
16:27:01.493 [org.springframework.kafka.KafkaListenerEndpointContainer#0-0-C-1] DEBUG o.a.k.c.consumer.internals.ConsumerCoordinator - [Consumer clientId=consumer-slow-consumer-group-1, groupId=slow-consumer-group] Sending JoinGroup (JoinGroupRequestData(groupId='slow-consumer-group', sessionTimeoutMs=10000, rebalanceTimeoutMs=6000, memberId='', groupInstanceId=null, protocolType='consumer', protocols=[JoinGroupRequestProtocol(name='range', metadata=[0, 3, 0, 0, 0, 1, 0, 11, 115, 108, 111, 119, 45, 101, 118, 101, 110, 116, 115, -1, -1, -1, -1, 0, 0, 0, 0, -1, -1, -1, -1, -1, -1]), JoinGroupRequestProtocol(name='cooperative-sticky', metadata=[0, 3, 0, 0, 0, 1, 0, 11, 115, 108, 111, 119, 45, 101, 118, 101, 110, 116, 115, 0, 0, 0, 4, -1, -1, -1, -1, 0, 0, 0, 0, -1, -1, -1, -1, -1, -1])], reason='consumer pro-actively leaving the group')) to coordinator localhost:9092 (id: 2147483646 rack: null isFenced: false)
16:27:01.494 [org.springframework.kafka.KafkaListenerEndpointContainer#0-0-C-1] DEBUG o.a.k.c.consumer.internals.ConsumerCoordinator - [Consumer clientId=consumer-slow-consumer-group-1, groupId=slow-consumer-group] LeaveGroup response with Generation{generationId=35, memberId='consumer-slow-consumer-group-1-88eb7874-3e7e-4e50-ad0e-0197b185134c', protocol='range'} returned successfully: ClientResponse(receivedTimeMs=1787646421494, latencyMs=4013, disconnected=false, timedOut=false, requestHeader=RequestHeader(apiKey=LEAVE_GROUP, apiVersion=5, clientId=consumer-slow-consumer-group-1, correlationId=155, headerVersion=2), responseBody=LeaveGroupResponseData(throttleTimeMs=0, errorCode=0, members=[MemberResponse(memberId='consumer-slow-consumer-group-1-88eb7874-3e7e-4e50-ad0e-0197b185134c', groupInstanceId=null, errorCode=0)]))
16:27:01.508 [org.springframework.kafka.KafkaListenerEndpointContainer#0-0-C-1] DEBUG o.a.k.c.consumer.internals.ConsumerCoordinator - [Consumer clientId=consumer-slow-consumer-group-1, groupId=slow-consumer-group] JoinGroup failed due to non-fatal error: MEMBER_ID_REQUIRED. Will set the member id as consumer-slow-consumer-group-1-5367fc2d-169b-4ae8-b407-81a96b9592b7 and then rejoin. Sent generation was Generation{generationId=-1, memberId='', protocol='null'}
16:27:01.508 [org.springframework.kafka.KafkaListenerEndpointContainer#0-0-C-1] INFO  o.a.k.c.consumer.internals.ConsumerCoordinator - [Consumer clientId=consumer-slow-consumer-group-1, groupId=slow-consumer-group] Request joining group due to: need to re-join with the given member-id: consumer-slow-consumer-group-1-5367fc2d-169b-4ae8-b407-81a96b9592b7
16:27:01.508 [org.springframework.kafka.KafkaListenerEndpointContainer#0-0-C-1] INFO  o.a.k.c.consumer.internals.ConsumerCoordinator - [Consumer clientId=consumer-slow-consumer-group-1, groupId=slow-consumer-group] (Re-)joining group
16:27:01.508 [org.springframework.kafka.KafkaListenerEndpointContainer#0-0-C-1] DEBUG o.a.k.c.consumer.internals.ConsumerCoordinator - [Consumer clientId=consumer-slow-consumer-group-1, groupId=slow-consumer-group] Joining group with current subscription: [slow-events]
16:27:01.509 [org.springframework.kafka.KafkaListenerEndpointContainer#0-0-C-1] DEBUG o.a.k.c.consumer.internals.ConsumerCoordinator - [Consumer clientId=consumer-slow-consumer-group-1, groupId=slow-consumer-group] Sending JoinGroup (JoinGroupRequestData(groupId='slow-consumer-group', sessionTimeoutMs=10000, rebalanceTimeoutMs=6000, memberId='consumer-slow-consumer-group-1-5367fc2d-169b-4ae8-b407-81a96b9592b7', groupInstanceId=null, protocolType='consumer', protocols=[JoinGroupRequestProtocol(name='range', metadata=[0, 3, 0, 0, 0, 1, 0, 11, 115, 108, 111, 119, 45, 101, 118, 101, 110, 116, 115, -1, -1, -1, -1, 0, 0, 0, 0, -1, -1, -1, -1, -1, -1]), JoinGroupRequestProtocol(name='cooperative-sticky', metadata=[0, 3, 0, 0, 0, 1, 0, 11, 115, 108, 111, 119, 45, 101, 118, 101, 110, 116, 115, 0, 0, 0, 4, -1, -1, -1, -1, 0, 0, 0, 0, -1, -1, -1, -1, -1, -1])], reason='need to re-join with the given member-id: consumer-slow-consumer-group-1-5367fc2d-169b-4ae8-b407-81a96b9592b7')) to coordinator localhost:9092 (id: 2147483646 rack: null isFenced: false)
16:27:01.519 [org.springframework.kafka.KafkaListenerEndpointContainer#0-0-C-1] DEBUG o.a.k.c.consumer.internals.ConsumerCoordinator - [Consumer clientId=consumer-slow-consumer-group-1, groupId=slow-consumer-group] Received successful JoinGroup response: JoinGroupResponseData(throttleTimeMs=0, errorCode=0, generationId=37, protocolType='consumer', protocolName='range', leader='consumer-slow-consumer-group-1-5367fc2d-169b-4ae8-b407-81a96b9592b7', skipAssignment=false, memberId='consumer-slow-consumer-group-1-5367fc2d-169b-4ae8-b407-81a96b9592b7', members=[JoinGroupResponseMember(memberId='consumer-slow-consumer-group-1-5367fc2d-169b-4ae8-b407-81a96b9592b7', groupInstanceId=null, metadata=[0, 3, 0, 0, 0, 1, 0, 11, 115, 108, 111, 119, 45, 101, 118, 101, 110, 116, 115, -1, -1, -1, -1, 0, 0, 0, 0, -1, -1, -1, -1, -1, -1])])
16:27:01.519 [org.springframework.kafka.KafkaListenerEndpointContainer#0-0-C-1] DEBUG o.a.k.c.consumer.internals.ConsumerCoordinator - [Consumer clientId=consumer-slow-consumer-group-1, groupId=slow-consumer-group] Enabling heartbeat thread
16:27:01.520 [org.springframework.kafka.KafkaListenerEndpointContainer#0-0-C-1] INFO  o.a.k.c.consumer.internals.ConsumerCoordinator - [Consumer clientId=consumer-slow-consumer-group-1, groupId=slow-consumer-group] Successfully joined group with generation Generation{generationId=37, memberId='consumer-slow-consumer-group-1-5367fc2d-169b-4ae8-b407-81a96b9592b7', protocol='range'}
16:27:01.520 [org.springframework.kafka.KafkaListenerEndpointContainer#0-0-C-1] DEBUG o.a.k.c.consumer.internals.ConsumerCoordinator - [Consumer clientId=consumer-slow-consumer-group-1, groupId=slow-consumer-group] Performing assignment using strategy range with subscriptions {consumer-slow-consumer-group-1-5367fc2d-169b-4ae8-b407-81a96b9592b7=Subscription(topics=[slow-events], ownedPartitions=[], groupInstanceId=null, generationId=-1, rackId=null)}
16:27:01.520 [org.springframework.kafka.KafkaListenerEndpointContainer#0-0-C-1] INFO  o.a.k.c.consumer.internals.ConsumerCoordinator - [Consumer clientId=consumer-slow-consumer-group-1, groupId=slow-consumer-group] Finished assignment for group at generation 37: {consumer-slow-consumer-group-1-5367fc2d-169b-4ae8-b407-81a96b9592b7=Assignment(partitions=[slow-events-0, slow-events-1, slow-events-2])}
16:27:01.521 [org.springframework.kafka.KafkaListenerEndpointContainer#0-0-C-1] DEBUG o.a.k.c.consumer.internals.ConsumerCoordinator - [Consumer clientId=consumer-slow-consumer-group-1, groupId=slow-consumer-group] Sending leader SyncGroup to coordinator localhost:9092 (id: 2147483646 rack: null isFenced: false): SyncGroupRequestData(groupId='slow-consumer-group', generationId=37, memberId='consumer-slow-consumer-group-1-5367fc2d-169b-4ae8-b407-81a96b9592b7', groupInstanceId=null, protocolType='consumer', protocolName='range', assignments=[SyncGroupRequestAssignment(memberId='consumer-slow-consumer-group-1-5367fc2d-169b-4ae8-b407-81a96b9592b7', assignment=[0, 3, 0, 0, 0, 1, 0, 11, 115, 108, 111, 119, 45, 101, 118, 101, 110, 116, 115, 0, 0, 0, 3, 0, 0, 0, 0, 0, 0, 0, 1, 0, 0, 0, 2, -1, -1, -1, -1])])
16:27:01.526 [org.springframework.kafka.KafkaListenerEndpointContainer#0-0-C-1] DEBUG o.a.k.c.consumer.internals.ConsumerCoordinator - [Consumer clientId=consumer-slow-consumer-group-1, groupId=slow-consumer-group] Received successful SyncGroup response: SyncGroupResponseData(throttleTimeMs=0, errorCode=0, protocolType='consumer', protocolName='range', assignment=[0, 3, 0, 0, 0, 1, 0, 11, 115, 108, 111, 119, 45, 101, 118, 101, 110, 116, 115, 0, 0, 0, 3, 0, 0, 0, 0, 0, 0, 0, 1, 0, 0, 0, 2, -1, -1, -1, -1])
16:27:01.526 [org.springframework.kafka.KafkaListenerEndpointContainer#0-0-C-1] INFO  o.a.k.c.consumer.internals.ConsumerCoordinator - [Consumer clientId=consumer-slow-consumer-group-1, groupId=slow-consumer-group] Successfully synced group in generation Generation{generationId=37, memberId='consumer-slow-consumer-group-1-5367fc2d-169b-4ae8-b407-81a96b9592b7', protocol='range'}
16:27:01.526 [org.springframework.kafka.KafkaListenerEndpointContainer#0-0-C-1] DEBUG o.a.k.c.consumer.internals.ConsumerCoordinator - [Consumer clientId=consumer-slow-consumer-group-1, groupId=slow-consumer-group] Executing onJoinComplete with generation 37 and memberId consumer-slow-consumer-group-1-5367fc2d-169b-4ae8-b407-81a96b9592b7
16:27:01.526 [org.springframework.kafka.KafkaListenerEndpointContainer#0-0-C-1] INFO  o.a.k.c.consumer.internals.ConsumerCoordinator - [Consumer clientId=consumer-slow-consumer-group-1, groupId=slow-consumer-group] Notifying assignor about the new Assignment(partitions=[slow-events-0, slow-events-1, slow-events-2])
16:27:01.526 [org.springframework.kafka.KafkaListenerEndpointContainer#0-0-C-1] INFO  o.a.k.c.c.i.ConsumerRebalanceListenerInvoker - [Consumer clientId=consumer-slow-consumer-group-1, groupId=slow-consumer-group] Adding newly assigned partitions: [slow-events-0, slow-events-1, slow-events-2]
16:27:01.526 [org.springframework.kafka.KafkaListenerEndpointContainer#0-0-C-1] DEBUG o.a.k.c.consumer.internals.ConsumerCoordinator - [Consumer clientId=consumer-slow-consumer-group-1, groupId=slow-consumer-group] Fetching committed offsets for partitions: [slow-events-2, slow-events-1, slow-events-0]
16:27:01.528 [org.springframework.kafka.KafkaListenerEndpointContainer#0-0-C-1] INFO  o.a.k.c.consumer.internals.ConsumerCoordinator - [Consumer clientId=consumer-slow-consumer-group-1, groupId=slow-consumer-group] Found no committed offset for partition slow-events-2
16:27:01.528 [org.springframework.kafka.KafkaListenerEndpointContainer#0-0-C-1] INFO  o.a.k.c.consumer.internals.ConsumerCoordinator - [Consumer clientId=consumer-slow-consumer-group-1, groupId=slow-consumer-group] Found no committed offset for partition slow-events-1
16:27:01.528 [org.springframework.kafka.KafkaListenerEndpointContainer#0-0-C-1] INFO  o.a.kafka.clients.consumer.internals.ConsumerUtils - Setting offset for partition slow-events-0 to the committed offset FetchPosition{offset=1, offsetEpoch=Optional.empty, currentLeader=LeaderAndEpoch{leader=Optional[localhost:9092 (id: 1 rack: null isFenced: false)], epoch=0}}
16:27:01.531 [org.springframework.kafka.KafkaListenerEndpointContainer#0-0-C-1] INFO  o.a.k.clients.consumer.internals.SubscriptionState - [Consumer clientId=consumer-slow-consumer-group-1, groupId=slow-consumer-group] Resetting offset for partition slow-events-2 to position FetchPosition{offset=0, offsetEpoch=Optional.empty, currentLeader=LeaderAndEpoch{leader=Optional[localhost:9092 (id: 1 rack: null isFenced: false)], epoch=0}}.
16:27:01.531 [org.springframework.kafka.KafkaListenerEndpointContainer#0-0-C-1] INFO  o.a.k.clients.consumer.internals.SubscriptionState - [Consumer clientId=consumer-slow-consumer-group-1, groupId=slow-consumer-group] Resetting offset for partition slow-events-1 to position FetchPosition{offset=0, offsetEpoch=Optional.empty, currentLeader=LeaderAndEpoch{leader=Optional[localhost:9092 (id: 1 rack: null isFenced: false)], epoch=0}}.
16:27:01.531 [org.springframework.kafka.KafkaListenerEndpointContainer#0-0-C-1] INFO  o.s.kafka.listener.KafkaMessageListenerContainer - slow-consumer-group: partitions assigned: [slow-events-0, slow-events-1, slow-events-2]
16:27:01.534 [org.springframework.kafka.KafkaListenerEndpointContainer#0-0-C-1] DEBUG o.s.kafka.listener.KafkaMessageListenerContainer - Received: 1 records
16:27:01.534 [org.springframework.kafka.KafkaListenerEndpointContainer#0-0-C-1] DEBUG o.s.k.l.a.RecordMessagingMessageListenerAdapter - Processing [GenericMessage [payload=DemoEvent(id=472138ad-6d5f-4b67-b8c6-e96870c125c9, payload=demo-event-4, slow=true, retryTrigger=false, createdAt=2026-08-25T08:24:11.418200Z), headers={kafka_offset=1, kafka_consumer=org.springframework.kafka.core.DefaultKafkaConsumerFactory$ExtendedKafkaConsumer@4d006356, kafka_timestampType=CREATE_TIME, kafka_receivedPartitionId=0, kafka_receivedMessageKey=1, kafka_receivedTopic=slow-events, kafka_receivedTimestamp=1787646251418, kafka_acknowledgment=Acknowledgment for slow-events-0@1, kafka_groupId=slow-consumer-group}]]
16:27:01.534 [org.springframework.kafka.KafkaListenerEndpointContainer#0-0-C-1] INFO  c.e.kafkarebalance.listener.SlowEventListener - 收到消息 id=472138ad-6d5f-4b67-b8c6-e96870c125c9 partition=0 slow=true
16:27:01.534 [org.springframework.kafka.KafkaListenerEndpointContainer#0-0-C-1] WARN  c.e.kafkarebalance.listener.SlowEventListener - 模拟慢处理开始：id=472138ad-6d5f-4b67-b8c6-e96870c125c9 将阻塞 10000ms（超过 max.poll.interval.ms=6000ms，预期触发 rebalance）
16:27:04.524 [kafka-coordinator-heartbeat-thread | slow-consumer-group] DEBUG o.a.k.c.consumer.internals.ConsumerCoordinator - [Consumer clientId=consumer-slow-consumer-group-1, groupId=slow-consumer-group] Sending Heartbeat request with generation 37 and member id consumer-slow-consumer-group-1-5367fc2d-169b-4ae8-b407-81a96b9592b7 to coordinator localhost:9092 (id: 2147483646 rack: null isFenced: false)
16:27:04.630 [kafka-coordinator-heartbeat-thread | slow-consumer-group] DEBUG o.a.k.c.consumer.internals.ConsumerCoordinator - [Consumer clientId=consumer-slow-consumer-group-1, groupId=slow-consumer-group] Received successful Heartbeat response
16:27:07.527 [kafka-coordinator-heartbeat-thread | slow-consumer-group] DEBUG o.a.k.c.consumer.internals.ConsumerCoordinator - [Consumer clientId=consumer-slow-consumer-group-1, groupId=slow-consumer-group] Sending Heartbeat request with generation 37 and member id consumer-slow-consumer-group-1-5367fc2d-169b-4ae8-b407-81a96b9592b7 to coordinator localhost:9092 (id: 2147483646 rack: null isFenced: false)
16:27:07.632 [kafka-coordinator-heartbeat-thread | slow-consumer-group] DEBUG o.a.k.c.consumer.internals.ConsumerCoordinator - [Consumer clientId=consumer-slow-consumer-group-1, groupId=slow-consumer-group] Received successful Heartbeat response
16:27:07.632 [kafka-coordinator-heartbeat-thread | slow-consumer-group] WARN  o.a.k.c.consumer.internals.ConsumerCoordinator - [Consumer clientId=consumer-slow-consumer-group-1, groupId=slow-consumer-group] consumer poll timeout has expired. This means the time between subsequent calls to poll() was longer than the configured max.poll.interval.ms, which typically implies that the poll loop is spending too much time processing messages. You can address this either by increasing max.poll.interval.ms or by reducing the maximum size of batches returned in poll() with max.poll.records.
16:27:07.632 [kafka-coordinator-heartbeat-thread | slow-consumer-group] INFO  o.a.k.c.consumer.internals.ConsumerCoordinator - [Consumer clientId=consumer-slow-consumer-group-1, groupId=slow-consumer-group] Member consumer-slow-consumer-group-1-5367fc2d-169b-4ae8-b407-81a96b9592b7 sending LeaveGroup request to coordinator localhost:9092 (id: 2147483646 rack: null isFenced: false) due to consumer poll timeout has expired.
16:27:07.632 [kafka-coordinator-heartbeat-thread | slow-consumer-group] INFO  o.a.k.c.consumer.internals.ConsumerCoordinator - [Consumer clientId=consumer-slow-consumer-group-1, groupId=slow-consumer-group] Resetting generation and member id due to: consumer pro-actively leaving the group
16:27:07.632 [kafka-coordinator-heartbeat-thread | slow-consumer-group] INFO  o.a.k.c.consumer.internals.ConsumerCoordinator - [Consumer clientId=consumer-slow-consumer-group-1, groupId=slow-consumer-group] Request joining group due to: consumer pro-actively leaving the group
16:27:11.537 [org.springframework.kafka.KafkaListenerEndpointContainer#0-0-C-1] DEBUG o.s.kafka.listener.KafkaMessageListenerContainer - Committing: {slow-events-0=OffsetAndMetadata{offset=2, leaderEpoch=null, metadata=''}}
16:27:11.538 [org.springframework.kafka.KafkaListenerEndpointContainer#0-0-C-1] INFO  o.a.k.c.consumer.internals.ConsumerCoordinator - [Consumer clientId=consumer-slow-consumer-group-1, groupId=slow-consumer-group] Failing OffsetCommit request since the consumer is not part of an active group
16:27:11.538 [org.springframework.kafka.KafkaListenerEndpointContainer#0-0-C-1] DEBUG o.a.k.c.consumer.internals.ConsumerCoordinator - [Consumer clientId=consumer-slow-consumer-group-1, groupId=slow-consumer-group] LeaveGroup response with Generation{generationId=37, memberId='consumer-slow-consumer-group-1-5367fc2d-169b-4ae8-b407-81a96b9592b7', protocol='range'} returned successfully: ClientResponse(receivedTimeMs=1787646431538, latencyMs=3906, disconnected=false, timedOut=false, requestHeader=RequestHeader(apiKey=LEAVE_GROUP, apiVersion=5, clientId=consumer-slow-consumer-group-1, correlationId=164, headerVersion=2), responseBody=LeaveGroupResponseData(throttleTimeMs=0, errorCode=0, members=[MemberResponse(memberId='consumer-slow-consumer-group-1-5367fc2d-169b-4ae8-b407-81a96b9592b7', groupInstanceId=null, errorCode=0)]))
16:27:11.539 [org.springframework.kafka.KafkaListenerEndpointContainer#0-0-C-1] WARN  c.e.kafkarebalance.listener.SlowEventListener - 提交 offset 失败，可能因 rebalance 导致该分区已被回收 id=472138ad-6d5f-4b67-b8c6-e96870c125c9
org.apache.kafka.clients.consumer.CommitFailedException: Offset commit cannot be completed since the consumer is not part of an active group for auto partition assignment; it is likely that the consumer was kicked out of the group.
	at org.apache.kafka.clients.consumer.internals.ConsumerCoordinator.sendOffsetCommitRequest(ConsumerCoordinator.java:1320)
	at org.apache.kafka.clients.consumer.internals.ConsumerCoordinator.commitOffsetsSync(ConsumerCoordinator.java:1155)
	at org.apache.kafka.clients.consumer.internals.ClassicKafkaConsumer.commitSync(ClassicKafkaConsumer.java:747)
	at org.apache.kafka.clients.consumer.KafkaConsumer.commitSync(KafkaConsumer.java:1094)
	at org.springframework.kafka.listener.KafkaMessageListenerContainer$ListenerConsumer.doCommitSync(KafkaMessageListenerContainer.java:3474)
	at org.springframework.kafka.listener.KafkaMessageListenerContainer$ListenerConsumer.commitSync(KafkaMessageListenerContainer.java:3469)
	at org.springframework.kafka.listener.KafkaMessageListenerContainer$ListenerConsumer.commitOffsets(KafkaMessageListenerContainer.java:3452)
	at org.springframework.kafka.listener.KafkaMessageListenerContainer$ListenerConsumer.commitOffsetsInTransactions(KafkaMessageListenerContainer.java:3443)
	at org.springframework.kafka.listener.KafkaMessageListenerContainer$ListenerConsumer.ackImmediate(KafkaMessageListenerContainer.java:2187)
	at org.springframework.kafka.listener.KafkaMessageListenerContainer$ListenerConsumer.processAck(KafkaMessageListenerContainer.java:2082)
	at org.springframework.kafka.listener.KafkaMessageListenerContainer$ListenerConsumer.doAck(KafkaMessageListenerContainer.java:2062)
	at org.springframework.kafka.listener.KafkaMessageListenerContainer$ListenerConsumer$ConsumerAcknowledgment.acknowledge(KafkaMessageListenerContainer.java:3622)
	at com.example.kafkarebalance.listener.SlowEventListener.onMessage(SlowEventListener.kt:51)
	at java.base/jdk.internal.reflect.DirectMethodHandleAccessor.invoke(DirectMethodHandleAccessor.java:104)
	at java.base/java.lang.reflect.Method.invoke(Method.java:565)
	at org.springframework.messaging.handler.invocation.InvocableHandlerMethod.doInvoke(InvocableHandlerMethod.java:168)
	at org.springframework.kafka.listener.adapter.KotlinAwareInvocableHandlerMethod.doInvoke(KotlinAwareInvocableHandlerMethod.java:48)
	at org.springframework.messaging.handler.invocation.InvocableHandlerMethod.invoke(InvocableHandlerMethod.java:119)
	at org.springframework.kafka.listener.adapter.HandlerAdapter.invoke(HandlerAdapter.java:80)
	at org.springframework.kafka.listener.adapter.MessagingMessageListenerAdapter.invokeHandler(MessagingMessageListenerAdapter.java:488)
	at org.springframework.kafka.listener.adapter.MessagingMessageListenerAdapter.invoke(MessagingMessageListenerAdapter.java:425)
	at org.springframework.kafka.listener.adapter.RecordMessagingMessageListenerAdapter.onMessage(RecordMessagingMessageListenerAdapter.java:92)
	at org.springframework.kafka.listener.adapter.RecordMessagingMessageListenerAdapter.onMessage(RecordMessagingMessageListenerAdapter.java:52)
	at org.springframework.kafka.listener.KafkaMessageListenerContainer$ListenerConsumer.doInvokeOnMessage(KafkaMessageListenerContainer.java:2948)
	at org.springframework.kafka.listener.KafkaMessageListenerContainer$ListenerConsumer.invokeOnMessage(KafkaMessageListenerContainer.java:2927)
	at org.springframework.kafka.listener.KafkaMessageListenerContainer$ListenerConsumer.doInvokeRecordListener(KafkaMessageListenerContainer.java:2837)
	at org.springframework.kafka.listener.KafkaMessageListenerContainer$ListenerConsumer.doInvokeWithRecords(KafkaMessageListenerContainer.java:2679)
	at org.springframework.kafka.listener.KafkaMessageListenerContainer$ListenerConsumer.invokeRecordListener(KafkaMessageListenerContainer.java:2573)
	at org.springframework.kafka.listener.KafkaMessageListenerContainer$ListenerConsumer.invokeListener(KafkaMessageListenerContainer.java:2204)
	at org.springframework.kafka.listener.KafkaMessageListenerContainer$ListenerConsumer.invokeIfHaveRecords(KafkaMessageListenerContainer.java:1559)
	at org.springframework.kafka.listener.KafkaMessageListenerContainer$ListenerConsumer.pollAndInvoke(KafkaMessageListenerContainer.java:1499)
	at org.springframework.kafka.listener.KafkaMessageListenerContainer$ListenerConsumer.run(KafkaMessageListenerContainer.java:1368)
	at java.base/java.util.concurrent.CompletableFuture$AsyncRun.run(CompletableFuture.java:1825)
	at java.base/java.lang.Thread.run(Thread.java:1474)
16:27:11.540 [org.springframework.kafka.KafkaListenerEndpointContainer#0-0-C-1] DEBUG o.a.k.c.consumer.internals.ConsumerCoordinator - [Consumer clientId=consumer-slow-consumer-group-1, groupId=slow-consumer-group] Executing onJoinPrepare with generation -1 and memberId 
16:27:11.540 [org.springframework.kafka.KafkaListenerEndpointContainer#0-0-C-1] INFO  o.a.k.c.consumer.internals.ConsumerCoordinator - [Consumer clientId=consumer-slow-consumer-group-1, groupId=slow-consumer-group] Giving away all assigned partitions as lost since generation/memberID has been reset,indicating that consumer is in old state or no longer part of the group
16:27:11.540 [org.springframework.kafka.KafkaListenerEndpointContainer#0-0-C-1] INFO  o.a.k.c.c.i.ConsumerRebalanceListenerInvoker - [Consumer clientId=consumer-slow-consumer-group-1, groupId=slow-consumer-group] Lost previously assigned partitions [slow-events-0, slow-events-1, slow-events-2]
16:27:11.540 [org.springframework.kafka.KafkaListenerEndpointContainer#0-0-C-1] INFO  o.s.kafka.listener.KafkaMessageListenerContainer - slow-consumer-group: partitions lost: [slow-events-0, slow-events-1, slow-events-2]
16:27:11.540 [org.springframework.kafka.KafkaListenerEndpointContainer#0-0-C-1] INFO  o.s.kafka.listener.KafkaMessageListenerContainer - slow-consumer-group: partitions revoked: [slow-events-0, slow-events-1, slow-events-2]
16:27:11.540 [org.springframework.kafka.KafkaListenerEndpointContainer#0-0-C-1] INFO  o.a.k.c.consumer.internals.ConsumerCoordinator - [Consumer clientId=consumer-slow-consumer-group-1, groupId=slow-consumer-group] (Re-)joining group
16:27:11.540 [org.springframework.kafka.KafkaListenerEndpointContainer#0-0-C-1] DEBUG o.a.k.c.consumer.internals.ConsumerCoordinator - [Consumer clientId=consumer-slow-consumer-group-1, groupId=slow-consumer-group] Joining group with current subscription: [slow-events]
16:27:11.541 [org.springframework.kafka.KafkaListenerEndpointContainer#0-0-C-1] DEBUG o.a.k.c.consumer.internals.ConsumerCoordinator - [Consumer clientId=consumer-slow-consumer-group-1, groupId=slow-consumer-group] Sending JoinGroup (JoinGroupRequestData(groupId='slow-consumer-group', sessionTimeoutMs=10000, rebalanceTimeoutMs=6000, memberId='', groupInstanceId=null, protocolType='consumer', protocols=[JoinGroupRequestProtocol(name='range', metadata=[0, 3, 0, 0, 0, 1, 0, 11, 115, 108, 111, 119, 45, 101, 118, 101, 110, 116, 115, -1, -1, -1, -1, 0, 0, 0, 0, -1, -1, -1, -1, -1, -1]), JoinGroupRequestProtocol(name='cooperative-sticky', metadata=[0, 3, 0, 0, 0, 1, 0, 11, 115, 108, 111, 119, 45, 101, 118, 101, 110, 116, 115, 0, 0, 0, 4, -1, -1, -1, -1, 0, 0, 0, 0, -1, -1, -1, -1, -1, -1])], reason='consumer pro-actively leaving the group')) to coordinator localhost:9092 (id: 2147483646 rack: null isFenced: false)
16:27:11.549 [org.springframework.kafka.KafkaListenerEndpointContainer#0-0-C-1] DEBUG o.a.k.c.consumer.internals.ConsumerCoordinator - [Consumer clientId=consumer-slow-consumer-group-1, groupId=slow-consumer-group] JoinGroup failed due to non-fatal error: MEMBER_ID_REQUIRED. Will set the member id as consumer-slow-consumer-group-1-3de76b46-a6e9-421f-9a2f-f9e4ad84830c and then rejoin. Sent generation was Generation{generationId=-1, memberId='', protocol='null'}
16:27:11.549 [org.springframework.kafka.KafkaListenerEndpointContainer#0-0-C-1] INFO  o.a.k.c.consumer.internals.ConsumerCoordinator - [Consumer clientId=consumer-slow-consumer-group-1, groupId=slow-consumer-group] Request joining group due to: need to re-join with the given member-id: consumer-slow-consumer-group-1-3de76b46-a6e9-421f-9a2f-f9e4ad84830c
16:27:11.549 [org.springframework.kafka.KafkaListenerEndpointContainer#0-0-C-1] INFO  o.a.k.c.consumer.internals.ConsumerCoordinator - [Consumer clientId=consumer-slow-consumer-group-1, groupId=slow-consumer-group] (Re-)joining group
16:27:11.549 [org.springframework.kafka.KafkaListenerEndpointContainer#0-0-C-1] DEBUG o.a.k.c.consumer.internals.ConsumerCoordinator - [Consumer clientId=consumer-slow-consumer-group-1, groupId=slow-consumer-group] Joining group with current subscription: [slow-events]
16:27:11.551 [org.springframework.kafka.KafkaListenerEndpointContainer#0-0-C-1] DEBUG o.a.k.c.consumer.internals.ConsumerCoordinator - [Consumer clientId=consumer-slow-consumer-group-1, groupId=slow-consumer-group] Sending JoinGroup (JoinGroupRequestData(groupId='slow-consumer-group', sessionTimeoutMs=10000, rebalanceTimeoutMs=6000, memberId='consumer-slow-consumer-group-1-3de76b46-a6e9-421f-9a2f-f9e4ad84830c', groupInstanceId=null, protocolType='consumer', protocols=[JoinGroupRequestProtocol(name='range', metadata=[0, 3, 0, 0, 0, 1, 0, 11, 115, 108, 111, 119, 45, 101, 118, 101, 110, 116, 115, -1, -1, -1, -1, 0, 0, 0, 0, -1, -1, -1, -1, -1, -1]), JoinGroupRequestProtocol(name='cooperative-sticky', metadata=[0, 3, 0, 0, 0, 1, 0, 11, 115, 108, 111, 119, 45, 101, 118, 101, 110, 116, 115, 0, 0, 0, 4, -1, -1, -1, -1, 0, 0, 0, 0, -1, -1, -1, -1, -1, -1])], reason='need to re-join with the given member-id: consumer-slow-consumer-group-1-3de76b46-a6e9-421f-9a2f-f9e4ad84830c')) to coordinator localhost:9092 (id: 2147483646 rack: null isFenced: false)
16:27:11.556 [org.springframework.kafka.KafkaListenerEndpointContainer#0-0-C-1] DEBUG o.a.k.c.consumer.internals.ConsumerCoordinator - [Consumer clientId=consumer-slow-consumer-group-1, groupId=slow-consumer-group] Received successful JoinGroup response: JoinGroupResponseData(throttleTimeMs=0, errorCode=0, generationId=39, protocolType='consumer', protocolName='range', leader='consumer-slow-consumer-group-1-3de76b46-a6e9-421f-9a2f-f9e4ad84830c', skipAssignment=false, memberId='consumer-slow-consumer-group-1-3de76b46-a6e9-421f-9a2f-f9e4ad84830c', members=[JoinGroupResponseMember(memberId='consumer-slow-consumer-group-1-3de76b46-a6e9-421f-9a2f-f9e4ad84830c', groupInstanceId=null, metadata=[0, 3, 0, 0, 0, 1, 0, 11, 115, 108, 111, 119, 45, 101, 118, 101, 110, 116, 115, -1, -1, -1, -1, 0, 0, 0, 0, -1, -1, -1, -1, -1, -1])])
16:27:11.556 [org.springframework.kafka.KafkaListenerEndpointContainer#0-0-C-1] DEBUG o.a.k.c.consumer.internals.ConsumerCoordinator - [Consumer clientId=consumer-slow-consumer-group-1, groupId=slow-consumer-group] Enabling heartbeat thread
16:27:11.556 [org.springframework.kafka.KafkaListenerEndpointContainer#0-0-C-1] INFO  o.a.k.c.consumer.internals.ConsumerCoordinator - [Consumer clientId=consumer-slow-consumer-group-1, groupId=slow-consumer-group] Successfully joined group with generation Generation{generationId=39, memberId='consumer-slow-consumer-group-1-3de76b46-a6e9-421f-9a2f-f9e4ad84830c', protocol='range'}
16:27:11.556 [org.springframework.kafka.KafkaListenerEndpointContainer#0-0-C-1] DEBUG o.a.k.c.consumer.internals.ConsumerCoordinator - [Consumer clientId=consumer-slow-consumer-group-1, groupId=slow-consumer-group] Performing assignment using strategy range with subscriptions {consumer-slow-consumer-group-1-3de76b46-a6e9-421f-9a2f-f9e4ad84830c=Subscription(topics=[slow-events], ownedPartitions=[], groupInstanceId=null, generationId=-1, rackId=null)}
16:27:11.556 [org.springframework.kafka.KafkaListenerEndpointContainer#0-0-C-1] INFO  o.a.k.c.consumer.internals.ConsumerCoordinator - [Consumer clientId=consumer-slow-consumer-group-1, groupId=slow-consumer-group] Finished assignment for group at generation 39: {consumer-slow-consumer-group-1-3de76b46-a6e9-421f-9a2f-f9e4ad84830c=Assignment(partitions=[slow-events-0, slow-events-1, slow-events-2])}
16:27:11.556 [org.springframework.kafka.KafkaListenerEndpointContainer#0-0-C-1] DEBUG o.a.k.c.consumer.internals.ConsumerCoordinator - [Consumer clientId=consumer-slow-consumer-group-1, groupId=slow-consumer-group] Sending leader SyncGroup to coordinator localhost:9092 (id: 2147483646 rack: null isFenced: false): SyncGroupRequestData(groupId='slow-consumer-group', generationId=39, memberId='consumer-slow-consumer-group-1-3de76b46-a6e9-421f-9a2f-f9e4ad84830c', groupInstanceId=null, protocolType='consumer', protocolName='range', assignments=[SyncGroupRequestAssignment(memberId='consumer-slow-consumer-group-1-3de76b46-a6e9-421f-9a2f-f9e4ad84830c', assignment=[0, 3, 0, 0, 0, 1, 0, 11, 115, 108, 111, 119, 45, 101, 118, 101, 110, 116, 115, 0, 0, 0, 3, 0, 0, 0, 0, 0, 0, 0, 1, 0, 0, 0, 2, -1, -1, -1, -1])])
16:27:11.560 [org.springframework.kafka.KafkaListenerEndpointContainer#0-0-C-1] DEBUG o.a.k.c.consumer.internals.ConsumerCoordinator - [Consumer clientId=consumer-slow-consumer-group-1, groupId=slow-consumer-group] Received successful SyncGroup response: SyncGroupResponseData(throttleTimeMs=0, errorCode=0, protocolType='consumer', protocolName='range', assignment=[0, 3, 0, 0, 0, 1, 0, 11, 115, 108, 111, 119, 45, 101, 118, 101, 110, 116, 115, 0, 0, 0, 3, 0, 0, 0, 0, 0, 0, 0, 1, 0, 0, 0, 2, -1, -1, -1, -1])
16:27:11.560 [org.springframework.kafka.KafkaListenerEndpointContainer#0-0-C-1] INFO  o.a.k.c.consumer.internals.ConsumerCoordinator - [Consumer clientId=consumer-slow-consumer-group-1, groupId=slow-consumer-group] Successfully synced group in generation Generation{generationId=39, memberId='consumer-slow-consumer-group-1-3de76b46-a6e9-421f-9a2f-f9e4ad84830c', protocol='range'}
16:27:11.561 [org.springframework.kafka.KafkaListenerEndpointContainer#0-0-C-1] DEBUG o.a.k.c.consumer.internals.ConsumerCoordinator - [Consumer clientId=consumer-slow-consumer-group-1, groupId=slow-consumer-group] Executing onJoinComplete with generation 39 and memberId consumer-slow-consumer-group-1-3de76b46-a6e9-421f-9a2f-f9e4ad84830c
16:27:11.561 [org.springframework.kafka.KafkaListenerEndpointContainer#0-0-C-1] INFO  o.a.k.c.consumer.internals.ConsumerCoordinator - [Consumer clientId=consumer-slow-consumer-group-1, groupId=slow-consumer-group] Notifying assignor about the new Assignment(partitions=[slow-events-0, slow-events-1, slow-events-2])
16:27:11.561 [org.springframework.kafka.KafkaListenerEndpointContainer#0-0-C-1] INFO  o.a.k.c.c.i.ConsumerRebalanceListenerInvoker - [Consumer clientId=consumer-slow-consumer-group-1, groupId=slow-consumer-group] Adding newly assigned partitions: [slow-events-0, slow-events-1, slow-events-2]
16:27:11.561 [org.springframework.kafka.KafkaListenerEndpointContainer#0-0-C-1] DEBUG o.a.k.c.consumer.internals.ConsumerCoordinator - [Consumer clientId=consumer-slow-consumer-group-1, groupId=slow-consumer-group] Fetching committed offsets for partitions: [slow-events-2, slow-events-1, slow-events-0]
16:27:11.565 [org.springframework.kafka.KafkaListenerEndpointContainer#0-0-C-1] INFO  o.a.k.c.consumer.internals.ConsumerCoordinator - [Consumer clientId=consumer-slow-consumer-group-1, groupId=slow-consumer-group] Found no committed offset for partition slow-events-2
16:27:11.565 [org.springframework.kafka.KafkaListenerEndpointContainer#0-0-C-1] INFO  o.a.k.c.consumer.internals.ConsumerCoordinator - [Consumer clientId=consumer-slow-consumer-group-1, groupId=slow-consumer-group] Found no committed offset for partition slow-events-1
16:27:11.565 [org.springframework.kafka.KafkaListenerEndpointContainer#0-0-C-1] INFO  o.a.kafka.clients.consumer.internals.ConsumerUtils - Setting offset for partition slow-events-0 to the committed offset FetchPosition{offset=1, offsetEpoch=Optional.empty, currentLeader=LeaderAndEpoch{leader=Optional[localhost:9092 (id: 1 rack: null isFenced: false)], epoch=0}}
16:27:11.568 [org.springframework.kafka.KafkaListenerEndpointContainer#0-0-C-1] INFO  o.a.k.clients.consumer.internals.SubscriptionState - [Consumer clientId=consumer-slow-consumer-group-1, groupId=slow-consumer-group] Resetting offset for partition slow-events-2 to position FetchPosition{offset=0, offsetEpoch=Optional.empty, currentLeader=LeaderAndEpoch{leader=Optional[localhost:9092 (id: 1 rack: null isFenced: false)], epoch=0}}.
16:27:11.568 [org.springframework.kafka.KafkaListenerEndpointContainer#0-0-C-1] INFO  o.a.k.clients.consumer.internals.SubscriptionState - [Consumer clientId=consumer-slow-consumer-group-1, groupId=slow-consumer-group] Resetting offset for partition slow-events-1 to position FetchPosition{offset=0, offsetEpoch=Optional.empty, currentLeader=LeaderAndEpoch{leader=Optional[localhost:9092 (id: 1 rack: null isFenced: false)], epoch=0}}.
16:27:11.568 [org.springframework.kafka.KafkaListenerEndpointContainer#0-0-C-1] INFO  o.s.kafka.listener.KafkaMessageListenerContainer - slow-consumer-group: partitions assigned: [slow-events-0, slow-events-1, slow-events-2]
16:27:11.571 [org.springframework.kafka.KafkaListenerEndpointContainer#0-0-C-1] DEBUG o.s.kafka.listener.KafkaMessageListenerContainer - Received: 1 records
16:27:11.571 [org.springframework.kafka.KafkaListenerEndpointContainer#0-0-C-1] DEBUG o.s.k.l.a.RecordMessagingMessageListenerAdapter - Processing [GenericMessage [payload=DemoEvent(id=472138ad-6d5f-4b67-b8c6-e96870c125c9, payload=demo-event-4, slow=true, retryTrigger=false, createdAt=2026-08-25T08:24:11.418200Z), headers={kafka_offset=1, kafka_consumer=org.springframework.kafka.core.DefaultKafkaConsumerFactory$ExtendedKafkaConsumer@4d006356, kafka_timestampType=CREATE_TIME, kafka_receivedPartitionId=0, kafka_receivedMessageKey=1, kafka_receivedTopic=slow-events, kafka_receivedTimestamp=1787646251418, kafka_acknowledgment=Acknowledgment for slow-events-0@1, kafka_groupId=slow-consumer-group}]]
16:27:11.571 [org.springframework.kafka.KafkaListenerEndpointContainer#0-0-C-1] INFO  c.e.kafkarebalance.listener.SlowEventListener - 收到消息 id=472138ad-6d5f-4b67-b8c6-e96870c125c9 partition=0 slow=true
16:27:11.571 [org.springframework.kafka.KafkaListenerEndpointContainer#0-0-C-1] WARN  c.e.kafkarebalance.listener.SlowEventListener - 模拟慢处理开始：id=472138ad-6d5f-4b67-b8c6-e96870c125c9 将阻塞 10000ms（超过 max.poll.interval.ms=6000ms，预期触发 rebalance）
16:27:14.556 [kafka-coordinator-heartbeat-thread | slow-consumer-group] DEBUG o.a.k.c.consumer.internals.ConsumerCoordinator - [Consumer clientId=consumer-slow-consumer-group-1, groupId=slow-consumer-group] Sending Heartbeat request with generation 39 and member id consumer-slow-consumer-group-1-3de76b46-a6e9-421f-9a2f-f9e4ad84830c to coordinator localhost:9092 (id: 2147483646 rack: null isFenced: false)
16:27:14.659 [kafka-coordinator-heartbeat-thread | slow-consumer-group] DEBUG o.a.k.c.consumer.internals.ConsumerCoordinator - [Consumer clientId=consumer-slow-consumer-group-1, groupId=slow-consumer-group] Received successful Heartbeat response
16:27:17.565 [kafka-coordinator-heartbeat-thread | slow-consumer-group] DEBUG o.a.k.c.consumer.internals.ConsumerCoordinator - [Consumer clientId=consumer-slow-consumer-group-1, groupId=slow-consumer-group] Sending Heartbeat request with generation 39 and member id consumer-slow-consumer-group-1-3de76b46-a6e9-421f-9a2f-f9e4ad84830c to coordinator localhost:9092 (id: 2147483646 rack: null isFenced: false)
16:27:17.671 [kafka-coordinator-heartbeat-thread | slow-consumer-group] DEBUG o.a.k.c.consumer.internals.ConsumerCoordinator - [Consumer clientId=consumer-slow-consumer-group-1, groupId=slow-consumer-group] Received successful Heartbeat response
16:27:17.671 [kafka-coordinator-heartbeat-thread | slow-consumer-group] WARN  o.a.k.c.consumer.internals.ConsumerCoordinator - [Consumer clientId=consumer-slow-consumer-group-1, groupId=slow-consumer-group] consumer poll timeout has expired. This means the time between subsequent calls to poll() was longer than the configured max.poll.interval.ms, which typically implies that the poll loop is spending too much time processing messages. You can address this either by increasing max.poll.interval.ms or by reducing the maximum size of batches returned in poll() with max.poll.records.
16:27:17.671 [kafka-coordinator-heartbeat-thread | slow-consumer-group] INFO  o.a.k.c.consumer.internals.ConsumerCoordinator - [Consumer clientId=consumer-slow-consumer-group-1, groupId=slow-consumer-group] Member consumer-slow-consumer-group-1-3de76b46-a6e9-421f-9a2f-f9e4ad84830c sending LeaveGroup request to coordinator localhost:9092 (id: 2147483646 rack: null isFenced: false) due to consumer poll timeout has expired.
16:27:17.672 [kafka-coordinator-heartbeat-thread | slow-consumer-group] INFO  o.a.k.c.consumer.internals.ConsumerCoordinator - [Consumer clientId=consumer-slow-consumer-group-1, groupId=slow-consumer-group] Resetting generation and member id due to: consumer pro-actively leaving the group
16:27:17.672 [kafka-coordinator-heartbeat-thread | slow-consumer-group] INFO  o.a.k.c.consumer.internals.ConsumerCoordinator - [Consumer clientId=consumer-slow-consumer-group-1, groupId=slow-consumer-group] Request joining group due to: consumer pro-actively leaving the group
