> Task :checkKotlinGradlePluginConfigurationErrors SKIPPED
> Task :compileKotlin UP-TO-DATE
> Task :compileJava NO-SOURCE
> Task :processResources
> Task :classes
> Task :resolveMainClassName

> Task :bootRun

  .   ____          _            __ _ _
 /\\ / ___'_ __ _ _(_)_ __  __ _ \ \ \ \
( ( )\___ | '_ | '_| | '_ \/ _` | \ \ \ \
 \\/  ___)| |_)| | | | | || (_| |  ) ) ) )
  '  |____| .__|_| |_|_| |_\__, | / / / /
 =========|_|==============|___/=/_/_/_/

 :: Spring Boot ::                (v4.0.4)

12:14:19.701 [main] INFO  c.e.kafkarebalance.KafkaRebalanceDemoApplicationKt - Starting KafkaRebalanceDemoApplicationKt using Java 25.0.2 with PID 36296 (/Users/yudong/Workspace/learn/springboot-kafka-test/build/classes/kotlin/main started by yudong in /Users/yudong/Workspace/learn/springboot-kafka-test)
12:14:19.704 [main] DEBUG c.e.kafkarebalance.KafkaRebalanceDemoApplicationKt - Running with Spring Boot v4.0.4, Spring v7.0.6
12:14:19.704 [main] INFO  c.e.kafkarebalance.KafkaRebalanceDemoApplicationKt - The following 1 profile is active: "scenario7"
12:14:20.087 [main] INFO  org.apache.kafka.common.config.AbstractConfig - AdminClientConfig values: 
	bootstrap.controllers = []
	bootstrap.servers = [localhost:9092]
	client.dns.lookup = use_all_dns_ips
	client.id = kafka-rebalance-demo-admin-0
	connections.max.idle.ms = 300000
	default.api.timeout.ms = 60000
	enable.metrics.push = false
	metadata.max.age.ms = 300000
	metadata.recovery.rebootstrap.trigger.ms = 300000
	metadata.recovery.strategy = rebootstrap
	metric.reporters = [org.apache.kafka.common.metrics.JmxReporter]
	metrics.num.samples = 2
	metrics.recording.level = INFO
	metrics.sample.window.ms = 30000
	receive.buffer.bytes = 65536
	reconnect.backoff.max.ms = 1000
	reconnect.backoff.ms = 50
	request.timeout.ms = 30000
	retries = 2147483647
	retry.backoff.max.ms = 1000
	retry.backoff.ms = 100
	sasl.client.callback.handler.class = null
	sasl.jaas.config = null
	sasl.kerberos.kinit.cmd = /usr/bin/kinit
	sasl.kerberos.min.time.before.relogin = 60000
	sasl.kerberos.service.name = null
	sasl.kerberos.ticket.renew.jitter = 0.05
	sasl.kerberos.ticket.renew.window.factor = 0.8
	sasl.login.callback.handler.class = null
	sasl.login.class = null
	sasl.login.connect.timeout.ms = null
	sasl.login.read.timeout.ms = null
	sasl.login.refresh.buffer.seconds = 300
	sasl.login.refresh.min.period.seconds = 60
	sasl.login.refresh.window.factor = 0.8
	sasl.login.refresh.window.jitter = 0.05
	sasl.login.retry.backoff.max.ms = 10000
	sasl.login.retry.backoff.ms = 100
	sasl.mechanism = GSSAPI
	sasl.oauthbearer.assertion.algorithm = RS256
	sasl.oauthbearer.assertion.claim.aud = null
	sasl.oauthbearer.assertion.claim.exp.seconds = 300
	sasl.oauthbearer.assertion.claim.iss = null
	sasl.oauthbearer.assertion.claim.jti.include = false
	sasl.oauthbearer.assertion.claim.nbf.seconds = 60
	sasl.oauthbearer.assertion.claim.sub = null
	sasl.oauthbearer.assertion.file = null
	sasl.oauthbearer.assertion.private.key.file = null
	sasl.oauthbearer.assertion.private.key.passphrase = null
	sasl.oauthbearer.assertion.template.file = null
	sasl.oauthbearer.client.credentials.client.id = null
	sasl.oauthbearer.client.credentials.client.secret = null
	sasl.oauthbearer.clock.skew.seconds = 30
	sasl.oauthbearer.expected.audience = null
	sasl.oauthbearer.expected.issuer = null
	sasl.oauthbearer.header.urlencode = false
	sasl.oauthbearer.jwks.endpoint.refresh.ms = 3600000
	sasl.oauthbearer.jwks.endpoint.retry.backoff.max.ms = 10000
	sasl.oauthbearer.jwks.endpoint.retry.backoff.ms = 100
	sasl.oauthbearer.jwks.endpoint.url = null
	sasl.oauthbearer.jwt.retriever.class = class org.apache.kafka.common.security.oauthbearer.DefaultJwtRetriever
	sasl.oauthbearer.jwt.validator.class = class org.apache.kafka.common.security.oauthbearer.DefaultJwtValidator
	sasl.oauthbearer.scope = null
	sasl.oauthbearer.scope.claim.name = scope
	sasl.oauthbearer.sub.claim.name = sub
	sasl.oauthbearer.token.endpoint.url = null
	security.protocol = PLAINTEXT
	security.providers = null
	send.buffer.bytes = 131072
	socket.connection.setup.timeout.max.ms = 30000
	socket.connection.setup.timeout.ms = 10000
	ssl.cipher.suites = null
	ssl.enabled.protocols = [TLSv1.2, TLSv1.3]
	ssl.endpoint.identification.algorithm = https
	ssl.engine.factory.class = null
	ssl.key.password = null
	ssl.keymanager.algorithm = SunX509
	ssl.keystore.certificate.chain = null
	ssl.keystore.key = null
	ssl.keystore.location = null
	ssl.keystore.password = null
	ssl.keystore.type = JKS
	ssl.protocol = TLSv1.3
	ssl.provider = null
	ssl.secure.random.implementation = null
	ssl.trustmanager.algorithm = PKIX
	ssl.truststore.certificates = null
	ssl.truststore.location = null
	ssl.truststore.password = null
	ssl.truststore.type = JKS

12:14:20.137 [main] INFO  org.apache.kafka.common.utils.AppInfoParser - Kafka version: 4.1.2
12:14:20.137 [main] INFO  org.apache.kafka.common.utils.AppInfoParser - Kafka commitId: c82fd9b934b4c1e6
12:14:20.137 [main] INFO  org.apache.kafka.common.utils.AppInfoParser - Kafka startTimeMs: 1787804060137
12:14:20.296 [main] INFO  org.apache.kafka.common.metrics.Metrics - Metrics scheduler closed
12:14:20.296 [main] INFO  org.apache.kafka.common.metrics.Metrics - Closing reporter org.apache.kafka.common.metrics.JmxReporter
12:14:20.296 [main] INFO  org.apache.kafka.common.metrics.Metrics - Metrics reporters closed
12:14:20.296 [kafka-admin-client-thread | kafka-rebalance-demo-admin-0] INFO  org.apache.kafka.common.utils.AppInfoParser - App info kafka.admin.client for kafka-rebalance-demo-admin-0 unregistered
12:14:20.298 [kafka-admin-client-thread | kafka-rebalance-demo-admin-0] INFO  org.apache.kafka.common.metrics.Metrics - Metrics scheduler closed
12:14:20.298 [kafka-admin-client-thread | kafka-rebalance-demo-admin-0] INFO  org.apache.kafka.common.metrics.Metrics - Closing reporter org.apache.kafka.common.metrics.JmxReporter
12:14:20.298 [kafka-admin-client-thread | kafka-rebalance-demo-admin-0] INFO  org.apache.kafka.common.metrics.Metrics - Metrics reporters closed
12:14:20.310 [main] INFO  org.apache.kafka.common.config.AbstractConfig - ConsumerConfig values: 
	allow.auto.create.topics = true
	auto.commit.interval.ms = 5000
	auto.offset.reset = earliest
	bootstrap.servers = [localhost:9092]
	check.crcs = true
	client.dns.lookup = use_all_dns_ips
	client.id = consumer-slow-consumer-group-1
	client.rack = 
	connections.max.idle.ms = 540000
	default.api.timeout.ms = 60000
	enable.auto.commit = false
	enable.metrics.push = true
	exclude.internal.topics = true
	fetch.max.bytes = 52428800
	fetch.max.wait.ms = 500
	fetch.min.bytes = 1
	group.id = slow-consumer-group
	group.instance.id = null
	group.protocol = classic
	group.remote.assignor = null
	heartbeat.interval.ms = 3000
	interceptor.classes = []
	internal.leave.group.on.close = true
	internal.throw.on.fetch.stable.offset.unsupported = false
	isolation.level = read_uncommitted
	key.deserializer = class org.apache.kafka.common.serialization.StringDeserializer
	max.partition.fetch.bytes = 1048576
	max.poll.interval.ms = 6000
	max.poll.records = 1
	metadata.max.age.ms = 300000
	metadata.recovery.rebootstrap.trigger.ms = 300000
	metadata.recovery.strategy = rebootstrap
	metric.reporters = [org.apache.kafka.common.metrics.JmxReporter]
	metrics.num.samples = 2
	metrics.recording.level = INFO
	metrics.sample.window.ms = 30000
	partition.assignment.strategy = [class org.apache.kafka.clients.consumer.RangeAssignor, class org.apache.kafka.clients.consumer.CooperativeStickyAssignor]
	receive.buffer.bytes = 65536
	reconnect.backoff.max.ms = 1000
	reconnect.backoff.ms = 50
	request.timeout.ms = 30000
	retry.backoff.max.ms = 1000
	retry.backoff.ms = 100
	sasl.client.callback.handler.class = null
	sasl.jaas.config = null
	sasl.kerberos.kinit.cmd = /usr/bin/kinit
	sasl.kerberos.min.time.before.relogin = 60000
	sasl.kerberos.service.name = null
	sasl.kerberos.ticket.renew.jitter = 0.05
	sasl.kerberos.ticket.renew.window.factor = 0.8
	sasl.login.callback.handler.class = null
	sasl.login.class = null
	sasl.login.connect.timeout.ms = null
	sasl.login.read.timeout.ms = null
	sasl.login.refresh.buffer.seconds = 300
	sasl.login.refresh.min.period.seconds = 60
	sasl.login.refresh.window.factor = 0.8
	sasl.login.refresh.window.jitter = 0.05
	sasl.login.retry.backoff.max.ms = 10000
	sasl.login.retry.backoff.ms = 100
	sasl.mechanism = GSSAPI
	sasl.oauthbearer.assertion.algorithm = RS256
	sasl.oauthbearer.assertion.claim.aud = null
	sasl.oauthbearer.assertion.claim.exp.seconds = 300
	sasl.oauthbearer.assertion.claim.iss = null
	sasl.oauthbearer.assertion.claim.jti.include = false
	sasl.oauthbearer.assertion.claim.nbf.seconds = 60
	sasl.oauthbearer.assertion.claim.sub = null
	sasl.oauthbearer.assertion.file = null
	sasl.oauthbearer.assertion.private.key.file = null
	sasl.oauthbearer.assertion.private.key.passphrase = null
	sasl.oauthbearer.assertion.template.file = null
	sasl.oauthbearer.client.credentials.client.id = null
	sasl.oauthbearer.client.credentials.client.secret = null
	sasl.oauthbearer.clock.skew.seconds = 30
	sasl.oauthbearer.expected.audience = null
	sasl.oauthbearer.expected.issuer = null
	sasl.oauthbearer.header.urlencode = false
	sasl.oauthbearer.jwks.endpoint.refresh.ms = 3600000
	sasl.oauthbearer.jwks.endpoint.retry.backoff.max.ms = 10000
	sasl.oauthbearer.jwks.endpoint.retry.backoff.ms = 100
	sasl.oauthbearer.jwks.endpoint.url = null
	sasl.oauthbearer.jwt.retriever.class = class org.apache.kafka.common.security.oauthbearer.DefaultJwtRetriever
	sasl.oauthbearer.jwt.validator.class = class org.apache.kafka.common.security.oauthbearer.DefaultJwtValidator
	sasl.oauthbearer.scope = null
	sasl.oauthbearer.scope.claim.name = scope
	sasl.oauthbearer.sub.claim.name = sub
	sasl.oauthbearer.token.endpoint.url = null
	security.protocol = PLAINTEXT
	security.providers = null
	send.buffer.bytes = 131072
	session.timeout.ms = 10000
	share.acknowledgement.mode = implicit
	socket.connection.setup.timeout.max.ms = 30000
	socket.connection.setup.timeout.ms = 10000
	ssl.cipher.suites = null
	ssl.enabled.protocols = [TLSv1.2, TLSv1.3]
	ssl.endpoint.identification.algorithm = https
	ssl.engine.factory.class = null
	ssl.key.password = null
	ssl.keymanager.algorithm = SunX509
	ssl.keystore.certificate.chain = null
	ssl.keystore.key = null
	ssl.keystore.location = null
	ssl.keystore.password = null
	ssl.keystore.type = JKS
	ssl.protocol = TLSv1.3
	ssl.provider = null
	ssl.secure.random.implementation = null
	ssl.trustmanager.algorithm = PKIX
	ssl.truststore.certificates = null
	ssl.truststore.location = null
	ssl.truststore.password = null
	ssl.truststore.type = JKS
	value.deserializer = class org.springframework.kafka.support.serializer.JsonDeserializer

12:14:20.324 [main] INFO  o.a.k.c.telemetry.internals.KafkaMetricsCollector - initializing Kafka metrics collector
12:14:20.365 [main] INFO  org.apache.kafka.common.utils.AppInfoParser - Kafka version: 4.1.2
12:14:20.365 [main] INFO  org.apache.kafka.common.utils.AppInfoParser - Kafka commitId: c82fd9b934b4c1e6
12:14:20.365 [main] INFO  org.apache.kafka.common.utils.AppInfoParser - Kafka startTimeMs: 1787804060365
12:14:20.365 [main] INFO  o.a.k.c.consumer.internals.ClassicKafkaConsumer - [Consumer clientId=consumer-slow-consumer-group-1, groupId=slow-consumer-group] Subscribed to topic(s): slow-events
12:14:20.368 [main] INFO  org.apache.kafka.common.config.AbstractConfig - ConsumerConfig values: 
	allow.auto.create.topics = true
	auto.commit.interval.ms = 5000
	auto.offset.reset = earliest
	bootstrap.servers = [localhost:9092]
	check.crcs = true
	client.dns.lookup = use_all_dns_ips
	client.id = consumer-slow-consumer-group-2
	client.rack = 
	connections.max.idle.ms = 540000
	default.api.timeout.ms = 60000
	enable.auto.commit = false
	enable.metrics.push = true
	exclude.internal.topics = true
	fetch.max.bytes = 52428800
	fetch.max.wait.ms = 500
	fetch.min.bytes = 1
	group.id = slow-consumer-group
	group.instance.id = null
	group.protocol = classic
	group.remote.assignor = null
	heartbeat.interval.ms = 3000
	interceptor.classes = []
	internal.leave.group.on.close = true
	internal.throw.on.fetch.stable.offset.unsupported = false
	isolation.level = read_uncommitted
	key.deserializer = class org.apache.kafka.common.serialization.StringDeserializer
	max.partition.fetch.bytes = 1048576
	max.poll.interval.ms = 6000
	max.poll.records = 1
	metadata.max.age.ms = 300000
	metadata.recovery.rebootstrap.trigger.ms = 300000
	metadata.recovery.strategy = rebootstrap
	metric.reporters = [org.apache.kafka.common.metrics.JmxReporter]
	metrics.num.samples = 2
	metrics.recording.level = INFO
	metrics.sample.window.ms = 30000
	partition.assignment.strategy = [class org.apache.kafka.clients.consumer.RangeAssignor, class org.apache.kafka.clients.consumer.CooperativeStickyAssignor]
	receive.buffer.bytes = 65536
	reconnect.backoff.max.ms = 1000
	reconnect.backoff.ms = 50
	request.timeout.ms = 30000
	retry.backoff.max.ms = 1000
	retry.backoff.ms = 100
	sasl.client.callback.handler.class = null
	sasl.jaas.config = null
	sasl.kerberos.kinit.cmd = /usr/bin/kinit
	sasl.kerberos.min.time.before.relogin = 60000
	sasl.kerberos.service.name = null
	sasl.kerberos.ticket.renew.jitter = 0.05
	sasl.kerberos.ticket.renew.window.factor = 0.8
	sasl.login.callback.handler.class = null
	sasl.login.class = null
	sasl.login.connect.timeout.ms = null
	sasl.login.read.timeout.ms = null
	sasl.login.refresh.buffer.seconds = 300
	sasl.login.refresh.min.period.seconds = 60
	sasl.login.refresh.window.factor = 0.8
	sasl.login.refresh.window.jitter = 0.05
	sasl.login.retry.backoff.max.ms = 10000
	sasl.login.retry.backoff.ms = 100
	sasl.mechanism = GSSAPI
	sasl.oauthbearer.assertion.algorithm = RS256
	sasl.oauthbearer.assertion.claim.aud = null
	sasl.oauthbearer.assertion.claim.exp.seconds = 300
	sasl.oauthbearer.assertion.claim.iss = null
	sasl.oauthbearer.assertion.claim.jti.include = false
	sasl.oauthbearer.assertion.claim.nbf.seconds = 60
	sasl.oauthbearer.assertion.claim.sub = null
	sasl.oauthbearer.assertion.file = null
	sasl.oauthbearer.assertion.private.key.file = null
	sasl.oauthbearer.assertion.private.key.passphrase = null
	sasl.oauthbearer.assertion.template.file = null
	sasl.oauthbearer.client.credentials.client.id = null
	sasl.oauthbearer.client.credentials.client.secret = null
	sasl.oauthbearer.clock.skew.seconds = 30
	sasl.oauthbearer.expected.audience = null
	sasl.oauthbearer.expected.issuer = null
	sasl.oauthbearer.header.urlencode = false
	sasl.oauthbearer.jwks.endpoint.refresh.ms = 3600000
	sasl.oauthbearer.jwks.endpoint.retry.backoff.max.ms = 10000
	sasl.oauthbearer.jwks.endpoint.retry.backoff.ms = 100
	sasl.oauthbearer.jwks.endpoint.url = null
	sasl.oauthbearer.jwt.retriever.class = class org.apache.kafka.common.security.oauthbearer.DefaultJwtRetriever
	sasl.oauthbearer.jwt.validator.class = class org.apache.kafka.common.security.oauthbearer.DefaultJwtValidator
	sasl.oauthbearer.scope = null
	sasl.oauthbearer.scope.claim.name = scope
	sasl.oauthbearer.sub.claim.name = sub
	sasl.oauthbearer.token.endpoint.url = null
	security.protocol = PLAINTEXT
	security.providers = null
	send.buffer.bytes = 131072
	session.timeout.ms = 10000
	share.acknowledgement.mode = implicit
	socket.connection.setup.timeout.max.ms = 30000
	socket.connection.setup.timeout.ms = 10000
	ssl.cipher.suites = null
	ssl.enabled.protocols = [TLSv1.2, TLSv1.3]
	ssl.endpoint.identification.algorithm = https
	ssl.engine.factory.class = null
	ssl.key.password = null
	ssl.keymanager.algorithm = SunX509
	ssl.keystore.certificate.chain = null
	ssl.keystore.key = null
	ssl.keystore.location = null
	ssl.keystore.password = null
	ssl.keystore.type = JKS
	ssl.protocol = TLSv1.3
	ssl.provider = null
	ssl.secure.random.implementation = null
	ssl.trustmanager.algorithm = PKIX
	ssl.truststore.certificates = null
	ssl.truststore.location = null
	ssl.truststore.password = null
	ssl.truststore.type = JKS
	value.deserializer = class org.springframework.kafka.support.serializer.JsonDeserializer

12:14:20.368 [main] INFO  o.a.k.c.telemetry.internals.KafkaMetricsCollector - initializing Kafka metrics collector
12:14:20.369 [scenario7-slow-events-listener-0-C-1] DEBUG o.a.k.c.consumer.internals.ConsumerCoordinator - [Consumer clientId=consumer-slow-consumer-group-1, groupId=slow-consumer-group] Sending FindCoordinator request to broker localhost:9092 (id: -1 rack: null isFenced: false)
12:14:20.371 [main] INFO  org.apache.kafka.common.utils.AppInfoParser - Kafka version: 4.1.2
12:14:20.371 [main] INFO  org.apache.kafka.common.utils.AppInfoParser - Kafka commitId: c82fd9b934b4c1e6
12:14:20.372 [main] INFO  org.apache.kafka.common.utils.AppInfoParser - Kafka startTimeMs: 1787804060371
12:14:20.372 [main] INFO  o.a.k.c.consumer.internals.ClassicKafkaConsumer - [Consumer clientId=consumer-slow-consumer-group-2, groupId=slow-consumer-group] Subscribed to topic(s): other-events
12:14:20.372 [scenario7-other-events-listener-0-C-1] DEBUG o.a.k.c.consumer.internals.ConsumerCoordinator - [Consumer clientId=consumer-slow-consumer-group-2, groupId=slow-consumer-group] Sending FindCoordinator request to broker localhost:9092 (id: -1 rack: null isFenced: false)
12:14:20.373 [main] INFO  c.e.kafkarebalance.KafkaRebalanceDemoApplicationKt - Started KafkaRebalanceDemoApplicationKt in 0.814 seconds (process running for 0.921)
12:14:20.376 [scenario7-other-events-listener-0-C-1] INFO  org.apache.kafka.clients.Metadata - [Consumer clientId=consumer-slow-consumer-group-2, groupId=slow-consumer-group] Cluster ID: MkU3OEVBNTcwNTJENDM2Qk
12:14:20.376 [scenario7-slow-events-listener-0-C-1] INFO  org.apache.kafka.clients.Metadata - [Consumer clientId=consumer-slow-consumer-group-1, groupId=slow-consumer-group] Cluster ID: MkU3OEVBNTcwNTJENDM2Qk
12:14:20.381 [scenario7-other-events-listener-0-C-1] DEBUG o.a.k.c.consumer.internals.ConsumerCoordinator - [Consumer clientId=consumer-slow-consumer-group-2, groupId=slow-consumer-group] Received FindCoordinator response ClientResponse(receivedTimeMs=1787804060379, latencyMs=7, disconnected=false, timedOut=false, requestHeader=RequestHeader(apiKey=FIND_COORDINATOR, apiVersion=6, clientId=consumer-slow-consumer-group-2, correlationId=0, headerVersion=2), responseBody=FindCoordinatorResponseData(throttleTimeMs=0, errorCode=0, errorMessage='', nodeId=0, host='', port=0, coordinators=[Coordinator(key='slow-consumer-group', nodeId=-1, host='', port=-1, errorCode=15, errorMessage='')]))
12:14:20.381 [scenario7-slow-events-listener-0-C-1] DEBUG o.a.k.c.consumer.internals.ConsumerCoordinator - [Consumer clientId=consumer-slow-consumer-group-1, groupId=slow-consumer-group] Received FindCoordinator response ClientResponse(receivedTimeMs=1787804060379, latencyMs=10, disconnected=false, timedOut=false, requestHeader=RequestHeader(apiKey=FIND_COORDINATOR, apiVersion=6, clientId=consumer-slow-consumer-group-1, correlationId=0, headerVersion=2), responseBody=FindCoordinatorResponseData(throttleTimeMs=0, errorCode=0, errorMessage='', nodeId=0, host='', port=0, coordinators=[Coordinator(key='slow-consumer-group', nodeId=-1, host='', port=-1, errorCode=15, errorMessage='')]))
12:14:20.381 [scenario7-other-events-listener-0-C-1] DEBUG o.a.k.c.consumer.internals.ConsumerCoordinator - [Consumer clientId=consumer-slow-consumer-group-2, groupId=slow-consumer-group] Group coordinator lookup failed: 
12:14:20.381 [scenario7-slow-events-listener-0-C-1] DEBUG o.a.k.c.consumer.internals.ConsumerCoordinator - [Consumer clientId=consumer-slow-consumer-group-1, groupId=slow-consumer-group] Group coordinator lookup failed: 
12:14:20.381 [scenario7-slow-events-listener-0-C-1] DEBUG o.a.k.c.consumer.internals.ConsumerCoordinator - [Consumer clientId=consumer-slow-consumer-group-1, groupId=slow-consumer-group] Coordinator discovery failed, refreshing metadata
org.apache.kafka.common.errors.CoordinatorNotAvailableException: The coordinator is not available.
12:14:20.381 [scenario7-other-events-listener-0-C-1] DEBUG o.a.k.c.consumer.internals.ConsumerCoordinator - [Consumer clientId=consumer-slow-consumer-group-2, groupId=slow-consumer-group] Coordinator discovery failed, refreshing metadata
org.apache.kafka.common.errors.CoordinatorNotAvailableException: The coordinator is not available.
12:14:20.487 [scenario7-other-events-listener-0-C-1] DEBUG o.a.k.c.consumer.internals.ConsumerCoordinator - [Consumer clientId=consumer-slow-consumer-group-2, groupId=slow-consumer-group] Sending FindCoordinator request to broker localhost:9092 (id: 1 rack: null isFenced: false)
12:14:20.489 [scenario7-other-events-listener-0-C-1] DEBUG o.a.k.c.consumer.internals.ConsumerCoordinator - [Consumer clientId=consumer-slow-consumer-group-2, groupId=slow-consumer-group] Received FindCoordinator response ClientResponse(receivedTimeMs=1787804060489, latencyMs=2, disconnected=false, timedOut=false, requestHeader=RequestHeader(apiKey=FIND_COORDINATOR, apiVersion=6, clientId=consumer-slow-consumer-group-2, correlationId=6, headerVersion=2), responseBody=FindCoordinatorResponseData(throttleTimeMs=0, errorCode=0, errorMessage='', nodeId=0, host='', port=0, coordinators=[Coordinator(key='slow-consumer-group', nodeId=1, host='localhost', port=9092, errorCode=0, errorMessage='')]))
12:14:20.489 [scenario7-other-events-listener-0-C-1] INFO  o.a.k.c.consumer.internals.ConsumerCoordinator - [Consumer clientId=consumer-slow-consumer-group-2, groupId=slow-consumer-group] Discovered group coordinator localhost:9092 (id: 2147483646 rack: null isFenced: false)
12:14:20.490 [scenario7-other-events-listener-0-C-1] DEBUG o.a.k.c.consumer.internals.ConsumerCoordinator - [Consumer clientId=consumer-slow-consumer-group-2, groupId=slow-consumer-group] Executing onJoinPrepare with generation -1 and memberId 
12:14:20.490 [kafka-coordinator-heartbeat-thread | slow-consumer-group] DEBUG o.a.k.c.consumer.internals.ConsumerCoordinator - [Consumer clientId=consumer-slow-consumer-group-2, groupId=slow-consumer-group] Heartbeat thread started
12:14:20.490 [scenario7-other-events-listener-0-C-1] INFO  o.a.k.c.consumer.internals.ConsumerCoordinator - [Consumer clientId=consumer-slow-consumer-group-2, groupId=slow-consumer-group] (Re-)joining group
12:14:20.490 [scenario7-other-events-listener-0-C-1] DEBUG o.a.k.c.consumer.internals.ConsumerCoordinator - [Consumer clientId=consumer-slow-consumer-group-2, groupId=slow-consumer-group] Joining group with current subscription: [other-events]
12:14:20.492 [scenario7-slow-events-listener-0-C-1] DEBUG o.a.k.c.consumer.internals.ConsumerCoordinator - [Consumer clientId=consumer-slow-consumer-group-1, groupId=slow-consumer-group] Sending FindCoordinator request to broker localhost:9092 (id: 1 rack: null isFenced: false)
12:14:20.493 [scenario7-other-events-listener-0-C-1] DEBUG o.a.k.c.consumer.internals.ConsumerCoordinator - [Consumer clientId=consumer-slow-consumer-group-2, groupId=slow-consumer-group] Sending JoinGroup (JoinGroupRequestData(groupId='slow-consumer-group', sessionTimeoutMs=10000, rebalanceTimeoutMs=6000, memberId='', groupInstanceId=null, protocolType='consumer', protocols=[JoinGroupRequestProtocol(name='range', metadata=[0, 3, 0, 0, 0, 1, 0, 12, 111, 116, 104, 101, 114, 45, 101, 118, 101, 110, 116, 115, -1, -1, -1, -1, 0, 0, 0, 0, -1, -1, -1, -1, -1, -1]), JoinGroupRequestProtocol(name='cooperative-sticky', metadata=[0, 3, 0, 0, 0, 1, 0, 12, 111, 116, 104, 101, 114, 45, 101, 118, 101, 110, 116, 115, 0, 0, 0, 4, -1, -1, -1, -1, 0, 0, 0, 0, -1, -1, -1, -1, -1, -1])], reason='')) to coordinator localhost:9092 (id: 2147483646 rack: null isFenced: false)
12:14:20.493 [scenario7-slow-events-listener-0-C-1] DEBUG o.a.k.c.consumer.internals.ConsumerCoordinator - [Consumer clientId=consumer-slow-consumer-group-1, groupId=slow-consumer-group] Received FindCoordinator response ClientResponse(receivedTimeMs=1787804060493, latencyMs=1, disconnected=false, timedOut=false, requestHeader=RequestHeader(apiKey=FIND_COORDINATOR, apiVersion=6, clientId=consumer-slow-consumer-group-1, correlationId=6, headerVersion=2), responseBody=FindCoordinatorResponseData(throttleTimeMs=0, errorCode=0, errorMessage='', nodeId=0, host='', port=0, coordinators=[Coordinator(key='slow-consumer-group', nodeId=1, host='localhost', port=9092, errorCode=0, errorMessage='')]))
12:14:20.493 [scenario7-slow-events-listener-0-C-1] INFO  o.a.k.c.consumer.internals.ConsumerCoordinator - [Consumer clientId=consumer-slow-consumer-group-1, groupId=slow-consumer-group] Discovered group coordinator localhost:9092 (id: 2147483646 rack: null isFenced: false)
12:14:20.493 [scenario7-slow-events-listener-0-C-1] DEBUG o.a.k.c.consumer.internals.ConsumerCoordinator - [Consumer clientId=consumer-slow-consumer-group-1, groupId=slow-consumer-group] Executing onJoinPrepare with generation -1 and memberId 
12:14:20.493 [kafka-coordinator-heartbeat-thread | slow-consumer-group] DEBUG o.a.k.c.consumer.internals.ConsumerCoordinator - [Consumer clientId=consumer-slow-consumer-group-1, groupId=slow-consumer-group] Heartbeat thread started
12:14:20.493 [scenario7-slow-events-listener-0-C-1] INFO  o.a.k.c.consumer.internals.ConsumerCoordinator - [Consumer clientId=consumer-slow-consumer-group-1, groupId=slow-consumer-group] (Re-)joining group
12:14:20.493 [scenario7-slow-events-listener-0-C-1] DEBUG o.a.k.c.consumer.internals.ConsumerCoordinator - [Consumer clientId=consumer-slow-consumer-group-1, groupId=slow-consumer-group] Joining group with current subscription: [slow-events]
12:14:20.493 [scenario7-slow-events-listener-0-C-1] DEBUG o.a.k.c.consumer.internals.ConsumerCoordinator - [Consumer clientId=consumer-slow-consumer-group-1, groupId=slow-consumer-group] Sending JoinGroup (JoinGroupRequestData(groupId='slow-consumer-group', sessionTimeoutMs=10000, rebalanceTimeoutMs=6000, memberId='', groupInstanceId=null, protocolType='consumer', protocols=[JoinGroupRequestProtocol(name='range', metadata=[0, 3, 0, 0, 0, 1, 0, 11, 115, 108, 111, 119, 45, 101, 118, 101, 110, 116, 115, -1, -1, -1, -1, 0, 0, 0, 0, -1, -1, -1, -1, -1, -1]), JoinGroupRequestProtocol(name='cooperative-sticky', metadata=[0, 3, 0, 0, 0, 1, 0, 11, 115, 108, 111, 119, 45, 101, 118, 101, 110, 116, 115, 0, 0, 0, 4, -1, -1, -1, -1, 0, 0, 0, 0, -1, -1, -1, -1, -1, -1])], reason='')) to coordinator localhost:9092 (id: 2147483646 rack: null isFenced: false)
12:14:20.500 [scenario7-other-events-listener-0-C-1] INFO  o.a.k.c.consumer.internals.ConsumerCoordinator - [Consumer clientId=consumer-slow-consumer-group-2, groupId=slow-consumer-group] Group coordinator localhost:9092 (id: 2147483646 rack: null isFenced: false) is unavailable or invalid due to cause: error response NOT_COORDINATOR. isDisconnected: false. Rediscovery will be attempted.
12:14:20.500 [scenario7-slow-events-listener-0-C-1] INFO  o.a.k.c.consumer.internals.ConsumerCoordinator - [Consumer clientId=consumer-slow-consumer-group-1, groupId=slow-consumer-group] Group coordinator localhost:9092 (id: 2147483646 rack: null isFenced: false) is unavailable or invalid due to cause: error response NOT_COORDINATOR. isDisconnected: false. Rediscovery will be attempted.
12:14:20.500 [scenario7-other-events-listener-0-C-1] INFO  o.a.k.c.consumer.internals.ConsumerCoordinator - [Consumer clientId=consumer-slow-consumer-group-2, groupId=slow-consumer-group] Requesting disconnect from last known coordinator localhost:9092 (id: 2147483646 rack: null isFenced: false)
12:14:20.500 [scenario7-slow-events-listener-0-C-1] INFO  o.a.k.c.consumer.internals.ConsumerCoordinator - [Consumer clientId=consumer-slow-consumer-group-1, groupId=slow-consumer-group] Requesting disconnect from last known coordinator localhost:9092 (id: 2147483646 rack: null isFenced: false)
12:14:20.501 [scenario7-slow-events-listener-0-C-1] INFO  o.a.k.c.consumer.internals.ConsumerCoordinator - [Consumer clientId=consumer-slow-consumer-group-1, groupId=slow-consumer-group] JoinGroup failed: This is not the correct coordinator. Marking coordinator unknown. Sent generation was Generation{generationId=-1, memberId='', protocol='null'}
12:14:20.501 [scenario7-other-events-listener-0-C-1] INFO  o.a.k.c.consumer.internals.ConsumerCoordinator - [Consumer clientId=consumer-slow-consumer-group-2, groupId=slow-consumer-group] JoinGroup failed: This is not the correct coordinator. Marking coordinator unknown. Sent generation was Generation{generationId=-1, memberId='', protocol='null'}
12:14:20.501 [scenario7-other-events-listener-0-C-1] DEBUG o.a.k.c.consumer.internals.ConsumerCoordinator - [Consumer clientId=consumer-slow-consumer-group-2, groupId=slow-consumer-group] Sending FindCoordinator request to broker localhost:9092 (id: 1 rack: null isFenced: false)
12:14:20.501 [scenario7-slow-events-listener-0-C-1] DEBUG o.a.k.c.consumer.internals.ConsumerCoordinator - [Consumer clientId=consumer-slow-consumer-group-1, groupId=slow-consumer-group] Sending FindCoordinator request to broker localhost:9092 (id: 1 rack: null isFenced: false)
12:14:20.501 [scenario7-other-events-listener-0-C-1] INFO  org.apache.kafka.clients.NetworkClient - [Consumer clientId=consumer-slow-consumer-group-2, groupId=slow-consumer-group] Client requested disconnect from node 2147483646
12:14:20.501 [scenario7-slow-events-listener-0-C-1] INFO  org.apache.kafka.clients.NetworkClient - [Consumer clientId=consumer-slow-consumer-group-1, groupId=slow-consumer-group] Client requested disconnect from node 2147483646
12:14:20.504 [scenario7-slow-events-listener-0-C-1] DEBUG o.a.k.c.consumer.internals.ConsumerCoordinator - [Consumer clientId=consumer-slow-consumer-group-1, groupId=slow-consumer-group] Received FindCoordinator response ClientResponse(receivedTimeMs=1787804060503, latencyMs=2, disconnected=false, timedOut=false, requestHeader=RequestHeader(apiKey=FIND_COORDINATOR, apiVersion=6, clientId=consumer-slow-consumer-group-1, correlationId=9, headerVersion=2), responseBody=FindCoordinatorResponseData(throttleTimeMs=0, errorCode=0, errorMessage='', nodeId=0, host='', port=0, coordinators=[Coordinator(key='slow-consumer-group', nodeId=1, host='localhost', port=9092, errorCode=0, errorMessage='')]))
12:14:20.504 [scenario7-slow-events-listener-0-C-1] INFO  o.a.k.c.consumer.internals.ConsumerCoordinator - [Consumer clientId=consumer-slow-consumer-group-1, groupId=slow-consumer-group] Discovered group coordinator localhost:9092 (id: 2147483646 rack: null isFenced: false)
12:14:20.504 [scenario7-slow-events-listener-0-C-1] INFO  o.a.k.c.consumer.internals.ConsumerCoordinator - [Consumer clientId=consumer-slow-consumer-group-1, groupId=slow-consumer-group] Group coordinator localhost:9092 (id: 2147483646 rack: null isFenced: false) is unavailable or invalid due to cause: coordinator unavailable. isDisconnected: false. Rediscovery will be attempted.
12:14:20.504 [scenario7-slow-events-listener-0-C-1] INFO  o.a.k.c.consumer.internals.ConsumerCoordinator - [Consumer clientId=consumer-slow-consumer-group-1, groupId=slow-consumer-group] Requesting disconnect from last known coordinator localhost:9092 (id: 2147483646 rack: null isFenced: false)
12:14:20.504 [scenario7-other-events-listener-0-C-1] DEBUG o.a.k.c.consumer.internals.ConsumerCoordinator - [Consumer clientId=consumer-slow-consumer-group-2, groupId=slow-consumer-group] Received FindCoordinator response ClientResponse(receivedTimeMs=1787804060504, latencyMs=3, disconnected=false, timedOut=false, requestHeader=RequestHeader(apiKey=FIND_COORDINATOR, apiVersion=6, clientId=consumer-slow-consumer-group-2, correlationId=9, headerVersion=2), responseBody=FindCoordinatorResponseData(throttleTimeMs=0, errorCode=0, errorMessage='', nodeId=0, host='', port=0, coordinators=[Coordinator(key='slow-consumer-group', nodeId=1, host='localhost', port=9092, errorCode=0, errorMessage='')]))
12:14:20.505 [scenario7-other-events-listener-0-C-1] INFO  o.a.k.c.consumer.internals.ConsumerCoordinator - [Consumer clientId=consumer-slow-consumer-group-2, groupId=slow-consumer-group] Discovered group coordinator localhost:9092 (id: 2147483646 rack: null isFenced: false)
12:14:20.505 [scenario7-other-events-listener-0-C-1] INFO  o.a.k.c.consumer.internals.ConsumerCoordinator - [Consumer clientId=consumer-slow-consumer-group-2, groupId=slow-consumer-group] Group coordinator localhost:9092 (id: 2147483646 rack: null isFenced: false) is unavailable or invalid due to cause: coordinator unavailable. isDisconnected: false. Rediscovery will be attempted.
12:14:20.505 [scenario7-other-events-listener-0-C-1] INFO  o.a.k.c.consumer.internals.ConsumerCoordinator - [Consumer clientId=consumer-slow-consumer-group-2, groupId=slow-consumer-group] Requesting disconnect from last known coordinator localhost:9092 (id: 2147483646 rack: null isFenced: false)
12:14:20.622 [scenario7-other-events-listener-0-C-1] DEBUG o.a.k.c.consumer.internals.ConsumerCoordinator - [Consumer clientId=consumer-slow-consumer-group-2, groupId=slow-consumer-group] Sending FindCoordinator request to broker localhost:9092 (id: 1 rack: null isFenced: false)
12:14:20.623 [scenario7-other-events-listener-0-C-1] DEBUG o.a.k.c.consumer.internals.ConsumerCoordinator - [Consumer clientId=consumer-slow-consumer-group-2, groupId=slow-consumer-group] Received FindCoordinator response ClientResponse(receivedTimeMs=1787804060623, latencyMs=1, disconnected=false, timedOut=false, requestHeader=RequestHeader(apiKey=FIND_COORDINATOR, apiVersion=6, clientId=consumer-slow-consumer-group-2, correlationId=10, headerVersion=2), responseBody=FindCoordinatorResponseData(throttleTimeMs=0, errorCode=0, errorMessage='', nodeId=0, host='', port=0, coordinators=[Coordinator(key='slow-consumer-group', nodeId=1, host='localhost', port=9092, errorCode=0, errorMessage='')]))
12:14:20.624 [scenario7-other-events-listener-0-C-1] INFO  o.a.k.c.consumer.internals.ConsumerCoordinator - [Consumer clientId=consumer-slow-consumer-group-2, groupId=slow-consumer-group] Discovered group coordinator localhost:9092 (id: 2147483646 rack: null isFenced: false)
12:14:20.624 [scenario7-other-events-listener-0-C-1] INFO  o.a.k.c.consumer.internals.ConsumerCoordinator - [Consumer clientId=consumer-slow-consumer-group-2, groupId=slow-consumer-group] Request joining group due to: rebalance failed due to 'This is not the correct coordinator.' (NotCoordinatorException)
12:14:20.624 [scenario7-other-events-listener-0-C-1] INFO  o.a.k.c.consumer.internals.ConsumerCoordinator - [Consumer clientId=consumer-slow-consumer-group-2, groupId=slow-consumer-group] (Re-)joining group
12:14:20.624 [scenario7-other-events-listener-0-C-1] DEBUG o.a.k.c.consumer.internals.ConsumerCoordinator - [Consumer clientId=consumer-slow-consumer-group-2, groupId=slow-consumer-group] Joining group with current subscription: [other-events]
12:14:20.624 [scenario7-other-events-listener-0-C-1] DEBUG o.a.k.c.consumer.internals.ConsumerCoordinator - [Consumer clientId=consumer-slow-consumer-group-2, groupId=slow-consumer-group] Sending JoinGroup (JoinGroupRequestData(groupId='slow-consumer-group', sessionTimeoutMs=10000, rebalanceTimeoutMs=6000, memberId='', groupInstanceId=null, protocolType='consumer', protocols=[JoinGroupRequestProtocol(name='range', metadata=[0, 3, 0, 0, 0, 1, 0, 12, 111, 116, 104, 101, 114, 45, 101, 118, 101, 110, 116, 115, -1, -1, -1, -1, 0, 0, 0, 0, -1, -1, -1, -1, -1, -1]), JoinGroupRequestProtocol(name='cooperative-sticky', metadata=[0, 3, 0, 0, 0, 1, 0, 12, 111, 116, 104, 101, 114, 45, 101, 118, 101, 110, 116, 115, 0, 0, 0, 4, -1, -1, -1, -1, 0, 0, 0, 0, -1, -1, -1, -1, -1, -1])], reason='rebalance failed due to NotCoordinatorException')) to coordinator localhost:9092 (id: 2147483646 rack: null isFenced: false)
12:14:20.624 [scenario7-slow-events-listener-0-C-1] DEBUG o.a.k.c.consumer.internals.ConsumerCoordinator - [Consumer clientId=consumer-slow-consumer-group-1, groupId=slow-consumer-group] Sending FindCoordinator request to broker localhost:9092 (id: 1 rack: null isFenced: false)
12:14:20.625 [scenario7-slow-events-listener-0-C-1] DEBUG o.a.k.c.consumer.internals.ConsumerCoordinator - [Consumer clientId=consumer-slow-consumer-group-1, groupId=slow-consumer-group] Received FindCoordinator response ClientResponse(receivedTimeMs=1787804060625, latencyMs=1, disconnected=false, timedOut=false, requestHeader=RequestHeader(apiKey=FIND_COORDINATOR, apiVersion=6, clientId=consumer-slow-consumer-group-1, correlationId=10, headerVersion=2), responseBody=FindCoordinatorResponseData(throttleTimeMs=0, errorCode=0, errorMessage='', nodeId=0, host='', port=0, coordinators=[Coordinator(key='slow-consumer-group', nodeId=1, host='localhost', port=9092, errorCode=0, errorMessage='')]))
12:14:20.625 [scenario7-slow-events-listener-0-C-1] INFO  o.a.k.c.consumer.internals.ConsumerCoordinator - [Consumer clientId=consumer-slow-consumer-group-1, groupId=slow-consumer-group] Discovered group coordinator localhost:9092 (id: 2147483646 rack: null isFenced: false)
12:14:20.626 [scenario7-slow-events-listener-0-C-1] INFO  o.a.k.c.consumer.internals.ConsumerCoordinator - [Consumer clientId=consumer-slow-consumer-group-1, groupId=slow-consumer-group] Request joining group due to: rebalance failed due to 'This is not the correct coordinator.' (NotCoordinatorException)
12:14:20.626 [scenario7-slow-events-listener-0-C-1] INFO  o.a.k.c.consumer.internals.ConsumerCoordinator - [Consumer clientId=consumer-slow-consumer-group-1, groupId=slow-consumer-group] (Re-)joining group
12:14:20.626 [scenario7-slow-events-listener-0-C-1] DEBUG o.a.k.c.consumer.internals.ConsumerCoordinator - [Consumer clientId=consumer-slow-consumer-group-1, groupId=slow-consumer-group] Joining group with current subscription: [slow-events]
12:14:20.626 [scenario7-slow-events-listener-0-C-1] DEBUG o.a.k.c.consumer.internals.ConsumerCoordinator - [Consumer clientId=consumer-slow-consumer-group-1, groupId=slow-consumer-group] Sending JoinGroup (JoinGroupRequestData(groupId='slow-consumer-group', sessionTimeoutMs=10000, rebalanceTimeoutMs=6000, memberId='', groupInstanceId=null, protocolType='consumer', protocols=[JoinGroupRequestProtocol(name='range', metadata=[0, 3, 0, 0, 0, 1, 0, 11, 115, 108, 111, 119, 45, 101, 118, 101, 110, 116, 115, -1, -1, -1, -1, 0, 0, 0, 0, -1, -1, -1, -1, -1, -1]), JoinGroupRequestProtocol(name='cooperative-sticky', metadata=[0, 3, 0, 0, 0, 1, 0, 11, 115, 108, 111, 119, 45, 101, 118, 101, 110, 116, 115, 0, 0, 0, 4, -1, -1, -1, -1, 0, 0, 0, 0, -1, -1, -1, -1, -1, -1])], reason='rebalance failed due to NotCoordinatorException')) to coordinator localhost:9092 (id: 2147483646 rack: null isFenced: false)
12:14:20.627 [scenario7-other-events-listener-0-C-1] DEBUG o.a.k.c.consumer.internals.ConsumerCoordinator - [Consumer clientId=consumer-slow-consumer-group-2, groupId=slow-consumer-group] JoinGroup failed due to non-fatal error: MEMBER_ID_REQUIRED. Will set the member id as consumer-slow-consumer-group-2-929996d7-6dc3-4dab-8232-48c527a6ef79 and then rejoin. Sent generation was Generation{generationId=-1, memberId='', protocol='null'}
12:14:20.627 [scenario7-other-events-listener-0-C-1] INFO  o.a.k.c.consumer.internals.ConsumerCoordinator - [Consumer clientId=consumer-slow-consumer-group-2, groupId=slow-consumer-group] Request joining group due to: need to re-join with the given member-id: consumer-slow-consumer-group-2-929996d7-6dc3-4dab-8232-48c527a6ef79
12:14:20.627 [scenario7-other-events-listener-0-C-1] INFO  o.a.k.c.consumer.internals.ConsumerCoordinator - [Consumer clientId=consumer-slow-consumer-group-2, groupId=slow-consumer-group] (Re-)joining group
12:14:20.628 [scenario7-other-events-listener-0-C-1] DEBUG o.a.k.c.consumer.internals.ConsumerCoordinator - [Consumer clientId=consumer-slow-consumer-group-2, groupId=slow-consumer-group] Joining group with current subscription: [other-events]
12:14:20.628 [scenario7-other-events-listener-0-C-1] DEBUG o.a.k.c.consumer.internals.ConsumerCoordinator - [Consumer clientId=consumer-slow-consumer-group-2, groupId=slow-consumer-group] Sending JoinGroup (JoinGroupRequestData(groupId='slow-consumer-group', sessionTimeoutMs=10000, rebalanceTimeoutMs=6000, memberId='consumer-slow-consumer-group-2-929996d7-6dc3-4dab-8232-48c527a6ef79', groupInstanceId=null, protocolType='consumer', protocols=[JoinGroupRequestProtocol(name='range', metadata=[0, 3, 0, 0, 0, 1, 0, 12, 111, 116, 104, 101, 114, 45, 101, 118, 101, 110, 116, 115, -1, -1, -1, -1, 0, 0, 0, 0, -1, -1, -1, -1, -1, -1]), JoinGroupRequestProtocol(name='cooperative-sticky', metadata=[0, 3, 0, 0, 0, 1, 0, 12, 111, 116, 104, 101, 114, 45, 101, 118, 101, 110, 116, 115, 0, 0, 0, 4, -1, -1, -1, -1, 0, 0, 0, 0, -1, -1, -1, -1, -1, -1])], reason='need to re-join with the given member-id: consumer-slow-consumer-group-2-929996d7-6dc3-4dab-8232-48c527a6ef79')) to coordinator localhost:9092 (id: 2147483646 rack: null isFenced: false)
12:14:20.628 [scenario7-slow-events-listener-0-C-1] DEBUG o.a.k.c.consumer.internals.ConsumerCoordinator - [Consumer clientId=consumer-slow-consumer-group-1, groupId=slow-consumer-group] JoinGroup failed due to non-fatal error: MEMBER_ID_REQUIRED. Will set the member id as consumer-slow-consumer-group-1-cdc04d3b-f9c9-47c8-9ff5-8ea478016fdf and then rejoin. Sent generation was Generation{generationId=-1, memberId='', protocol='null'}
12:14:20.628 [scenario7-slow-events-listener-0-C-1] INFO  o.a.k.c.consumer.internals.ConsumerCoordinator - [Consumer clientId=consumer-slow-consumer-group-1, groupId=slow-consumer-group] Request joining group due to: need to re-join with the given member-id: consumer-slow-consumer-group-1-cdc04d3b-f9c9-47c8-9ff5-8ea478016fdf
12:14:20.628 [scenario7-slow-events-listener-0-C-1] INFO  o.a.k.c.consumer.internals.ConsumerCoordinator - [Consumer clientId=consumer-slow-consumer-group-1, groupId=slow-consumer-group] (Re-)joining group
12:14:20.628 [scenario7-slow-events-listener-0-C-1] DEBUG o.a.k.c.consumer.internals.ConsumerCoordinator - [Consumer clientId=consumer-slow-consumer-group-1, groupId=slow-consumer-group] Joining group with current subscription: [slow-events]
12:14:20.628 [scenario7-slow-events-listener-0-C-1] DEBUG o.a.k.c.consumer.internals.ConsumerCoordinator - [Consumer clientId=consumer-slow-consumer-group-1, groupId=slow-consumer-group] Sending JoinGroup (JoinGroupRequestData(groupId='slow-consumer-group', sessionTimeoutMs=10000, rebalanceTimeoutMs=6000, memberId='consumer-slow-consumer-group-1-cdc04d3b-f9c9-47c8-9ff5-8ea478016fdf', groupInstanceId=null, protocolType='consumer', protocols=[JoinGroupRequestProtocol(name='range', metadata=[0, 3, 0, 0, 0, 1, 0, 11, 115, 108, 111, 119, 45, 101, 118, 101, 110, 116, 115, -1, -1, -1, -1, 0, 0, 0, 0, -1, -1, -1, -1, -1, -1]), JoinGroupRequestProtocol(name='cooperative-sticky', metadata=[0, 3, 0, 0, 0, 1, 0, 11, 115, 108, 111, 119, 45, 101, 118, 101, 110, 116, 115, 0, 0, 0, 4, -1, -1, -1, -1, 0, 0, 0, 0, -1, -1, -1, -1, -1, -1])], reason='need to re-join with the given member-id: consumer-slow-consumer-group-1-cdc04d3b-f9c9-47c8-9ff5-8ea478016fdf')) to coordinator localhost:9092 (id: 2147483646 rack: null isFenced: false)
12:14:20.634 [scenario7-slow-events-listener-0-C-1] DEBUG o.a.k.c.consumer.internals.ConsumerCoordinator - [Consumer clientId=consumer-slow-consumer-group-1, groupId=slow-consumer-group] Received successful JoinGroup response: JoinGroupResponseData(throttleTimeMs=0, errorCode=0, generationId=1, protocolType='consumer', protocolName='range', leader='consumer-slow-consumer-group-2-929996d7-6dc3-4dab-8232-48c527a6ef79', skipAssignment=false, memberId='consumer-slow-consumer-group-1-cdc04d3b-f9c9-47c8-9ff5-8ea478016fdf', members=[])
12:14:20.634 [scenario7-other-events-listener-0-C-1] DEBUG o.a.k.c.consumer.internals.ConsumerCoordinator - [Consumer clientId=consumer-slow-consumer-group-2, groupId=slow-consumer-group] Received successful JoinGroup response: JoinGroupResponseData(throttleTimeMs=0, errorCode=0, generationId=1, protocolType='consumer', protocolName='range', leader='consumer-slow-consumer-group-2-929996d7-6dc3-4dab-8232-48c527a6ef79', skipAssignment=false, memberId='consumer-slow-consumer-group-2-929996d7-6dc3-4dab-8232-48c527a6ef79', members=[JoinGroupResponseMember(memberId='consumer-slow-consumer-group-1-cdc04d3b-f9c9-47c8-9ff5-8ea478016fdf', groupInstanceId=null, metadata=[0, 3, 0, 0, 0, 1, 0, 11, 115, 108, 111, 119, 45, 101, 118, 101, 110, 116, 115, -1, -1, -1, -1, 0, 0, 0, 0, -1, -1, -1, -1, -1, -1]), JoinGroupResponseMember(memberId='consumer-slow-consumer-group-2-929996d7-6dc3-4dab-8232-48c527a6ef79', groupInstanceId=null, metadata=[0, 3, 0, 0, 0, 1, 0, 12, 111, 116, 104, 101, 114, 45, 101, 118, 101, 110, 116, 115, -1, -1, -1, -1, 0, 0, 0, 0, -1, -1, -1, -1, -1, -1])])
12:14:20.634 [scenario7-slow-events-listener-0-C-1] DEBUG o.a.k.c.consumer.internals.ConsumerCoordinator - [Consumer clientId=consumer-slow-consumer-group-1, groupId=slow-consumer-group] Enabling heartbeat thread
12:14:20.634 [scenario7-other-events-listener-0-C-1] DEBUG o.a.k.c.consumer.internals.ConsumerCoordinator - [Consumer clientId=consumer-slow-consumer-group-2, groupId=slow-consumer-group] Enabling heartbeat thread
12:14:20.634 [scenario7-other-events-listener-0-C-1] INFO  o.a.k.c.consumer.internals.ConsumerCoordinator - [Consumer clientId=consumer-slow-consumer-group-2, groupId=slow-consumer-group] Successfully joined group with generation Generation{generationId=1, memberId='consumer-slow-consumer-group-2-929996d7-6dc3-4dab-8232-48c527a6ef79', protocol='range'}
12:14:20.634 [scenario7-slow-events-listener-0-C-1] INFO  o.a.k.c.consumer.internals.ConsumerCoordinator - [Consumer clientId=consumer-slow-consumer-group-1, groupId=slow-consumer-group] Successfully joined group with generation Generation{generationId=1, memberId='consumer-slow-consumer-group-1-cdc04d3b-f9c9-47c8-9ff5-8ea478016fdf', protocol='range'}
12:14:20.635 [scenario7-slow-events-listener-0-C-1] DEBUG o.a.k.c.consumer.internals.ConsumerCoordinator - [Consumer clientId=consumer-slow-consumer-group-1, groupId=slow-consumer-group] Sending follower SyncGroup to coordinator localhost:9092 (id: 2147483646 rack: null isFenced: false): SyncGroupRequestData(groupId='slow-consumer-group', generationId=1, memberId='consumer-slow-consumer-group-1-cdc04d3b-f9c9-47c8-9ff5-8ea478016fdf', groupInstanceId=null, protocolType='consumer', protocolName='range', assignments=[])
12:14:20.638 [scenario7-other-events-listener-0-C-1] DEBUG o.a.k.c.consumer.internals.ConsumerCoordinator - [Consumer clientId=consumer-slow-consumer-group-2, groupId=slow-consumer-group] Performing assignment using strategy range with subscriptions {consumer-slow-consumer-group-1-cdc04d3b-f9c9-47c8-9ff5-8ea478016fdf=Subscription(topics=[slow-events], ownedPartitions=[], groupInstanceId=null, generationId=-1, rackId=null), consumer-slow-consumer-group-2-929996d7-6dc3-4dab-8232-48c527a6ef79=Subscription(topics=[other-events], ownedPartitions=[], groupInstanceId=null, generationId=-1, rackId=null)}
12:14:20.639 [scenario7-other-events-listener-0-C-1] INFO  o.a.k.c.consumer.internals.ConsumerCoordinator - [Consumer clientId=consumer-slow-consumer-group-2, groupId=slow-consumer-group] Finished assignment for group at generation 1: {consumer-slow-consumer-group-1-cdc04d3b-f9c9-47c8-9ff5-8ea478016fdf=Assignment(partitions=[slow-events-0, slow-events-1, slow-events-2]), consumer-slow-consumer-group-2-929996d7-6dc3-4dab-8232-48c527a6ef79=Assignment(partitions=[other-events-0, other-events-1, other-events-2])}
12:14:20.640 [scenario7-other-events-listener-0-C-1] DEBUG o.a.k.c.consumer.internals.ConsumerCoordinator - [Consumer clientId=consumer-slow-consumer-group-2, groupId=slow-consumer-group] Sending leader SyncGroup to coordinator localhost:9092 (id: 2147483646 rack: null isFenced: false): SyncGroupRequestData(groupId='slow-consumer-group', generationId=1, memberId='consumer-slow-consumer-group-2-929996d7-6dc3-4dab-8232-48c527a6ef79', groupInstanceId=null, protocolType='consumer', protocolName='range', assignments=[SyncGroupRequestAssignment(memberId='consumer-slow-consumer-group-1-cdc04d3b-f9c9-47c8-9ff5-8ea478016fdf', assignment=[0, 3, 0, 0, 0, 1, 0, 11, 115, 108, 111, 119, 45, 101, 118, 101, 110, 116, 115, 0, 0, 0, 3, 0, 0, 0, 0, 0, 0, 0, 1, 0, 0, 0, 2, -1, -1, -1, -1]), SyncGroupRequestAssignment(memberId='consumer-slow-consumer-group-2-929996d7-6dc3-4dab-8232-48c527a6ef79', assignment=[0, 3, 0, 0, 0, 1, 0, 12, 111, 116, 104, 101, 114, 45, 101, 118, 101, 110, 116, 115, 0, 0, 0, 3, 0, 0, 0, 0, 0, 0, 0, 1, 0, 0, 0, 2, -1, -1, -1, -1])])
12:14:20.643 [scenario7-slow-events-listener-0-C-1] DEBUG o.a.k.c.consumer.internals.ConsumerCoordinator - [Consumer clientId=consumer-slow-consumer-group-1, groupId=slow-consumer-group] Received successful SyncGroup response: SyncGroupResponseData(throttleTimeMs=0, errorCode=0, protocolType='consumer', protocolName='range', assignment=[0, 3, 0, 0, 0, 1, 0, 11, 115, 108, 111, 119, 45, 101, 118, 101, 110, 116, 115, 0, 0, 0, 3, 0, 0, 0, 0, 0, 0, 0, 1, 0, 0, 0, 2, -1, -1, -1, -1])
12:14:20.643 [scenario7-other-events-listener-0-C-1] DEBUG o.a.k.c.consumer.internals.ConsumerCoordinator - [Consumer clientId=consumer-slow-consumer-group-2, groupId=slow-consumer-group] Received successful SyncGroup response: SyncGroupResponseData(throttleTimeMs=0, errorCode=0, protocolType='consumer', protocolName='range', assignment=[0, 3, 0, 0, 0, 1, 0, 12, 111, 116, 104, 101, 114, 45, 101, 118, 101, 110, 116, 115, 0, 0, 0, 3, 0, 0, 0, 0, 0, 0, 0, 1, 0, 0, 0, 2, -1, -1, -1, -1])
12:14:20.643 [scenario7-slow-events-listener-0-C-1] INFO  o.a.k.c.consumer.internals.ConsumerCoordinator - [Consumer clientId=consumer-slow-consumer-group-1, groupId=slow-consumer-group] Successfully synced group in generation Generation{generationId=1, memberId='consumer-slow-consumer-group-1-cdc04d3b-f9c9-47c8-9ff5-8ea478016fdf', protocol='range'}
12:14:20.643 [scenario7-other-events-listener-0-C-1] INFO  o.a.k.c.consumer.internals.ConsumerCoordinator - [Consumer clientId=consumer-slow-consumer-group-2, groupId=slow-consumer-group] Successfully synced group in generation Generation{generationId=1, memberId='consumer-slow-consumer-group-2-929996d7-6dc3-4dab-8232-48c527a6ef79', protocol='range'}
12:14:20.643 [scenario7-other-events-listener-0-C-1] DEBUG o.a.k.c.consumer.internals.ConsumerCoordinator - [Consumer clientId=consumer-slow-consumer-group-2, groupId=slow-consumer-group] Executing onJoinComplete with generation 1 and memberId consumer-slow-consumer-group-2-929996d7-6dc3-4dab-8232-48c527a6ef79
12:14:20.643 [scenario7-slow-events-listener-0-C-1] DEBUG o.a.k.c.consumer.internals.ConsumerCoordinator - [Consumer clientId=consumer-slow-consumer-group-1, groupId=slow-consumer-group] Executing onJoinComplete with generation 1 and memberId consumer-slow-consumer-group-1-cdc04d3b-f9c9-47c8-9ff5-8ea478016fdf
12:14:20.643 [scenario7-slow-events-listener-0-C-1] INFO  o.a.k.c.consumer.internals.ConsumerCoordinator - [Consumer clientId=consumer-slow-consumer-group-1, groupId=slow-consumer-group] Notifying assignor about the new Assignment(partitions=[slow-events-0, slow-events-1, slow-events-2])
12:14:20.643 [scenario7-other-events-listener-0-C-1] INFO  o.a.k.c.consumer.internals.ConsumerCoordinator - [Consumer clientId=consumer-slow-consumer-group-2, groupId=slow-consumer-group] Notifying assignor about the new Assignment(partitions=[other-events-0, other-events-1, other-events-2])
12:14:20.644 [scenario7-other-events-listener-0-C-1] INFO  o.a.k.c.c.i.ConsumerRebalanceListenerInvoker - [Consumer clientId=consumer-slow-consumer-group-2, groupId=slow-consumer-group] Adding newly assigned partitions: [other-events-0, other-events-1, other-events-2]
12:14:20.644 [scenario7-slow-events-listener-0-C-1] INFO  o.a.k.c.c.i.ConsumerRebalanceListenerInvoker - [Consumer clientId=consumer-slow-consumer-group-1, groupId=slow-consumer-group] Adding newly assigned partitions: [slow-events-0, slow-events-1, slow-events-2]
12:14:20.644 [scenario7-other-events-listener-0-C-1] DEBUG o.a.k.c.consumer.internals.ConsumerCoordinator - [Consumer clientId=consumer-slow-consumer-group-2, groupId=slow-consumer-group] Fetching committed offsets for partitions: [other-events-0, other-events-1, other-events-2]
12:14:20.644 [scenario7-slow-events-listener-0-C-1] DEBUG o.a.k.c.consumer.internals.ConsumerCoordinator - [Consumer clientId=consumer-slow-consumer-group-1, groupId=slow-consumer-group] Fetching committed offsets for partitions: [slow-events-2, slow-events-1, slow-events-0]
12:14:20.649 [scenario7-other-events-listener-0-C-1] INFO  o.a.k.c.consumer.internals.ConsumerCoordinator - [Consumer clientId=consumer-slow-consumer-group-2, groupId=slow-consumer-group] Found no committed offset for partition other-events-0
12:14:20.649 [scenario7-slow-events-listener-0-C-1] INFO  o.a.k.c.consumer.internals.ConsumerCoordinator - [Consumer clientId=consumer-slow-consumer-group-1, groupId=slow-consumer-group] Found no committed offset for partition slow-events-2
12:14:20.649 [scenario7-other-events-listener-0-C-1] INFO  o.a.k.c.consumer.internals.ConsumerCoordinator - [Consumer clientId=consumer-slow-consumer-group-2, groupId=slow-consumer-group] Found no committed offset for partition other-events-1
12:14:20.649 [scenario7-slow-events-listener-0-C-1] INFO  o.a.k.c.consumer.internals.ConsumerCoordinator - [Consumer clientId=consumer-slow-consumer-group-1, groupId=slow-consumer-group] Found no committed offset for partition slow-events-1
12:14:20.649 [scenario7-other-events-listener-0-C-1] INFO  o.a.k.c.consumer.internals.ConsumerCoordinator - [Consumer clientId=consumer-slow-consumer-group-2, groupId=slow-consumer-group] Found no committed offset for partition other-events-2
12:14:20.649 [scenario7-slow-events-listener-0-C-1] INFO  o.a.k.c.consumer.internals.ConsumerCoordinator - [Consumer clientId=consumer-slow-consumer-group-1, groupId=slow-consumer-group] Found no committed offset for partition slow-events-0
12:14:20.655 [scenario7-other-events-listener-0-C-1] INFO  o.a.k.clients.consumer.internals.SubscriptionState - [Consumer clientId=consumer-slow-consumer-group-2, groupId=slow-consumer-group] Resetting offset for partition other-events-0 to position FetchPosition{offset=0, offsetEpoch=Optional.empty, currentLeader=LeaderAndEpoch{leader=Optional[localhost:9092 (id: 1 rack: null isFenced: false)], epoch=0}}.
12:14:20.655 [scenario7-slow-events-listener-0-C-1] INFO  o.a.k.clients.consumer.internals.SubscriptionState - [Consumer clientId=consumer-slow-consumer-group-1, groupId=slow-consumer-group] Resetting offset for partition slow-events-2 to position FetchPosition{offset=0, offsetEpoch=Optional.empty, currentLeader=LeaderAndEpoch{leader=Optional[localhost:9092 (id: 1 rack: null isFenced: false)], epoch=0}}.
12:14:20.657 [scenario7-other-events-listener-0-C-1] INFO  o.a.k.clients.consumer.internals.SubscriptionState - [Consumer clientId=consumer-slow-consumer-group-2, groupId=slow-consumer-group] Resetting offset for partition other-events-1 to position FetchPosition{offset=0, offsetEpoch=Optional.empty, currentLeader=LeaderAndEpoch{leader=Optional[localhost:9092 (id: 1 rack: null isFenced: false)], epoch=0}}.
12:14:20.657 [scenario7-other-events-listener-0-C-1] INFO  o.a.k.clients.consumer.internals.SubscriptionState - [Consumer clientId=consumer-slow-consumer-group-2, groupId=slow-consumer-group] Resetting offset for partition other-events-2 to position FetchPosition{offset=0, offsetEpoch=Optional.empty, currentLeader=LeaderAndEpoch{leader=Optional[localhost:9092 (id: 1 rack: null isFenced: false)], epoch=0}}.
12:14:20.657 [scenario7-slow-events-listener-0-C-1] INFO  o.a.k.clients.consumer.internals.SubscriptionState - [Consumer clientId=consumer-slow-consumer-group-1, groupId=slow-consumer-group] Resetting offset for partition slow-events-1 to position FetchPosition{offset=0, offsetEpoch=Optional.empty, currentLeader=LeaderAndEpoch{leader=Optional[localhost:9092 (id: 1 rack: null isFenced: false)], epoch=0}}.
12:14:20.657 [scenario7-slow-events-listener-0-C-1] INFO  o.a.k.clients.consumer.internals.SubscriptionState - [Consumer clientId=consumer-slow-consumer-group-1, groupId=slow-consumer-group] Resetting offset for partition slow-events-0 to position FetchPosition{offset=0, offsetEpoch=Optional.empty, currentLeader=LeaderAndEpoch{leader=Optional[localhost:9092 (id: 1 rack: null isFenced: false)], epoch=0}}.
12:14:20.657 [scenario7-slow-events-listener-0-C-1] INFO  o.s.kafka.listener.KafkaMessageListenerContainer - slow-consumer-group: partitions assigned: [slow-events-0, slow-events-1, slow-events-2]
12:14:20.657 [scenario7-other-events-listener-0-C-1] INFO  o.s.kafka.listener.KafkaMessageListenerContainer - slow-consumer-group: partitions assigned: [other-events-0, other-events-1, other-events-2]
12:14:23.381 [demo-event-producer] INFO  c.e.kafkarebalance.producer.DemoEventProducer - [scenario7] 开始向 other-events 持续发送正常消息（每 500ms 一条，持续 30000ms），并计划在 5000ms 后向 slow-events 发送一条 slow=true 消息以触发 rebalance
12:14:23.404 [scenario7-other-events-producer] INFO  org.apache.kafka.common.config.AbstractConfig - ProducerConfig values: 
	acks = -1
	batch.size = 16384
	bootstrap.servers = [localhost:9092]
	buffer.memory = 33554432
	client.dns.lookup = use_all_dns_ips
	client.id = kafka-rebalance-demo-producer-1
	compression.gzip.level = -1
	compression.lz4.level = 9
	compression.type = none
	compression.zstd.level = 3
	connections.max.idle.ms = 540000
	delivery.timeout.ms = 120000
	enable.idempotence = true
	enable.metrics.push = true
	interceptor.classes = []
	key.serializer = class org.apache.kafka.common.serialization.StringSerializer
	linger.ms = 5
	max.block.ms = 60000
	max.in.flight.requests.per.connection = 5
	max.request.size = 1048576
	metadata.max.age.ms = 300000
	metadata.max.idle.ms = 300000
	metadata.recovery.rebootstrap.trigger.ms = 300000
	metadata.recovery.strategy = rebootstrap
	metric.reporters = [org.apache.kafka.common.metrics.JmxReporter]
	metrics.num.samples = 2
	metrics.recording.level = INFO
	metrics.sample.window.ms = 30000
	partitioner.adaptive.partitioning.enable = true
	partitioner.availability.timeout.ms = 0
	partitioner.class = null
	partitioner.ignore.keys = false
	receive.buffer.bytes = 32768
	reconnect.backoff.max.ms = 1000
	reconnect.backoff.ms = 50
	request.timeout.ms = 30000
	retries = 2147483647
	retry.backoff.max.ms = 1000
	retry.backoff.ms = 100
	sasl.client.callback.handler.class = null
	sasl.jaas.config = null
	sasl.kerberos.kinit.cmd = /usr/bin/kinit
	sasl.kerberos.min.time.before.relogin = 60000
	sasl.kerberos.service.name = null
	sasl.kerberos.ticket.renew.jitter = 0.05
	sasl.kerberos.ticket.renew.window.factor = 0.8
	sasl.login.callback.handler.class = null
	sasl.login.class = null
	sasl.login.connect.timeout.ms = null
	sasl.login.read.timeout.ms = null
	sasl.login.refresh.buffer.seconds = 300
	sasl.login.refresh.min.period.seconds = 60
	sasl.login.refresh.window.factor = 0.8
	sasl.login.refresh.window.jitter = 0.05
	sasl.login.retry.backoff.max.ms = 10000
	sasl.login.retry.backoff.ms = 100
	sasl.mechanism = GSSAPI
	sasl.oauthbearer.assertion.algorithm = RS256
	sasl.oauthbearer.assertion.claim.aud = null
	sasl.oauthbearer.assertion.claim.exp.seconds = 300
	sasl.oauthbearer.assertion.claim.iss = null
	sasl.oauthbearer.assertion.claim.jti.include = false
	sasl.oauthbearer.assertion.claim.nbf.seconds = 60
	sasl.oauthbearer.assertion.claim.sub = null
	sasl.oauthbearer.assertion.file = null
	sasl.oauthbearer.assertion.private.key.file = null
	sasl.oauthbearer.assertion.private.key.passphrase = null
	sasl.oauthbearer.assertion.template.file = null
	sasl.oauthbearer.client.credentials.client.id = null
	sasl.oauthbearer.client.credentials.client.secret = null
	sasl.oauthbearer.clock.skew.seconds = 30
	sasl.oauthbearer.expected.audience = null
	sasl.oauthbearer.expected.issuer = null
	sasl.oauthbearer.header.urlencode = false
	sasl.oauthbearer.jwks.endpoint.refresh.ms = 3600000
	sasl.oauthbearer.jwks.endpoint.retry.backoff.max.ms = 10000
	sasl.oauthbearer.jwks.endpoint.retry.backoff.ms = 100
	sasl.oauthbearer.jwks.endpoint.url = null
	sasl.oauthbearer.jwt.retriever.class = class org.apache.kafka.common.security.oauthbearer.DefaultJwtRetriever
	sasl.oauthbearer.jwt.validator.class = class org.apache.kafka.common.security.oauthbearer.DefaultJwtValidator
	sasl.oauthbearer.scope = null
	sasl.oauthbearer.scope.claim.name = scope
	sasl.oauthbearer.sub.claim.name = sub
	sasl.oauthbearer.token.endpoint.url = null
	security.protocol = PLAINTEXT
	security.providers = null
	send.buffer.bytes = 131072
	socket.connection.setup.timeout.max.ms = 30000
	socket.connection.setup.timeout.ms = 10000
	ssl.cipher.suites = null
	ssl.enabled.protocols = [TLSv1.2, TLSv1.3]
	ssl.endpoint.identification.algorithm = https
	ssl.engine.factory.class = null
	ssl.key.password = null
	ssl.keymanager.algorithm = SunX509
	ssl.keystore.certificate.chain = null
	ssl.keystore.key = null
	ssl.keystore.location = null
	ssl.keystore.password = null
	ssl.keystore.type = JKS
	ssl.protocol = TLSv1.3
	ssl.provider = null
	ssl.secure.random.implementation = null
	ssl.trustmanager.algorithm = PKIX
	ssl.truststore.certificates = null
	ssl.truststore.location = null
	ssl.truststore.password = null
	ssl.truststore.type = JKS
	transaction.timeout.ms = 60000
	transaction.two.phase.commit.enable = false
	transactional.id = null
	value.serializer = class org.springframework.kafka.support.serializer.JsonSerializer

12:14:23.405 [scenario7-other-events-producer] INFO  o.a.k.c.telemetry.internals.KafkaMetricsCollector - initializing Kafka metrics collector
12:14:23.416 [scenario7-other-events-producer] INFO  org.apache.kafka.clients.producer.KafkaProducer - [Producer clientId=kafka-rebalance-demo-producer-1] Instantiated an idempotent producer.
12:14:23.425 [scenario7-other-events-producer] INFO  org.apache.kafka.common.utils.AppInfoParser - Kafka version: 4.1.2
12:14:23.425 [scenario7-other-events-producer] INFO  org.apache.kafka.common.utils.AppInfoParser - Kafka commitId: c82fd9b934b4c1e6
12:14:23.425 [scenario7-other-events-producer] INFO  org.apache.kafka.common.utils.AppInfoParser - Kafka startTimeMs: 1787804063425
12:14:23.432 [kafka-producer-network-thread | kafka-rebalance-demo-producer-1] INFO  org.apache.kafka.clients.Metadata - [Producer clientId=kafka-rebalance-demo-producer-1] Cluster ID: MkU3OEVBNTcwNTJENDM2Qk
12:14:23.448 [scenario7-other-events-producer] INFO  c.e.kafkarebalance.producer.DemoEventProducer - 已发送消息 id=d02aed36-2aa5-4dc0-af76-0418119882e7 topic=other-events key=0 slow=false retryTrigger=false flaky=false
12:14:23.543 [kafka-producer-network-thread | kafka-rebalance-demo-producer-1] INFO  o.a.k.c.producer.internals.TransactionManager - [Producer clientId=kafka-rebalance-demo-producer-1] ProducerId set to 0 with epoch 0
12:14:23.568 [scenario7-other-events-listener-0-C-1] DEBUG o.s.kafka.listener.KafkaMessageListenerContainer - Received: 1 records
12:14:23.571 [scenario7-other-events-listener-0-C-1] DEBUG o.s.k.l.a.RecordMessagingMessageListenerAdapter - Processing [GenericMessage [payload=DemoEvent(id=d02aed36-2aa5-4dc0-af76-0418119882e7, payload=demo-event-0, slow=false, retryTrigger=false, flaky=false, createdAt=2026-08-27T04:14:23.384561Z), headers={kafka_offset=0, kafka_consumer=org.springframework.kafka.core.DefaultKafkaConsumerFactory$ExtendedKafkaConsumer@87801db, kafka_timestampType=CREATE_TIME, kafka_receivedPartitionId=2, kafka_receivedMessageKey=0, kafka_receivedTopic=other-events, kafka_receivedTimestamp=1787804063432, kafka_acknowledgment=Acknowledgment for other-events-2@0, kafka_groupId=slow-consumer-group}]]
12:14:23.572 [scenario7-other-events-listener-0-C-1] INFO  c.e.k.listener.SplitTopicRebalanceListener - [other-events] 收到消息 id=d02aed36-2aa5-4dc0-af76-0418119882e7 partition=2，正常处理
12:14:23.636 [kafka-coordinator-heartbeat-thread | slow-consumer-group] DEBUG o.a.k.c.consumer.internals.ConsumerCoordinator - [Consumer clientId=consumer-slow-consumer-group-1, groupId=slow-consumer-group] Sending Heartbeat request with generation 1 and member id consumer-slow-consumer-group-1-cdc04d3b-f9c9-47c8-9ff5-8ea478016fdf to coordinator localhost:9092 (id: 2147483646 rack: null isFenced: false)
12:14:23.638 [scenario7-slow-events-listener-0-C-1] DEBUG o.a.k.c.consumer.internals.ConsumerCoordinator - [Consumer clientId=consumer-slow-consumer-group-1, groupId=slow-consumer-group] Received successful Heartbeat response
12:14:23.660 [kafka-coordinator-heartbeat-thread | slow-consumer-group] DEBUG o.a.k.c.consumer.internals.ConsumerCoordinator - [Consumer clientId=consumer-slow-consumer-group-2, groupId=slow-consumer-group] Sending Heartbeat request with generation 1 and member id consumer-slow-consumer-group-2-929996d7-6dc3-4dab-8232-48c527a6ef79 to coordinator localhost:9092 (id: 2147483646 rack: null isFenced: false)
12:14:23.673 [scenario7-other-events-listener-0-C-1] DEBUG o.s.kafka.listener.KafkaMessageListenerContainer - Committing: {other-events-2=OffsetAndMetadata{offset=1, leaderEpoch=null, metadata=''}}
12:14:23.674 [scenario7-other-events-listener-0-C-1] DEBUG o.a.k.c.consumer.internals.ConsumerCoordinator - [Consumer clientId=consumer-slow-consumer-group-2, groupId=slow-consumer-group] Received successful Heartbeat response
12:14:23.683 [scenario7-other-events-listener-0-C-1] DEBUG o.a.k.c.consumer.internals.ConsumerCoordinator - [Consumer clientId=consumer-slow-consumer-group-2, groupId=slow-consumer-group] Committed offset 1 for partition other-events-2
12:14:23.684 [scenario7-other-events-listener-0-C-1] INFO  c.e.k.listener.SplitTopicRebalanceListener - [other-events] 消息处理完成并已提交 offset id=d02aed36-2aa5-4dc0-af76-0418119882e7
12:14:23.955 [scenario7-other-events-producer] INFO  c.e.kafkarebalance.producer.DemoEventProducer - 已发送消息 id=8d22234b-5595-40b9-bb13-43304b898f48 topic=other-events key=0 slow=false retryTrigger=false flaky=false
12:14:23.975 [scenario7-other-events-listener-0-C-1] DEBUG o.s.kafka.listener.KafkaMessageListenerContainer - Received: 1 records
12:14:23.976 [scenario7-other-events-listener-0-C-1] DEBUG o.s.k.l.a.RecordMessagingMessageListenerAdapter - Processing [GenericMessage [payload=DemoEvent(id=8d22234b-5595-40b9-bb13-43304b898f48, payload=demo-event-1, slow=false, retryTrigger=false, flaky=false, createdAt=2026-08-27T04:14:23.953732Z), headers={kafka_offset=1, kafka_consumer=org.springframework.kafka.core.DefaultKafkaConsumerFactory$ExtendedKafkaConsumer@87801db, kafka_timestampType=CREATE_TIME, kafka_receivedPartitionId=2, kafka_receivedMessageKey=0, kafka_receivedTopic=other-events, kafka_receivedTimestamp=1787804063954, kafka_acknowledgment=Acknowledgment for other-events-2@1, kafka_groupId=slow-consumer-group}]]
12:14:23.976 [scenario7-other-events-listener-0-C-1] INFO  c.e.k.listener.SplitTopicRebalanceListener - [other-events] 收到消息 id=8d22234b-5595-40b9-bb13-43304b898f48 partition=2，正常处理
12:14:24.081 [scenario7-other-events-listener-0-C-1] DEBUG o.s.kafka.listener.KafkaMessageListenerContainer - Committing: {other-events-2=OffsetAndMetadata{offset=2, leaderEpoch=null, metadata=''}}
12:14:24.091 [scenario7-other-events-listener-0-C-1] DEBUG o.a.k.c.consumer.internals.ConsumerCoordinator - [Consumer clientId=consumer-slow-consumer-group-2, groupId=slow-consumer-group] Committed offset 2 for partition other-events-2
12:14:24.092 [scenario7-other-events-listener-0-C-1] INFO  c.e.k.listener.SplitTopicRebalanceListener - [other-events] 消息处理完成并已提交 offset id=8d22234b-5595-40b9-bb13-43304b898f48
12:14:24.460 [scenario7-other-events-producer] INFO  c.e.kafkarebalance.producer.DemoEventProducer - 已发送消息 id=3cf0b2b5-d37d-4151-a9cc-e087cd36ccf2 topic=other-events key=0 slow=false retryTrigger=false flaky=false
12:14:24.471 [scenario7-other-events-listener-0-C-1] DEBUG o.s.kafka.listener.KafkaMessageListenerContainer - Received: 1 records
12:14:24.471 [scenario7-other-events-listener-0-C-1] DEBUG o.s.k.l.a.RecordMessagingMessageListenerAdapter - Processing [GenericMessage [payload=DemoEvent(id=3cf0b2b5-d37d-4151-a9cc-e087cd36ccf2, payload=demo-event-2, slow=false, retryTrigger=false, flaky=false, createdAt=2026-08-27T04:14:24.460054Z), headers={kafka_offset=2, kafka_consumer=org.springframework.kafka.core.DefaultKafkaConsumerFactory$ExtendedKafkaConsumer@87801db, kafka_timestampType=CREATE_TIME, kafka_receivedPartitionId=2, kafka_receivedMessageKey=0, kafka_receivedTopic=other-events, kafka_receivedTimestamp=1787804064460, kafka_acknowledgment=Acknowledgment for other-events-2@2, kafka_groupId=slow-consumer-group}]]
12:14:24.471 [scenario7-other-events-listener-0-C-1] INFO  c.e.k.listener.SplitTopicRebalanceListener - [other-events] 收到消息 id=3cf0b2b5-d37d-4151-a9cc-e087cd36ccf2 partition=2，正常处理
12:14:24.574 [scenario7-other-events-listener-0-C-1] DEBUG o.s.kafka.listener.KafkaMessageListenerContainer - Committing: {other-events-2=OffsetAndMetadata{offset=3, leaderEpoch=null, metadata=''}}
12:14:24.576 [scenario7-other-events-listener-0-C-1] DEBUG o.a.k.c.consumer.internals.ConsumerCoordinator - [Consumer clientId=consumer-slow-consumer-group-2, groupId=slow-consumer-group] Committed offset 3 for partition other-events-2
12:14:24.576 [scenario7-other-events-listener-0-C-1] INFO  c.e.k.listener.SplitTopicRebalanceListener - [other-events] 消息处理完成并已提交 offset id=3cf0b2b5-d37d-4151-a9cc-e087cd36ccf2
12:14:24.966 [scenario7-other-events-producer] INFO  c.e.kafkarebalance.producer.DemoEventProducer - 已发送消息 id=3ee15ed1-ceac-4235-9683-3c0f87fb3fc9 topic=other-events key=0 slow=false retryTrigger=false flaky=false
12:14:24.985 [scenario7-other-events-listener-0-C-1] DEBUG o.s.kafka.listener.KafkaMessageListenerContainer - Received: 1 records
12:14:24.985 [scenario7-other-events-listener-0-C-1] DEBUG o.s.k.l.a.RecordMessagingMessageListenerAdapter - Processing [GenericMessage [payload=DemoEvent(id=3ee15ed1-ceac-4235-9683-3c0f87fb3fc9, payload=demo-event-3, slow=false, retryTrigger=false, flaky=false, createdAt=2026-08-27T04:14:24.966042Z), headers={kafka_offset=3, kafka_consumer=org.springframework.kafka.core.DefaultKafkaConsumerFactory$ExtendedKafkaConsumer@87801db, kafka_timestampType=CREATE_TIME, kafka_receivedPartitionId=2, kafka_receivedMessageKey=0, kafka_receivedTopic=other-events, kafka_receivedTimestamp=1787804064966, kafka_acknowledgment=Acknowledgment for other-events-2@3, kafka_groupId=slow-consumer-group}]]
12:14:24.985 [scenario7-other-events-listener-0-C-1] INFO  c.e.k.listener.SplitTopicRebalanceListener - [other-events] 收到消息 id=3ee15ed1-ceac-4235-9683-3c0f87fb3fc9 partition=2，正常处理
12:14:25.090 [scenario7-other-events-listener-0-C-1] DEBUG o.s.kafka.listener.KafkaMessageListenerContainer - Committing: {other-events-2=OffsetAndMetadata{offset=4, leaderEpoch=null, metadata=''}}
12:14:25.098 [scenario7-other-events-listener-0-C-1] DEBUG o.a.k.c.consumer.internals.ConsumerCoordinator - [Consumer clientId=consumer-slow-consumer-group-2, groupId=slow-consumer-group] Committed offset 4 for partition other-events-2
12:14:25.098 [scenario7-other-events-listener-0-C-1] INFO  c.e.k.listener.SplitTopicRebalanceListener - [other-events] 消息处理完成并已提交 offset id=3ee15ed1-ceac-4235-9683-3c0f87fb3fc9
12:14:25.370 [scenario7-slow-events-listener-0-C-1] DEBUG o.s.kafka.listener.KafkaMessageListenerContainer - Received: 0 records
12:14:25.472 [scenario7-other-events-producer] INFO  c.e.kafkarebalance.producer.DemoEventProducer - 已发送消息 id=425e8275-79a4-4daa-b87a-6385a5583255 topic=other-events key=0 slow=false retryTrigger=false flaky=false
12:14:25.491 [scenario7-other-events-listener-0-C-1] DEBUG o.s.kafka.listener.KafkaMessageListenerContainer - Received: 1 records
12:14:25.491 [scenario7-other-events-listener-0-C-1] DEBUG o.s.k.l.a.RecordMessagingMessageListenerAdapter - Processing [GenericMessage [payload=DemoEvent(id=425e8275-79a4-4daa-b87a-6385a5583255, payload=demo-event-4, slow=false, retryTrigger=false, flaky=false, createdAt=2026-08-27T04:14:25.471427Z), headers={kafka_offset=4, kafka_consumer=org.springframework.kafka.core.DefaultKafkaConsumerFactory$ExtendedKafkaConsumer@87801db, kafka_timestampType=CREATE_TIME, kafka_receivedPartitionId=2, kafka_receivedMessageKey=0, kafka_receivedTopic=other-events, kafka_receivedTimestamp=1787804065471, kafka_acknowledgment=Acknowledgment for other-events-2@4, kafka_groupId=slow-consumer-group}]]
12:14:25.491 [scenario7-other-events-listener-0-C-1] INFO  c.e.k.listener.SplitTopicRebalanceListener - [other-events] 收到消息 id=425e8275-79a4-4daa-b87a-6385a5583255 partition=2，正常处理
12:14:25.597 [scenario7-other-events-listener-0-C-1] DEBUG o.s.kafka.listener.KafkaMessageListenerContainer - Committing: {other-events-2=OffsetAndMetadata{offset=5, leaderEpoch=null, metadata=''}}
12:14:25.607 [scenario7-other-events-listener-0-C-1] DEBUG o.a.k.c.consumer.internals.ConsumerCoordinator - [Consumer clientId=consumer-slow-consumer-group-2, groupId=slow-consumer-group] Committed offset 5 for partition other-events-2
12:14:25.607 [scenario7-other-events-listener-0-C-1] INFO  c.e.k.listener.SplitTopicRebalanceListener - [other-events] 消息处理完成并已提交 offset id=425e8275-79a4-4daa-b87a-6385a5583255
12:14:25.976 [scenario7-other-events-producer] INFO  c.e.kafkarebalance.producer.DemoEventProducer - 已发送消息 id=a2f65540-410e-44eb-bd80-26ae52c52d0a topic=other-events key=0 slow=false retryTrigger=false flaky=false
12:14:25.996 [scenario7-other-events-listener-0-C-1] DEBUG o.s.kafka.listener.KafkaMessageListenerContainer - Received: 1 records
12:14:25.997 [scenario7-other-events-listener-0-C-1] DEBUG o.s.k.l.a.RecordMessagingMessageListenerAdapter - Processing [GenericMessage [payload=DemoEvent(id=a2f65540-410e-44eb-bd80-26ae52c52d0a, payload=demo-event-5, slow=false, retryTrigger=false, flaky=false, createdAt=2026-08-27T04:14:25.975591Z), headers={kafka_offset=5, kafka_consumer=org.springframework.kafka.core.DefaultKafkaConsumerFactory$ExtendedKafkaConsumer@87801db, kafka_timestampType=CREATE_TIME, kafka_receivedPartitionId=2, kafka_receivedMessageKey=0, kafka_receivedTopic=other-events, kafka_receivedTimestamp=1787804065975, kafka_acknowledgment=Acknowledgment for other-events-2@5, kafka_groupId=slow-consumer-group}]]
12:14:25.997 [scenario7-other-events-listener-0-C-1] INFO  c.e.k.listener.SplitTopicRebalanceListener - [other-events] 收到消息 id=a2f65540-410e-44eb-bd80-26ae52c52d0a partition=2，正常处理
12:14:26.102 [scenario7-other-events-listener-0-C-1] DEBUG o.s.kafka.listener.KafkaMessageListenerContainer - Committing: {other-events-2=OffsetAndMetadata{offset=6, leaderEpoch=null, metadata=''}}
12:14:26.111 [scenario7-other-events-listener-0-C-1] DEBUG o.a.k.c.consumer.internals.ConsumerCoordinator - [Consumer clientId=consumer-slow-consumer-group-2, groupId=slow-consumer-group] Committed offset 6 for partition other-events-2
12:14:26.112 [scenario7-other-events-listener-0-C-1] INFO  c.e.k.listener.SplitTopicRebalanceListener - [other-events] 消息处理完成并已提交 offset id=a2f65540-410e-44eb-bd80-26ae52c52d0a
12:14:26.482 [scenario7-other-events-producer] INFO  c.e.kafkarebalance.producer.DemoEventProducer - 已发送消息 id=f8fc10b9-680e-421e-8266-9b5a4147284f topic=other-events key=0 slow=false retryTrigger=false flaky=false
12:14:26.501 [scenario7-other-events-listener-0-C-1] DEBUG o.s.kafka.listener.KafkaMessageListenerContainer - Received: 1 records
12:14:26.501 [scenario7-other-events-listener-0-C-1] DEBUG o.s.k.l.a.RecordMessagingMessageListenerAdapter - Processing [GenericMessage [payload=DemoEvent(id=f8fc10b9-680e-421e-8266-9b5a4147284f, payload=demo-event-6, slow=false, retryTrigger=false, flaky=false, createdAt=2026-08-27T04:14:26.481294Z), headers={kafka_offset=6, kafka_consumer=org.springframework.kafka.core.DefaultKafkaConsumerFactory$ExtendedKafkaConsumer@87801db, kafka_timestampType=CREATE_TIME, kafka_receivedPartitionId=2, kafka_receivedMessageKey=0, kafka_receivedTopic=other-events, kafka_receivedTimestamp=1787804066481, kafka_acknowledgment=Acknowledgment for other-events-2@6, kafka_groupId=slow-consumer-group}]]
12:14:26.502 [scenario7-other-events-listener-0-C-1] INFO  c.e.k.listener.SplitTopicRebalanceListener - [other-events] 收到消息 id=f8fc10b9-680e-421e-8266-9b5a4147284f partition=2，正常处理
12:14:26.605 [scenario7-other-events-listener-0-C-1] DEBUG o.s.kafka.listener.KafkaMessageListenerContainer - Committing: {other-events-2=OffsetAndMetadata{offset=7, leaderEpoch=null, metadata=''}}
12:14:26.616 [scenario7-other-events-listener-0-C-1] DEBUG o.a.k.c.consumer.internals.ConsumerCoordinator - [Consumer clientId=consumer-slow-consumer-group-2, groupId=slow-consumer-group] Committed offset 7 for partition other-events-2
12:14:26.616 [scenario7-other-events-listener-0-C-1] INFO  c.e.k.listener.SplitTopicRebalanceListener - [other-events] 消息处理完成并已提交 offset id=f8fc10b9-680e-421e-8266-9b5a4147284f
12:14:26.637 [kafka-coordinator-heartbeat-thread | slow-consumer-group] DEBUG o.a.k.c.consumer.internals.ConsumerCoordinator - [Consumer clientId=consumer-slow-consumer-group-1, groupId=slow-consumer-group] Sending Heartbeat request with generation 1 and member id consumer-slow-consumer-group-1-cdc04d3b-f9c9-47c8-9ff5-8ea478016fdf to coordinator localhost:9092 (id: 2147483646 rack: null isFenced: false)
12:14:26.644 [scenario7-slow-events-listener-0-C-1] DEBUG o.a.k.c.consumer.internals.ConsumerCoordinator - [Consumer clientId=consumer-slow-consumer-group-1, groupId=slow-consumer-group] Received successful Heartbeat response
12:14:26.661 [kafka-coordinator-heartbeat-thread | slow-consumer-group] DEBUG o.a.k.c.consumer.internals.ConsumerCoordinator - [Consumer clientId=consumer-slow-consumer-group-2, groupId=slow-consumer-group] Sending Heartbeat request with generation 1 and member id consumer-slow-consumer-group-2-929996d7-6dc3-4dab-8232-48c527a6ef79 to coordinator localhost:9092 (id: 2147483646 rack: null isFenced: false)
12:14:26.665 [scenario7-other-events-listener-0-C-1] DEBUG o.a.k.c.consumer.internals.ConsumerCoordinator - [Consumer clientId=consumer-slow-consumer-group-2, groupId=slow-consumer-group] Received successful Heartbeat response
12:14:26.988 [scenario7-other-events-producer] INFO  c.e.kafkarebalance.producer.DemoEventProducer - 已发送消息 id=a9fafd00-747e-4d51-a4cf-f8783986c6d2 topic=other-events key=0 slow=false retryTrigger=false flaky=false
12:14:27.004 [scenario7-other-events-listener-0-C-1] DEBUG o.s.kafka.listener.KafkaMessageListenerContainer - Received: 1 records
12:14:27.005 [scenario7-other-events-listener-0-C-1] DEBUG o.s.k.l.a.RecordMessagingMessageListenerAdapter - Processing [GenericMessage [payload=DemoEvent(id=a9fafd00-747e-4d51-a4cf-f8783986c6d2, payload=demo-event-7, slow=false, retryTrigger=false, flaky=false, createdAt=2026-08-27T04:14:26.988052Z), headers={kafka_offset=7, kafka_consumer=org.springframework.kafka.core.DefaultKafkaConsumerFactory$ExtendedKafkaConsumer@87801db, kafka_timestampType=CREATE_TIME, kafka_receivedPartitionId=2, kafka_receivedMessageKey=0, kafka_receivedTopic=other-events, kafka_receivedTimestamp=1787804066988, kafka_acknowledgment=Acknowledgment for other-events-2@7, kafka_groupId=slow-consumer-group}]]
12:14:27.005 [scenario7-other-events-listener-0-C-1] INFO  c.e.k.listener.SplitTopicRebalanceListener - [other-events] 收到消息 id=a9fafd00-747e-4d51-a4cf-f8783986c6d2 partition=2，正常处理
12:14:27.106 [scenario7-other-events-listener-0-C-1] DEBUG o.s.kafka.listener.KafkaMessageListenerContainer - Committing: {other-events-2=OffsetAndMetadata{offset=8, leaderEpoch=null, metadata=''}}
12:14:27.115 [scenario7-other-events-listener-0-C-1] DEBUG o.a.k.c.consumer.internals.ConsumerCoordinator - [Consumer clientId=consumer-slow-consumer-group-2, groupId=slow-consumer-group] Committed offset 8 for partition other-events-2
12:14:27.116 [scenario7-other-events-listener-0-C-1] INFO  c.e.k.listener.SplitTopicRebalanceListener - [other-events] 消息处理完成并已提交 offset id=a9fafd00-747e-4d51-a4cf-f8783986c6d2
12:14:27.493 [scenario7-other-events-producer] INFO  c.e.kafkarebalance.producer.DemoEventProducer - 已发送消息 id=199c2a8a-fd17-4449-95b1-c63610d239b8 topic=other-events key=0 slow=false retryTrigger=false flaky=false
12:14:27.504 [scenario7-other-events-listener-0-C-1] DEBUG o.s.kafka.listener.KafkaMessageListenerContainer - Received: 1 records
12:14:27.504 [scenario7-other-events-listener-0-C-1] DEBUG o.s.k.l.a.RecordMessagingMessageListenerAdapter - Processing [GenericMessage [payload=DemoEvent(id=199c2a8a-fd17-4449-95b1-c63610d239b8, payload=demo-event-8, slow=false, retryTrigger=false, flaky=false, createdAt=2026-08-27T04:14:27.493363Z), headers={kafka_offset=8, kafka_consumer=org.springframework.kafka.core.DefaultKafkaConsumerFactory$ExtendedKafkaConsumer@87801db, kafka_timestampType=CREATE_TIME, kafka_receivedPartitionId=2, kafka_receivedMessageKey=0, kafka_receivedTopic=other-events, kafka_receivedTimestamp=1787804067493, kafka_acknowledgment=Acknowledgment for other-events-2@8, kafka_groupId=slow-consumer-group}]]
12:14:27.504 [scenario7-other-events-listener-0-C-1] INFO  c.e.k.listener.SplitTopicRebalanceListener - [other-events] 收到消息 id=199c2a8a-fd17-4449-95b1-c63610d239b8 partition=2，正常处理
12:14:27.609 [scenario7-other-events-listener-0-C-1] DEBUG o.s.kafka.listener.KafkaMessageListenerContainer - Committing: {other-events-2=OffsetAndMetadata{offset=9, leaderEpoch=null, metadata=''}}
12:14:27.616 [scenario7-other-events-listener-0-C-1] DEBUG o.a.k.c.consumer.internals.ConsumerCoordinator - [Consumer clientId=consumer-slow-consumer-group-2, groupId=slow-consumer-group] Committed offset 9 for partition other-events-2
12:14:27.616 [scenario7-other-events-listener-0-C-1] INFO  c.e.k.listener.SplitTopicRebalanceListener - [other-events] 消息处理完成并已提交 offset id=199c2a8a-fd17-4449-95b1-c63610d239b8
12:14:27.997 [scenario7-other-events-producer] INFO  c.e.kafkarebalance.producer.DemoEventProducer - 已发送消息 id=922b7ee7-bbc3-4402-9abb-6f171c075727 topic=other-events key=0 slow=false retryTrigger=false flaky=false
12:14:28.014 [scenario7-other-events-listener-0-C-1] DEBUG o.s.kafka.listener.KafkaMessageListenerContainer - Received: 1 records
12:14:28.014 [scenario7-other-events-listener-0-C-1] DEBUG o.s.k.l.a.RecordMessagingMessageListenerAdapter - Processing [GenericMessage [payload=DemoEvent(id=922b7ee7-bbc3-4402-9abb-6f171c075727, payload=demo-event-9, slow=false, retryTrigger=false, flaky=false, createdAt=2026-08-27T04:14:27.996140Z), headers={kafka_offset=9, kafka_consumer=org.springframework.kafka.core.DefaultKafkaConsumerFactory$ExtendedKafkaConsumer@87801db, kafka_timestampType=CREATE_TIME, kafka_receivedPartitionId=2, kafka_receivedMessageKey=0, kafka_receivedTopic=other-events, kafka_receivedTimestamp=1787804067996, kafka_acknowledgment=Acknowledgment for other-events-2@9, kafka_groupId=slow-consumer-group}]]
12:14:28.014 [scenario7-other-events-listener-0-C-1] INFO  c.e.k.listener.SplitTopicRebalanceListener - [other-events] 收到消息 id=922b7ee7-bbc3-4402-9abb-6f171c075727 partition=2，正常处理
12:14:28.119 [scenario7-other-events-listener-0-C-1] DEBUG o.s.kafka.listener.KafkaMessageListenerContainer - Committing: {other-events-2=OffsetAndMetadata{offset=10, leaderEpoch=null, metadata=''}}
12:14:28.132 [scenario7-other-events-listener-0-C-1] DEBUG o.a.k.c.consumer.internals.ConsumerCoordinator - [Consumer clientId=consumer-slow-consumer-group-2, groupId=slow-consumer-group] Committed offset 10 for partition other-events-2
12:14:28.132 [scenario7-other-events-listener-0-C-1] INFO  c.e.k.listener.SplitTopicRebalanceListener - [other-events] 消息处理完成并已提交 offset id=922b7ee7-bbc3-4402-9abb-6f171c075727
12:14:28.401 [demo-event-producer] INFO  c.e.kafkarebalance.producer.DemoEventProducer - 已发送消息 id=a2554d8b-b469-4e3d-92e9-a76cdcb66fe1 topic=slow-events key=0 slow=true retryTrigger=false flaky=false
12:14:28.402 [demo-event-producer] INFO  c.e.kafkarebalance.producer.DemoEventProducer - [scenario7] 已向 slow-events 发送 1 条 slow=true 消息，预期将触发 rebalance
12:14:28.422 [scenario7-slow-events-listener-0-C-1] DEBUG o.s.kafka.listener.KafkaMessageListenerContainer - Received: 1 records
12:14:28.422 [scenario7-slow-events-listener-0-C-1] DEBUG o.s.k.l.a.RecordMessagingMessageListenerAdapter - Processing [GenericMessage [payload=DemoEvent(id=a2554d8b-b469-4e3d-92e9-a76cdcb66fe1, payload=demo-event-0, slow=true, retryTrigger=false, flaky=false, createdAt=2026-08-27T04:14:28.388135Z), headers={kafka_offset=0, kafka_consumer=org.springframework.kafka.core.DefaultKafkaConsumerFactory$ExtendedKafkaConsumer@c4c7cb2, kafka_timestampType=CREATE_TIME, kafka_receivedPartitionId=2, kafka_receivedMessageKey=0, kafka_receivedTopic=slow-events, kafka_receivedTimestamp=1787804068401, kafka_acknowledgment=Acknowledgment for slow-events-2@0, kafka_groupId=slow-consumer-group}]]
12:14:28.423 [scenario7-slow-events-listener-0-C-1] INFO  c.e.k.listener.SplitTopicRebalanceListener - [slow-events] 收到消息 id=a2554d8b-b469-4e3d-92e9-a76cdcb66fe1 partition=2 slow=true
12:14:28.423 [scenario7-slow-events-listener-0-C-1] WARN  c.e.k.listener.SplitTopicRebalanceListener - [slow-events] 模拟慢处理开始：id=a2554d8b-b469-4e3d-92e9-a76cdcb66fe1 将阻塞 10000ms（超过 max.poll.interval.ms，预期触发该 consumer 的 rebalance）
12:14:28.503 [scenario7-other-events-producer] INFO  c.e.kafkarebalance.producer.DemoEventProducer - 已发送消息 id=e197d286-0257-4778-ba18-dd4351821bb4 topic=other-events key=0 slow=false retryTrigger=false flaky=false
12:14:28.521 [scenario7-other-events-listener-0-C-1] DEBUG o.s.kafka.listener.KafkaMessageListenerContainer - Received: 1 records
12:14:28.521 [scenario7-other-events-listener-0-C-1] DEBUG o.s.k.l.a.RecordMessagingMessageListenerAdapter - Processing [GenericMessage [payload=DemoEvent(id=e197d286-0257-4778-ba18-dd4351821bb4, payload=demo-event-10, slow=false, retryTrigger=false, flaky=false, createdAt=2026-08-27T04:14:28.502677Z), headers={kafka_offset=10, kafka_consumer=org.springframework.kafka.core.DefaultKafkaConsumerFactory$ExtendedKafkaConsumer@87801db, kafka_timestampType=CREATE_TIME, kafka_receivedPartitionId=2, kafka_receivedMessageKey=0, kafka_receivedTopic=other-events, kafka_receivedTimestamp=1787804068502, kafka_acknowledgment=Acknowledgment for other-events-2@10, kafka_groupId=slow-consumer-group}]]
12:14:28.522 [scenario7-other-events-listener-0-C-1] INFO  c.e.k.listener.SplitTopicRebalanceListener - [other-events] 收到消息 id=e197d286-0257-4778-ba18-dd4351821bb4 partition=2，正常处理
12:14:28.627 [scenario7-other-events-listener-0-C-1] DEBUG o.s.kafka.listener.KafkaMessageListenerContainer - Committing: {other-events-2=OffsetAndMetadata{offset=11, leaderEpoch=null, metadata=''}}
12:14:28.635 [scenario7-other-events-listener-0-C-1] DEBUG o.a.k.c.consumer.internals.ConsumerCoordinator - [Consumer clientId=consumer-slow-consumer-group-2, groupId=slow-consumer-group] Committed offset 11 for partition other-events-2
12:14:28.636 [scenario7-other-events-listener-0-C-1] INFO  c.e.k.listener.SplitTopicRebalanceListener - [other-events] 消息处理完成并已提交 offset id=e197d286-0257-4778-ba18-dd4351821bb4
12:14:29.011 [scenario7-other-events-producer] INFO  c.e.kafkarebalance.producer.DemoEventProducer - 已发送消息 id=087bb6b2-f456-41a1-9b4f-34c4253ae2f2 topic=other-events key=0 slow=false retryTrigger=false flaky=false
12:14:29.033 [scenario7-other-events-listener-0-C-1] DEBUG o.s.kafka.listener.KafkaMessageListenerContainer - Received: 1 records
12:14:29.033 [scenario7-other-events-listener-0-C-1] DEBUG o.s.k.l.a.RecordMessagingMessageListenerAdapter - Processing [GenericMessage [payload=DemoEvent(id=087bb6b2-f456-41a1-9b4f-34c4253ae2f2, payload=demo-event-11, slow=false, retryTrigger=false, flaky=false, createdAt=2026-08-27T04:14:29.009665Z), headers={kafka_offset=11, kafka_consumer=org.springframework.kafka.core.DefaultKafkaConsumerFactory$ExtendedKafkaConsumer@87801db, kafka_timestampType=CREATE_TIME, kafka_receivedPartitionId=2, kafka_receivedMessageKey=0, kafka_receivedTopic=other-events, kafka_receivedTimestamp=1787804069010, kafka_acknowledgment=Acknowledgment for other-events-2@11, kafka_groupId=slow-consumer-group}]]
12:14:29.034 [scenario7-other-events-listener-0-C-1] INFO  c.e.k.listener.SplitTopicRebalanceListener - [other-events] 收到消息 id=087bb6b2-f456-41a1-9b4f-34c4253ae2f2 partition=2，正常处理
12:14:29.138 [scenario7-other-events-listener-0-C-1] DEBUG o.s.kafka.listener.KafkaMessageListenerContainer - Committing: {other-events-2=OffsetAndMetadata{offset=12, leaderEpoch=null, metadata=''}}
12:14:29.146 [scenario7-other-events-listener-0-C-1] DEBUG o.a.k.c.consumer.internals.ConsumerCoordinator - [Consumer clientId=consumer-slow-consumer-group-2, groupId=slow-consumer-group] Committed offset 12 for partition other-events-2
12:14:29.147 [scenario7-other-events-listener-0-C-1] INFO  c.e.k.listener.SplitTopicRebalanceListener - [other-events] 消息处理完成并已提交 offset id=087bb6b2-f456-41a1-9b4f-34c4253ae2f2
12:14:29.517 [scenario7-other-events-producer] INFO  c.e.kafkarebalance.producer.DemoEventProducer - 已发送消息 id=316a2df2-b3c6-46fb-9cfc-03997bca0075 topic=other-events key=0 slow=false retryTrigger=false flaky=false
12:14:29.535 [scenario7-other-events-listener-0-C-1] DEBUG o.s.kafka.listener.KafkaMessageListenerContainer - Received: 1 records
12:14:29.535 [scenario7-other-events-listener-0-C-1] DEBUG o.s.k.l.a.RecordMessagingMessageListenerAdapter - Processing [GenericMessage [payload=DemoEvent(id=316a2df2-b3c6-46fb-9cfc-03997bca0075, payload=demo-event-12, slow=false, retryTrigger=false, flaky=false, createdAt=2026-08-27T04:14:29.516082Z), headers={kafka_offset=12, kafka_consumer=org.springframework.kafka.core.DefaultKafkaConsumerFactory$ExtendedKafkaConsumer@87801db, kafka_timestampType=CREATE_TIME, kafka_receivedPartitionId=2, kafka_receivedMessageKey=0, kafka_receivedTopic=other-events, kafka_receivedTimestamp=1787804069516, kafka_acknowledgment=Acknowledgment for other-events-2@12, kafka_groupId=slow-consumer-group}]]
12:14:29.535 [scenario7-other-events-listener-0-C-1] INFO  c.e.k.listener.SplitTopicRebalanceListener - [other-events] 收到消息 id=316a2df2-b3c6-46fb-9cfc-03997bca0075 partition=2，正常处理
12:14:29.640 [scenario7-other-events-listener-0-C-1] DEBUG o.s.kafka.listener.KafkaMessageListenerContainer - Committing: {other-events-2=OffsetAndMetadata{offset=13, leaderEpoch=null, metadata=''}}
12:14:29.643 [scenario7-other-events-listener-0-C-1] DEBUG o.a.k.c.consumer.internals.ConsumerCoordinator - [Consumer clientId=consumer-slow-consumer-group-2, groupId=slow-consumer-group] Committed offset 13 for partition other-events-2
12:14:29.643 [scenario7-other-events-listener-0-C-1] INFO  c.e.k.listener.SplitTopicRebalanceListener - [other-events] 消息处理完成并已提交 offset id=316a2df2-b3c6-46fb-9cfc-03997bca0075
12:14:29.663 [kafka-coordinator-heartbeat-thread | slow-consumer-group] DEBUG o.a.k.c.consumer.internals.ConsumerCoordinator - [Consumer clientId=consumer-slow-consumer-group-2, groupId=slow-consumer-group] Sending Heartbeat request with generation 1 and member id consumer-slow-consumer-group-2-929996d7-6dc3-4dab-8232-48c527a6ef79 to coordinator localhost:9092 (id: 2147483646 rack: null isFenced: false)
12:14:29.664 [scenario7-other-events-listener-0-C-1] DEBUG o.a.k.c.consumer.internals.ConsumerCoordinator - [Consumer clientId=consumer-slow-consumer-group-2, groupId=slow-consumer-group] Received successful Heartbeat response
12:14:29.684 [kafka-coordinator-heartbeat-thread | slow-consumer-group] DEBUG o.a.k.c.consumer.internals.ConsumerCoordinator - [Consumer clientId=consumer-slow-consumer-group-1, groupId=slow-consumer-group] Sending Heartbeat request with generation 1 and member id consumer-slow-consumer-group-1-cdc04d3b-f9c9-47c8-9ff5-8ea478016fdf to coordinator localhost:9092 (id: 2147483646 rack: null isFenced: false)
12:14:29.789 [kafka-coordinator-heartbeat-thread | slow-consumer-group] DEBUG o.a.k.c.consumer.internals.ConsumerCoordinator - [Consumer clientId=consumer-slow-consumer-group-1, groupId=slow-consumer-group] Received successful Heartbeat response
12:14:30.020 [scenario7-other-events-producer] INFO  c.e.kafkarebalance.producer.DemoEventProducer - 已发送消息 id=bfa9cc38-bfa8-465b-a9d2-e9201ae17b59 topic=other-events key=0 slow=false retryTrigger=false flaky=false
12:14:30.037 [scenario7-other-events-listener-0-C-1] DEBUG o.s.kafka.listener.KafkaMessageListenerContainer - Received: 1 records
12:14:30.037 [scenario7-other-events-listener-0-C-1] DEBUG o.s.k.l.a.RecordMessagingMessageListenerAdapter - Processing [GenericMessage [payload=DemoEvent(id=bfa9cc38-bfa8-465b-a9d2-e9201ae17b59, payload=demo-event-13, slow=false, retryTrigger=false, flaky=false, createdAt=2026-08-27T04:14:30.019144Z), headers={kafka_offset=13, kafka_consumer=org.springframework.kafka.core.DefaultKafkaConsumerFactory$ExtendedKafkaConsumer@87801db, kafka_timestampType=CREATE_TIME, kafka_receivedPartitionId=2, kafka_receivedMessageKey=0, kafka_receivedTopic=other-events, kafka_receivedTimestamp=1787804070019, kafka_acknowledgment=Acknowledgment for other-events-2@13, kafka_groupId=slow-consumer-group}]]
12:14:30.037 [scenario7-other-events-listener-0-C-1] INFO  c.e.k.listener.SplitTopicRebalanceListener - [other-events] 收到消息 id=bfa9cc38-bfa8-465b-a9d2-e9201ae17b59 partition=2，正常处理
12:14:30.142 [scenario7-other-events-listener-0-C-1] DEBUG o.s.kafka.listener.KafkaMessageListenerContainer - Committing: {other-events-2=OffsetAndMetadata{offset=14, leaderEpoch=null, metadata=''}}
12:14:30.151 [scenario7-other-events-listener-0-C-1] DEBUG o.a.k.c.consumer.internals.ConsumerCoordinator - [Consumer clientId=consumer-slow-consumer-group-2, groupId=slow-consumer-group] Committed offset 14 for partition other-events-2
12:14:30.151 [scenario7-other-events-listener-0-C-1] INFO  c.e.k.listener.SplitTopicRebalanceListener - [other-events] 消息处理完成并已提交 offset id=bfa9cc38-bfa8-465b-a9d2-e9201ae17b59
12:14:30.521 [scenario7-other-events-producer] INFO  c.e.kafkarebalance.producer.DemoEventProducer - 已发送消息 id=25ccb8b9-1cd2-440e-a12a-8bc177753371 topic=other-events key=0 slow=false retryTrigger=false flaky=false
12:14:30.547 [scenario7-other-events-listener-0-C-1] DEBUG o.s.kafka.listener.KafkaMessageListenerContainer - Received: 1 records
12:14:30.548 [scenario7-other-events-listener-0-C-1] DEBUG o.s.k.l.a.RecordMessagingMessageListenerAdapter - Processing [GenericMessage [payload=DemoEvent(id=25ccb8b9-1cd2-440e-a12a-8bc177753371, payload=demo-event-14, slow=false, retryTrigger=false, flaky=false, createdAt=2026-08-27T04:14:30.520964Z), headers={kafka_offset=14, kafka_consumer=org.springframework.kafka.core.DefaultKafkaConsumerFactory$ExtendedKafkaConsumer@87801db, kafka_timestampType=CREATE_TIME, kafka_receivedPartitionId=2, kafka_receivedMessageKey=0, kafka_receivedTopic=other-events, kafka_receivedTimestamp=1787804070521, kafka_acknowledgment=Acknowledgment for other-events-2@14, kafka_groupId=slow-consumer-group}]]
12:14:30.548 [scenario7-other-events-listener-0-C-1] INFO  c.e.k.listener.SplitTopicRebalanceListener - [other-events] 收到消息 id=25ccb8b9-1cd2-440e-a12a-8bc177753371 partition=2，正常处理
12:14:30.653 [scenario7-other-events-listener-0-C-1] DEBUG o.s.kafka.listener.KafkaMessageListenerContainer - Committing: {other-events-2=OffsetAndMetadata{offset=15, leaderEpoch=null, metadata=''}}
12:14:30.663 [scenario7-other-events-listener-0-C-1] DEBUG o.a.k.c.consumer.internals.ConsumerCoordinator - [Consumer clientId=consumer-slow-consumer-group-2, groupId=slow-consumer-group] Committed offset 15 for partition other-events-2
12:14:30.664 [scenario7-other-events-listener-0-C-1] INFO  c.e.k.listener.SplitTopicRebalanceListener - [other-events] 消息处理完成并已提交 offset id=25ccb8b9-1cd2-440e-a12a-8bc177753371
12:14:31.026 [scenario7-other-events-producer] INFO  c.e.kafkarebalance.producer.DemoEventProducer - 已发送消息 id=ec1eb7e4-e288-4a75-a0bf-d02613e98af8 topic=other-events key=0 slow=false retryTrigger=false flaky=false
12:14:31.045 [scenario7-other-events-listener-0-C-1] DEBUG o.s.kafka.listener.KafkaMessageListenerContainer - Received: 1 records
12:14:31.045 [scenario7-other-events-listener-0-C-1] DEBUG o.s.k.l.a.RecordMessagingMessageListenerAdapter - Processing [GenericMessage [payload=DemoEvent(id=ec1eb7e4-e288-4a75-a0bf-d02613e98af8, payload=demo-event-15, slow=false, retryTrigger=false, flaky=false, createdAt=2026-08-27T04:14:31.025248Z), headers={kafka_offset=15, kafka_consumer=org.springframework.kafka.core.DefaultKafkaConsumerFactory$ExtendedKafkaConsumer@87801db, kafka_timestampType=CREATE_TIME, kafka_receivedPartitionId=2, kafka_receivedMessageKey=0, kafka_receivedTopic=other-events, kafka_receivedTimestamp=1787804071025, kafka_acknowledgment=Acknowledgment for other-events-2@15, kafka_groupId=slow-consumer-group}]]
12:14:31.045 [scenario7-other-events-listener-0-C-1] INFO  c.e.k.listener.SplitTopicRebalanceListener - [other-events] 收到消息 id=ec1eb7e4-e288-4a75-a0bf-d02613e98af8 partition=2，正常处理
12:14:31.147 [scenario7-other-events-listener-0-C-1] DEBUG o.s.kafka.listener.KafkaMessageListenerContainer - Committing: {other-events-2=OffsetAndMetadata{offset=16, leaderEpoch=null, metadata=''}}
12:14:31.157 [scenario7-other-events-listener-0-C-1] DEBUG o.a.k.c.consumer.internals.ConsumerCoordinator - [Consumer clientId=consumer-slow-consumer-group-2, groupId=slow-consumer-group] Committed offset 16 for partition other-events-2
12:14:31.158 [scenario7-other-events-listener-0-C-1] INFO  c.e.k.listener.SplitTopicRebalanceListener - [other-events] 消息处理完成并已提交 offset id=ec1eb7e4-e288-4a75-a0bf-d02613e98af8
12:14:31.528 [scenario7-other-events-producer] INFO  c.e.kafkarebalance.producer.DemoEventProducer - 已发送消息 id=63baca9f-0d78-4711-bd10-7371450c006f topic=other-events key=0 slow=false retryTrigger=false flaky=false
12:14:31.538 [scenario7-other-events-listener-0-C-1] DEBUG o.s.kafka.listener.KafkaMessageListenerContainer - Received: 1 records
12:14:31.538 [scenario7-other-events-listener-0-C-1] DEBUG o.s.k.l.a.RecordMessagingMessageListenerAdapter - Processing [GenericMessage [payload=DemoEvent(id=63baca9f-0d78-4711-bd10-7371450c006f, payload=demo-event-16, slow=false, retryTrigger=false, flaky=false, createdAt=2026-08-27T04:14:31.528302Z), headers={kafka_offset=16, kafka_consumer=org.springframework.kafka.core.DefaultKafkaConsumerFactory$ExtendedKafkaConsumer@87801db, kafka_timestampType=CREATE_TIME, kafka_receivedPartitionId=2, kafka_receivedMessageKey=0, kafka_receivedTopic=other-events, kafka_receivedTimestamp=1787804071528, kafka_acknowledgment=Acknowledgment for other-events-2@16, kafka_groupId=slow-consumer-group}]]
12:14:31.538 [scenario7-other-events-listener-0-C-1] INFO  c.e.k.listener.SplitTopicRebalanceListener - [other-events] 收到消息 id=63baca9f-0d78-4711-bd10-7371450c006f partition=2，正常处理
12:14:31.639 [scenario7-other-events-listener-0-C-1] DEBUG o.s.kafka.listener.KafkaMessageListenerContainer - Committing: {other-events-2=OffsetAndMetadata{offset=17, leaderEpoch=null, metadata=''}}
12:14:31.642 [scenario7-other-events-listener-0-C-1] DEBUG o.a.k.c.consumer.internals.ConsumerCoordinator - [Consumer clientId=consumer-slow-consumer-group-2, groupId=slow-consumer-group] Committed offset 17 for partition other-events-2
12:14:31.643 [scenario7-other-events-listener-0-C-1] INFO  c.e.k.listener.SplitTopicRebalanceListener - [other-events] 消息处理完成并已提交 offset id=63baca9f-0d78-4711-bd10-7371450c006f
12:14:32.031 [scenario7-other-events-producer] INFO  c.e.kafkarebalance.producer.DemoEventProducer - 已发送消息 id=91408532-bdc0-4d06-9e49-a55d07feb8d0 topic=other-events key=0 slow=false retryTrigger=false flaky=false
12:14:32.039 [scenario7-other-events-listener-0-C-1] DEBUG o.s.kafka.listener.KafkaMessageListenerContainer - Received: 1 records
12:14:32.039 [scenario7-other-events-listener-0-C-1] DEBUG o.s.k.l.a.RecordMessagingMessageListenerAdapter - Processing [GenericMessage [payload=DemoEvent(id=91408532-bdc0-4d06-9e49-a55d07feb8d0, payload=demo-event-17, slow=false, retryTrigger=false, flaky=false, createdAt=2026-08-27T04:14:32.031175Z), headers={kafka_offset=17, kafka_consumer=org.springframework.kafka.core.DefaultKafkaConsumerFactory$ExtendedKafkaConsumer@87801db, kafka_timestampType=CREATE_TIME, kafka_receivedPartitionId=2, kafka_receivedMessageKey=0, kafka_receivedTopic=other-events, kafka_receivedTimestamp=1787804072031, kafka_acknowledgment=Acknowledgment for other-events-2@17, kafka_groupId=slow-consumer-group}]]
12:14:32.039 [scenario7-other-events-listener-0-C-1] INFO  c.e.k.listener.SplitTopicRebalanceListener - [other-events] 收到消息 id=91408532-bdc0-4d06-9e49-a55d07feb8d0 partition=2，正常处理
12:14:32.142 [scenario7-other-events-listener-0-C-1] DEBUG o.s.kafka.listener.KafkaMessageListenerContainer - Committing: {other-events-2=OffsetAndMetadata{offset=18, leaderEpoch=null, metadata=''}}
12:14:32.144 [scenario7-other-events-listener-0-C-1] DEBUG o.a.k.c.consumer.internals.ConsumerCoordinator - [Consumer clientId=consumer-slow-consumer-group-2, groupId=slow-consumer-group] Committed offset 18 for partition other-events-2
12:14:32.144 [scenario7-other-events-listener-0-C-1] INFO  c.e.k.listener.SplitTopicRebalanceListener - [other-events] 消息处理完成并已提交 offset id=91408532-bdc0-4d06-9e49-a55d07feb8d0
12:14:32.537 [scenario7-other-events-producer] INFO  c.e.kafkarebalance.producer.DemoEventProducer - 已发送消息 id=1f467cdf-61e7-4886-84a6-b1d36e2156b6 topic=other-events key=0 slow=false retryTrigger=false flaky=false
12:14:32.557 [scenario7-other-events-listener-0-C-1] DEBUG o.s.kafka.listener.KafkaMessageListenerContainer - Received: 1 records
12:14:32.557 [scenario7-other-events-listener-0-C-1] DEBUG o.s.k.l.a.RecordMessagingMessageListenerAdapter - Processing [GenericMessage [payload=DemoEvent(id=1f467cdf-61e7-4886-84a6-b1d36e2156b6, payload=demo-event-18, slow=false, retryTrigger=false, flaky=false, createdAt=2026-08-27T04:14:32.536450Z), headers={kafka_offset=18, kafka_consumer=org.springframework.kafka.core.DefaultKafkaConsumerFactory$ExtendedKafkaConsumer@87801db, kafka_timestampType=CREATE_TIME, kafka_receivedPartitionId=2, kafka_receivedMessageKey=0, kafka_receivedTopic=other-events, kafka_receivedTimestamp=1787804072536, kafka_acknowledgment=Acknowledgment for other-events-2@18, kafka_groupId=slow-consumer-group}]]
12:14:32.557 [scenario7-other-events-listener-0-C-1] INFO  c.e.k.listener.SplitTopicRebalanceListener - [other-events] 收到消息 id=1f467cdf-61e7-4886-84a6-b1d36e2156b6 partition=2，正常处理
12:14:32.661 [scenario7-other-events-listener-0-C-1] DEBUG o.s.kafka.listener.KafkaMessageListenerContainer - Committing: {other-events-2=OffsetAndMetadata{offset=19, leaderEpoch=null, metadata=''}}
12:14:32.669 [scenario7-other-events-listener-0-C-1] DEBUG o.a.k.c.consumer.internals.ConsumerCoordinator - [Consumer clientId=consumer-slow-consumer-group-2, groupId=slow-consumer-group] Committed offset 19 for partition other-events-2
12:14:32.669 [scenario7-other-events-listener-0-C-1] INFO  c.e.k.listener.SplitTopicRebalanceListener - [other-events] 消息处理完成并已提交 offset id=1f467cdf-61e7-4886-84a6-b1d36e2156b6
12:14:32.669 [kafka-coordinator-heartbeat-thread | slow-consumer-group] DEBUG o.a.k.c.consumer.internals.ConsumerCoordinator - [Consumer clientId=consumer-slow-consumer-group-2, groupId=slow-consumer-group] Sending Heartbeat request with generation 1 and member id consumer-slow-consumer-group-2-929996d7-6dc3-4dab-8232-48c527a6ef79 to coordinator localhost:9092 (id: 2147483646 rack: null isFenced: false)
12:14:32.672 [scenario7-other-events-listener-0-C-1] DEBUG o.a.k.c.consumer.internals.ConsumerCoordinator - [Consumer clientId=consumer-slow-consumer-group-2, groupId=slow-consumer-group] Received successful Heartbeat response
12:14:32.684 [kafka-coordinator-heartbeat-thread | slow-consumer-group] DEBUG o.a.k.c.consumer.internals.ConsumerCoordinator - [Consumer clientId=consumer-slow-consumer-group-1, groupId=slow-consumer-group] Sending Heartbeat request with generation 1 and member id consumer-slow-consumer-group-1-cdc04d3b-f9c9-47c8-9ff5-8ea478016fdf to coordinator localhost:9092 (id: 2147483646 rack: null isFenced: false)
12:14:32.785 [kafka-coordinator-heartbeat-thread | slow-consumer-group] DEBUG o.a.k.c.consumer.internals.ConsumerCoordinator - [Consumer clientId=consumer-slow-consumer-group-1, groupId=slow-consumer-group] Received successful Heartbeat response
12:14:33.042 [scenario7-other-events-producer] INFO  c.e.kafkarebalance.producer.DemoEventProducer - 已发送消息 id=d3003284-1e7c-499f-bd9e-de886b6244d2 topic=other-events key=0 slow=false retryTrigger=false flaky=false
12:14:33.059 [scenario7-other-events-listener-0-C-1] DEBUG o.s.kafka.listener.KafkaMessageListenerContainer - Received: 1 records
12:14:33.060 [scenario7-other-events-listener-0-C-1] DEBUG o.s.k.l.a.RecordMessagingMessageListenerAdapter - Processing [GenericMessage [payload=DemoEvent(id=d3003284-1e7c-499f-bd9e-de886b6244d2, payload=demo-event-19, slow=false, retryTrigger=false, flaky=false, createdAt=2026-08-27T04:14:33.041528Z), headers={kafka_offset=19, kafka_consumer=org.springframework.kafka.core.DefaultKafkaConsumerFactory$ExtendedKafkaConsumer@87801db, kafka_timestampType=CREATE_TIME, kafka_receivedPartitionId=2, kafka_receivedMessageKey=0, kafka_receivedTopic=other-events, kafka_receivedTimestamp=1787804073041, kafka_acknowledgment=Acknowledgment for other-events-2@19, kafka_groupId=slow-consumer-group}]]
12:14:33.060 [scenario7-other-events-listener-0-C-1] INFO  c.e.k.listener.SplitTopicRebalanceListener - [other-events] 收到消息 id=d3003284-1e7c-499f-bd9e-de886b6244d2 partition=2，正常处理
12:14:33.165 [scenario7-other-events-listener-0-C-1] DEBUG o.s.kafka.listener.KafkaMessageListenerContainer - Committing: {other-events-2=OffsetAndMetadata{offset=20, leaderEpoch=null, metadata=''}}
12:14:33.178 [scenario7-other-events-listener-0-C-1] DEBUG o.a.k.c.consumer.internals.ConsumerCoordinator - [Consumer clientId=consumer-slow-consumer-group-2, groupId=slow-consumer-group] Committed offset 20 for partition other-events-2
12:14:33.178 [scenario7-other-events-listener-0-C-1] INFO  c.e.k.listener.SplitTopicRebalanceListener - [other-events] 消息处理完成并已提交 offset id=d3003284-1e7c-499f-bd9e-de886b6244d2
12:14:33.547 [scenario7-other-events-producer] INFO  c.e.kafkarebalance.producer.DemoEventProducer - 已发送消息 id=da46a2e5-5905-46df-beb7-f097409bc6bd topic=other-events key=0 slow=false retryTrigger=false flaky=false
12:14:33.566 [scenario7-other-events-listener-0-C-1] DEBUG o.s.kafka.listener.KafkaMessageListenerContainer - Received: 1 records
12:14:33.566 [scenario7-other-events-listener-0-C-1] DEBUG o.s.k.l.a.RecordMessagingMessageListenerAdapter - Processing [GenericMessage [payload=DemoEvent(id=da46a2e5-5905-46df-beb7-f097409bc6bd, payload=demo-event-20, slow=false, retryTrigger=false, flaky=false, createdAt=2026-08-27T04:14:33.546808Z), headers={kafka_offset=20, kafka_consumer=org.springframework.kafka.core.DefaultKafkaConsumerFactory$ExtendedKafkaConsumer@87801db, kafka_timestampType=CREATE_TIME, kafka_receivedPartitionId=2, kafka_receivedMessageKey=0, kafka_receivedTopic=other-events, kafka_receivedTimestamp=1787804073547, kafka_acknowledgment=Acknowledgment for other-events-2@20, kafka_groupId=slow-consumer-group}]]
12:14:33.566 [scenario7-other-events-listener-0-C-1] INFO  c.e.k.listener.SplitTopicRebalanceListener - [other-events] 收到消息 id=da46a2e5-5905-46df-beb7-f097409bc6bd partition=2，正常处理
12:14:33.671 [scenario7-other-events-listener-0-C-1] DEBUG o.s.kafka.listener.KafkaMessageListenerContainer - Committing: {other-events-2=OffsetAndMetadata{offset=21, leaderEpoch=null, metadata=''}}
12:14:33.679 [scenario7-other-events-listener-0-C-1] DEBUG o.a.k.c.consumer.internals.ConsumerCoordinator - [Consumer clientId=consumer-slow-consumer-group-2, groupId=slow-consumer-group] Committed offset 21 for partition other-events-2
12:14:33.679 [scenario7-other-events-listener-0-C-1] INFO  c.e.k.listener.SplitTopicRebalanceListener - [other-events] 消息处理完成并已提交 offset id=da46a2e5-5905-46df-beb7-f097409bc6bd
12:14:34.054 [scenario7-other-events-producer] INFO  c.e.kafkarebalance.producer.DemoEventProducer - 已发送消息 id=0bfcc636-e59b-46f0-9041-c1ac6c145bab topic=other-events key=0 slow=false retryTrigger=false flaky=false
12:14:34.071 [scenario7-other-events-listener-0-C-1] DEBUG o.s.kafka.listener.KafkaMessageListenerContainer - Received: 1 records
12:14:34.071 [scenario7-other-events-listener-0-C-1] DEBUG o.s.k.l.a.RecordMessagingMessageListenerAdapter - Processing [GenericMessage [payload=DemoEvent(id=0bfcc636-e59b-46f0-9041-c1ac6c145bab, payload=demo-event-21, slow=false, retryTrigger=false, flaky=false, createdAt=2026-08-27T04:14:34.052715Z), headers={kafka_offset=21, kafka_consumer=org.springframework.kafka.core.DefaultKafkaConsumerFactory$ExtendedKafkaConsumer@87801db, kafka_timestampType=CREATE_TIME, kafka_receivedPartitionId=2, kafka_receivedMessageKey=0, kafka_receivedTopic=other-events, kafka_receivedTimestamp=1787804074053, kafka_acknowledgment=Acknowledgment for other-events-2@21, kafka_groupId=slow-consumer-group}]]
12:14:34.071 [scenario7-other-events-listener-0-C-1] INFO  c.e.k.listener.SplitTopicRebalanceListener - [other-events] 收到消息 id=0bfcc636-e59b-46f0-9041-c1ac6c145bab partition=2，正常处理
12:14:34.131 [kafka-coordinator-heartbeat-thread | slow-consumer-group] WARN  o.a.k.c.consumer.internals.ConsumerCoordinator - [Consumer clientId=consumer-slow-consumer-group-1, groupId=slow-consumer-group] consumer poll timeout has expired. This means the time between subsequent calls to poll() was longer than the configured max.poll.interval.ms, which typically implies that the poll loop is spending too much time processing messages. You can address this either by increasing max.poll.interval.ms or by reducing the maximum size of batches returned in poll() with max.poll.records.
12:14:34.132 [kafka-coordinator-heartbeat-thread | slow-consumer-group] INFO  o.a.k.c.consumer.internals.ConsumerCoordinator - [Consumer clientId=consumer-slow-consumer-group-1, groupId=slow-consumer-group] Member consumer-slow-consumer-group-1-cdc04d3b-f9c9-47c8-9ff5-8ea478016fdf sending LeaveGroup request to coordinator localhost:9092 (id: 2147483646 rack: null isFenced: false) due to consumer poll timeout has expired.
12:14:34.133 [kafka-coordinator-heartbeat-thread | slow-consumer-group] INFO  o.a.k.c.consumer.internals.ConsumerCoordinator - [Consumer clientId=consumer-slow-consumer-group-1, groupId=slow-consumer-group] Resetting generation and member id due to: consumer pro-actively leaving the group
12:14:34.133 [kafka-coordinator-heartbeat-thread | slow-consumer-group] INFO  o.a.k.c.consumer.internals.ConsumerCoordinator - [Consumer clientId=consumer-slow-consumer-group-1, groupId=slow-consumer-group] Request joining group due to: consumer pro-actively leaving the group
12:14:34.173 [scenario7-other-events-listener-0-C-1] DEBUG o.s.kafka.listener.KafkaMessageListenerContainer - Committing: {other-events-2=OffsetAndMetadata{offset=22, leaderEpoch=null, metadata=''}}
12:14:34.181 [scenario7-other-events-listener-0-C-1] DEBUG o.a.k.c.consumer.internals.ConsumerCoordinator - [Consumer clientId=consumer-slow-consumer-group-2, groupId=slow-consumer-group] Committed offset 22 for partition other-events-2
12:14:34.181 [scenario7-other-events-listener-0-C-1] INFO  c.e.k.listener.SplitTopicRebalanceListener - [other-events] 消息处理完成并已提交 offset id=0bfcc636-e59b-46f0-9041-c1ac6c145bab
12:14:34.559 [scenario7-other-events-producer] INFO  c.e.kafkarebalance.producer.DemoEventProducer - 已发送消息 id=9f3b09c5-58a4-4daa-94bf-6549a5bbdb7c topic=other-events key=0 slow=false retryTrigger=false flaky=false
12:14:34.577 [scenario7-other-events-listener-0-C-1] DEBUG o.s.kafka.listener.KafkaMessageListenerContainer - Received: 1 records
12:14:34.577 [scenario7-other-events-listener-0-C-1] DEBUG o.s.k.l.a.RecordMessagingMessageListenerAdapter - Processing [GenericMessage [payload=DemoEvent(id=9f3b09c5-58a4-4daa-94bf-6549a5bbdb7c, payload=demo-event-22, slow=false, retryTrigger=false, flaky=false, createdAt=2026-08-27T04:14:34.558562Z), headers={kafka_offset=22, kafka_consumer=org.springframework.kafka.core.DefaultKafkaConsumerFactory$ExtendedKafkaConsumer@87801db, kafka_timestampType=CREATE_TIME, kafka_receivedPartitionId=2, kafka_receivedMessageKey=0, kafka_receivedTopic=other-events, kafka_receivedTimestamp=1787804074558, kafka_acknowledgment=Acknowledgment for other-events-2@22, kafka_groupId=slow-consumer-group}]]
12:14:34.577 [scenario7-other-events-listener-0-C-1] INFO  c.e.k.listener.SplitTopicRebalanceListener - [other-events] 收到消息 id=9f3b09c5-58a4-4daa-94bf-6549a5bbdb7c partition=2，正常处理
12:14:34.682 [scenario7-other-events-listener-0-C-1] DEBUG o.s.kafka.listener.KafkaMessageListenerContainer - Committing: {other-events-2=OffsetAndMetadata{offset=23, leaderEpoch=null, metadata=''}}
12:14:34.687 [scenario7-other-events-listener-0-C-1] DEBUG o.a.k.c.consumer.internals.ConsumerCoordinator - [Consumer clientId=consumer-slow-consumer-group-2, groupId=slow-consumer-group] Committed offset 23 for partition other-events-2
12:14:34.687 [scenario7-other-events-listener-0-C-1] INFO  c.e.k.listener.SplitTopicRebalanceListener - [other-events] 消息处理完成并已提交 offset id=9f3b09c5-58a4-4daa-94bf-6549a5bbdb7c
12:14:35.065 [scenario7-other-events-producer] INFO  c.e.kafkarebalance.producer.DemoEventProducer - 已发送消息 id=2ecce1bd-8978-4855-92c2-7c87400785d7 topic=other-events key=0 slow=false retryTrigger=false flaky=false
12:14:35.077 [scenario7-other-events-listener-0-C-1] DEBUG o.s.kafka.listener.KafkaMessageListenerContainer - Received: 1 records
12:14:35.077 [scenario7-other-events-listener-0-C-1] DEBUG o.s.k.l.a.RecordMessagingMessageListenerAdapter - Processing [GenericMessage [payload=DemoEvent(id=2ecce1bd-8978-4855-92c2-7c87400785d7, payload=demo-event-23, slow=false, retryTrigger=false, flaky=false, createdAt=2026-08-27T04:14:35.065148Z), headers={kafka_offset=23, kafka_consumer=org.springframework.kafka.core.DefaultKafkaConsumerFactory$ExtendedKafkaConsumer@87801db, kafka_timestampType=CREATE_TIME, kafka_receivedPartitionId=2, kafka_receivedMessageKey=0, kafka_receivedTopic=other-events, kafka_receivedTimestamp=1787804075065, kafka_acknowledgment=Acknowledgment for other-events-2@23, kafka_groupId=slow-consumer-group}]]
12:14:35.077 [scenario7-other-events-listener-0-C-1] INFO  c.e.k.listener.SplitTopicRebalanceListener - [other-events] 收到消息 id=2ecce1bd-8978-4855-92c2-7c87400785d7 partition=2，正常处理
12:14:35.181 [scenario7-other-events-listener-0-C-1] DEBUG o.s.kafka.listener.KafkaMessageListenerContainer - Committing: {other-events-2=OffsetAndMetadata{offset=24, leaderEpoch=null, metadata=''}}
12:14:35.189 [scenario7-other-events-listener-0-C-1] DEBUG o.a.k.c.consumer.internals.ConsumerCoordinator - [Consumer clientId=consumer-slow-consumer-group-2, groupId=slow-consumer-group] Committed offset 24 for partition other-events-2
12:14:35.190 [scenario7-other-events-listener-0-C-1] INFO  c.e.k.listener.SplitTopicRebalanceListener - [other-events] 消息处理完成并已提交 offset id=2ecce1bd-8978-4855-92c2-7c87400785d7
12:14:35.571 [scenario7-other-events-producer] INFO  c.e.kafkarebalance.producer.DemoEventProducer - 已发送消息 id=5cbe7ccd-9ead-4ee9-99a7-4013b58450a3 topic=other-events key=0 slow=false retryTrigger=false flaky=false
12:14:35.588 [scenario7-other-events-listener-0-C-1] DEBUG o.s.kafka.listener.KafkaMessageListenerContainer - Received: 1 records
12:14:35.589 [scenario7-other-events-listener-0-C-1] DEBUG o.s.k.l.a.RecordMessagingMessageListenerAdapter - Processing [GenericMessage [payload=DemoEvent(id=5cbe7ccd-9ead-4ee9-99a7-4013b58450a3, payload=demo-event-24, slow=false, retryTrigger=false, flaky=false, createdAt=2026-08-27T04:14:35.570706Z), headers={kafka_offset=24, kafka_consumer=org.springframework.kafka.core.DefaultKafkaConsumerFactory$ExtendedKafkaConsumer@87801db, kafka_timestampType=CREATE_TIME, kafka_receivedPartitionId=2, kafka_receivedMessageKey=0, kafka_receivedTopic=other-events, kafka_receivedTimestamp=1787804075570, kafka_acknowledgment=Acknowledgment for other-events-2@24, kafka_groupId=slow-consumer-group}]]
12:14:35.589 [scenario7-other-events-listener-0-C-1] INFO  c.e.k.listener.SplitTopicRebalanceListener - [other-events] 收到消息 id=5cbe7ccd-9ead-4ee9-99a7-4013b58450a3 partition=2，正常处理
12:14:35.689 [kafka-coordinator-heartbeat-thread | slow-consumer-group] DEBUG o.a.k.c.consumer.internals.ConsumerCoordinator - [Consumer clientId=consumer-slow-consumer-group-2, groupId=slow-consumer-group] Sending Heartbeat request with generation 1 and member id consumer-slow-consumer-group-2-929996d7-6dc3-4dab-8232-48c527a6ef79 to coordinator localhost:9092 (id: 2147483646 rack: null isFenced: false)
12:14:35.693 [scenario7-other-events-listener-0-C-1] DEBUG o.s.kafka.listener.KafkaMessageListenerContainer - Committing: {other-events-2=OffsetAndMetadata{offset=25, leaderEpoch=null, metadata=''}}
12:14:35.695 [scenario7-other-events-listener-0-C-1] INFO  o.a.k.c.consumer.internals.ConsumerCoordinator - [Consumer clientId=consumer-slow-consumer-group-2, groupId=slow-consumer-group] Request joining group due to: group is already rebalancing
12:14:35.699 [scenario7-other-events-listener-0-C-1] DEBUG o.a.k.c.consumer.internals.ConsumerCoordinator - [Consumer clientId=consumer-slow-consumer-group-2, groupId=slow-consumer-group] Committed offset 25 for partition other-events-2
12:14:35.700 [scenario7-other-events-listener-0-C-1] INFO  c.e.k.listener.SplitTopicRebalanceListener - [other-events] 消息处理完成并已提交 offset id=5cbe7ccd-9ead-4ee9-99a7-4013b58450a3
12:14:35.700 [scenario7-other-events-listener-0-C-1] DEBUG o.a.k.c.consumer.internals.ConsumerCoordinator - [Consumer clientId=consumer-slow-consumer-group-2, groupId=slow-consumer-group] Executing onJoinPrepare with generation 1 and memberId consumer-slow-consumer-group-2-929996d7-6dc3-4dab-8232-48c527a6ef79
12:14:35.701 [scenario7-other-events-listener-0-C-1] INFO  o.a.k.c.c.i.ConsumerRebalanceListenerInvoker - [Consumer clientId=consumer-slow-consumer-group-2, groupId=slow-consumer-group] Revoke previously assigned partitions [other-events-0, other-events-1, other-events-2]
12:14:35.701 [scenario7-other-events-listener-0-C-1] INFO  o.s.kafka.listener.KafkaMessageListenerContainer - slow-consumer-group: partitions revoked: [other-events-0, other-events-1, other-events-2]
12:14:35.702 [scenario7-other-events-listener-0-C-1] INFO  o.a.k.c.consumer.internals.ConsumerCoordinator - [Consumer clientId=consumer-slow-consumer-group-2, groupId=slow-consumer-group] (Re-)joining group
12:14:35.702 [scenario7-other-events-listener-0-C-1] DEBUG o.a.k.c.consumer.internals.ConsumerCoordinator - [Consumer clientId=consumer-slow-consumer-group-2, groupId=slow-consumer-group] Joining group with current subscription: [other-events]
12:14:35.702 [scenario7-other-events-listener-0-C-1] DEBUG o.a.k.c.consumer.internals.ConsumerCoordinator - [Consumer clientId=consumer-slow-consumer-group-2, groupId=slow-consumer-group] Sending JoinGroup (JoinGroupRequestData(groupId='slow-consumer-group', sessionTimeoutMs=10000, rebalanceTimeoutMs=6000, memberId='consumer-slow-consumer-group-2-929996d7-6dc3-4dab-8232-48c527a6ef79', groupInstanceId=null, protocolType='consumer', protocols=[JoinGroupRequestProtocol(name='range', metadata=[0, 3, 0, 0, 0, 1, 0, 12, 111, 116, 104, 101, 114, 45, 101, 118, 101, 110, 116, 115, -1, -1, -1, -1, 0, 0, 0, 0, 0, 0, 0, 1, -1, -1]), JoinGroupRequestProtocol(name='cooperative-sticky', metadata=[0, 3, 0, 0, 0, 1, 0, 12, 111, 116, 104, 101, 114, 45, 101, 118, 101, 110, 116, 115, 0, 0, 0, 4, -1, -1, -1, -1, 0, 0, 0, 0, 0, 0, 0, 1, -1, -1])], reason='group is already rebalancing')) to coordinator localhost:9092 (id: 2147483646 rack: null isFenced: false)
12:14:35.706 [scenario7-other-events-listener-0-C-1] DEBUG o.a.k.c.consumer.internals.ConsumerCoordinator - [Consumer clientId=consumer-slow-consumer-group-2, groupId=slow-consumer-group] Received successful JoinGroup response: JoinGroupResponseData(throttleTimeMs=0, errorCode=0, generationId=2, protocolType='consumer', protocolName='range', leader='consumer-slow-consumer-group-2-929996d7-6dc3-4dab-8232-48c527a6ef79', skipAssignment=false, memberId='consumer-slow-consumer-group-2-929996d7-6dc3-4dab-8232-48c527a6ef79', members=[JoinGroupResponseMember(memberId='consumer-slow-consumer-group-2-929996d7-6dc3-4dab-8232-48c527a6ef79', groupInstanceId=null, metadata=[0, 3, 0, 0, 0, 1, 0, 12, 111, 116, 104, 101, 114, 45, 101, 118, 101, 110, 116, 115, -1, -1, -1, -1, 0, 0, 0, 0, 0, 0, 0, 1, -1, -1])])
12:14:35.706 [scenario7-other-events-listener-0-C-1] DEBUG o.a.k.c.consumer.internals.ConsumerCoordinator - [Consumer clientId=consumer-slow-consumer-group-2, groupId=slow-consumer-group] Enabling heartbeat thread
12:14:35.706 [scenario7-other-events-listener-0-C-1] INFO  o.a.k.c.consumer.internals.ConsumerCoordinator - [Consumer clientId=consumer-slow-consumer-group-2, groupId=slow-consumer-group] Successfully joined group with generation Generation{generationId=2, memberId='consumer-slow-consumer-group-2-929996d7-6dc3-4dab-8232-48c527a6ef79', protocol='range'}
12:14:35.706 [scenario7-other-events-listener-0-C-1] DEBUG o.a.k.c.consumer.internals.ConsumerCoordinator - [Consumer clientId=consumer-slow-consumer-group-2, groupId=slow-consumer-group] Performing assignment using strategy range with subscriptions {consumer-slow-consumer-group-2-929996d7-6dc3-4dab-8232-48c527a6ef79=Subscription(topics=[other-events], ownedPartitions=[], groupInstanceId=null, generationId=1, rackId=null)}
12:14:35.706 [scenario7-other-events-listener-0-C-1] INFO  o.a.k.c.consumer.internals.ConsumerCoordinator - [Consumer clientId=consumer-slow-consumer-group-2, groupId=slow-consumer-group] Finished assignment for group at generation 2: {consumer-slow-consumer-group-2-929996d7-6dc3-4dab-8232-48c527a6ef79=Assignment(partitions=[other-events-0, other-events-1, other-events-2])}
12:14:35.706 [scenario7-other-events-listener-0-C-1] DEBUG o.a.k.c.consumer.internals.ConsumerCoordinator - [Consumer clientId=consumer-slow-consumer-group-2, groupId=slow-consumer-group] Sending leader SyncGroup to coordinator localhost:9092 (id: 2147483646 rack: null isFenced: false): SyncGroupRequestData(groupId='slow-consumer-group', generationId=2, memberId='consumer-slow-consumer-group-2-929996d7-6dc3-4dab-8232-48c527a6ef79', groupInstanceId=null, protocolType='consumer', protocolName='range', assignments=[SyncGroupRequestAssignment(memberId='consumer-slow-consumer-group-2-929996d7-6dc3-4dab-8232-48c527a6ef79', assignment=[0, 3, 0, 0, 0, 1, 0, 12, 111, 116, 104, 101, 114, 45, 101, 118, 101, 110, 116, 115, 0, 0, 0, 3, 0, 0, 0, 0, 0, 0, 0, 1, 0, 0, 0, 2, -1, -1, -1, -1])])
12:14:35.710 [scenario7-other-events-listener-0-C-1] DEBUG o.a.k.c.consumer.internals.ConsumerCoordinator - [Consumer clientId=consumer-slow-consumer-group-2, groupId=slow-consumer-group] Received successful SyncGroup response: SyncGroupResponseData(throttleTimeMs=0, errorCode=0, protocolType='consumer', protocolName='range', assignment=[0, 3, 0, 0, 0, 1, 0, 12, 111, 116, 104, 101, 114, 45, 101, 118, 101, 110, 116, 115, 0, 0, 0, 3, 0, 0, 0, 0, 0, 0, 0, 1, 0, 0, 0, 2, -1, -1, -1, -1])
12:14:35.710 [scenario7-other-events-listener-0-C-1] INFO  o.a.k.c.consumer.internals.ConsumerCoordinator - [Consumer clientId=consumer-slow-consumer-group-2, groupId=slow-consumer-group] Successfully synced group in generation Generation{generationId=2, memberId='consumer-slow-consumer-group-2-929996d7-6dc3-4dab-8232-48c527a6ef79', protocol='range'}
12:14:35.710 [scenario7-other-events-listener-0-C-1] DEBUG o.a.k.c.consumer.internals.ConsumerCoordinator - [Consumer clientId=consumer-slow-consumer-group-2, groupId=slow-consumer-group] Executing onJoinComplete with generation 2 and memberId consumer-slow-consumer-group-2-929996d7-6dc3-4dab-8232-48c527a6ef79
12:14:35.710 [scenario7-other-events-listener-0-C-1] INFO  o.a.k.c.consumer.internals.ConsumerCoordinator - [Consumer clientId=consumer-slow-consumer-group-2, groupId=slow-consumer-group] Notifying assignor about the new Assignment(partitions=[other-events-0, other-events-1, other-events-2])
12:14:35.710 [scenario7-other-events-listener-0-C-1] INFO  o.a.k.c.c.i.ConsumerRebalanceListenerInvoker - [Consumer clientId=consumer-slow-consumer-group-2, groupId=slow-consumer-group] Adding newly assigned partitions: [other-events-0, other-events-1, other-events-2]
12:14:35.710 [scenario7-other-events-listener-0-C-1] DEBUG o.a.k.c.consumer.internals.ConsumerCoordinator - [Consumer clientId=consumer-slow-consumer-group-2, groupId=slow-consumer-group] Fetching committed offsets for partitions: [other-events-0, other-events-1, other-events-2]
12:14:35.712 [scenario7-other-events-listener-0-C-1] INFO  o.a.k.c.consumer.internals.ConsumerCoordinator - [Consumer clientId=consumer-slow-consumer-group-2, groupId=slow-consumer-group] Found no committed offset for partition other-events-0
12:14:35.712 [scenario7-other-events-listener-0-C-1] INFO  o.a.k.c.consumer.internals.ConsumerCoordinator - [Consumer clientId=consumer-slow-consumer-group-2, groupId=slow-consumer-group] Found no committed offset for partition other-events-1
12:14:35.713 [scenario7-other-events-listener-0-C-1] INFO  o.a.kafka.clients.consumer.internals.ConsumerUtils - Setting offset for partition other-events-2 to the committed offset FetchPosition{offset=25, offsetEpoch=Optional.empty, currentLeader=LeaderAndEpoch{leader=Optional[localhost:9092 (id: 1 rack: null isFenced: false)], epoch=0}}
12:14:35.716 [scenario7-other-events-listener-0-C-1] INFO  o.a.k.clients.consumer.internals.SubscriptionState - [Consumer clientId=consumer-slow-consumer-group-2, groupId=slow-consumer-group] Resetting offset for partition other-events-0 to position FetchPosition{offset=0, offsetEpoch=Optional.empty, currentLeader=LeaderAndEpoch{leader=Optional[localhost:9092 (id: 1 rack: null isFenced: false)], epoch=0}}.
12:14:35.716 [scenario7-other-events-listener-0-C-1] INFO  o.a.k.clients.consumer.internals.SubscriptionState - [Consumer clientId=consumer-slow-consumer-group-2, groupId=slow-consumer-group] Resetting offset for partition other-events-1 to position FetchPosition{offset=0, offsetEpoch=Optional.empty, currentLeader=LeaderAndEpoch{leader=Optional[localhost:9092 (id: 1 rack: null isFenced: false)], epoch=0}}.
12:14:35.717 [scenario7-other-events-listener-0-C-1] INFO  o.s.kafka.listener.KafkaMessageListenerContainer - slow-consumer-group: partitions assigned: [other-events-0, other-events-1, other-events-2]
12:14:36.074 [scenario7-other-events-producer] INFO  c.e.kafkarebalance.producer.DemoEventProducer - 已发送消息 id=2bca18d3-427b-4814-94ad-42744addcf87 topic=other-events key=0 slow=false retryTrigger=false flaky=false
12:14:36.095 [scenario7-other-events-listener-0-C-1] DEBUG o.s.kafka.listener.KafkaMessageListenerContainer - Received: 1 records
12:14:36.095 [scenario7-other-events-listener-0-C-1] DEBUG o.s.k.l.a.RecordMessagingMessageListenerAdapter - Processing [GenericMessage [payload=DemoEvent(id=2bca18d3-427b-4814-94ad-42744addcf87, payload=demo-event-25, slow=false, retryTrigger=false, flaky=false, createdAt=2026-08-27T04:14:36.073409Z), headers={kafka_offset=25, kafka_consumer=org.springframework.kafka.core.DefaultKafkaConsumerFactory$ExtendedKafkaConsumer@87801db, kafka_timestampType=CREATE_TIME, kafka_receivedPartitionId=2, kafka_receivedMessageKey=0, kafka_receivedTopic=other-events, kafka_receivedTimestamp=1787804076073, kafka_acknowledgment=Acknowledgment for other-events-2@25, kafka_groupId=slow-consumer-group}]]
12:14:36.095 [scenario7-other-events-listener-0-C-1] INFO  c.e.k.listener.SplitTopicRebalanceListener - [other-events] 收到消息 id=2bca18d3-427b-4814-94ad-42744addcf87 partition=2，正常处理
12:14:36.200 [scenario7-other-events-listener-0-C-1] DEBUG o.s.kafka.listener.KafkaMessageListenerContainer - Committing: {other-events-2=OffsetAndMetadata{offset=26, leaderEpoch=null, metadata=''}}
12:14:36.210 [scenario7-other-events-listener-0-C-1] DEBUG o.a.k.c.consumer.internals.ConsumerCoordinator - [Consumer clientId=consumer-slow-consumer-group-2, groupId=slow-consumer-group] Committed offset 26 for partition other-events-2
12:14:36.210 [scenario7-other-events-listener-0-C-1] INFO  c.e.k.listener.SplitTopicRebalanceListener - [other-events] 消息处理完成并已提交 offset id=2bca18d3-427b-4814-94ad-42744addcf87
12:14:36.580 [scenario7-other-events-producer] INFO  c.e.kafkarebalance.producer.DemoEventProducer - 已发送消息 id=1d1d6894-1832-46eb-9c9c-02f07d28b300 topic=other-events key=0 slow=false retryTrigger=false flaky=false
12:14:36.596 [scenario7-other-events-listener-0-C-1] DEBUG o.s.kafka.listener.KafkaMessageListenerContainer - Received: 1 records
12:14:36.597 [scenario7-other-events-listener-0-C-1] DEBUG o.s.k.l.a.RecordMessagingMessageListenerAdapter - Processing [GenericMessage [payload=DemoEvent(id=1d1d6894-1832-46eb-9c9c-02f07d28b300, payload=demo-event-26, slow=false, retryTrigger=false, flaky=false, createdAt=2026-08-27T04:14:36.579245Z), headers={kafka_offset=26, kafka_consumer=org.springframework.kafka.core.DefaultKafkaConsumerFactory$ExtendedKafkaConsumer@87801db, kafka_timestampType=CREATE_TIME, kafka_receivedPartitionId=2, kafka_receivedMessageKey=0, kafka_receivedTopic=other-events, kafka_receivedTimestamp=1787804076579, kafka_acknowledgment=Acknowledgment for other-events-2@26, kafka_groupId=slow-consumer-group}]]
12:14:36.597 [scenario7-other-events-listener-0-C-1] INFO  c.e.k.listener.SplitTopicRebalanceListener - [other-events] 收到消息 id=1d1d6894-1832-46eb-9c9c-02f07d28b300 partition=2，正常处理
12:14:36.702 [scenario7-other-events-listener-0-C-1] DEBUG o.s.kafka.listener.KafkaMessageListenerContainer - Committing: {other-events-2=OffsetAndMetadata{offset=27, leaderEpoch=null, metadata=''}}
12:14:36.709 [scenario7-other-events-listener-0-C-1] DEBUG o.a.k.c.consumer.internals.ConsumerCoordinator - [Consumer clientId=consumer-slow-consumer-group-2, groupId=slow-consumer-group] Committed offset 27 for partition other-events-2
12:14:36.709 [scenario7-other-events-listener-0-C-1] INFO  c.e.k.listener.SplitTopicRebalanceListener - [other-events] 消息处理完成并已提交 offset id=1d1d6894-1832-46eb-9c9c-02f07d28b300
12:14:37.086 [scenario7-other-events-producer] INFO  c.e.kafkarebalance.producer.DemoEventProducer - 已发送消息 id=7ac58f8f-f627-4f82-bbc7-fc763b88adf7 topic=other-events key=0 slow=false retryTrigger=false flaky=false
12:14:37.107 [scenario7-other-events-listener-0-C-1] DEBUG o.s.kafka.listener.KafkaMessageListenerContainer - Received: 1 records
12:14:37.107 [scenario7-other-events-listener-0-C-1] DEBUG o.s.k.l.a.RecordMessagingMessageListenerAdapter - Processing [GenericMessage [payload=DemoEvent(id=7ac58f8f-f627-4f82-bbc7-fc763b88adf7, payload=demo-event-27, slow=false, retryTrigger=false, flaky=false, createdAt=2026-08-27T04:14:37.085586Z), headers={kafka_offset=27, kafka_consumer=org.springframework.kafka.core.DefaultKafkaConsumerFactory$ExtendedKafkaConsumer@87801db, kafka_timestampType=CREATE_TIME, kafka_receivedPartitionId=2, kafka_receivedMessageKey=0, kafka_receivedTopic=other-events, kafka_receivedTimestamp=1787804077085, kafka_acknowledgment=Acknowledgment for other-events-2@27, kafka_groupId=slow-consumer-group}]]
12:14:37.108 [scenario7-other-events-listener-0-C-1] INFO  c.e.k.listener.SplitTopicRebalanceListener - [other-events] 收到消息 id=7ac58f8f-f627-4f82-bbc7-fc763b88adf7 partition=2，正常处理
12:14:37.213 [scenario7-other-events-listener-0-C-1] DEBUG o.s.kafka.listener.KafkaMessageListenerContainer - Committing: {other-events-2=OffsetAndMetadata{offset=28, leaderEpoch=null, metadata=''}}
12:14:37.221 [scenario7-other-events-listener-0-C-1] DEBUG o.a.k.c.consumer.internals.ConsumerCoordinator - [Consumer clientId=consumer-slow-consumer-group-2, groupId=slow-consumer-group] Committed offset 28 for partition other-events-2
12:14:37.221 [scenario7-other-events-listener-0-C-1] INFO  c.e.k.listener.SplitTopicRebalanceListener - [other-events] 消息处理完成并已提交 offset id=7ac58f8f-f627-4f82-bbc7-fc763b88adf7
12:14:37.589 [scenario7-other-events-producer] INFO  c.e.kafkarebalance.producer.DemoEventProducer - 已发送消息 id=7c83eab9-5505-484f-a899-afca25e7be0d topic=other-events key=0 slow=false retryTrigger=false flaky=false
12:14:37.605 [scenario7-other-events-listener-0-C-1] DEBUG o.s.kafka.listener.KafkaMessageListenerContainer - Received: 1 records
12:14:37.606 [scenario7-other-events-listener-0-C-1] DEBUG o.s.k.l.a.RecordMessagingMessageListenerAdapter - Processing [GenericMessage [payload=DemoEvent(id=7c83eab9-5505-484f-a899-afca25e7be0d, payload=demo-event-28, slow=false, retryTrigger=false, flaky=false, createdAt=2026-08-27T04:14:37.588807Z), headers={kafka_offset=28, kafka_consumer=org.springframework.kafka.core.DefaultKafkaConsumerFactory$ExtendedKafkaConsumer@87801db, kafka_timestampType=CREATE_TIME, kafka_receivedPartitionId=2, kafka_receivedMessageKey=0, kafka_receivedTopic=other-events, kafka_receivedTimestamp=1787804077589, kafka_acknowledgment=Acknowledgment for other-events-2@28, kafka_groupId=slow-consumer-group}]]
12:14:37.606 [scenario7-other-events-listener-0-C-1] INFO  c.e.k.listener.SplitTopicRebalanceListener - [other-events] 收到消息 id=7c83eab9-5505-484f-a899-afca25e7be0d partition=2，正常处理
12:14:37.709 [scenario7-other-events-listener-0-C-1] DEBUG o.s.kafka.listener.KafkaMessageListenerContainer - Committing: {other-events-2=OffsetAndMetadata{offset=29, leaderEpoch=null, metadata=''}}
12:14:37.717 [scenario7-other-events-listener-0-C-1] DEBUG o.a.k.c.consumer.internals.ConsumerCoordinator - [Consumer clientId=consumer-slow-consumer-group-2, groupId=slow-consumer-group] Committed offset 29 for partition other-events-2
12:14:37.718 [scenario7-other-events-listener-0-C-1] INFO  c.e.k.listener.SplitTopicRebalanceListener - [other-events] 消息处理完成并已提交 offset id=7c83eab9-5505-484f-a899-afca25e7be0d
12:14:38.096 [scenario7-other-events-producer] INFO  c.e.kafkarebalance.producer.DemoEventProducer - 已发送消息 id=47818a3a-2c66-49e7-8a5d-97622be0a85b topic=other-events key=0 slow=false retryTrigger=false flaky=false
12:14:38.115 [scenario7-other-events-listener-0-C-1] DEBUG o.s.kafka.listener.KafkaMessageListenerContainer - Received: 1 records
12:14:38.115 [scenario7-other-events-listener-0-C-1] DEBUG o.s.k.l.a.RecordMessagingMessageListenerAdapter - Processing [GenericMessage [payload=DemoEvent(id=47818a3a-2c66-49e7-8a5d-97622be0a85b, payload=demo-event-29, slow=false, retryTrigger=false, flaky=false, createdAt=2026-08-27T04:14:38.095335Z), headers={kafka_offset=29, kafka_consumer=org.springframework.kafka.core.DefaultKafkaConsumerFactory$ExtendedKafkaConsumer@87801db, kafka_timestampType=CREATE_TIME, kafka_receivedPartitionId=2, kafka_receivedMessageKey=0, kafka_receivedTopic=other-events, kafka_receivedTimestamp=1787804078095, kafka_acknowledgment=Acknowledgment for other-events-2@29, kafka_groupId=slow-consumer-group}]]
12:14:38.116 [scenario7-other-events-listener-0-C-1] INFO  c.e.k.listener.SplitTopicRebalanceListener - [other-events] 收到消息 id=47818a3a-2c66-49e7-8a5d-97622be0a85b partition=2，正常处理
12:14:38.221 [scenario7-other-events-listener-0-C-1] DEBUG o.s.kafka.listener.KafkaMessageListenerContainer - Committing: {other-events-2=OffsetAndMetadata{offset=30, leaderEpoch=null, metadata=''}}
12:14:38.229 [scenario7-other-events-listener-0-C-1] DEBUG o.a.k.c.consumer.internals.ConsumerCoordinator - [Consumer clientId=consumer-slow-consumer-group-2, groupId=slow-consumer-group] Committed offset 30 for partition other-events-2
12:14:38.229 [scenario7-other-events-listener-0-C-1] INFO  c.e.k.listener.SplitTopicRebalanceListener - [other-events] 消息处理完成并已提交 offset id=47818a3a-2c66-49e7-8a5d-97622be0a85b
12:14:38.428 [scenario7-slow-events-listener-0-C-1] DEBUG o.s.kafka.listener.KafkaMessageListenerContainer - Committing: {slow-events-2=OffsetAndMetadata{offset=1, leaderEpoch=null, metadata=''}}
12:14:38.428 [scenario7-slow-events-listener-0-C-1] INFO  o.a.k.c.consumer.internals.ConsumerCoordinator - [Consumer clientId=consumer-slow-consumer-group-1, groupId=slow-consumer-group] Failing OffsetCommit request since the consumer is not part of an active group
12:14:38.434 [scenario7-slow-events-listener-0-C-1] DEBUG o.a.k.c.consumer.internals.ConsumerCoordinator - [Consumer clientId=consumer-slow-consumer-group-1, groupId=slow-consumer-group] LeaveGroup response with Generation{generationId=1, memberId='consumer-slow-consumer-group-1-cdc04d3b-f9c9-47c8-9ff5-8ea478016fdf', protocol='range'} returned successfully: ClientResponse(receivedTimeMs=1787804078429, latencyMs=4297, disconnected=false, timedOut=false, requestHeader=RequestHeader(apiKey=LEAVE_GROUP, apiVersion=5, clientId=consumer-slow-consumer-group-1, correlationId=37, headerVersion=2), responseBody=LeaveGroupResponseData(throttleTimeMs=0, errorCode=0, members=[MemberResponse(memberId='consumer-slow-consumer-group-1-cdc04d3b-f9c9-47c8-9ff5-8ea478016fdf', groupInstanceId=null, errorCode=0)]))
12:14:38.434 [scenario7-slow-events-listener-0-C-1] WARN  c.e.k.listener.SplitTopicRebalanceListener - [slow-events] 提交 offset 失败，可能因 rebalance 导致该分区已被回收 id=a2554d8b-b469-4e3d-92e9-a76cdcb66fe1
org.apache.kafka.clients.consumer.CommitFailedException: Offset commit cannot be completed since the consumer is not part of an active group for auto partition assignment; it is likely that the consumer was kicked out of the group.
	at org.apache.kafka.clients.consumer.internals.ConsumerCoordinator.sendOffsetCommitRequest(ConsumerCoordinator.java:1320)
	at org.apache.kafka.clients.consumer.internals.ConsumerCoordinator.commitOffsetsSync(ConsumerCoordinator.java:1155)
	at org.apache.kafka.clients.consumer.internals.ClassicKafkaConsumer.commitSync(ClassicKafkaConsumer.java:747)
	at org.apache.kafka.clients.consumer.KafkaConsumer.commitSync(KafkaConsumer.java:1094)
	at org.springframework.kafka.listener.KafkaMessageListenerContainer$ListenerConsumer.doCommitSync(KafkaMessageListenerContainer.java:3474)
	at org.springframework.kafka.listener.KafkaMessageListenerContainer$ListenerConsumer.commitSync(KafkaMessageListenerContainer.java:3469)
	at org.springframework.kafka.listener.KafkaMessageListenerContainer$ListenerConsumer.commitOffsets(KafkaMessageListenerContainer.java:3452)
	at org.springframework.kafka.listener.KafkaMessageListenerContainer$ListenerConsumer.commitOffsetsInTransactions(KafkaMessageListenerContainer.java:3443)
	at org.springframework.kafka.listener.KafkaMessageListenerContainer$ListenerConsumer.ackImmediate(KafkaMessageListenerContainer.java:2187)
	at org.springframework.kafka.listener.KafkaMessageListenerContainer$ListenerConsumer.processAck(KafkaMessageListenerContainer.java:2082)
	at org.springframework.kafka.listener.KafkaMessageListenerContainer$ListenerConsumer.doAck(KafkaMessageListenerContainer.java:2062)
	at org.springframework.kafka.listener.KafkaMessageListenerContainer$ListenerConsumer$ConsumerAcknowledgment.acknowledge(KafkaMessageListenerContainer.java:3622)
	at com.example.kafkarebalance.listener.SplitTopicRebalanceListener.onSlowEvent(SplitTopicRebalanceListener.kt:66)
	at java.base/jdk.internal.reflect.DirectMethodHandleAccessor.invoke(DirectMethodHandleAccessor.java:104)
	at java.base/java.lang.reflect.Method.invoke(Method.java:565)
	at org.springframework.messaging.handler.invocation.InvocableHandlerMethod.doInvoke(InvocableHandlerMethod.java:168)
	at org.springframework.kafka.listener.adapter.KotlinAwareInvocableHandlerMethod.doInvoke(KotlinAwareInvocableHandlerMethod.java:48)
	at org.springframework.messaging.handler.invocation.InvocableHandlerMethod.invoke(InvocableHandlerMethod.java:119)
	at org.springframework.kafka.listener.adapter.HandlerAdapter.invoke(HandlerAdapter.java:80)
	at org.springframework.kafka.listener.adapter.MessagingMessageListenerAdapter.invokeHandler(MessagingMessageListenerAdapter.java:488)
	at org.springframework.kafka.listener.adapter.MessagingMessageListenerAdapter.invoke(MessagingMessageListenerAdapter.java:425)
	at org.springframework.kafka.listener.adapter.RecordMessagingMessageListenerAdapter.onMessage(RecordMessagingMessageListenerAdapter.java:92)
	at org.springframework.kafka.listener.adapter.RecordMessagingMessageListenerAdapter.onMessage(RecordMessagingMessageListenerAdapter.java:52)
	at org.springframework.kafka.listener.KafkaMessageListenerContainer$ListenerConsumer.doInvokeOnMessage(KafkaMessageListenerContainer.java:2948)
	at org.springframework.kafka.listener.KafkaMessageListenerContainer$ListenerConsumer.invokeOnMessage(KafkaMessageListenerContainer.java:2927)
	at org.springframework.kafka.listener.KafkaMessageListenerContainer$ListenerConsumer.doInvokeRecordListener(KafkaMessageListenerContainer.java:2837)
	at org.springframework.kafka.listener.KafkaMessageListenerContainer$ListenerConsumer.doInvokeWithRecords(KafkaMessageListenerContainer.java:2679)
	at org.springframework.kafka.listener.KafkaMessageListenerContainer$ListenerConsumer.invokeRecordListener(KafkaMessageListenerContainer.java:2573)
	at org.springframework.kafka.listener.KafkaMessageListenerContainer$ListenerConsumer.invokeListener(KafkaMessageListenerContainer.java:2204)
	at org.springframework.kafka.listener.KafkaMessageListenerContainer$ListenerConsumer.invokeIfHaveRecords(KafkaMessageListenerContainer.java:1559)
	at org.springframework.kafka.listener.KafkaMessageListenerContainer$ListenerConsumer.pollAndInvoke(KafkaMessageListenerContainer.java:1499)
	at org.springframework.kafka.listener.KafkaMessageListenerContainer$ListenerConsumer.run(KafkaMessageListenerContainer.java:1368)
	at java.base/java.util.concurrent.CompletableFuture$AsyncRun.run(CompletableFuture.java:1825)
	at java.base/java.lang.Thread.run(Thread.java:1474)
12:14:38.435 [scenario7-slow-events-listener-0-C-1] DEBUG o.a.k.c.consumer.internals.ConsumerCoordinator - [Consumer clientId=consumer-slow-consumer-group-1, groupId=slow-consumer-group] Executing onJoinPrepare with generation -1 and memberId 
12:14:38.435 [scenario7-slow-events-listener-0-C-1] INFO  o.a.k.c.consumer.internals.ConsumerCoordinator - [Consumer clientId=consumer-slow-consumer-group-1, groupId=slow-consumer-group] Giving away all assigned partitions as lost since generation/memberID has been reset,indicating that consumer is in old state or no longer part of the group
12:14:38.435 [scenario7-slow-events-listener-0-C-1] INFO  o.a.k.c.c.i.ConsumerRebalanceListenerInvoker - [Consumer clientId=consumer-slow-consumer-group-1, groupId=slow-consumer-group] Lost previously assigned partitions [slow-events-0, slow-events-1, slow-events-2]
12:14:38.436 [scenario7-slow-events-listener-0-C-1] INFO  o.s.kafka.listener.KafkaMessageListenerContainer - slow-consumer-group: partitions lost: [slow-events-0, slow-events-1, slow-events-2]
12:14:38.436 [scenario7-slow-events-listener-0-C-1] INFO  o.s.kafka.listener.KafkaMessageListenerContainer - slow-consumer-group: partitions revoked: [slow-events-0, slow-events-1, slow-events-2]
12:14:38.436 [scenario7-slow-events-listener-0-C-1] INFO  o.a.k.c.consumer.internals.ConsumerCoordinator - [Consumer clientId=consumer-slow-consumer-group-1, groupId=slow-consumer-group] (Re-)joining group
12:14:38.436 [scenario7-slow-events-listener-0-C-1] DEBUG o.a.k.c.consumer.internals.ConsumerCoordinator - [Consumer clientId=consumer-slow-consumer-group-1, groupId=slow-consumer-group] Joining group with current subscription: [slow-events]
12:14:38.436 [scenario7-slow-events-listener-0-C-1] DEBUG o.a.k.c.consumer.internals.ConsumerCoordinator - [Consumer clientId=consumer-slow-consumer-group-1, groupId=slow-consumer-group] Sending JoinGroup (JoinGroupRequestData(groupId='slow-consumer-group', sessionTimeoutMs=10000, rebalanceTimeoutMs=6000, memberId='', groupInstanceId=null, protocolType='consumer', protocols=[JoinGroupRequestProtocol(name='range', metadata=[0, 3, 0, 0, 0, 1, 0, 11, 115, 108, 111, 119, 45, 101, 118, 101, 110, 116, 115, -1, -1, -1, -1, 0, 0, 0, 0, -1, -1, -1, -1, -1, -1]), JoinGroupRequestProtocol(name='cooperative-sticky', metadata=[0, 3, 0, 0, 0, 1, 0, 11, 115, 108, 111, 119, 45, 101, 118, 101, 110, 116, 115, 0, 0, 0, 4, -1, -1, -1, -1, 0, 0, 0, 0, -1, -1, -1, -1, -1, -1])], reason='consumer pro-actively leaving the group')) to coordinator localhost:9092 (id: 2147483646 rack: null isFenced: false)
12:14:38.443 [scenario7-slow-events-listener-0-C-1] DEBUG o.a.k.c.consumer.internals.ConsumerCoordinator - [Consumer clientId=consumer-slow-consumer-group-1, groupId=slow-consumer-group] JoinGroup failed due to non-fatal error: MEMBER_ID_REQUIRED. Will set the member id as consumer-slow-consumer-group-1-15f62eda-dd50-466c-ae34-4166ec5b4017 and then rejoin. Sent generation was Generation{generationId=-1, memberId='', protocol='null'}
12:14:38.443 [scenario7-slow-events-listener-0-C-1] INFO  o.a.k.c.consumer.internals.ConsumerCoordinator - [Consumer clientId=consumer-slow-consumer-group-1, groupId=slow-consumer-group] Request joining group due to: need to re-join with the given member-id: consumer-slow-consumer-group-1-15f62eda-dd50-466c-ae34-4166ec5b4017
12:14:38.443 [scenario7-slow-events-listener-0-C-1] INFO  o.a.k.c.consumer.internals.ConsumerCoordinator - [Consumer clientId=consumer-slow-consumer-group-1, groupId=slow-consumer-group] (Re-)joining group
12:14:38.443 [scenario7-slow-events-listener-0-C-1] DEBUG o.a.k.c.consumer.internals.ConsumerCoordinator - [Consumer clientId=consumer-slow-consumer-group-1, groupId=slow-consumer-group] Joining group with current subscription: [slow-events]
12:14:38.444 [scenario7-slow-events-listener-0-C-1] DEBUG o.a.k.c.consumer.internals.ConsumerCoordinator - [Consumer clientId=consumer-slow-consumer-group-1, groupId=slow-consumer-group] Sending JoinGroup (JoinGroupRequestData(groupId='slow-consumer-group', sessionTimeoutMs=10000, rebalanceTimeoutMs=6000, memberId='consumer-slow-consumer-group-1-15f62eda-dd50-466c-ae34-4166ec5b4017', groupInstanceId=null, protocolType='consumer', protocols=[JoinGroupRequestProtocol(name='range', metadata=[0, 3, 0, 0, 0, 1, 0, 11, 115, 108, 111, 119, 45, 101, 118, 101, 110, 116, 115, -1, -1, -1, -1, 0, 0, 0, 0, -1, -1, -1, -1, -1, -1]), JoinGroupRequestProtocol(name='cooperative-sticky', metadata=[0, 3, 0, 0, 0, 1, 0, 11, 115, 108, 111, 119, 45, 101, 118, 101, 110, 116, 115, 0, 0, 0, 4, -1, -1, -1, -1, 0, 0, 0, 0, -1, -1, -1, -1, -1, -1])], reason='need to re-join with the given member-id: consumer-slow-consumer-group-1-15f62eda-dd50-466c-ae34-4166ec5b4017')) to coordinator localhost:9092 (id: 2147483646 rack: null isFenced: false)
12:14:38.599 [scenario7-other-events-producer] INFO  c.e.kafkarebalance.producer.DemoEventProducer - 已发送消息 id=f09a556c-451d-464f-acbf-25b4a6471a98 topic=other-events key=0 slow=false retryTrigger=false flaky=false
12:14:38.620 [scenario7-other-events-listener-0-C-1] DEBUG o.s.kafka.listener.KafkaMessageListenerContainer - Received: 1 records
12:14:38.620 [scenario7-other-events-listener-0-C-1] DEBUG o.s.k.l.a.RecordMessagingMessageListenerAdapter - Processing [GenericMessage [payload=DemoEvent(id=f09a556c-451d-464f-acbf-25b4a6471a98, payload=demo-event-30, slow=false, retryTrigger=false, flaky=false, createdAt=2026-08-27T04:14:38.598682Z), headers={kafka_offset=30, kafka_consumer=org.springframework.kafka.core.DefaultKafkaConsumerFactory$ExtendedKafkaConsumer@87801db, kafka_timestampType=CREATE_TIME, kafka_receivedPartitionId=2, kafka_receivedMessageKey=0, kafka_receivedTopic=other-events, kafka_receivedTimestamp=1787804078598, kafka_acknowledgment=Acknowledgment for other-events-2@30, kafka_groupId=slow-consumer-group}]]
12:14:38.620 [scenario7-other-events-listener-0-C-1] INFO  c.e.k.listener.SplitTopicRebalanceListener - [other-events] 收到消息 id=f09a556c-451d-464f-acbf-25b4a6471a98 partition=2，正常处理
12:14:38.722 [kafka-coordinator-heartbeat-thread | slow-consumer-group] DEBUG o.a.k.c.consumer.internals.ConsumerCoordinator - [Consumer clientId=consumer-slow-consumer-group-2, groupId=slow-consumer-group] Sending Heartbeat request with generation 2 and member id consumer-slow-consumer-group-2-929996d7-6dc3-4dab-8232-48c527a6ef79 to coordinator localhost:9092 (id: 2147483646 rack: null isFenced: false)
12:14:38.725 [scenario7-other-events-listener-0-C-1] DEBUG o.s.kafka.listener.KafkaMessageListenerContainer - Committing: {other-events-2=OffsetAndMetadata{offset=31, leaderEpoch=null, metadata=''}}
12:14:38.728 [scenario7-other-events-listener-0-C-1] INFO  o.a.k.c.consumer.internals.ConsumerCoordinator - [Consumer clientId=consumer-slow-consumer-group-2, groupId=slow-consumer-group] Request joining group due to: group is already rebalancing
12:14:38.732 [scenario7-other-events-listener-0-C-1] DEBUG o.a.k.c.consumer.internals.ConsumerCoordinator - [Consumer clientId=consumer-slow-consumer-group-2, groupId=slow-consumer-group] Committed offset 31 for partition other-events-2
12:14:38.732 [scenario7-other-events-listener-0-C-1] INFO  c.e.k.listener.SplitTopicRebalanceListener - [other-events] 消息处理完成并已提交 offset id=f09a556c-451d-464f-acbf-25b4a6471a98
12:14:38.732 [scenario7-other-events-listener-0-C-1] DEBUG o.a.k.c.consumer.internals.ConsumerCoordinator - [Consumer clientId=consumer-slow-consumer-group-2, groupId=slow-consumer-group] Executing onJoinPrepare with generation 2 and memberId consumer-slow-consumer-group-2-929996d7-6dc3-4dab-8232-48c527a6ef79
12:14:38.732 [scenario7-other-events-listener-0-C-1] INFO  o.a.k.c.c.i.ConsumerRebalanceListenerInvoker - [Consumer clientId=consumer-slow-consumer-group-2, groupId=slow-consumer-group] Revoke previously assigned partitions [other-events-0, other-events-1, other-events-2]
12:14:38.732 [scenario7-other-events-listener-0-C-1] INFO  o.s.kafka.listener.KafkaMessageListenerContainer - slow-consumer-group: partitions revoked: [other-events-0, other-events-1, other-events-2]
12:14:38.732 [scenario7-other-events-listener-0-C-1] INFO  o.a.k.c.consumer.internals.ConsumerCoordinator - [Consumer clientId=consumer-slow-consumer-group-2, groupId=slow-consumer-group] (Re-)joining group
12:14:38.732 [scenario7-other-events-listener-0-C-1] DEBUG o.a.k.c.consumer.internals.ConsumerCoordinator - [Consumer clientId=consumer-slow-consumer-group-2, groupId=slow-consumer-group] Joining group with current subscription: [other-events]
12:14:38.733 [scenario7-other-events-listener-0-C-1] DEBUG o.a.k.c.consumer.internals.ConsumerCoordinator - [Consumer clientId=consumer-slow-consumer-group-2, groupId=slow-consumer-group] Sending JoinGroup (JoinGroupRequestData(groupId='slow-consumer-group', sessionTimeoutMs=10000, rebalanceTimeoutMs=6000, memberId='consumer-slow-consumer-group-2-929996d7-6dc3-4dab-8232-48c527a6ef79', groupInstanceId=null, protocolType='consumer', protocols=[JoinGroupRequestProtocol(name='range', metadata=[0, 3, 0, 0, 0, 1, 0, 12, 111, 116, 104, 101, 114, 45, 101, 118, 101, 110, 116, 115, -1, -1, -1, -1, 0, 0, 0, 0, 0, 0, 0, 2, -1, -1]), JoinGroupRequestProtocol(name='cooperative-sticky', metadata=[0, 3, 0, 0, 0, 1, 0, 12, 111, 116, 104, 101, 114, 45, 101, 118, 101, 110, 116, 115, 0, 0, 0, 4, -1, -1, -1, -1, 0, 0, 0, 0, 0, 0, 0, 2, -1, -1])], reason='group is already rebalancing')) to coordinator localhost:9092 (id: 2147483646 rack: null isFenced: false)
12:14:38.753 [scenario7-slow-events-listener-0-C-1] DEBUG o.a.k.c.consumer.internals.ConsumerCoordinator - [Consumer clientId=consumer-slow-consumer-group-1, groupId=slow-consumer-group] Received successful JoinGroup response: JoinGroupResponseData(throttleTimeMs=0, errorCode=0, generationId=3, protocolType='consumer', protocolName='range', leader='consumer-slow-consumer-group-2-929996d7-6dc3-4dab-8232-48c527a6ef79', skipAssignment=false, memberId='consumer-slow-consumer-group-1-15f62eda-dd50-466c-ae34-4166ec5b4017', members=[])
12:14:38.753 [scenario7-other-events-listener-0-C-1] DEBUG o.a.k.c.consumer.internals.ConsumerCoordinator - [Consumer clientId=consumer-slow-consumer-group-2, groupId=slow-consumer-group] Received successful JoinGroup response: JoinGroupResponseData(throttleTimeMs=0, errorCode=0, generationId=3, protocolType='consumer', protocolName='range', leader='consumer-slow-consumer-group-2-929996d7-6dc3-4dab-8232-48c527a6ef79', skipAssignment=false, memberId='consumer-slow-consumer-group-2-929996d7-6dc3-4dab-8232-48c527a6ef79', members=[JoinGroupResponseMember(memberId='consumer-slow-consumer-group-2-929996d7-6dc3-4dab-8232-48c527a6ef79', groupInstanceId=null, metadata=[0, 3, 0, 0, 0, 1, 0, 12, 111, 116, 104, 101, 114, 45, 101, 118, 101, 110, 116, 115, -1, -1, -1, -1, 0, 0, 0, 0, 0, 0, 0, 2, -1, -1]), JoinGroupResponseMember(memberId='consumer-slow-consumer-group-1-15f62eda-dd50-466c-ae34-4166ec5b4017', groupInstanceId=null, metadata=[0, 3, 0, 0, 0, 1, 0, 11, 115, 108, 111, 119, 45, 101, 118, 101, 110, 116, 115, -1, -1, -1, -1, 0, 0, 0, 0, -1, -1, -1, -1, -1, -1])])
12:14:38.753 [scenario7-other-events-listener-0-C-1] DEBUG o.a.k.c.consumer.internals.ConsumerCoordinator - [Consumer clientId=consumer-slow-consumer-group-2, groupId=slow-consumer-group] Enabling heartbeat thread
12:14:38.753 [scenario7-slow-events-listener-0-C-1] DEBUG o.a.k.c.consumer.internals.ConsumerCoordinator - [Consumer clientId=consumer-slow-consumer-group-1, groupId=slow-consumer-group] Enabling heartbeat thread
12:14:38.753 [scenario7-other-events-listener-0-C-1] INFO  o.a.k.c.consumer.internals.ConsumerCoordinator - [Consumer clientId=consumer-slow-consumer-group-2, groupId=slow-consumer-group] Successfully joined group with generation Generation{generationId=3, memberId='consumer-slow-consumer-group-2-929996d7-6dc3-4dab-8232-48c527a6ef79', protocol='range'}
12:14:38.753 [scenario7-slow-events-listener-0-C-1] INFO  o.a.k.c.consumer.internals.ConsumerCoordinator - [Consumer clientId=consumer-slow-consumer-group-1, groupId=slow-consumer-group] Successfully joined group with generation Generation{generationId=3, memberId='consumer-slow-consumer-group-1-15f62eda-dd50-466c-ae34-4166ec5b4017', protocol='range'}
12:14:38.753 [scenario7-slow-events-listener-0-C-1] DEBUG o.a.k.c.consumer.internals.ConsumerCoordinator - [Consumer clientId=consumer-slow-consumer-group-1, groupId=slow-consumer-group] Sending follower SyncGroup to coordinator localhost:9092 (id: 2147483646 rack: null isFenced: false): SyncGroupRequestData(groupId='slow-consumer-group', generationId=3, memberId='consumer-slow-consumer-group-1-15f62eda-dd50-466c-ae34-4166ec5b4017', groupInstanceId=null, protocolType='consumer', protocolName='range', assignments=[])
12:14:38.755 [scenario7-other-events-listener-0-C-1] DEBUG o.a.k.c.consumer.internals.ConsumerCoordinator - [Consumer clientId=consumer-slow-consumer-group-2, groupId=slow-consumer-group] Performing assignment using strategy range with subscriptions {consumer-slow-consumer-group-2-929996d7-6dc3-4dab-8232-48c527a6ef79=Subscription(topics=[other-events], ownedPartitions=[], groupInstanceId=null, generationId=2, rackId=null), consumer-slow-consumer-group-1-15f62eda-dd50-466c-ae34-4166ec5b4017=Subscription(topics=[slow-events], ownedPartitions=[], groupInstanceId=null, generationId=-1, rackId=null)}
12:14:38.755 [scenario7-other-events-listener-0-C-1] INFO  o.a.k.c.consumer.internals.ConsumerCoordinator - [Consumer clientId=consumer-slow-consumer-group-2, groupId=slow-consumer-group] Finished assignment for group at generation 3: {consumer-slow-consumer-group-2-929996d7-6dc3-4dab-8232-48c527a6ef79=Assignment(partitions=[other-events-0, other-events-1, other-events-2]), consumer-slow-consumer-group-1-15f62eda-dd50-466c-ae34-4166ec5b4017=Assignment(partitions=[slow-events-0, slow-events-1, slow-events-2])}
12:14:38.755 [scenario7-other-events-listener-0-C-1] DEBUG o.a.k.c.consumer.internals.ConsumerCoordinator - [Consumer clientId=consumer-slow-consumer-group-2, groupId=slow-consumer-group] Sending leader SyncGroup to coordinator localhost:9092 (id: 2147483646 rack: null isFenced: false): SyncGroupRequestData(groupId='slow-consumer-group', generationId=3, memberId='consumer-slow-consumer-group-2-929996d7-6dc3-4dab-8232-48c527a6ef79', groupInstanceId=null, protocolType='consumer', protocolName='range', assignments=[SyncGroupRequestAssignment(memberId='consumer-slow-consumer-group-2-929996d7-6dc3-4dab-8232-48c527a6ef79', assignment=[0, 3, 0, 0, 0, 1, 0, 12, 111, 116, 104, 101, 114, 45, 101, 118, 101, 110, 116, 115, 0, 0, 0, 3, 0, 0, 0, 0, 0, 0, 0, 1, 0, 0, 0, 2, -1, -1, -1, -1]), SyncGroupRequestAssignment(memberId='consumer-slow-consumer-group-1-15f62eda-dd50-466c-ae34-4166ec5b4017', assignment=[0, 3, 0, 0, 0, 1, 0, 11, 115, 108, 111, 119, 45, 101, 118, 101, 110, 116, 115, 0, 0, 0, 3, 0, 0, 0, 0, 0, 0, 0, 1, 0, 0, 0, 2, -1, -1, -1, -1])])
12:14:38.757 [scenario7-slow-events-listener-0-C-1] DEBUG o.a.k.c.consumer.internals.ConsumerCoordinator - [Consumer clientId=consumer-slow-consumer-group-1, groupId=slow-consumer-group] Received successful SyncGroup response: SyncGroupResponseData(throttleTimeMs=0, errorCode=0, protocolType='consumer', protocolName='range', assignment=[0, 3, 0, 0, 0, 1, 0, 11, 115, 108, 111, 119, 45, 101, 118, 101, 110, 116, 115, 0, 0, 0, 3, 0, 0, 0, 0, 0, 0, 0, 1, 0, 0, 0, 2, -1, -1, -1, -1])
12:14:38.757 [scenario7-other-events-listener-0-C-1] DEBUG o.a.k.c.consumer.internals.ConsumerCoordinator - [Consumer clientId=consumer-slow-consumer-group-2, groupId=slow-consumer-group] Received successful SyncGroup response: SyncGroupResponseData(throttleTimeMs=0, errorCode=0, protocolType='consumer', protocolName='range', assignment=[0, 3, 0, 0, 0, 1, 0, 12, 111, 116, 104, 101, 114, 45, 101, 118, 101, 110, 116, 115, 0, 0, 0, 3, 0, 0, 0, 0, 0, 0, 0, 1, 0, 0, 0, 2, -1, -1, -1, -1])
12:14:38.757 [scenario7-slow-events-listener-0-C-1] INFO  o.a.k.c.consumer.internals.ConsumerCoordinator - [Consumer clientId=consumer-slow-consumer-group-1, groupId=slow-consumer-group] Successfully synced group in generation Generation{generationId=3, memberId='consumer-slow-consumer-group-1-15f62eda-dd50-466c-ae34-4166ec5b4017', protocol='range'}
12:14:38.757 [scenario7-other-events-listener-0-C-1] INFO  o.a.k.c.consumer.internals.ConsumerCoordinator - [Consumer clientId=consumer-slow-consumer-group-2, groupId=slow-consumer-group] Successfully synced group in generation Generation{generationId=3, memberId='consumer-slow-consumer-group-2-929996d7-6dc3-4dab-8232-48c527a6ef79', protocol='range'}
12:14:38.757 [scenario7-slow-events-listener-0-C-1] DEBUG o.a.k.c.consumer.internals.ConsumerCoordinator - [Consumer clientId=consumer-slow-consumer-group-1, groupId=slow-consumer-group] Executing onJoinComplete with generation 3 and memberId consumer-slow-consumer-group-1-15f62eda-dd50-466c-ae34-4166ec5b4017
12:14:38.757 [scenario7-other-events-listener-0-C-1] DEBUG o.a.k.c.consumer.internals.ConsumerCoordinator - [Consumer clientId=consumer-slow-consumer-group-2, groupId=slow-consumer-group] Executing onJoinComplete with generation 3 and memberId consumer-slow-consumer-group-2-929996d7-6dc3-4dab-8232-48c527a6ef79
12:14:38.757 [scenario7-slow-events-listener-0-C-1] INFO  o.a.k.c.consumer.internals.ConsumerCoordinator - [Consumer clientId=consumer-slow-consumer-group-1, groupId=slow-consumer-group] Notifying assignor about the new Assignment(partitions=[slow-events-0, slow-events-1, slow-events-2])
12:14:38.757 [scenario7-other-events-listener-0-C-1] INFO  o.a.k.c.consumer.internals.ConsumerCoordinator - [Consumer clientId=consumer-slow-consumer-group-2, groupId=slow-consumer-group] Notifying assignor about the new Assignment(partitions=[other-events-0, other-events-1, other-events-2])
12:14:38.757 [scenario7-slow-events-listener-0-C-1] INFO  o.a.k.c.c.i.ConsumerRebalanceListenerInvoker - [Consumer clientId=consumer-slow-consumer-group-1, groupId=slow-consumer-group] Adding newly assigned partitions: [slow-events-0, slow-events-1, slow-events-2]
12:14:38.757 [scenario7-other-events-listener-0-C-1] INFO  o.a.k.c.c.i.ConsumerRebalanceListenerInvoker - [Consumer clientId=consumer-slow-consumer-group-2, groupId=slow-consumer-group] Adding newly assigned partitions: [other-events-0, other-events-1, other-events-2]
12:14:38.757 [scenario7-slow-events-listener-0-C-1] DEBUG o.a.k.c.consumer.internals.ConsumerCoordinator - [Consumer clientId=consumer-slow-consumer-group-1, groupId=slow-consumer-group] Fetching committed offsets for partitions: [slow-events-2, slow-events-1, slow-events-0]
12:14:38.757 [scenario7-other-events-listener-0-C-1] DEBUG o.a.k.c.consumer.internals.ConsumerCoordinator - [Consumer clientId=consumer-slow-consumer-group-2, groupId=slow-consumer-group] Fetching committed offsets for partitions: [other-events-0, other-events-1, other-events-2]
12:14:38.758 [scenario7-slow-events-listener-0-C-1] INFO  o.a.k.c.consumer.internals.ConsumerCoordinator - [Consumer clientId=consumer-slow-consumer-group-1, groupId=slow-consumer-group] Found no committed offset for partition slow-events-2
12:14:38.758 [scenario7-slow-events-listener-0-C-1] INFO  o.a.k.c.consumer.internals.ConsumerCoordinator - [Consumer clientId=consumer-slow-consumer-group-1, groupId=slow-consumer-group] Found no committed offset for partition slow-events-1
12:14:38.758 [scenario7-slow-events-listener-0-C-1] INFO  o.a.k.c.consumer.internals.ConsumerCoordinator - [Consumer clientId=consumer-slow-consumer-group-1, groupId=slow-consumer-group] Found no committed offset for partition slow-events-0
12:14:38.758 [scenario7-other-events-listener-0-C-1] INFO  o.a.k.c.consumer.internals.ConsumerCoordinator - [Consumer clientId=consumer-slow-consumer-group-2, groupId=slow-consumer-group] Found no committed offset for partition other-events-0
12:14:38.758 [scenario7-other-events-listener-0-C-1] INFO  o.a.k.c.consumer.internals.ConsumerCoordinator - [Consumer clientId=consumer-slow-consumer-group-2, groupId=slow-consumer-group] Found no committed offset for partition other-events-1
12:14:38.758 [scenario7-other-events-listener-0-C-1] INFO  o.a.kafka.clients.consumer.internals.ConsumerUtils - Setting offset for partition other-events-2 to the committed offset FetchPosition{offset=31, offsetEpoch=Optional.empty, currentLeader=LeaderAndEpoch{leader=Optional[localhost:9092 (id: 1 rack: null isFenced: false)], epoch=0}}
12:14:38.760 [scenario7-other-events-listener-0-C-1] INFO  o.a.k.clients.consumer.internals.SubscriptionState - [Consumer clientId=consumer-slow-consumer-group-2, groupId=slow-consumer-group] Resetting offset for partition other-events-0 to position FetchPosition{offset=0, offsetEpoch=Optional.empty, currentLeader=LeaderAndEpoch{leader=Optional[localhost:9092 (id: 1 rack: null isFenced: false)], epoch=0}}.
12:14:38.760 [scenario7-slow-events-listener-0-C-1] INFO  o.a.k.clients.consumer.internals.SubscriptionState - [Consumer clientId=consumer-slow-consumer-group-1, groupId=slow-consumer-group] Resetting offset for partition slow-events-2 to position FetchPosition{offset=0, offsetEpoch=Optional.empty, currentLeader=LeaderAndEpoch{leader=Optional[localhost:9092 (id: 1 rack: null isFenced: false)], epoch=0}}.
12:14:38.760 [scenario7-other-events-listener-0-C-1] INFO  o.a.k.clients.consumer.internals.SubscriptionState - [Consumer clientId=consumer-slow-consumer-group-2, groupId=slow-consumer-group] Resetting offset for partition other-events-1 to position FetchPosition{offset=0, offsetEpoch=Optional.empty, currentLeader=LeaderAndEpoch{leader=Optional[localhost:9092 (id: 1 rack: null isFenced: false)], epoch=0}}.
12:14:38.760 [scenario7-slow-events-listener-0-C-1] INFO  o.a.k.clients.consumer.internals.SubscriptionState - [Consumer clientId=consumer-slow-consumer-group-1, groupId=slow-consumer-group] Resetting offset for partition slow-events-1 to position FetchPosition{offset=0, offsetEpoch=Optional.empty, currentLeader=LeaderAndEpoch{leader=Optional[localhost:9092 (id: 1 rack: null isFenced: false)], epoch=0}}.
12:14:38.760 [scenario7-slow-events-listener-0-C-1] INFO  o.a.k.clients.consumer.internals.SubscriptionState - [Consumer clientId=consumer-slow-consumer-group-1, groupId=slow-consumer-group] Resetting offset for partition slow-events-0 to position FetchPosition{offset=0, offsetEpoch=Optional.empty, currentLeader=LeaderAndEpoch{leader=Optional[localhost:9092 (id: 1 rack: null isFenced: false)], epoch=0}}.
12:14:38.760 [scenario7-other-events-listener-0-C-1] INFO  o.s.kafka.listener.KafkaMessageListenerContainer - slow-consumer-group: partitions assigned: [other-events-0, other-events-1, other-events-2]
12:14:38.760 [scenario7-slow-events-listener-0-C-1] INFO  o.s.kafka.listener.KafkaMessageListenerContainer - slow-consumer-group: partitions assigned: [slow-events-0, slow-events-1, slow-events-2]
12:14:38.762 [scenario7-slow-events-listener-0-C-1] DEBUG o.s.kafka.listener.KafkaMessageListenerContainer - Received: 1 records
12:14:38.762 [scenario7-slow-events-listener-0-C-1] DEBUG o.s.k.l.a.RecordMessagingMessageListenerAdapter - Processing [GenericMessage [payload=DemoEvent(id=a2554d8b-b469-4e3d-92e9-a76cdcb66fe1, payload=demo-event-0, slow=true, retryTrigger=false, flaky=false, createdAt=2026-08-27T04:14:28.388135Z), headers={kafka_offset=0, kafka_consumer=org.springframework.kafka.core.DefaultKafkaConsumerFactory$ExtendedKafkaConsumer@c4c7cb2, kafka_timestampType=CREATE_TIME, kafka_receivedPartitionId=2, kafka_receivedMessageKey=0, kafka_receivedTopic=slow-events, kafka_receivedTimestamp=1787804068401, kafka_acknowledgment=Acknowledgment for slow-events-2@0, kafka_groupId=slow-consumer-group}]]
12:14:38.762 [scenario7-slow-events-listener-0-C-1] INFO  c.e.k.listener.SplitTopicRebalanceListener - [slow-events] 收到消息 id=a2554d8b-b469-4e3d-92e9-a76cdcb66fe1 partition=2 slow=true
12:14:38.762 [scenario7-slow-events-listener-0-C-1] WARN  c.e.k.listener.SplitTopicRebalanceListener - [slow-events] 模拟慢处理开始：id=a2554d8b-b469-4e3d-92e9-a76cdcb66fe1 将阻塞 10000ms（超过 max.poll.interval.ms，预期触发该 consumer 的 rebalance）
12:14:39.104 [scenario7-other-events-producer] INFO  c.e.kafkarebalance.producer.DemoEventProducer - 已发送消息 id=7fc99243-f881-4b53-b118-6dd8f17ff807 topic=other-events key=0 slow=false retryTrigger=false flaky=false
12:14:39.121 [scenario7-other-events-listener-0-C-1] DEBUG o.s.kafka.listener.KafkaMessageListenerContainer - Received: 1 records
12:14:39.122 [scenario7-other-events-listener-0-C-1] DEBUG o.s.k.l.a.RecordMessagingMessageListenerAdapter - Processing [GenericMessage [payload=DemoEvent(id=7fc99243-f881-4b53-b118-6dd8f17ff807, payload=demo-event-31, slow=false, retryTrigger=false, flaky=false, createdAt=2026-08-27T04:14:39.103485Z), headers={kafka_offset=31, kafka_consumer=org.springframework.kafka.core.DefaultKafkaConsumerFactory$ExtendedKafkaConsumer@87801db, kafka_timestampType=CREATE_TIME, kafka_receivedPartitionId=2, kafka_receivedMessageKey=0, kafka_receivedTopic=other-events, kafka_receivedTimestamp=1787804079103, kafka_acknowledgment=Acknowledgment for other-events-2@31, kafka_groupId=slow-consumer-group}]]
12:14:39.122 [scenario7-other-events-listener-0-C-1] INFO  c.e.k.listener.SplitTopicRebalanceListener - [other-events] 收到消息 id=7fc99243-f881-4b53-b118-6dd8f17ff807 partition=2，正常处理
12:14:39.228 [scenario7-other-events-listener-0-C-1] DEBUG o.s.kafka.listener.KafkaMessageListenerContainer - Committing: {other-events-2=OffsetAndMetadata{offset=32, leaderEpoch=null, metadata=''}}
12:14:39.237 [scenario7-other-events-listener-0-C-1] DEBUG o.a.k.c.consumer.internals.ConsumerCoordinator - [Consumer clientId=consumer-slow-consumer-group-2, groupId=slow-consumer-group] Committed offset 32 for partition other-events-2
12:14:39.237 [scenario7-other-events-listener-0-C-1] INFO  c.e.k.listener.SplitTopicRebalanceListener - [other-events] 消息处理完成并已提交 offset id=7fc99243-f881-4b53-b118-6dd8f17ff807
12:14:39.608 [scenario7-other-events-producer] INFO  c.e.kafkarebalance.producer.DemoEventProducer - 已发送消息 id=b48b85ad-3638-4526-bab9-994047316860 topic=other-events key=0 slow=false retryTrigger=false flaky=false
12:14:39.626 [scenario7-other-events-listener-0-C-1] DEBUG o.s.kafka.listener.KafkaMessageListenerContainer - Received: 1 records
12:14:39.626 [scenario7-other-events-listener-0-C-1] DEBUG o.s.k.l.a.RecordMessagingMessageListenerAdapter - Processing [GenericMessage [payload=DemoEvent(id=b48b85ad-3638-4526-bab9-994047316860, payload=demo-event-32, slow=false, retryTrigger=false, flaky=false, createdAt=2026-08-27T04:14:39.607254Z), headers={kafka_offset=32, kafka_consumer=org.springframework.kafka.core.DefaultKafkaConsumerFactory$ExtendedKafkaConsumer@87801db, kafka_timestampType=CREATE_TIME, kafka_receivedPartitionId=2, kafka_receivedMessageKey=0, kafka_receivedTopic=other-events, kafka_receivedTimestamp=1787804079607, kafka_acknowledgment=Acknowledgment for other-events-2@32, kafka_groupId=slow-consumer-group}]]
12:14:39.626 [scenario7-other-events-listener-0-C-1] INFO  c.e.k.listener.SplitTopicRebalanceListener - [other-events] 收到消息 id=b48b85ad-3638-4526-bab9-994047316860 partition=2，正常处理
12:14:39.728 [scenario7-other-events-listener-0-C-1] DEBUG o.s.kafka.listener.KafkaMessageListenerContainer - Committing: {other-events-2=OffsetAndMetadata{offset=33, leaderEpoch=null, metadata=''}}
12:14:39.750 [scenario7-other-events-listener-0-C-1] DEBUG o.a.k.c.consumer.internals.ConsumerCoordinator - [Consumer clientId=consumer-slow-consumer-group-2, groupId=slow-consumer-group] Committed offset 33 for partition other-events-2
12:14:39.750 [scenario7-other-events-listener-0-C-1] INFO  c.e.k.listener.SplitTopicRebalanceListener - [other-events] 消息处理完成并已提交 offset id=b48b85ad-3638-4526-bab9-994047316860
12:14:40.112 [scenario7-other-events-producer] INFO  c.e.kafkarebalance.producer.DemoEventProducer - 已发送消息 id=fe7d66fb-f8bc-433f-aaef-8bd27b490bfb topic=other-events key=0 slow=false retryTrigger=false flaky=false
12:14:40.120 [scenario7-other-events-listener-0-C-1] DEBUG o.s.kafka.listener.KafkaMessageListenerContainer - Received: 1 records
12:14:40.120 [scenario7-other-events-listener-0-C-1] DEBUG o.s.k.l.a.RecordMessagingMessageListenerAdapter - Processing [GenericMessage [payload=DemoEvent(id=fe7d66fb-f8bc-433f-aaef-8bd27b490bfb, payload=demo-event-33, slow=false, retryTrigger=false, flaky=false, createdAt=2026-08-27T04:14:40.112488Z), headers={kafka_offset=33, kafka_consumer=org.springframework.kafka.core.DefaultKafkaConsumerFactory$ExtendedKafkaConsumer@87801db, kafka_timestampType=CREATE_TIME, kafka_receivedPartitionId=2, kafka_receivedMessageKey=0, kafka_receivedTopic=other-events, kafka_receivedTimestamp=1787804080112, kafka_acknowledgment=Acknowledgment for other-events-2@33, kafka_groupId=slow-consumer-group}]]
12:14:40.120 [scenario7-other-events-listener-0-C-1] INFO  c.e.k.listener.SplitTopicRebalanceListener - [other-events] 收到消息 id=fe7d66fb-f8bc-433f-aaef-8bd27b490bfb partition=2，正常处理
12:14:40.224 [scenario7-other-events-listener-0-C-1] DEBUG o.s.kafka.listener.KafkaMessageListenerContainer - Committing: {other-events-2=OffsetAndMetadata{offset=34, leaderEpoch=null, metadata=''}}
12:14:40.228 [scenario7-other-events-listener-0-C-1] DEBUG o.a.k.c.consumer.internals.ConsumerCoordinator - [Consumer clientId=consumer-slow-consumer-group-2, groupId=slow-consumer-group] Committed offset 34 for partition other-events-2
12:14:40.228 [scenario7-other-events-listener-0-C-1] INFO  c.e.k.listener.SplitTopicRebalanceListener - [other-events] 消息处理完成并已提交 offset id=fe7d66fb-f8bc-433f-aaef-8bd27b490bfb
12:14:40.621 [scenario7-other-events-producer] INFO  c.e.kafkarebalance.producer.DemoEventProducer - 已发送消息 id=19be267f-ad1c-4f22-8332-6e2b57b223fe topic=other-events key=0 slow=false retryTrigger=false flaky=false
12:14:40.640 [scenario7-other-events-listener-0-C-1] DEBUG o.s.kafka.listener.KafkaMessageListenerContainer - Received: 1 records
12:14:40.640 [scenario7-other-events-listener-0-C-1] DEBUG o.s.k.l.a.RecordMessagingMessageListenerAdapter - Processing [GenericMessage [payload=DemoEvent(id=19be267f-ad1c-4f22-8332-6e2b57b223fe, payload=demo-event-34, slow=false, retryTrigger=false, flaky=false, createdAt=2026-08-27T04:14:40.618679Z), headers={kafka_offset=34, kafka_consumer=org.springframework.kafka.core.DefaultKafkaConsumerFactory$ExtendedKafkaConsumer@87801db, kafka_timestampType=CREATE_TIME, kafka_receivedPartitionId=2, kafka_receivedMessageKey=0, kafka_receivedTopic=other-events, kafka_receivedTimestamp=1787804080618, kafka_acknowledgment=Acknowledgment for other-events-2@34, kafka_groupId=slow-consumer-group}]]
12:14:40.640 [scenario7-other-events-listener-0-C-1] INFO  c.e.k.listener.SplitTopicRebalanceListener - [other-events] 收到消息 id=19be267f-ad1c-4f22-8332-6e2b57b223fe partition=2，正常处理
12:14:40.745 [scenario7-other-events-listener-0-C-1] DEBUG o.s.kafka.listener.KafkaMessageListenerContainer - Committing: {other-events-2=OffsetAndMetadata{offset=35, leaderEpoch=null, metadata=''}}
12:14:40.755 [scenario7-other-events-listener-0-C-1] DEBUG o.a.k.c.consumer.internals.ConsumerCoordinator - [Consumer clientId=consumer-slow-consumer-group-2, groupId=slow-consumer-group] Committed offset 35 for partition other-events-2
12:14:40.755 [scenario7-other-events-listener-0-C-1] INFO  c.e.k.listener.SplitTopicRebalanceListener - [other-events] 消息处理完成并已提交 offset id=19be267f-ad1c-4f22-8332-6e2b57b223fe
12:14:41.125 [scenario7-other-events-producer] INFO  c.e.kafkarebalance.producer.DemoEventProducer - 已发送消息 id=cfae4dbd-7c60-4c2c-8bc0-01625b9428e6 topic=other-events key=0 slow=false retryTrigger=false flaky=false
12:14:41.142 [scenario7-other-events-listener-0-C-1] DEBUG o.s.kafka.listener.KafkaMessageListenerContainer - Received: 1 records
12:14:41.143 [scenario7-other-events-listener-0-C-1] DEBUG o.s.k.l.a.RecordMessagingMessageListenerAdapter - Processing [GenericMessage [payload=DemoEvent(id=cfae4dbd-7c60-4c2c-8bc0-01625b9428e6, payload=demo-event-35, slow=false, retryTrigger=false, flaky=false, createdAt=2026-08-27T04:14:41.124277Z), headers={kafka_offset=35, kafka_consumer=org.springframework.kafka.core.DefaultKafkaConsumerFactory$ExtendedKafkaConsumer@87801db, kafka_timestampType=CREATE_TIME, kafka_receivedPartitionId=2, kafka_receivedMessageKey=0, kafka_receivedTopic=other-events, kafka_receivedTimestamp=1787804081124, kafka_acknowledgment=Acknowledgment for other-events-2@35, kafka_groupId=slow-consumer-group}]]
12:14:41.143 [scenario7-other-events-listener-0-C-1] INFO  c.e.k.listener.SplitTopicRebalanceListener - [other-events] 收到消息 id=cfae4dbd-7c60-4c2c-8bc0-01625b9428e6 partition=2，正常处理
12:14:41.246 [scenario7-other-events-listener-0-C-1] DEBUG o.s.kafka.listener.KafkaMessageListenerContainer - Committing: {other-events-2=OffsetAndMetadata{offset=36, leaderEpoch=null, metadata=''}}
12:14:41.255 [scenario7-other-events-listener-0-C-1] DEBUG o.a.k.c.consumer.internals.ConsumerCoordinator - [Consumer clientId=consumer-slow-consumer-group-2, groupId=slow-consumer-group] Committed offset 36 for partition other-events-2
12:14:41.255 [scenario7-other-events-listener-0-C-1] INFO  c.e.k.listener.SplitTopicRebalanceListener - [other-events] 消息处理完成并已提交 offset id=cfae4dbd-7c60-4c2c-8bc0-01625b9428e6
12:14:41.631 [scenario7-other-events-producer] INFO  c.e.kafkarebalance.producer.DemoEventProducer - 已发送消息 id=1b8a8ac2-6b63-47dc-8aef-99b538f91dc5 topic=other-events key=0 slow=false retryTrigger=false flaky=false
12:14:41.649 [scenario7-other-events-listener-0-C-1] DEBUG o.s.kafka.listener.KafkaMessageListenerContainer - Received: 1 records
12:14:41.649 [scenario7-other-events-listener-0-C-1] DEBUG o.s.k.l.a.RecordMessagingMessageListenerAdapter - Processing [GenericMessage [payload=DemoEvent(id=1b8a8ac2-6b63-47dc-8aef-99b538f91dc5, payload=demo-event-36, slow=false, retryTrigger=false, flaky=false, createdAt=2026-08-27T04:14:41.630363Z), headers={kafka_offset=36, kafka_consumer=org.springframework.kafka.core.DefaultKafkaConsumerFactory$ExtendedKafkaConsumer@87801db, kafka_timestampType=CREATE_TIME, kafka_receivedPartitionId=2, kafka_receivedMessageKey=0, kafka_receivedTopic=other-events, kafka_receivedTimestamp=1787804081630, kafka_acknowledgment=Acknowledgment for other-events-2@36, kafka_groupId=slow-consumer-group}]]
12:14:41.650 [scenario7-other-events-listener-0-C-1] INFO  c.e.k.listener.SplitTopicRebalanceListener - [other-events] 收到消息 id=1b8a8ac2-6b63-47dc-8aef-99b538f91dc5 partition=2，正常处理
12:14:41.751 [scenario7-other-events-listener-0-C-1] DEBUG o.s.kafka.listener.KafkaMessageListenerContainer - Committing: {other-events-2=OffsetAndMetadata{offset=37, leaderEpoch=null, metadata=''}}
12:14:41.755 [kafka-coordinator-heartbeat-thread | slow-consumer-group] DEBUG o.a.k.c.consumer.internals.ConsumerCoordinator - [Consumer clientId=consumer-slow-consumer-group-1, groupId=slow-consumer-group] Sending Heartbeat request with generation 3 and member id consumer-slow-consumer-group-1-15f62eda-dd50-466c-ae34-4166ec5b4017 to coordinator localhost:9092 (id: 2147483646 rack: null isFenced: false)
12:14:41.761 [scenario7-other-events-listener-0-C-1] DEBUG o.a.k.c.consumer.internals.ConsumerCoordinator - [Consumer clientId=consumer-slow-consumer-group-2, groupId=slow-consumer-group] Committed offset 37 for partition other-events-2
12:14:41.761 [kafka-coordinator-heartbeat-thread | slow-consumer-group] DEBUG o.a.k.c.consumer.internals.ConsumerCoordinator - [Consumer clientId=consumer-slow-consumer-group-2, groupId=slow-consumer-group] Sending Heartbeat request with generation 3 and member id consumer-slow-consumer-group-2-929996d7-6dc3-4dab-8232-48c527a6ef79 to coordinator localhost:9092 (id: 2147483646 rack: null isFenced: false)
12:14:41.761 [scenario7-other-events-listener-0-C-1] INFO  c.e.k.listener.SplitTopicRebalanceListener - [other-events] 消息处理完成并已提交 offset id=1b8a8ac2-6b63-47dc-8aef-99b538f91dc5
12:14:41.764 [scenario7-other-events-listener-0-C-1] DEBUG o.a.k.c.consumer.internals.ConsumerCoordinator - [Consumer clientId=consumer-slow-consumer-group-2, groupId=slow-consumer-group] Received successful Heartbeat response
12:14:41.861 [kafka-coordinator-heartbeat-thread | slow-consumer-group] DEBUG o.a.k.c.consumer.internals.ConsumerCoordinator - [Consumer clientId=consumer-slow-consumer-group-1, groupId=slow-consumer-group] Received successful Heartbeat response
12:14:42.136 [scenario7-other-events-producer] INFO  c.e.kafkarebalance.producer.DemoEventProducer - 已发送消息 id=e92e7319-b645-4056-b9e3-71bef8ee0b81 topic=other-events key=0 slow=false retryTrigger=false flaky=false
12:14:42.151 [scenario7-other-events-listener-0-C-1] DEBUG o.s.kafka.listener.KafkaMessageListenerContainer - Received: 1 records
12:14:42.151 [scenario7-other-events-listener-0-C-1] DEBUG o.s.k.l.a.RecordMessagingMessageListenerAdapter - Processing [GenericMessage [payload=DemoEvent(id=e92e7319-b645-4056-b9e3-71bef8ee0b81, payload=demo-event-37, slow=false, retryTrigger=false, flaky=false, createdAt=2026-08-27T04:14:42.135823Z), headers={kafka_offset=37, kafka_consumer=org.springframework.kafka.core.DefaultKafkaConsumerFactory$ExtendedKafkaConsumer@87801db, kafka_timestampType=CREATE_TIME, kafka_receivedPartitionId=2, kafka_receivedMessageKey=0, kafka_receivedTopic=other-events, kafka_receivedTimestamp=1787804082136, kafka_acknowledgment=Acknowledgment for other-events-2@37, kafka_groupId=slow-consumer-group}]]
12:14:42.152 [scenario7-other-events-listener-0-C-1] INFO  c.e.k.listener.SplitTopicRebalanceListener - [other-events] 收到消息 id=e92e7319-b645-4056-b9e3-71bef8ee0b81 partition=2，正常处理
12:14:42.255 [scenario7-other-events-listener-0-C-1] DEBUG o.s.kafka.listener.KafkaMessageListenerContainer - Committing: {other-events-2=OffsetAndMetadata{offset=38, leaderEpoch=null, metadata=''}}
12:14:42.260 [scenario7-other-events-listener-0-C-1] DEBUG o.a.k.c.consumer.internals.ConsumerCoordinator - [Consumer clientId=consumer-slow-consumer-group-2, groupId=slow-consumer-group] Committed offset 38 for partition other-events-2
12:14:42.260 [scenario7-other-events-listener-0-C-1] INFO  c.e.k.listener.SplitTopicRebalanceListener - [other-events] 消息处理完成并已提交 offset id=e92e7319-b645-4056-b9e3-71bef8ee0b81
12:14:42.642 [scenario7-other-events-producer] INFO  c.e.kafkarebalance.producer.DemoEventProducer - 已发送消息 id=b5267943-858b-4e91-aa5e-3611a02ac612 topic=other-events key=0 slow=false retryTrigger=false flaky=false
12:14:42.650 [scenario7-other-events-listener-0-C-1] DEBUG o.s.kafka.listener.KafkaMessageListenerContainer - Received: 1 records
12:14:42.650 [scenario7-other-events-listener-0-C-1] DEBUG o.s.k.l.a.RecordMessagingMessageListenerAdapter - Processing [GenericMessage [payload=DemoEvent(id=b5267943-858b-4e91-aa5e-3611a02ac612, payload=demo-event-38, slow=false, retryTrigger=false, flaky=false, createdAt=2026-08-27T04:14:42.641898Z), headers={kafka_offset=38, kafka_consumer=org.springframework.kafka.core.DefaultKafkaConsumerFactory$ExtendedKafkaConsumer@87801db, kafka_timestampType=CREATE_TIME, kafka_receivedPartitionId=2, kafka_receivedMessageKey=0, kafka_receivedTopic=other-events, kafka_receivedTimestamp=1787804082641, kafka_acknowledgment=Acknowledgment for other-events-2@38, kafka_groupId=slow-consumer-group}]]
12:14:42.650 [scenario7-other-events-listener-0-C-1] INFO  c.e.k.listener.SplitTopicRebalanceListener - [other-events] 收到消息 id=b5267943-858b-4e91-aa5e-3611a02ac612 partition=2，正常处理
12:14:42.752 [scenario7-other-events-listener-0-C-1] DEBUG o.s.kafka.listener.KafkaMessageListenerContainer - Committing: {other-events-2=OffsetAndMetadata{offset=39, leaderEpoch=null, metadata=''}}
12:14:42.754 [scenario7-other-events-listener-0-C-1] DEBUG o.a.k.c.consumer.internals.ConsumerCoordinator - [Consumer clientId=consumer-slow-consumer-group-2, groupId=slow-consumer-group] Committed offset 39 for partition other-events-2
12:14:42.754 [scenario7-other-events-listener-0-C-1] INFO  c.e.k.listener.SplitTopicRebalanceListener - [other-events] 消息处理完成并已提交 offset id=b5267943-858b-4e91-aa5e-3611a02ac612
12:14:43.144 [scenario7-other-events-producer] INFO  c.e.kafkarebalance.producer.DemoEventProducer - 已发送消息 id=93b32894-7a8d-4d30-9564-9d01874b7e07 topic=other-events key=0 slow=false retryTrigger=false flaky=false
12:14:43.160 [scenario7-other-events-listener-0-C-1] DEBUG o.s.kafka.listener.KafkaMessageListenerContainer - Received: 1 records
12:14:43.160 [scenario7-other-events-listener-0-C-1] DEBUG o.s.k.l.a.RecordMessagingMessageListenerAdapter - Processing [GenericMessage [payload=DemoEvent(id=93b32894-7a8d-4d30-9564-9d01874b7e07, payload=demo-event-39, slow=false, retryTrigger=false, flaky=false, createdAt=2026-08-27T04:14:43.143484Z), headers={kafka_offset=39, kafka_consumer=org.springframework.kafka.core.DefaultKafkaConsumerFactory$ExtendedKafkaConsumer@87801db, kafka_timestampType=CREATE_TIME, kafka_receivedPartitionId=2, kafka_receivedMessageKey=0, kafka_receivedTopic=other-events, kafka_receivedTimestamp=1787804083143, kafka_acknowledgment=Acknowledgment for other-events-2@39, kafka_groupId=slow-consumer-group}]]
12:14:43.161 [scenario7-other-events-listener-0-C-1] INFO  c.e.k.listener.SplitTopicRebalanceListener - [other-events] 收到消息 id=93b32894-7a8d-4d30-9564-9d01874b7e07 partition=2，正常处理
12:14:43.268 [scenario7-other-events-listener-0-C-1] DEBUG o.s.kafka.listener.KafkaMessageListenerContainer - Committing: {other-events-2=OffsetAndMetadata{offset=40, leaderEpoch=null, metadata=''}}
12:14:43.282 [scenario7-other-events-listener-0-C-1] DEBUG o.a.k.c.consumer.internals.ConsumerCoordinator - [Consumer clientId=consumer-slow-consumer-group-2, groupId=slow-consumer-group] Committed offset 40 for partition other-events-2
12:14:43.282 [scenario7-other-events-listener-0-C-1] INFO  c.e.k.listener.SplitTopicRebalanceListener - [other-events] 消息处理完成并已提交 offset id=93b32894-7a8d-4d30-9564-9d01874b7e07
12:14:43.655 [scenario7-other-events-producer] INFO  c.e.kafkarebalance.producer.DemoEventProducer - 已发送消息 id=263eacb6-e09b-4a4b-8748-696bae097e9f topic=other-events key=0 slow=false retryTrigger=false flaky=false
12:14:43.675 [scenario7-other-events-listener-0-C-1] DEBUG o.s.kafka.listener.KafkaMessageListenerContainer - Received: 1 records
12:14:43.675 [scenario7-other-events-listener-0-C-1] DEBUG o.s.k.l.a.RecordMessagingMessageListenerAdapter - Processing [GenericMessage [payload=DemoEvent(id=263eacb6-e09b-4a4b-8748-696bae097e9f, payload=demo-event-40, slow=false, retryTrigger=false, flaky=false, createdAt=2026-08-27T04:14:43.652436Z), headers={kafka_offset=40, kafka_consumer=org.springframework.kafka.core.DefaultKafkaConsumerFactory$ExtendedKafkaConsumer@87801db, kafka_timestampType=CREATE_TIME, kafka_receivedPartitionId=2, kafka_receivedMessageKey=0, kafka_receivedTopic=other-events, kafka_receivedTimestamp=1787804083652, kafka_acknowledgment=Acknowledgment for other-events-2@40, kafka_groupId=slow-consumer-group}]]
12:14:43.675 [scenario7-other-events-listener-0-C-1] INFO  c.e.k.listener.SplitTopicRebalanceListener - [other-events] 收到消息 id=263eacb6-e09b-4a4b-8748-696bae097e9f partition=2，正常处理
12:14:43.780 [scenario7-other-events-listener-0-C-1] DEBUG o.s.kafka.listener.KafkaMessageListenerContainer - Committing: {other-events-2=OffsetAndMetadata{offset=41, leaderEpoch=null, metadata=''}}
12:14:43.786 [scenario7-other-events-listener-0-C-1] DEBUG o.a.k.c.consumer.internals.ConsumerCoordinator - [Consumer clientId=consumer-slow-consumer-group-2, groupId=slow-consumer-group] Committed offset 41 for partition other-events-2
12:14:43.786 [scenario7-other-events-listener-0-C-1] INFO  c.e.k.listener.SplitTopicRebalanceListener - [other-events] 消息处理完成并已提交 offset id=263eacb6-e09b-4a4b-8748-696bae097e9f
12:14:44.158 [scenario7-other-events-producer] INFO  c.e.kafkarebalance.producer.DemoEventProducer - 已发送消息 id=89c419d4-2cc9-4b97-8f91-944cfa033734 topic=other-events key=0 slow=false retryTrigger=false flaky=false
12:14:44.182 [scenario7-other-events-listener-0-C-1] DEBUG o.s.kafka.listener.KafkaMessageListenerContainer - Received: 1 records
12:14:44.182 [scenario7-other-events-listener-0-C-1] DEBUG o.s.k.l.a.RecordMessagingMessageListenerAdapter - Processing [GenericMessage [payload=DemoEvent(id=89c419d4-2cc9-4b97-8f91-944cfa033734, payload=demo-event-41, slow=false, retryTrigger=false, flaky=false, createdAt=2026-08-27T04:14:44.157624Z), headers={kafka_offset=41, kafka_consumer=org.springframework.kafka.core.DefaultKafkaConsumerFactory$ExtendedKafkaConsumer@87801db, kafka_timestampType=CREATE_TIME, kafka_receivedPartitionId=2, kafka_receivedMessageKey=0, kafka_receivedTopic=other-events, kafka_receivedTimestamp=1787804084157, kafka_acknowledgment=Acknowledgment for other-events-2@41, kafka_groupId=slow-consumer-group}]]
12:14:44.182 [scenario7-other-events-listener-0-C-1] INFO  c.e.k.listener.SplitTopicRebalanceListener - [other-events] 收到消息 id=89c419d4-2cc9-4b97-8f91-944cfa033734 partition=2，正常处理
12:14:44.286 [scenario7-other-events-listener-0-C-1] DEBUG o.s.kafka.listener.KafkaMessageListenerContainer - Committing: {other-events-2=OffsetAndMetadata{offset=42, leaderEpoch=null, metadata=''}}
12:14:44.295 [scenario7-other-events-listener-0-C-1] DEBUG o.a.k.c.consumer.internals.ConsumerCoordinator - [Consumer clientId=consumer-slow-consumer-group-2, groupId=slow-consumer-group] Committed offset 42 for partition other-events-2
12:14:44.296 [scenario7-other-events-listener-0-C-1] INFO  c.e.k.listener.SplitTopicRebalanceListener - [other-events] 消息处理完成并已提交 offset id=89c419d4-2cc9-4b97-8f91-944cfa033734
12:14:44.664 [scenario7-other-events-producer] INFO  c.e.kafkarebalance.producer.DemoEventProducer - 已发送消息 id=3435867f-c7f5-4b92-8f9e-33d0b62f4018 topic=other-events key=0 slow=false retryTrigger=false flaky=false
12:14:44.686 [scenario7-other-events-listener-0-C-1] DEBUG o.s.kafka.listener.KafkaMessageListenerContainer - Received: 1 records
12:14:44.686 [scenario7-other-events-listener-0-C-1] DEBUG o.s.k.l.a.RecordMessagingMessageListenerAdapter - Processing [GenericMessage [payload=DemoEvent(id=3435867f-c7f5-4b92-8f9e-33d0b62f4018, payload=demo-event-42, slow=false, retryTrigger=false, flaky=false, createdAt=2026-08-27T04:14:44.663427Z), headers={kafka_offset=42, kafka_consumer=org.springframework.kafka.core.DefaultKafkaConsumerFactory$ExtendedKafkaConsumer@87801db, kafka_timestampType=CREATE_TIME, kafka_receivedPartitionId=2, kafka_receivedMessageKey=0, kafka_receivedTopic=other-events, kafka_receivedTimestamp=1787804084663, kafka_acknowledgment=Acknowledgment for other-events-2@42, kafka_groupId=slow-consumer-group}]]
12:14:44.686 [scenario7-other-events-listener-0-C-1] INFO  c.e.k.listener.SplitTopicRebalanceListener - [other-events] 收到消息 id=3435867f-c7f5-4b92-8f9e-33d0b62f4018 partition=2，正常处理
12:14:44.785 [kafka-coordinator-heartbeat-thread | slow-consumer-group] DEBUG o.a.k.c.consumer.internals.ConsumerCoordinator - [Consumer clientId=consumer-slow-consumer-group-2, groupId=slow-consumer-group] Sending Heartbeat request with generation 3 and member id consumer-slow-consumer-group-2-929996d7-6dc3-4dab-8232-48c527a6ef79 to coordinator localhost:9092 (id: 2147483646 rack: null isFenced: false)
12:14:44.791 [scenario7-other-events-listener-0-C-1] DEBUG o.s.kafka.listener.KafkaMessageListenerContainer - Committing: {other-events-2=OffsetAndMetadata{offset=43, leaderEpoch=null, metadata=''}}
12:14:44.791 [scenario7-other-events-listener-0-C-1] DEBUG o.a.k.c.consumer.internals.ConsumerCoordinator - [Consumer clientId=consumer-slow-consumer-group-2, groupId=slow-consumer-group] Received successful Heartbeat response
12:14:44.796 [scenario7-other-events-listener-0-C-1] DEBUG o.a.k.c.consumer.internals.ConsumerCoordinator - [Consumer clientId=consumer-slow-consumer-group-2, groupId=slow-consumer-group] Committed offset 43 for partition other-events-2
12:14:44.797 [scenario7-other-events-listener-0-C-1] INFO  c.e.k.listener.SplitTopicRebalanceListener - [other-events] 消息处理完成并已提交 offset id=3435867f-c7f5-4b92-8f9e-33d0b62f4018
12:14:44.851 [kafka-coordinator-heartbeat-thread | slow-consumer-group] WARN  o.a.k.c.consumer.internals.ConsumerCoordinator - [Consumer clientId=consumer-slow-consumer-group-1, groupId=slow-consumer-group] consumer poll timeout has expired. This means the time between subsequent calls to poll() was longer than the configured max.poll.interval.ms, which typically implies that the poll loop is spending too much time processing messages. You can address this either by increasing max.poll.interval.ms or by reducing the maximum size of batches returned in poll() with max.poll.records.
12:14:44.851 [kafka-coordinator-heartbeat-thread | slow-consumer-group] INFO  o.a.k.c.consumer.internals.ConsumerCoordinator - [Consumer clientId=consumer-slow-consumer-group-1, groupId=slow-consumer-group] Member consumer-slow-consumer-group-1-15f62eda-dd50-466c-ae34-4166ec5b4017 sending LeaveGroup request to coordinator localhost:9092 (id: 2147483646 rack: null isFenced: false) due to consumer poll timeout has expired.
12:14:44.852 [kafka-coordinator-heartbeat-thread | slow-consumer-group] INFO  o.a.k.c.consumer.internals.ConsumerCoordinator - [Consumer clientId=consumer-slow-consumer-group-1, groupId=slow-consumer-group] Resetting generation and member id due to: consumer pro-actively leaving the group
12:14:44.852 [kafka-coordinator-heartbeat-thread | slow-consumer-group] INFO  o.a.k.c.consumer.internals.ConsumerCoordinator - [Consumer clientId=consumer-slow-consumer-group-1, groupId=slow-consumer-group] Request joining group due to: consumer pro-actively leaving the group
12:14:45.168 [scenario7-other-events-producer] INFO  c.e.kafkarebalance.producer.DemoEventProducer - 已发送消息 id=accb9c1e-abbf-45b7-8529-2a99e4a29f2b topic=other-events key=0 slow=false retryTrigger=false flaky=false
12:14:45.176 [scenario7-other-events-listener-0-C-1] DEBUG o.s.kafka.listener.KafkaMessageListenerContainer - Received: 1 records
12:14:45.176 [scenario7-other-events-listener-0-C-1] DEBUG o.s.k.l.a.RecordMessagingMessageListenerAdapter - Processing [GenericMessage [payload=DemoEvent(id=accb9c1e-abbf-45b7-8529-2a99e4a29f2b, payload=demo-event-43, slow=false, retryTrigger=false, flaky=false, createdAt=2026-08-27T04:14:45.168480Z), headers={kafka_offset=43, kafka_consumer=org.springframework.kafka.core.DefaultKafkaConsumerFactory$ExtendedKafkaConsumer@87801db, kafka_timestampType=CREATE_TIME, kafka_receivedPartitionId=2, kafka_receivedMessageKey=0, kafka_receivedTopic=other-events, kafka_receivedTimestamp=1787804085168, kafka_acknowledgment=Acknowledgment for other-events-2@43, kafka_groupId=slow-consumer-group}]]
12:14:45.176 [scenario7-other-events-listener-0-C-1] INFO  c.e.k.listener.SplitTopicRebalanceListener - [other-events] 收到消息 id=accb9c1e-abbf-45b7-8529-2a99e4a29f2b partition=2，正常处理
12:14:45.281 [scenario7-other-events-listener-0-C-1] DEBUG o.s.kafka.listener.KafkaMessageListenerContainer - Committing: {other-events-2=OffsetAndMetadata{offset=44, leaderEpoch=null, metadata=''}}
12:14:45.283 [scenario7-other-events-listener-0-C-1] DEBUG o.a.k.c.consumer.internals.ConsumerCoordinator - [Consumer clientId=consumer-slow-consumer-group-2, groupId=slow-consumer-group] Committed offset 44 for partition other-events-2
12:14:45.283 [scenario7-other-events-listener-0-C-1] INFO  c.e.k.listener.SplitTopicRebalanceListener - [other-events] 消息处理完成并已提交 offset id=accb9c1e-abbf-45b7-8529-2a99e4a29f2b
12:14:45.678 [scenario7-other-events-producer] INFO  c.e.kafkarebalance.producer.DemoEventProducer - 已发送消息 id=e7463394-0d61-4661-9560-3cfbb7112604 topic=other-events key=0 slow=false retryTrigger=false flaky=false
12:14:45.694 [scenario7-other-events-listener-0-C-1] DEBUG o.s.kafka.listener.KafkaMessageListenerContainer - Received: 1 records
12:14:45.694 [scenario7-other-events-listener-0-C-1] DEBUG o.s.k.l.a.RecordMessagingMessageListenerAdapter - Processing [GenericMessage [payload=DemoEvent(id=e7463394-0d61-4661-9560-3cfbb7112604, payload=demo-event-44, slow=false, retryTrigger=false, flaky=false, createdAt=2026-08-27T04:14:45.677796Z), headers={kafka_offset=44, kafka_consumer=org.springframework.kafka.core.DefaultKafkaConsumerFactory$ExtendedKafkaConsumer@87801db, kafka_timestampType=CREATE_TIME, kafka_receivedPartitionId=2, kafka_receivedMessageKey=0, kafka_receivedTopic=other-events, kafka_receivedTimestamp=1787804085678, kafka_acknowledgment=Acknowledgment for other-events-2@44, kafka_groupId=slow-consumer-group}]]
12:14:45.694 [scenario7-other-events-listener-0-C-1] INFO  c.e.k.listener.SplitTopicRebalanceListener - [other-events] 收到消息 id=e7463394-0d61-4661-9560-3cfbb7112604 partition=2，正常处理
12:14:45.799 [scenario7-other-events-listener-0-C-1] DEBUG o.s.kafka.listener.KafkaMessageListenerContainer - Committing: {other-events-2=OffsetAndMetadata{offset=45, leaderEpoch=null, metadata=''}}
12:14:45.805 [scenario7-other-events-listener-0-C-1] DEBUG o.a.k.c.consumer.internals.ConsumerCoordinator - [Consumer clientId=consumer-slow-consumer-group-2, groupId=slow-consumer-group] Committed offset 45 for partition other-events-2
12:14:45.806 [scenario7-other-events-listener-0-C-1] INFO  c.e.k.listener.SplitTopicRebalanceListener - [other-events] 消息处理完成并已提交 offset id=e7463394-0d61-4661-9560-3cfbb7112604
12:14:46.181 [scenario7-other-events-producer] INFO  c.e.kafkarebalance.producer.DemoEventProducer - 已发送消息 id=a72835aa-5ec2-47d6-853c-27439626f11c topic=other-events key=0 slow=false retryTrigger=false flaky=false
12:14:46.198 [scenario7-other-events-listener-0-C-1] DEBUG o.s.kafka.listener.KafkaMessageListenerContainer - Received: 1 records
12:14:46.198 [scenario7-other-events-listener-0-C-1] DEBUG o.s.k.l.a.RecordMessagingMessageListenerAdapter - Processing [GenericMessage [payload=DemoEvent(id=a72835aa-5ec2-47d6-853c-27439626f11c, payload=demo-event-45, slow=false, retryTrigger=false, flaky=false, createdAt=2026-08-27T04:14:46.180595Z), headers={kafka_offset=45, kafka_consumer=org.springframework.kafka.core.DefaultKafkaConsumerFactory$ExtendedKafkaConsumer@87801db, kafka_timestampType=CREATE_TIME, kafka_receivedPartitionId=2, kafka_receivedMessageKey=0, kafka_receivedTopic=other-events, kafka_receivedTimestamp=1787804086180, kafka_acknowledgment=Acknowledgment for other-events-2@45, kafka_groupId=slow-consumer-group}]]
12:14:46.198 [scenario7-other-events-listener-0-C-1] INFO  c.e.k.listener.SplitTopicRebalanceListener - [other-events] 收到消息 id=a72835aa-5ec2-47d6-853c-27439626f11c partition=2，正常处理
12:14:46.303 [scenario7-other-events-listener-0-C-1] DEBUG o.s.kafka.listener.KafkaMessageListenerContainer - Committing: {other-events-2=OffsetAndMetadata{offset=46, leaderEpoch=null, metadata=''}}
12:14:46.310 [scenario7-other-events-listener-0-C-1] DEBUG o.a.k.c.consumer.internals.ConsumerCoordinator - [Consumer clientId=consumer-slow-consumer-group-2, groupId=slow-consumer-group] Committed offset 46 for partition other-events-2
12:14:46.311 [scenario7-other-events-listener-0-C-1] INFO  c.e.k.listener.SplitTopicRebalanceListener - [other-events] 消息处理完成并已提交 offset id=a72835aa-5ec2-47d6-853c-27439626f11c
12:14:46.686 [scenario7-other-events-producer] INFO  c.e.kafkarebalance.producer.DemoEventProducer - 已发送消息 id=11f5a3cb-1d52-4ae0-8880-17a0284e95d7 topic=other-events key=0 slow=false retryTrigger=false flaky=false
12:14:46.700 [scenario7-other-events-listener-0-C-1] DEBUG o.s.kafka.listener.KafkaMessageListenerContainer - Received: 1 records
12:14:46.700 [scenario7-other-events-listener-0-C-1] DEBUG o.s.k.l.a.RecordMessagingMessageListenerAdapter - Processing [GenericMessage [payload=DemoEvent(id=11f5a3cb-1d52-4ae0-8880-17a0284e95d7, payload=demo-event-46, slow=false, retryTrigger=false, flaky=false, createdAt=2026-08-27T04:14:46.685753Z), headers={kafka_offset=46, kafka_consumer=org.springframework.kafka.core.DefaultKafkaConsumerFactory$ExtendedKafkaConsumer@87801db, kafka_timestampType=CREATE_TIME, kafka_receivedPartitionId=2, kafka_receivedMessageKey=0, kafka_receivedTopic=other-events, kafka_receivedTimestamp=1787804086685, kafka_acknowledgment=Acknowledgment for other-events-2@46, kafka_groupId=slow-consumer-group}]]
12:14:46.701 [scenario7-other-events-listener-0-C-1] INFO  c.e.k.listener.SplitTopicRebalanceListener - [other-events] 收到消息 id=11f5a3cb-1d52-4ae0-8880-17a0284e95d7 partition=2，正常处理
12:14:46.804 [scenario7-other-events-listener-0-C-1] DEBUG o.s.kafka.listener.KafkaMessageListenerContainer - Committing: {other-events-2=OffsetAndMetadata{offset=47, leaderEpoch=null, metadata=''}}
12:14:46.810 [scenario7-other-events-listener-0-C-1] DEBUG o.a.k.c.consumer.internals.ConsumerCoordinator - [Consumer clientId=consumer-slow-consumer-group-2, groupId=slow-consumer-group] Committed offset 47 for partition other-events-2
12:14:46.810 [scenario7-other-events-listener-0-C-1] INFO  c.e.k.listener.SplitTopicRebalanceListener - [other-events] 消息处理完成并已提交 offset id=11f5a3cb-1d52-4ae0-8880-17a0284e95d7
12:14:47.190 [scenario7-other-events-producer] INFO  c.e.kafkarebalance.producer.DemoEventProducer - 已发送消息 id=97e42d87-4e69-4763-986c-3e0bd0b0db2b topic=other-events key=0 slow=false retryTrigger=false flaky=false
12:14:47.207 [scenario7-other-events-listener-0-C-1] DEBUG o.s.kafka.listener.KafkaMessageListenerContainer - Received: 1 records
12:14:47.207 [scenario7-other-events-listener-0-C-1] DEBUG o.s.k.l.a.RecordMessagingMessageListenerAdapter - Processing [GenericMessage [payload=DemoEvent(id=97e42d87-4e69-4763-986c-3e0bd0b0db2b, payload=demo-event-47, slow=false, retryTrigger=false, flaky=false, createdAt=2026-08-27T04:14:47.189149Z), headers={kafka_offset=47, kafka_consumer=org.springframework.kafka.core.DefaultKafkaConsumerFactory$ExtendedKafkaConsumer@87801db, kafka_timestampType=CREATE_TIME, kafka_receivedPartitionId=2, kafka_receivedMessageKey=0, kafka_receivedTopic=other-events, kafka_receivedTimestamp=1787804087189, kafka_acknowledgment=Acknowledgment for other-events-2@47, kafka_groupId=slow-consumer-group}]]
12:14:47.208 [scenario7-other-events-listener-0-C-1] INFO  c.e.k.listener.SplitTopicRebalanceListener - [other-events] 收到消息 id=97e42d87-4e69-4763-986c-3e0bd0b0db2b partition=2，正常处理
12:14:47.313 [scenario7-other-events-listener-0-C-1] DEBUG o.s.kafka.listener.KafkaMessageListenerContainer - Committing: {other-events-2=OffsetAndMetadata{offset=48, leaderEpoch=null, metadata=''}}
12:14:47.321 [scenario7-other-events-listener-0-C-1] DEBUG o.a.k.c.consumer.internals.ConsumerCoordinator - [Consumer clientId=consumer-slow-consumer-group-2, groupId=slow-consumer-group] Committed offset 48 for partition other-events-2
12:14:47.321 [scenario7-other-events-listener-0-C-1] INFO  c.e.k.listener.SplitTopicRebalanceListener - [other-events] 消息处理完成并已提交 offset id=97e42d87-4e69-4763-986c-3e0bd0b0db2b
12:14:47.695 [scenario7-other-events-producer] INFO  c.e.kafkarebalance.producer.DemoEventProducer - 已发送消息 id=84830802-0fb0-4298-9121-2eaa23d4ff66 topic=other-events key=0 slow=false retryTrigger=false flaky=false
12:14:47.712 [scenario7-other-events-listener-0-C-1] DEBUG o.s.kafka.listener.KafkaMessageListenerContainer - Received: 1 records
12:14:47.712 [scenario7-other-events-listener-0-C-1] DEBUG o.s.k.l.a.RecordMessagingMessageListenerAdapter - Processing [GenericMessage [payload=DemoEvent(id=84830802-0fb0-4298-9121-2eaa23d4ff66, payload=demo-event-48, slow=false, retryTrigger=false, flaky=false, createdAt=2026-08-27T04:14:47.694403Z), headers={kafka_offset=48, kafka_consumer=org.springframework.kafka.core.DefaultKafkaConsumerFactory$ExtendedKafkaConsumer@87801db, kafka_timestampType=CREATE_TIME, kafka_receivedPartitionId=2, kafka_receivedMessageKey=0, kafka_receivedTopic=other-events, kafka_receivedTimestamp=1787804087694, kafka_acknowledgment=Acknowledgment for other-events-2@48, kafka_groupId=slow-consumer-group}]]
12:14:47.713 [scenario7-other-events-listener-0-C-1] INFO  c.e.k.listener.SplitTopicRebalanceListener - [other-events] 收到消息 id=84830802-0fb0-4298-9121-2eaa23d4ff66 partition=2，正常处理
12:14:47.816 [scenario7-other-events-listener-0-C-1] DEBUG o.s.kafka.listener.KafkaMessageListenerContainer - Committing: {other-events-2=OffsetAndMetadata{offset=49, leaderEpoch=null, metadata=''}}
12:14:47.816 [kafka-coordinator-heartbeat-thread | slow-consumer-group] DEBUG o.a.k.c.consumer.internals.ConsumerCoordinator - [Consumer clientId=consumer-slow-consumer-group-2, groupId=slow-consumer-group] Sending Heartbeat request with generation 3 and member id consumer-slow-consumer-group-2-929996d7-6dc3-4dab-8232-48c527a6ef79 to coordinator localhost:9092 (id: 2147483646 rack: null isFenced: false)
12:14:47.821 [scenario7-other-events-listener-0-C-1] INFO  o.a.k.c.consumer.internals.ConsumerCoordinator - [Consumer clientId=consumer-slow-consumer-group-2, groupId=slow-consumer-group] Request joining group due to: group is already rebalancing
12:14:47.825 [scenario7-other-events-listener-0-C-1] DEBUG o.a.k.c.consumer.internals.ConsumerCoordinator - [Consumer clientId=consumer-slow-consumer-group-2, groupId=slow-consumer-group] Committed offset 49 for partition other-events-2
12:14:47.825 [scenario7-other-events-listener-0-C-1] INFO  c.e.k.listener.SplitTopicRebalanceListener - [other-events] 消息处理完成并已提交 offset id=84830802-0fb0-4298-9121-2eaa23d4ff66
12:14:47.825 [scenario7-other-events-listener-0-C-1] DEBUG o.a.k.c.consumer.internals.ConsumerCoordinator - [Consumer clientId=consumer-slow-consumer-group-2, groupId=slow-consumer-group] Executing onJoinPrepare with generation 3 and memberId consumer-slow-consumer-group-2-929996d7-6dc3-4dab-8232-48c527a6ef79
12:14:47.825 [scenario7-other-events-listener-0-C-1] INFO  o.a.k.c.c.i.ConsumerRebalanceListenerInvoker - [Consumer clientId=consumer-slow-consumer-group-2, groupId=slow-consumer-group] Revoke previously assigned partitions [other-events-0, other-events-1, other-events-2]
12:14:47.825 [scenario7-other-events-listener-0-C-1] INFO  o.s.kafka.listener.KafkaMessageListenerContainer - slow-consumer-group: partitions revoked: [other-events-0, other-events-1, other-events-2]
12:14:47.825 [scenario7-other-events-listener-0-C-1] INFO  o.a.k.c.consumer.internals.ConsumerCoordinator - [Consumer clientId=consumer-slow-consumer-group-2, groupId=slow-consumer-group] (Re-)joining group
12:14:47.825 [scenario7-other-events-listener-0-C-1] DEBUG o.a.k.c.consumer.internals.ConsumerCoordinator - [Consumer clientId=consumer-slow-consumer-group-2, groupId=slow-consumer-group] Joining group with current subscription: [other-events]
12:14:47.825 [scenario7-other-events-listener-0-C-1] DEBUG o.a.k.c.consumer.internals.ConsumerCoordinator - [Consumer clientId=consumer-slow-consumer-group-2, groupId=slow-consumer-group] Sending JoinGroup (JoinGroupRequestData(groupId='slow-consumer-group', sessionTimeoutMs=10000, rebalanceTimeoutMs=6000, memberId='consumer-slow-consumer-group-2-929996d7-6dc3-4dab-8232-48c527a6ef79', groupInstanceId=null, protocolType='consumer', protocols=[JoinGroupRequestProtocol(name='range', metadata=[0, 3, 0, 0, 0, 1, 0, 12, 111, 116, 104, 101, 114, 45, 101, 118, 101, 110, 116, 115, -1, -1, -1, -1, 0, 0, 0, 0, 0, 0, 0, 3, -1, -1]), JoinGroupRequestProtocol(name='cooperative-sticky', metadata=[0, 3, 0, 0, 0, 1, 0, 12, 111, 116, 104, 101, 114, 45, 101, 118, 101, 110, 116, 115, 0, 0, 0, 4, -1, -1, -1, -1, 0, 0, 0, 0, 0, 0, 0, 3, -1, -1])], reason='group is already rebalancing')) to coordinator localhost:9092 (id: 2147483646 rack: null isFenced: false)
12:14:47.829 [scenario7-other-events-listener-0-C-1] DEBUG o.a.k.c.consumer.internals.ConsumerCoordinator - [Consumer clientId=consumer-slow-consumer-group-2, groupId=slow-consumer-group] Received successful JoinGroup response: JoinGroupResponseData(throttleTimeMs=0, errorCode=0, generationId=4, protocolType='consumer', protocolName='range', leader='consumer-slow-consumer-group-2-929996d7-6dc3-4dab-8232-48c527a6ef79', skipAssignment=false, memberId='consumer-slow-consumer-group-2-929996d7-6dc3-4dab-8232-48c527a6ef79', members=[JoinGroupResponseMember(memberId='consumer-slow-consumer-group-2-929996d7-6dc3-4dab-8232-48c527a6ef79', groupInstanceId=null, metadata=[0, 3, 0, 0, 0, 1, 0, 12, 111, 116, 104, 101, 114, 45, 101, 118, 101, 110, 116, 115, -1, -1, -1, -1, 0, 0, 0, 0, 0, 0, 0, 3, -1, -1])])
12:14:47.829 [scenario7-other-events-listener-0-C-1] DEBUG o.a.k.c.consumer.internals.ConsumerCoordinator - [Consumer clientId=consumer-slow-consumer-group-2, groupId=slow-consumer-group] Enabling heartbeat thread
12:14:47.829 [scenario7-other-events-listener-0-C-1] INFO  o.a.k.c.consumer.internals.ConsumerCoordinator - [Consumer clientId=consumer-slow-consumer-group-2, groupId=slow-consumer-group] Successfully joined group with generation Generation{generationId=4, memberId='consumer-slow-consumer-group-2-929996d7-6dc3-4dab-8232-48c527a6ef79', protocol='range'}
12:14:47.829 [scenario7-other-events-listener-0-C-1] DEBUG o.a.k.c.consumer.internals.ConsumerCoordinator - [Consumer clientId=consumer-slow-consumer-group-2, groupId=slow-consumer-group] Performing assignment using strategy range with subscriptions {consumer-slow-consumer-group-2-929996d7-6dc3-4dab-8232-48c527a6ef79=Subscription(topics=[other-events], ownedPartitions=[], groupInstanceId=null, generationId=3, rackId=null)}
12:14:47.829 [scenario7-other-events-listener-0-C-1] INFO  o.a.k.c.consumer.internals.ConsumerCoordinator - [Consumer clientId=consumer-slow-consumer-group-2, groupId=slow-consumer-group] Finished assignment for group at generation 4: {consumer-slow-consumer-group-2-929996d7-6dc3-4dab-8232-48c527a6ef79=Assignment(partitions=[other-events-0, other-events-1, other-events-2])}
12:14:47.829 [scenario7-other-events-listener-0-C-1] DEBUG o.a.k.c.consumer.internals.ConsumerCoordinator - [Consumer clientId=consumer-slow-consumer-group-2, groupId=slow-consumer-group] Sending leader SyncGroup to coordinator localhost:9092 (id: 2147483646 rack: null isFenced: false): SyncGroupRequestData(groupId='slow-consumer-group', generationId=4, memberId='consumer-slow-consumer-group-2-929996d7-6dc3-4dab-8232-48c527a6ef79', groupInstanceId=null, protocolType='consumer', protocolName='range', assignments=[SyncGroupRequestAssignment(memberId='consumer-slow-consumer-group-2-929996d7-6dc3-4dab-8232-48c527a6ef79', assignment=[0, 3, 0, 0, 0, 1, 0, 12, 111, 116, 104, 101, 114, 45, 101, 118, 101, 110, 116, 115, 0, 0, 0, 3, 0, 0, 0, 0, 0, 0, 0, 1, 0, 0, 0, 2, -1, -1, -1, -1])])
12:14:47.832 [scenario7-other-events-listener-0-C-1] DEBUG o.a.k.c.consumer.internals.ConsumerCoordinator - [Consumer clientId=consumer-slow-consumer-group-2, groupId=slow-consumer-group] Received successful SyncGroup response: SyncGroupResponseData(throttleTimeMs=0, errorCode=0, protocolType='consumer', protocolName='range', assignment=[0, 3, 0, 0, 0, 1, 0, 12, 111, 116, 104, 101, 114, 45, 101, 118, 101, 110, 116, 115, 0, 0, 0, 3, 0, 0, 0, 0, 0, 0, 0, 1, 0, 0, 0, 2, -1, -1, -1, -1])
12:14:47.832 [scenario7-other-events-listener-0-C-1] INFO  o.a.k.c.consumer.internals.ConsumerCoordinator - [Consumer clientId=consumer-slow-consumer-group-2, groupId=slow-consumer-group] Successfully synced group in generation Generation{generationId=4, memberId='consumer-slow-consumer-group-2-929996d7-6dc3-4dab-8232-48c527a6ef79', protocol='range'}
12:14:47.832 [scenario7-other-events-listener-0-C-1] DEBUG o.a.k.c.consumer.internals.ConsumerCoordinator - [Consumer clientId=consumer-slow-consumer-group-2, groupId=slow-consumer-group] Executing onJoinComplete with generation 4 and memberId consumer-slow-consumer-group-2-929996d7-6dc3-4dab-8232-48c527a6ef79
12:14:47.832 [scenario7-other-events-listener-0-C-1] INFO  o.a.k.c.consumer.internals.ConsumerCoordinator - [Consumer clientId=consumer-slow-consumer-group-2, groupId=slow-consumer-group] Notifying assignor about the new Assignment(partitions=[other-events-0, other-events-1, other-events-2])
12:14:47.832 [scenario7-other-events-listener-0-C-1] INFO  o.a.k.c.c.i.ConsumerRebalanceListenerInvoker - [Consumer clientId=consumer-slow-consumer-group-2, groupId=slow-consumer-group] Adding newly assigned partitions: [other-events-0, other-events-1, other-events-2]
12:14:47.832 [scenario7-other-events-listener-0-C-1] DEBUG o.a.k.c.consumer.internals.ConsumerCoordinator - [Consumer clientId=consumer-slow-consumer-group-2, groupId=slow-consumer-group] Fetching committed offsets for partitions: [other-events-0, other-events-1, other-events-2]
12:14:47.835 [scenario7-other-events-listener-0-C-1] INFO  o.a.k.c.consumer.internals.ConsumerCoordinator - [Consumer clientId=consumer-slow-consumer-group-2, groupId=slow-consumer-group] Found no committed offset for partition other-events-0
12:14:47.835 [scenario7-other-events-listener-0-C-1] INFO  o.a.k.c.consumer.internals.ConsumerCoordinator - [Consumer clientId=consumer-slow-consumer-group-2, groupId=slow-consumer-group] Found no committed offset for partition other-events-1
12:14:47.835 [scenario7-other-events-listener-0-C-1] INFO  o.a.kafka.clients.consumer.internals.ConsumerUtils - Setting offset for partition other-events-2 to the committed offset FetchPosition{offset=49, offsetEpoch=Optional.empty, currentLeader=LeaderAndEpoch{leader=Optional[localhost:9092 (id: 1 rack: null isFenced: false)], epoch=0}}
12:14:47.839 [scenario7-other-events-listener-0-C-1] INFO  o.a.k.clients.consumer.internals.SubscriptionState - [Consumer clientId=consumer-slow-consumer-group-2, groupId=slow-consumer-group] Resetting offset for partition other-events-0 to position FetchPosition{offset=0, offsetEpoch=Optional.empty, currentLeader=LeaderAndEpoch{leader=Optional[localhost:9092 (id: 1 rack: null isFenced: false)], epoch=0}}.
12:14:47.839 [scenario7-other-events-listener-0-C-1] INFO  o.a.k.clients.consumer.internals.SubscriptionState - [Consumer clientId=consumer-slow-consumer-group-2, groupId=slow-consumer-group] Resetting offset for partition other-events-1 to position FetchPosition{offset=0, offsetEpoch=Optional.empty, currentLeader=LeaderAndEpoch{leader=Optional[localhost:9092 (id: 1 rack: null isFenced: false)], epoch=0}}.
12:14:47.839 [scenario7-other-events-listener-0-C-1] INFO  o.s.kafka.listener.KafkaMessageListenerContainer - slow-consumer-group: partitions assigned: [other-events-0, other-events-1, other-events-2]
12:14:48.200 [scenario7-other-events-producer] INFO  c.e.kafkarebalance.producer.DemoEventProducer - 已发送消息 id=34f68eab-b7d1-452f-8c08-f2c8556f51dc topic=other-events key=0 slow=false retryTrigger=false flaky=false
12:14:48.217 [scenario7-other-events-listener-0-C-1] DEBUG o.s.kafka.listener.KafkaMessageListenerContainer - Received: 1 records
12:14:48.217 [scenario7-other-events-listener-0-C-1] DEBUG o.s.k.l.a.RecordMessagingMessageListenerAdapter - Processing [GenericMessage [payload=DemoEvent(id=34f68eab-b7d1-452f-8c08-f2c8556f51dc, payload=demo-event-49, slow=false, retryTrigger=false, flaky=false, createdAt=2026-08-27T04:14:48.199835Z), headers={kafka_offset=49, kafka_consumer=org.springframework.kafka.core.DefaultKafkaConsumerFactory$ExtendedKafkaConsumer@87801db, kafka_timestampType=CREATE_TIME, kafka_receivedPartitionId=2, kafka_receivedMessageKey=0, kafka_receivedTopic=other-events, kafka_receivedTimestamp=1787804088199, kafka_acknowledgment=Acknowledgment for other-events-2@49, kafka_groupId=slow-consumer-group}]]
12:14:48.217 [scenario7-other-events-listener-0-C-1] INFO  c.e.k.listener.SplitTopicRebalanceListener - [other-events] 收到消息 id=34f68eab-b7d1-452f-8c08-f2c8556f51dc partition=2，正常处理
12:14:48.318 [scenario7-other-events-listener-0-C-1] DEBUG o.s.kafka.listener.KafkaMessageListenerContainer - Committing: {other-events-2=OffsetAndMetadata{offset=50, leaderEpoch=null, metadata=''}}
12:14:48.327 [scenario7-other-events-listener-0-C-1] DEBUG o.a.k.c.consumer.internals.ConsumerCoordinator - [Consumer clientId=consumer-slow-consumer-group-2, groupId=slow-consumer-group] Committed offset 50 for partition other-events-2
12:14:48.327 [scenario7-other-events-listener-0-C-1] INFO  c.e.k.listener.SplitTopicRebalanceListener - [other-events] 消息处理完成并已提交 offset id=34f68eab-b7d1-452f-8c08-f2c8556f51dc
12:14:48.704 [scenario7-other-events-producer] INFO  c.e.kafkarebalance.producer.DemoEventProducer - 已发送消息 id=d20bd955-4676-4856-9bf3-c7934cbe3ab9 topic=other-events key=0 slow=false retryTrigger=false flaky=false
12:14:48.717 [scenario7-other-events-listener-0-C-1] DEBUG o.s.kafka.listener.KafkaMessageListenerContainer - Received: 1 records
12:14:48.717 [scenario7-other-events-listener-0-C-1] DEBUG o.s.k.l.a.RecordMessagingMessageListenerAdapter - Processing [GenericMessage [payload=DemoEvent(id=d20bd955-4676-4856-9bf3-c7934cbe3ab9, payload=demo-event-50, slow=false, retryTrigger=false, flaky=false, createdAt=2026-08-27T04:14:48.703304Z), headers={kafka_offset=50, kafka_consumer=org.springframework.kafka.core.DefaultKafkaConsumerFactory$ExtendedKafkaConsumer@87801db, kafka_timestampType=CREATE_TIME, kafka_receivedPartitionId=2, kafka_receivedMessageKey=0, kafka_receivedTopic=other-events, kafka_receivedTimestamp=1787804088703, kafka_acknowledgment=Acknowledgment for other-events-2@50, kafka_groupId=slow-consumer-group}]]
12:14:48.717 [scenario7-other-events-listener-0-C-1] INFO  c.e.k.listener.SplitTopicRebalanceListener - [other-events] 收到消息 id=d20bd955-4676-4856-9bf3-c7934cbe3ab9 partition=2，正常处理
12:14:48.767 [scenario7-slow-events-listener-0-C-1] DEBUG o.s.kafka.listener.KafkaMessageListenerContainer - Committing: {slow-events-2=OffsetAndMetadata{offset=1, leaderEpoch=null, metadata=''}}
12:14:48.767 [scenario7-slow-events-listener-0-C-1] INFO  o.a.k.c.consumer.internals.ConsumerCoordinator - [Consumer clientId=consumer-slow-consumer-group-1, groupId=slow-consumer-group] Failing OffsetCommit request since the consumer is not part of an active group
12:14:48.768 [scenario7-slow-events-listener-0-C-1] DEBUG o.a.k.c.consumer.internals.ConsumerCoordinator - [Consumer clientId=consumer-slow-consumer-group-1, groupId=slow-consumer-group] LeaveGroup response with Generation{generationId=3, memberId='consumer-slow-consumer-group-1-15f62eda-dd50-466c-ae34-4166ec5b4017', protocol='range'} returned successfully: ClientResponse(receivedTimeMs=1787804088768, latencyMs=3917, disconnected=false, timedOut=false, requestHeader=RequestHeader(apiKey=LEAVE_GROUP, apiVersion=5, clientId=consumer-slow-consumer-group-1, correlationId=45, headerVersion=2), responseBody=LeaveGroupResponseData(throttleTimeMs=0, errorCode=0, members=[MemberResponse(memberId='consumer-slow-consumer-group-1-15f62eda-dd50-466c-ae34-4166ec5b4017', groupInstanceId=null, errorCode=0)]))
12:14:48.768 [scenario7-slow-events-listener-0-C-1] WARN  c.e.k.listener.SplitTopicRebalanceListener - [slow-events] 提交 offset 失败，可能因 rebalance 导致该分区已被回收 id=a2554d8b-b469-4e3d-92e9-a76cdcb66fe1
org.apache.kafka.clients.consumer.CommitFailedException: Offset commit cannot be completed since the consumer is not part of an active group for auto partition assignment; it is likely that the consumer was kicked out of the group.
	at org.apache.kafka.clients.consumer.internals.ConsumerCoordinator.sendOffsetCommitRequest(ConsumerCoordinator.java:1320)
	at org.apache.kafka.clients.consumer.internals.ConsumerCoordinator.commitOffsetsSync(ConsumerCoordinator.java:1155)
	at org.apache.kafka.clients.consumer.internals.ClassicKafkaConsumer.commitSync(ClassicKafkaConsumer.java:747)
	at org.apache.kafka.clients.consumer.KafkaConsumer.commitSync(KafkaConsumer.java:1094)
	at org.springframework.kafka.listener.KafkaMessageListenerContainer$ListenerConsumer.doCommitSync(KafkaMessageListenerContainer.java:3474)
	at org.springframework.kafka.listener.KafkaMessageListenerContainer$ListenerConsumer.commitSync(KafkaMessageListenerContainer.java:3469)
	at org.springframework.kafka.listener.KafkaMessageListenerContainer$ListenerConsumer.commitOffsets(KafkaMessageListenerContainer.java:3452)
	at org.springframework.kafka.listener.KafkaMessageListenerContainer$ListenerConsumer.commitOffsetsInTransactions(KafkaMessageListenerContainer.java:3443)
	at org.springframework.kafka.listener.KafkaMessageListenerContainer$ListenerConsumer.ackImmediate(KafkaMessageListenerContainer.java:2187)
	at org.springframework.kafka.listener.KafkaMessageListenerContainer$ListenerConsumer.processAck(KafkaMessageListenerContainer.java:2082)
	at org.springframework.kafka.listener.KafkaMessageListenerContainer$ListenerConsumer.doAck(KafkaMessageListenerContainer.java:2062)
	at org.springframework.kafka.listener.KafkaMessageListenerContainer$ListenerConsumer$ConsumerAcknowledgment.acknowledge(KafkaMessageListenerContainer.java:3622)
	at com.example.kafkarebalance.listener.SplitTopicRebalanceListener.onSlowEvent(SplitTopicRebalanceListener.kt:66)
	at java.base/jdk.internal.reflect.DirectMethodHandleAccessor.invoke(DirectMethodHandleAccessor.java:104)
	at java.base/java.lang.reflect.Method.invoke(Method.java:565)
	at org.springframework.messaging.handler.invocation.InvocableHandlerMethod.doInvoke(InvocableHandlerMethod.java:168)
	at org.springframework.kafka.listener.adapter.KotlinAwareInvocableHandlerMethod.doInvoke(KotlinAwareInvocableHandlerMethod.java:48)
	at org.springframework.messaging.handler.invocation.InvocableHandlerMethod.invoke(InvocableHandlerMethod.java:119)
	at org.springframework.kafka.listener.adapter.HandlerAdapter.invoke(HandlerAdapter.java:80)
	at org.springframework.kafka.listener.adapter.MessagingMessageListenerAdapter.invokeHandler(MessagingMessageListenerAdapter.java:488)
	at org.springframework.kafka.listener.adapter.MessagingMessageListenerAdapter.invoke(MessagingMessageListenerAdapter.java:425)
	at org.springframework.kafka.listener.adapter.RecordMessagingMessageListenerAdapter.onMessage(RecordMessagingMessageListenerAdapter.java:92)
	at org.springframework.kafka.listener.adapter.RecordMessagingMessageListenerAdapter.onMessage(RecordMessagingMessageListenerAdapter.java:52)
	at org.springframework.kafka.listener.KafkaMessageListenerContainer$ListenerConsumer.doInvokeOnMessage(KafkaMessageListenerContainer.java:2948)
	at org.springframework.kafka.listener.KafkaMessageListenerContainer$ListenerConsumer.invokeOnMessage(KafkaMessageListenerContainer.java:2927)
	at org.springframework.kafka.listener.KafkaMessageListenerContainer$ListenerConsumer.doInvokeRecordListener(KafkaMessageListenerContainer.java:2837)
	at org.springframework.kafka.listener.KafkaMessageListenerContainer$ListenerConsumer.doInvokeWithRecords(KafkaMessageListenerContainer.java:2679)
	at org.springframework.kafka.listener.KafkaMessageListenerContainer$ListenerConsumer.invokeRecordListener(KafkaMessageListenerContainer.java:2573)
	at org.springframework.kafka.listener.KafkaMessageListenerContainer$ListenerConsumer.invokeListener(KafkaMessageListenerContainer.java:2204)
	at org.springframework.kafka.listener.KafkaMessageListenerContainer$ListenerConsumer.invokeIfHaveRecords(KafkaMessageListenerContainer.java:1559)
	at org.springframework.kafka.listener.KafkaMessageListenerContainer$ListenerConsumer.pollAndInvoke(KafkaMessageListenerContainer.java:1499)
	at org.springframework.kafka.listener.KafkaMessageListenerContainer$ListenerConsumer.run(KafkaMessageListenerContainer.java:1368)
	at java.base/java.util.concurrent.CompletableFuture$AsyncRun.run(CompletableFuture.java:1825)
	at java.base/java.lang.Thread.run(Thread.java:1474)
12:14:48.768 [scenario7-slow-events-listener-0-C-1] DEBUG o.a.k.c.consumer.internals.ConsumerCoordinator - [Consumer clientId=consumer-slow-consumer-group-1, groupId=slow-consumer-group] Executing onJoinPrepare with generation -1 and memberId 
12:14:48.768 [scenario7-slow-events-listener-0-C-1] INFO  o.a.k.c.consumer.internals.ConsumerCoordinator - [Consumer clientId=consumer-slow-consumer-group-1, groupId=slow-consumer-group] Giving away all assigned partitions as lost since generation/memberID has been reset,indicating that consumer is in old state or no longer part of the group
12:14:48.768 [scenario7-slow-events-listener-0-C-1] INFO  o.a.k.c.c.i.ConsumerRebalanceListenerInvoker - [Consumer clientId=consumer-slow-consumer-group-1, groupId=slow-consumer-group] Lost previously assigned partitions [slow-events-0, slow-events-1, slow-events-2]
12:14:48.768 [scenario7-slow-events-listener-0-C-1] INFO  o.s.kafka.listener.KafkaMessageListenerContainer - slow-consumer-group: partitions lost: [slow-events-0, slow-events-1, slow-events-2]
12:14:48.768 [scenario7-slow-events-listener-0-C-1] INFO  o.s.kafka.listener.KafkaMessageListenerContainer - slow-consumer-group: partitions revoked: [slow-events-0, slow-events-1, slow-events-2]
12:14:48.768 [scenario7-slow-events-listener-0-C-1] INFO  o.a.k.c.consumer.internals.ConsumerCoordinator - [Consumer clientId=consumer-slow-consumer-group-1, groupId=slow-consumer-group] (Re-)joining group
12:14:48.768 [scenario7-slow-events-listener-0-C-1] DEBUG o.a.k.c.consumer.internals.ConsumerCoordinator - [Consumer clientId=consumer-slow-consumer-group-1, groupId=slow-consumer-group] Joining group with current subscription: [slow-events]
12:14:48.768 [scenario7-slow-events-listener-0-C-1] DEBUG o.a.k.c.consumer.internals.ConsumerCoordinator - [Consumer clientId=consumer-slow-consumer-group-1, groupId=slow-consumer-group] Sending JoinGroup (JoinGroupRequestData(groupId='slow-consumer-group', sessionTimeoutMs=10000, rebalanceTimeoutMs=6000, memberId='', groupInstanceId=null, protocolType='consumer', protocols=[JoinGroupRequestProtocol(name='range', metadata=[0, 3, 0, 0, 0, 1, 0, 11, 115, 108, 111, 119, 45, 101, 118, 101, 110, 116, 115, -1, -1, -1, -1, 0, 0, 0, 0, -1, -1, -1, -1, -1, -1]), JoinGroupRequestProtocol(name='cooperative-sticky', metadata=[0, 3, 0, 0, 0, 1, 0, 11, 115, 108, 111, 119, 45, 101, 118, 101, 110, 116, 115, 0, 0, 0, 4, -1, -1, -1, -1, 0, 0, 0, 0, -1, -1, -1, -1, -1, -1])], reason='consumer pro-actively leaving the group')) to coordinator localhost:9092 (id: 2147483646 rack: null isFenced: false)
12:14:48.771 [scenario7-slow-events-listener-0-C-1] DEBUG o.a.k.c.consumer.internals.ConsumerCoordinator - [Consumer clientId=consumer-slow-consumer-group-1, groupId=slow-consumer-group] JoinGroup failed due to non-fatal error: MEMBER_ID_REQUIRED. Will set the member id as consumer-slow-consumer-group-1-e200415c-25ca-4670-829d-a66bd35878f6 and then rejoin. Sent generation was Generation{generationId=-1, memberId='', protocol='null'}
12:14:48.771 [scenario7-slow-events-listener-0-C-1] INFO  o.a.k.c.consumer.internals.ConsumerCoordinator - [Consumer clientId=consumer-slow-consumer-group-1, groupId=slow-consumer-group] Request joining group due to: need to re-join with the given member-id: consumer-slow-consumer-group-1-e200415c-25ca-4670-829d-a66bd35878f6
12:14:48.772 [scenario7-slow-events-listener-0-C-1] INFO  o.a.k.c.consumer.internals.ConsumerCoordinator - [Consumer clientId=consumer-slow-consumer-group-1, groupId=slow-consumer-group] (Re-)joining group
12:14:48.772 [scenario7-slow-events-listener-0-C-1] DEBUG o.a.k.c.consumer.internals.ConsumerCoordinator - [Consumer clientId=consumer-slow-consumer-group-1, groupId=slow-consumer-group] Joining group with current subscription: [slow-events]
12:14:48.772 [scenario7-slow-events-listener-0-C-1] DEBUG o.a.k.c.consumer.internals.ConsumerCoordinator - [Consumer clientId=consumer-slow-consumer-group-1, groupId=slow-consumer-group] Sending JoinGroup (JoinGroupRequestData(groupId='slow-consumer-group', sessionTimeoutMs=10000, rebalanceTimeoutMs=6000, memberId='consumer-slow-consumer-group-1-e200415c-25ca-4670-829d-a66bd35878f6', groupInstanceId=null, protocolType='consumer', protocols=[JoinGroupRequestProtocol(name='range', metadata=[0, 3, 0, 0, 0, 1, 0, 11, 115, 108, 111, 119, 45, 101, 118, 101, 110, 116, 115, -1, -1, -1, -1, 0, 0, 0, 0, -1, -1, -1, -1, -1, -1]), JoinGroupRequestProtocol(name='cooperative-sticky', metadata=[0, 3, 0, 0, 0, 1, 0, 11, 115, 108, 111, 119, 45, 101, 118, 101, 110, 116, 115, 0, 0, 0, 4, -1, -1, -1, -1, 0, 0, 0, 0, -1, -1, -1, -1, -1, -1])], reason='need to re-join with the given member-id: consumer-slow-consumer-group-1-e200415c-25ca-4670-829d-a66bd35878f6')) to coordinator localhost:9092 (id: 2147483646 rack: null isFenced: false)
12:14:48.822 [scenario7-other-events-listener-0-C-1] DEBUG o.s.kafka.listener.KafkaMessageListenerContainer - Committing: {other-events-2=OffsetAndMetadata{offset=51, leaderEpoch=null, metadata=''}}
12:14:48.831 [scenario7-other-events-listener-0-C-1] DEBUG o.a.k.c.consumer.internals.ConsumerCoordinator - [Consumer clientId=consumer-slow-consumer-group-2, groupId=slow-consumer-group] Committed offset 51 for partition other-events-2
12:14:48.831 [scenario7-other-events-listener-0-C-1] INFO  c.e.k.listener.SplitTopicRebalanceListener - [other-events] 消息处理完成并已提交 offset id=d20bd955-4676-4856-9bf3-c7934cbe3ab9
12:14:49.208 [scenario7-other-events-producer] INFO  c.e.kafkarebalance.producer.DemoEventProducer - 已发送消息 id=37a285de-fe02-4738-be81-36a8de61667c topic=other-events key=0 slow=false retryTrigger=false flaky=false
12:14:49.218 [scenario7-other-events-listener-0-C-1] DEBUG o.s.kafka.listener.KafkaMessageListenerContainer - Received: 1 records
12:14:49.218 [scenario7-other-events-listener-0-C-1] DEBUG o.s.k.l.a.RecordMessagingMessageListenerAdapter - Processing [GenericMessage [payload=DemoEvent(id=37a285de-fe02-4738-be81-36a8de61667c, payload=demo-event-51, slow=false, retryTrigger=false, flaky=false, createdAt=2026-08-27T04:14:49.208454Z), headers={kafka_offset=51, kafka_consumer=org.springframework.kafka.core.DefaultKafkaConsumerFactory$ExtendedKafkaConsumer@87801db, kafka_timestampType=CREATE_TIME, kafka_receivedPartitionId=2, kafka_receivedMessageKey=0, kafka_receivedTopic=other-events, kafka_receivedTimestamp=1787804089208, kafka_acknowledgment=Acknowledgment for other-events-2@51, kafka_groupId=slow-consumer-group}]]
12:14:49.218 [scenario7-other-events-listener-0-C-1] INFO  c.e.k.listener.SplitTopicRebalanceListener - [other-events] 收到消息 id=37a285de-fe02-4738-be81-36a8de61667c partition=2，正常处理
12:14:49.323 [scenario7-other-events-listener-0-C-1] DEBUG o.s.kafka.listener.KafkaMessageListenerContainer - Committing: {other-events-2=OffsetAndMetadata{offset=52, leaderEpoch=null, metadata=''}}
12:14:49.331 [scenario7-other-events-listener-0-C-1] DEBUG o.a.k.c.consumer.internals.ConsumerCoordinator - [Consumer clientId=consumer-slow-consumer-group-2, groupId=slow-consumer-group] Committed offset 52 for partition other-events-2
12:14:49.331 [scenario7-other-events-listener-0-C-1] INFO  c.e.k.listener.SplitTopicRebalanceListener - [other-events] 消息处理完成并已提交 offset id=37a285de-fe02-4738-be81-36a8de61667c
12:14:49.714 [scenario7-other-events-producer] INFO  c.e.kafkarebalance.producer.DemoEventProducer - 已发送消息 id=8448dae1-b12c-4501-8fe4-fc5fec135b0a topic=other-events key=0 slow=false retryTrigger=false flaky=false
12:14:49.727 [scenario7-other-events-listener-0-C-1] DEBUG o.s.kafka.listener.KafkaMessageListenerContainer - Received: 1 records
12:14:49.727 [scenario7-other-events-listener-0-C-1] DEBUG o.s.k.l.a.RecordMessagingMessageListenerAdapter - Processing [GenericMessage [payload=DemoEvent(id=8448dae1-b12c-4501-8fe4-fc5fec135b0a, payload=demo-event-52, slow=false, retryTrigger=false, flaky=false, createdAt=2026-08-27T04:14:49.714031Z), headers={kafka_offset=52, kafka_consumer=org.springframework.kafka.core.DefaultKafkaConsumerFactory$ExtendedKafkaConsumer@87801db, kafka_timestampType=CREATE_TIME, kafka_receivedPartitionId=2, kafka_receivedMessageKey=0, kafka_receivedTopic=other-events, kafka_receivedTimestamp=1787804089714, kafka_acknowledgment=Acknowledgment for other-events-2@52, kafka_groupId=slow-consumer-group}]]
12:14:49.728 [scenario7-other-events-listener-0-C-1] INFO  c.e.k.listener.SplitTopicRebalanceListener - [other-events] 收到消息 id=8448dae1-b12c-4501-8fe4-fc5fec135b0a partition=2，正常处理
12:14:49.833 [scenario7-other-events-listener-0-C-1] DEBUG o.s.kafka.listener.KafkaMessageListenerContainer - Committing: {other-events-2=OffsetAndMetadata{offset=53, leaderEpoch=null, metadata=''}}
12:14:49.844 [scenario7-other-events-listener-0-C-1] DEBUG o.a.k.c.consumer.internals.ConsumerCoordinator - [Consumer clientId=consumer-slow-consumer-group-2, groupId=slow-consumer-group] Committed offset 53 for partition other-events-2
12:14:49.845 [scenario7-other-events-listener-0-C-1] INFO  c.e.k.listener.SplitTopicRebalanceListener - [other-events] 消息处理完成并已提交 offset id=8448dae1-b12c-4501-8fe4-fc5fec135b0a
12:14:50.218 [scenario7-other-events-producer] INFO  c.e.kafkarebalance.producer.DemoEventProducer - 已发送消息 id=639d6e87-5f6d-4946-90d5-f072dc48adad topic=other-events key=0 slow=false retryTrigger=false flaky=false
12:14:50.236 [scenario7-other-events-listener-0-C-1] DEBUG o.s.kafka.listener.KafkaMessageListenerContainer - Received: 1 records
12:14:50.236 [scenario7-other-events-listener-0-C-1] DEBUG o.s.k.l.a.RecordMessagingMessageListenerAdapter - Processing [GenericMessage [payload=DemoEvent(id=639d6e87-5f6d-4946-90d5-f072dc48adad, payload=demo-event-53, slow=false, retryTrigger=false, flaky=false, createdAt=2026-08-27T04:14:50.218234Z), headers={kafka_offset=53, kafka_consumer=org.springframework.kafka.core.DefaultKafkaConsumerFactory$ExtendedKafkaConsumer@87801db, kafka_timestampType=CREATE_TIME, kafka_receivedPartitionId=2, kafka_receivedMessageKey=0, kafka_receivedTopic=other-events, kafka_receivedTimestamp=1787804090218, kafka_acknowledgment=Acknowledgment for other-events-2@53, kafka_groupId=slow-consumer-group}]]
12:14:50.236 [scenario7-other-events-listener-0-C-1] INFO  c.e.k.listener.SplitTopicRebalanceListener - [other-events] 收到消息 id=639d6e87-5f6d-4946-90d5-f072dc48adad partition=2，正常处理
12:14:50.341 [scenario7-other-events-listener-0-C-1] DEBUG o.s.kafka.listener.KafkaMessageListenerContainer - Committing: {other-events-2=OffsetAndMetadata{offset=54, leaderEpoch=null, metadata=''}}
12:14:50.343 [scenario7-other-events-listener-0-C-1] DEBUG o.a.k.c.consumer.internals.ConsumerCoordinator - [Consumer clientId=consumer-slow-consumer-group-2, groupId=slow-consumer-group] Committed offset 54 for partition other-events-2
12:14:50.343 [scenario7-other-events-listener-0-C-1] INFO  c.e.k.listener.SplitTopicRebalanceListener - [other-events] 消息处理完成并已提交 offset id=639d6e87-5f6d-4946-90d5-f072dc48adad
12:14:50.724 [scenario7-other-events-producer] INFO  c.e.kafkarebalance.producer.DemoEventProducer - 已发送消息 id=895c6eb6-56b7-45cf-8a5f-337258ccbb18 topic=other-events key=0 slow=false retryTrigger=false flaky=false
12:14:50.751 [scenario7-other-events-listener-0-C-1] DEBUG o.s.kafka.listener.KafkaMessageListenerContainer - Received: 1 records
12:14:50.751 [scenario7-other-events-listener-0-C-1] DEBUG o.s.k.l.a.RecordMessagingMessageListenerAdapter - Processing [GenericMessage [payload=DemoEvent(id=895c6eb6-56b7-45cf-8a5f-337258ccbb18, payload=demo-event-54, slow=false, retryTrigger=false, flaky=false, createdAt=2026-08-27T04:14:50.723646Z), headers={kafka_offset=54, kafka_consumer=org.springframework.kafka.core.DefaultKafkaConsumerFactory$ExtendedKafkaConsumer@87801db, kafka_timestampType=CREATE_TIME, kafka_receivedPartitionId=2, kafka_receivedMessageKey=0, kafka_receivedTopic=other-events, kafka_receivedTimestamp=1787804090723, kafka_acknowledgment=Acknowledgment for other-events-2@54, kafka_groupId=slow-consumer-group}]]
12:14:50.751 [scenario7-other-events-listener-0-C-1] INFO  c.e.k.listener.SplitTopicRebalanceListener - [other-events] 收到消息 id=895c6eb6-56b7-45cf-8a5f-337258ccbb18 partition=2，正常处理
12:14:50.853 [scenario7-other-events-listener-0-C-1] DEBUG o.s.kafka.listener.KafkaMessageListenerContainer - Committing: {other-events-2=OffsetAndMetadata{offset=55, leaderEpoch=null, metadata=''}}
12:14:50.860 [scenario7-other-events-listener-0-C-1] DEBUG o.a.k.c.consumer.internals.ConsumerCoordinator - [Consumer clientId=consumer-slow-consumer-group-2, groupId=slow-consumer-group] Committed offset 55 for partition other-events-2
12:14:50.860 [kafka-coordinator-heartbeat-thread | slow-consumer-group] DEBUG o.a.k.c.consumer.internals.ConsumerCoordinator - [Consumer clientId=consumer-slow-consumer-group-2, groupId=slow-consumer-group] Sending Heartbeat request with generation 4 and member id consumer-slow-consumer-group-2-929996d7-6dc3-4dab-8232-48c527a6ef79 to coordinator localhost:9092 (id: 2147483646 rack: null isFenced: false)
12:14:50.860 [scenario7-other-events-listener-0-C-1] INFO  c.e.k.listener.SplitTopicRebalanceListener - [other-events] 消息处理完成并已提交 offset id=895c6eb6-56b7-45cf-8a5f-337258ccbb18
12:14:50.865 [scenario7-other-events-listener-0-C-1] INFO  o.a.k.c.consumer.internals.ConsumerCoordinator - [Consumer clientId=consumer-slow-consumer-group-2, groupId=slow-consumer-group] Request joining group due to: group is already rebalancing
12:14:50.865 [scenario7-other-events-listener-0-C-1] DEBUG o.a.k.c.consumer.internals.ConsumerCoordinator - [Consumer clientId=consumer-slow-consumer-group-2, groupId=slow-consumer-group] Executing onJoinPrepare with generation 4 and memberId consumer-slow-consumer-group-2-929996d7-6dc3-4dab-8232-48c527a6ef79
12:14:50.865 [scenario7-other-events-listener-0-C-1] INFO  o.a.k.c.c.i.ConsumerRebalanceListenerInvoker - [Consumer clientId=consumer-slow-consumer-group-2, groupId=slow-consumer-group] Revoke previously assigned partitions [other-events-0, other-events-1, other-events-2]
12:14:50.865 [scenario7-other-events-listener-0-C-1] INFO  o.s.kafka.listener.KafkaMessageListenerContainer - slow-consumer-group: partitions revoked: [other-events-0, other-events-1, other-events-2]
12:14:50.866 [scenario7-other-events-listener-0-C-1] INFO  o.a.k.c.consumer.internals.ConsumerCoordinator - [Consumer clientId=consumer-slow-consumer-group-2, groupId=slow-consumer-group] (Re-)joining group
12:14:50.866 [scenario7-other-events-listener-0-C-1] DEBUG o.a.k.c.consumer.internals.ConsumerCoordinator - [Consumer clientId=consumer-slow-consumer-group-2, groupId=slow-consumer-group] Joining group with current subscription: [other-events]
12:14:50.866 [scenario7-other-events-listener-0-C-1] DEBUG o.a.k.c.consumer.internals.ConsumerCoordinator - [Consumer clientId=consumer-slow-consumer-group-2, groupId=slow-consumer-group] Sending JoinGroup (JoinGroupRequestData(groupId='slow-consumer-group', sessionTimeoutMs=10000, rebalanceTimeoutMs=6000, memberId='consumer-slow-consumer-group-2-929996d7-6dc3-4dab-8232-48c527a6ef79', groupInstanceId=null, protocolType='consumer', protocols=[JoinGroupRequestProtocol(name='range', metadata=[0, 3, 0, 0, 0, 1, 0, 12, 111, 116, 104, 101, 114, 45, 101, 118, 101, 110, 116, 115, -1, -1, -1, -1, 0, 0, 0, 0, 0, 0, 0, 4, -1, -1]), JoinGroupRequestProtocol(name='cooperative-sticky', metadata=[0, 3, 0, 0, 0, 1, 0, 12, 111, 116, 104, 101, 114, 45, 101, 118, 101, 110, 116, 115, 0, 0, 0, 4, -1, -1, -1, -1, 0, 0, 0, 0, 0, 0, 0, 4, -1, -1])], reason='group is already rebalancing')) to coordinator localhost:9092 (id: 2147483646 rack: null isFenced: false)
12:14:50.869 [scenario7-slow-events-listener-0-C-1] DEBUG o.a.k.c.consumer.internals.ConsumerCoordinator - [Consumer clientId=consumer-slow-consumer-group-1, groupId=slow-consumer-group] Received successful JoinGroup response: JoinGroupResponseData(throttleTimeMs=0, errorCode=0, generationId=5, protocolType='consumer', protocolName='range', leader='consumer-slow-consumer-group-2-929996d7-6dc3-4dab-8232-48c527a6ef79', skipAssignment=false, memberId='consumer-slow-consumer-group-1-e200415c-25ca-4670-829d-a66bd35878f6', members=[])
12:14:50.869 [scenario7-other-events-listener-0-C-1] DEBUG o.a.k.c.consumer.internals.ConsumerCoordinator - [Consumer clientId=consumer-slow-consumer-group-2, groupId=slow-consumer-group] Received successful JoinGroup response: JoinGroupResponseData(throttleTimeMs=0, errorCode=0, generationId=5, protocolType='consumer', protocolName='range', leader='consumer-slow-consumer-group-2-929996d7-6dc3-4dab-8232-48c527a6ef79', skipAssignment=false, memberId='consumer-slow-consumer-group-2-929996d7-6dc3-4dab-8232-48c527a6ef79', members=[JoinGroupResponseMember(memberId='consumer-slow-consumer-group-1-e200415c-25ca-4670-829d-a66bd35878f6', groupInstanceId=null, metadata=[0, 3, 0, 0, 0, 1, 0, 11, 115, 108, 111, 119, 45, 101, 118, 101, 110, 116, 115, -1, -1, -1, -1, 0, 0, 0, 0, -1, -1, -1, -1, -1, -1]), JoinGroupResponseMember(memberId='consumer-slow-consumer-group-2-929996d7-6dc3-4dab-8232-48c527a6ef79', groupInstanceId=null, metadata=[0, 3, 0, 0, 0, 1, 0, 12, 111, 116, 104, 101, 114, 45, 101, 118, 101, 110, 116, 115, -1, -1, -1, -1, 0, 0, 0, 0, 0, 0, 0, 4, -1, -1])])
12:14:50.869 [scenario7-slow-events-listener-0-C-1] DEBUG o.a.k.c.consumer.internals.ConsumerCoordinator - [Consumer clientId=consumer-slow-consumer-group-1, groupId=slow-consumer-group] Enabling heartbeat thread
12:14:50.869 [scenario7-other-events-listener-0-C-1] DEBUG o.a.k.c.consumer.internals.ConsumerCoordinator - [Consumer clientId=consumer-slow-consumer-group-2, groupId=slow-consumer-group] Enabling heartbeat thread
12:14:50.869 [scenario7-other-events-listener-0-C-1] INFO  o.a.k.c.consumer.internals.ConsumerCoordinator - [Consumer clientId=consumer-slow-consumer-group-2, groupId=slow-consumer-group] Successfully joined group with generation Generation{generationId=5, memberId='consumer-slow-consumer-group-2-929996d7-6dc3-4dab-8232-48c527a6ef79', protocol='range'}
12:14:50.869 [scenario7-slow-events-listener-0-C-1] INFO  o.a.k.c.consumer.internals.ConsumerCoordinator - [Consumer clientId=consumer-slow-consumer-group-1, groupId=slow-consumer-group] Successfully joined group with generation Generation{generationId=5, memberId='consumer-slow-consumer-group-1-e200415c-25ca-4670-829d-a66bd35878f6', protocol='range'}
12:14:50.869 [scenario7-slow-events-listener-0-C-1] DEBUG o.a.k.c.consumer.internals.ConsumerCoordinator - [Consumer clientId=consumer-slow-consumer-group-1, groupId=slow-consumer-group] Sending follower SyncGroup to coordinator localhost:9092 (id: 2147483646 rack: null isFenced: false): SyncGroupRequestData(groupId='slow-consumer-group', generationId=5, memberId='consumer-slow-consumer-group-1-e200415c-25ca-4670-829d-a66bd35878f6', groupInstanceId=null, protocolType='consumer', protocolName='range', assignments=[])
12:14:51.229 [scenario7-other-events-producer] INFO  c.e.kafkarebalance.producer.DemoEventProducer - 已发送消息 id=f4ac8d43-0f14-49ea-9634-51da03a79db5 topic=other-events key=0 slow=false retryTrigger=false flaky=false
12:14:51.248 [scenario7-other-events-listener-0-C-1] DEBUG o.a.k.c.consumer.internals.ConsumerCoordinator - [Consumer clientId=consumer-slow-consumer-group-2, groupId=slow-consumer-group] Performing assignment using strategy range with subscriptions {consumer-slow-consumer-group-1-e200415c-25ca-4670-829d-a66bd35878f6=Subscription(topics=[slow-events], ownedPartitions=[], groupInstanceId=null, generationId=-1, rackId=null), consumer-slow-consumer-group-2-929996d7-6dc3-4dab-8232-48c527a6ef79=Subscription(topics=[other-events], ownedPartitions=[], groupInstanceId=null, generationId=4, rackId=null)}
12:14:51.249 [scenario7-other-events-listener-0-C-1] INFO  o.a.k.c.consumer.internals.ConsumerCoordinator - [Consumer clientId=consumer-slow-consumer-group-2, groupId=slow-consumer-group] Finished assignment for group at generation 5: {consumer-slow-consumer-group-1-e200415c-25ca-4670-829d-a66bd35878f6=Assignment(partitions=[slow-events-0, slow-events-1, slow-events-2]), consumer-slow-consumer-group-2-929996d7-6dc3-4dab-8232-48c527a6ef79=Assignment(partitions=[other-events-0, other-events-1, other-events-2])}
12:14:51.249 [scenario7-other-events-listener-0-C-1] DEBUG o.a.k.c.consumer.internals.ConsumerCoordinator - [Consumer clientId=consumer-slow-consumer-group-2, groupId=slow-consumer-group] Sending leader SyncGroup to coordinator localhost:9092 (id: 2147483646 rack: null isFenced: false): SyncGroupRequestData(groupId='slow-consumer-group', generationId=5, memberId='consumer-slow-consumer-group-2-929996d7-6dc3-4dab-8232-48c527a6ef79', groupInstanceId=null, protocolType='consumer', protocolName='range', assignments=[SyncGroupRequestAssignment(memberId='consumer-slow-consumer-group-1-e200415c-25ca-4670-829d-a66bd35878f6', assignment=[0, 3, 0, 0, 0, 1, 0, 11, 115, 108, 111, 119, 45, 101, 118, 101, 110, 116, 115, 0, 0, 0, 3, 0, 0, 0, 0, 0, 0, 0, 1, 0, 0, 0, 2, -1, -1, -1, -1]), SyncGroupRequestAssignment(memberId='consumer-slow-consumer-group-2-929996d7-6dc3-4dab-8232-48c527a6ef79', assignment=[0, 3, 0, 0, 0, 1, 0, 12, 111, 116, 104, 101, 114, 45, 101, 118, 101, 110, 116, 115, 0, 0, 0, 3, 0, 0, 0, 0, 0, 0, 0, 1, 0, 0, 0, 2, -1, -1, -1, -1])])
12:14:51.253 [scenario7-other-events-listener-0-C-1] DEBUG o.a.k.c.consumer.internals.ConsumerCoordinator - [Consumer clientId=consumer-slow-consumer-group-2, groupId=slow-consumer-group] Received successful SyncGroup response: SyncGroupResponseData(throttleTimeMs=0, errorCode=0, protocolType='consumer', protocolName='range', assignment=[0, 3, 0, 0, 0, 1, 0, 12, 111, 116, 104, 101, 114, 45, 101, 118, 101, 110, 116, 115, 0, 0, 0, 3, 0, 0, 0, 0, 0, 0, 0, 1, 0, 0, 0, 2, -1, -1, -1, -1])
12:14:51.253 [scenario7-slow-events-listener-0-C-1] DEBUG o.a.k.c.consumer.internals.ConsumerCoordinator - [Consumer clientId=consumer-slow-consumer-group-1, groupId=slow-consumer-group] Received successful SyncGroup response: SyncGroupResponseData(throttleTimeMs=0, errorCode=0, protocolType='consumer', protocolName='range', assignment=[0, 3, 0, 0, 0, 1, 0, 11, 115, 108, 111, 119, 45, 101, 118, 101, 110, 116, 115, 0, 0, 0, 3, 0, 0, 0, 0, 0, 0, 0, 1, 0, 0, 0, 2, -1, -1, -1, -1])
12:14:51.254 [scenario7-other-events-listener-0-C-1] INFO  o.a.k.c.consumer.internals.ConsumerCoordinator - [Consumer clientId=consumer-slow-consumer-group-2, groupId=slow-consumer-group] Successfully synced group in generation Generation{generationId=5, memberId='consumer-slow-consumer-group-2-929996d7-6dc3-4dab-8232-48c527a6ef79', protocol='range'}
12:14:51.254 [scenario7-other-events-listener-0-C-1] DEBUG o.a.k.c.consumer.internals.ConsumerCoordinator - [Consumer clientId=consumer-slow-consumer-group-2, groupId=slow-consumer-group] Executing onJoinComplete with generation 5 and memberId consumer-slow-consumer-group-2-929996d7-6dc3-4dab-8232-48c527a6ef79
12:14:51.254 [scenario7-other-events-listener-0-C-1] INFO  o.a.k.c.consumer.internals.ConsumerCoordinator - [Consumer clientId=consumer-slow-consumer-group-2, groupId=slow-consumer-group] Notifying assignor about the new Assignment(partitions=[other-events-0, other-events-1, other-events-2])
12:14:51.254 [scenario7-other-events-listener-0-C-1] INFO  o.a.k.c.c.i.ConsumerRebalanceListenerInvoker - [Consumer clientId=consumer-slow-consumer-group-2, groupId=slow-consumer-group] Adding newly assigned partitions: [other-events-0, other-events-1, other-events-2]
12:14:51.254 [scenario7-slow-events-listener-0-C-1] INFO  o.a.k.c.consumer.internals.ConsumerCoordinator - [Consumer clientId=consumer-slow-consumer-group-1, groupId=slow-consumer-group] Successfully synced group in generation Generation{generationId=5, memberId='consumer-slow-consumer-group-1-e200415c-25ca-4670-829d-a66bd35878f6', protocol='range'}
12:14:51.254 [scenario7-other-events-listener-0-C-1] DEBUG o.a.k.c.consumer.internals.ConsumerCoordinator - [Consumer clientId=consumer-slow-consumer-group-2, groupId=slow-consumer-group] Fetching committed offsets for partitions: [other-events-0, other-events-1, other-events-2]
12:14:51.254 [scenario7-slow-events-listener-0-C-1] DEBUG o.a.k.c.consumer.internals.ConsumerCoordinator - [Consumer clientId=consumer-slow-consumer-group-1, groupId=slow-consumer-group] Executing onJoinComplete with generation 5 and memberId consumer-slow-consumer-group-1-e200415c-25ca-4670-829d-a66bd35878f6
12:14:51.254 [scenario7-slow-events-listener-0-C-1] INFO  o.a.k.c.consumer.internals.ConsumerCoordinator - [Consumer clientId=consumer-slow-consumer-group-1, groupId=slow-consumer-group] Notifying assignor about the new Assignment(partitions=[slow-events-0, slow-events-1, slow-events-2])
12:14:51.254 [scenario7-slow-events-listener-0-C-1] INFO  o.a.k.c.c.i.ConsumerRebalanceListenerInvoker - [Consumer clientId=consumer-slow-consumer-group-1, groupId=slow-consumer-group] Adding newly assigned partitions: [slow-events-0, slow-events-1, slow-events-2]
12:14:51.255 [scenario7-slow-events-listener-0-C-1] DEBUG o.a.k.c.consumer.internals.ConsumerCoordinator - [Consumer clientId=consumer-slow-consumer-group-1, groupId=slow-consumer-group] Fetching committed offsets for partitions: [slow-events-2, slow-events-1, slow-events-0]
12:14:51.258 [scenario7-other-events-listener-0-C-1] INFO  o.a.k.c.consumer.internals.ConsumerCoordinator - [Consumer clientId=consumer-slow-consumer-group-2, groupId=slow-consumer-group] Found no committed offset for partition other-events-0
12:14:51.258 [scenario7-slow-events-listener-0-C-1] INFO  o.a.k.c.consumer.internals.ConsumerCoordinator - [Consumer clientId=consumer-slow-consumer-group-1, groupId=slow-consumer-group] Found no committed offset for partition slow-events-2
12:14:51.258 [scenario7-other-events-listener-0-C-1] INFO  o.a.k.c.consumer.internals.ConsumerCoordinator - [Consumer clientId=consumer-slow-consumer-group-2, groupId=slow-consumer-group] Found no committed offset for partition other-events-1
12:14:51.258 [scenario7-slow-events-listener-0-C-1] INFO  o.a.k.c.consumer.internals.ConsumerCoordinator - [Consumer clientId=consumer-slow-consumer-group-1, groupId=slow-consumer-group] Found no committed offset for partition slow-events-1
12:14:51.258 [scenario7-slow-events-listener-0-C-1] INFO  o.a.k.c.consumer.internals.ConsumerCoordinator - [Consumer clientId=consumer-slow-consumer-group-1, groupId=slow-consumer-group] Found no committed offset for partition slow-events-0
12:14:51.258 [scenario7-other-events-listener-0-C-1] INFO  o.a.kafka.clients.consumer.internals.ConsumerUtils - Setting offset for partition other-events-2 to the committed offset FetchPosition{offset=55, offsetEpoch=Optional.empty, currentLeader=LeaderAndEpoch{leader=Optional[localhost:9092 (id: 1 rack: null isFenced: false)], epoch=0}}
12:14:51.260 [scenario7-other-events-listener-0-C-1] INFO  o.a.k.clients.consumer.internals.SubscriptionState - [Consumer clientId=consumer-slow-consumer-group-2, groupId=slow-consumer-group] Resetting offset for partition other-events-0 to position FetchPosition{offset=0, offsetEpoch=Optional.empty, currentLeader=LeaderAndEpoch{leader=Optional[localhost:9092 (id: 1 rack: null isFenced: false)], epoch=0}}.
12:14:51.260 [scenario7-slow-events-listener-0-C-1] INFO  o.a.k.clients.consumer.internals.SubscriptionState - [Consumer clientId=consumer-slow-consumer-group-1, groupId=slow-consumer-group] Resetting offset for partition slow-events-2 to position FetchPosition{offset=0, offsetEpoch=Optional.empty, currentLeader=LeaderAndEpoch{leader=Optional[localhost:9092 (id: 1 rack: null isFenced: false)], epoch=0}}.
12:14:51.261 [scenario7-other-events-listener-0-C-1] INFO  o.a.k.clients.consumer.internals.SubscriptionState - [Consumer clientId=consumer-slow-consumer-group-2, groupId=slow-consumer-group] Resetting offset for partition other-events-1 to position FetchPosition{offset=0, offsetEpoch=Optional.empty, currentLeader=LeaderAndEpoch{leader=Optional[localhost:9092 (id: 1 rack: null isFenced: false)], epoch=0}}.
12:14:51.261 [scenario7-slow-events-listener-0-C-1] INFO  o.a.k.clients.consumer.internals.SubscriptionState - [Consumer clientId=consumer-slow-consumer-group-1, groupId=slow-consumer-group] Resetting offset for partition slow-events-1 to position FetchPosition{offset=0, offsetEpoch=Optional.empty, currentLeader=LeaderAndEpoch{leader=Optional[localhost:9092 (id: 1 rack: null isFenced: false)], epoch=0}}.
12:14:51.261 [scenario7-slow-events-listener-0-C-1] INFO  o.a.k.clients.consumer.internals.SubscriptionState - [Consumer clientId=consumer-slow-consumer-group-1, groupId=slow-consumer-group] Resetting offset for partition slow-events-0 to position FetchPosition{offset=0, offsetEpoch=Optional.empty, currentLeader=LeaderAndEpoch{leader=Optional[localhost:9092 (id: 1 rack: null isFenced: false)], epoch=0}}.
12:14:51.261 [scenario7-other-events-listener-0-C-1] INFO  o.s.kafka.listener.KafkaMessageListenerContainer - slow-consumer-group: partitions assigned: [other-events-0, other-events-1, other-events-2]
12:14:51.261 [scenario7-slow-events-listener-0-C-1] INFO  o.s.kafka.listener.KafkaMessageListenerContainer - slow-consumer-group: partitions assigned: [slow-events-0, slow-events-1, slow-events-2]
12:14:51.267 [scenario7-slow-events-listener-0-C-1] DEBUG o.s.kafka.listener.KafkaMessageListenerContainer - Received: 1 records
12:14:51.267 [scenario7-other-events-listener-0-C-1] DEBUG o.s.kafka.listener.KafkaMessageListenerContainer - Received: 1 records
12:14:51.267 [scenario7-slow-events-listener-0-C-1] DEBUG o.s.k.l.a.RecordMessagingMessageListenerAdapter - Processing [GenericMessage [payload=DemoEvent(id=a2554d8b-b469-4e3d-92e9-a76cdcb66fe1, payload=demo-event-0, slow=true, retryTrigger=false, flaky=false, createdAt=2026-08-27T04:14:28.388135Z), headers={kafka_offset=0, kafka_consumer=org.springframework.kafka.core.DefaultKafkaConsumerFactory$ExtendedKafkaConsumer@c4c7cb2, kafka_timestampType=CREATE_TIME, kafka_receivedPartitionId=2, kafka_receivedMessageKey=0, kafka_receivedTopic=slow-events, kafka_receivedTimestamp=1787804068401, kafka_acknowledgment=Acknowledgment for slow-events-2@0, kafka_groupId=slow-consumer-group}]]
12:14:51.267 [scenario7-other-events-listener-0-C-1] DEBUG o.s.k.l.a.RecordMessagingMessageListenerAdapter - Processing [GenericMessage [payload=DemoEvent(id=f4ac8d43-0f14-49ea-9634-51da03a79db5, payload=demo-event-55, slow=false, retryTrigger=false, flaky=false, createdAt=2026-08-27T04:14:51.229Z), headers={kafka_offset=55, kafka_consumer=org.springframework.kafka.core.DefaultKafkaConsumerFactory$ExtendedKafkaConsumer@87801db, kafka_timestampType=CREATE_TIME, kafka_receivedPartitionId=2, kafka_receivedMessageKey=0, kafka_receivedTopic=other-events, kafka_receivedTimestamp=1787804091229, kafka_acknowledgment=Acknowledgment for other-events-2@55, kafka_groupId=slow-consumer-group}]]
12:14:51.267 [scenario7-slow-events-listener-0-C-1] INFO  c.e.k.listener.SplitTopicRebalanceListener - [slow-events] 收到消息 id=a2554d8b-b469-4e3d-92e9-a76cdcb66fe1 partition=2 slow=true
12:14:51.267 [scenario7-other-events-listener-0-C-1] INFO  c.e.k.listener.SplitTopicRebalanceListener - [other-events] 收到消息 id=f4ac8d43-0f14-49ea-9634-51da03a79db5 partition=2，正常处理
12:14:51.267 [scenario7-slow-events-listener-0-C-1] WARN  c.e.k.listener.SplitTopicRebalanceListener - [slow-events] 模拟慢处理开始：id=a2554d8b-b469-4e3d-92e9-a76cdcb66fe1 将阻塞 10000ms（超过 max.poll.interval.ms，预期触发该 consumer 的 rebalance）
12:14:51.369 [scenario7-other-events-listener-0-C-1] DEBUG o.s.kafka.listener.KafkaMessageListenerContainer - Committing: {other-events-2=OffsetAndMetadata{offset=56, leaderEpoch=null, metadata=''}}
12:14:51.378 [scenario7-other-events-listener-0-C-1] DEBUG o.a.k.c.consumer.internals.ConsumerCoordinator - [Consumer clientId=consumer-slow-consumer-group-2, groupId=slow-consumer-group] Committed offset 56 for partition other-events-2
12:14:51.378 [scenario7-other-events-listener-0-C-1] INFO  c.e.k.listener.SplitTopicRebalanceListener - [other-events] 消息处理完成并已提交 offset id=f4ac8d43-0f14-49ea-9634-51da03a79db5
12:14:51.746 [scenario7-other-events-producer] INFO  c.e.kafkarebalance.producer.DemoEventProducer - 已发送消息 id=2a8fc871-2b66-4683-b9a8-338d7adeb10e topic=other-events key=0 slow=false retryTrigger=false flaky=false
12:14:51.754 [scenario7-other-events-listener-0-C-1] DEBUG o.s.kafka.listener.KafkaMessageListenerContainer - Received: 1 records
12:14:51.754 [scenario7-other-events-listener-0-C-1] DEBUG o.s.k.l.a.RecordMessagingMessageListenerAdapter - Processing [GenericMessage [payload=DemoEvent(id=2a8fc871-2b66-4683-b9a8-338d7adeb10e, payload=demo-event-56, slow=false, retryTrigger=false, flaky=false, createdAt=2026-08-27T04:14:51.743766Z), headers={kafka_offset=56, kafka_consumer=org.springframework.kafka.core.DefaultKafkaConsumerFactory$ExtendedKafkaConsumer@87801db, kafka_timestampType=CREATE_TIME, kafka_receivedPartitionId=2, kafka_receivedMessageKey=0, kafka_receivedTopic=other-events, kafka_receivedTimestamp=1787804091744, kafka_acknowledgment=Acknowledgment for other-events-2@56, kafka_groupId=slow-consumer-group}]]
12:14:51.754 [scenario7-other-events-listener-0-C-1] INFO  c.e.k.listener.SplitTopicRebalanceListener - [other-events] 收到消息 id=2a8fc871-2b66-4683-b9a8-338d7adeb10e partition=2，正常处理
12:14:51.859 [scenario7-other-events-listener-0-C-1] DEBUG o.s.kafka.listener.KafkaMessageListenerContainer - Committing: {other-events-2=OffsetAndMetadata{offset=57, leaderEpoch=null, metadata=''}}
12:14:51.866 [scenario7-other-events-listener-0-C-1] DEBUG o.a.k.c.consumer.internals.ConsumerCoordinator - [Consumer clientId=consumer-slow-consumer-group-2, groupId=slow-consumer-group] Committed offset 57 for partition other-events-2
12:14:51.866 [scenario7-other-events-listener-0-C-1] INFO  c.e.k.listener.SplitTopicRebalanceListener - [other-events] 消息处理完成并已提交 offset id=2a8fc871-2b66-4683-b9a8-338d7adeb10e
12:14:52.250 [scenario7-other-events-producer] INFO  c.e.kafkarebalance.producer.DemoEventProducer - 已发送消息 id=095f13ec-24ff-4061-98d4-5f96f77f346c topic=other-events key=0 slow=false retryTrigger=false flaky=false
12:14:52.268 [scenario7-other-events-listener-0-C-1] DEBUG o.s.kafka.listener.KafkaMessageListenerContainer - Received: 1 records
12:14:52.269 [scenario7-other-events-listener-0-C-1] DEBUG o.s.k.l.a.RecordMessagingMessageListenerAdapter - Processing [GenericMessage [payload=DemoEvent(id=095f13ec-24ff-4061-98d4-5f96f77f346c, payload=demo-event-57, slow=false, retryTrigger=false, flaky=false, createdAt=2026-08-27T04:14:52.249659Z), headers={kafka_offset=57, kafka_consumer=org.springframework.kafka.core.DefaultKafkaConsumerFactory$ExtendedKafkaConsumer@87801db, kafka_timestampType=CREATE_TIME, kafka_receivedPartitionId=2, kafka_receivedMessageKey=0, kafka_receivedTopic=other-events, kafka_receivedTimestamp=1787804092249, kafka_acknowledgment=Acknowledgment for other-events-2@57, kafka_groupId=slow-consumer-group}]]
12:14:52.269 [scenario7-other-events-listener-0-C-1] INFO  c.e.k.listener.SplitTopicRebalanceListener - [other-events] 收到消息 id=095f13ec-24ff-4061-98d4-5f96f77f346c partition=2，正常处理
12:14:52.373 [scenario7-other-events-listener-0-C-1] DEBUG o.s.kafka.listener.KafkaMessageListenerContainer - Committing: {other-events-2=OffsetAndMetadata{offset=58, leaderEpoch=null, metadata=''}}
12:14:52.380 [scenario7-other-events-listener-0-C-1] DEBUG o.a.k.c.consumer.internals.ConsumerCoordinator - [Consumer clientId=consumer-slow-consumer-group-2, groupId=slow-consumer-group] Committed offset 58 for partition other-events-2
12:14:52.381 [scenario7-other-events-listener-0-C-1] INFO  c.e.k.listener.SplitTopicRebalanceListener - [other-events] 消息处理完成并已提交 offset id=095f13ec-24ff-4061-98d4-5f96f77f346c
12:14:52.756 [scenario7-other-events-producer] INFO  c.e.kafkarebalance.producer.DemoEventProducer - 已发送消息 id=6fad7394-3d1d-41ef-b467-26bdf2df3c1e topic=other-events key=0 slow=false retryTrigger=false flaky=false
12:14:52.768 [scenario7-other-events-listener-0-C-1] DEBUG o.s.kafka.listener.KafkaMessageListenerContainer - Received: 1 records
12:14:52.769 [scenario7-other-events-listener-0-C-1] DEBUG o.s.k.l.a.RecordMessagingMessageListenerAdapter - Processing [GenericMessage [payload=DemoEvent(id=6fad7394-3d1d-41ef-b467-26bdf2df3c1e, payload=demo-event-58, slow=false, retryTrigger=false, flaky=false, createdAt=2026-08-27T04:14:52.755739Z), headers={kafka_offset=58, kafka_consumer=org.springframework.kafka.core.DefaultKafkaConsumerFactory$ExtendedKafkaConsumer@87801db, kafka_timestampType=CREATE_TIME, kafka_receivedPartitionId=2, kafka_receivedMessageKey=0, kafka_receivedTopic=other-events, kafka_receivedTimestamp=1787804092755, kafka_acknowledgment=Acknowledgment for other-events-2@58, kafka_groupId=slow-consumer-group}]]
12:14:52.769 [scenario7-other-events-listener-0-C-1] INFO  c.e.k.listener.SplitTopicRebalanceListener - [other-events] 收到消息 id=6fad7394-3d1d-41ef-b467-26bdf2df3c1e partition=2，正常处理
12:14:52.875 [scenario7-other-events-listener-0-C-1] DEBUG o.s.kafka.listener.KafkaMessageListenerContainer - Committing: {other-events-2=OffsetAndMetadata{offset=59, leaderEpoch=null, metadata=''}}
12:14:52.882 [scenario7-other-events-listener-0-C-1] DEBUG o.a.k.c.consumer.internals.ConsumerCoordinator - [Consumer clientId=consumer-slow-consumer-group-2, groupId=slow-consumer-group] Committed offset 59 for partition other-events-2
12:14:52.882 [scenario7-other-events-listener-0-C-1] INFO  c.e.k.listener.SplitTopicRebalanceListener - [other-events] 消息处理完成并已提交 offset id=6fad7394-3d1d-41ef-b467-26bdf2df3c1e
12:14:53.257 [scenario7-other-events-producer] INFO  c.e.kafkarebalance.producer.DemoEventProducer - 已发送消息 id=6d77b9d1-dad2-46d5-b806-a2eeeada49fd topic=other-events key=0 slow=false retryTrigger=false flaky=false
12:14:53.265 [scenario7-other-events-listener-0-C-1] DEBUG o.s.kafka.listener.KafkaMessageListenerContainer - Received: 1 records
12:14:53.265 [scenario7-other-events-listener-0-C-1] DEBUG o.s.k.l.a.RecordMessagingMessageListenerAdapter - Processing [GenericMessage [payload=DemoEvent(id=6d77b9d1-dad2-46d5-b806-a2eeeada49fd, payload=demo-event-59, slow=false, retryTrigger=false, flaky=false, createdAt=2026-08-27T04:14:53.257516Z), headers={kafka_offset=59, kafka_consumer=org.springframework.kafka.core.DefaultKafkaConsumerFactory$ExtendedKafkaConsumer@87801db, kafka_timestampType=CREATE_TIME, kafka_receivedPartitionId=2, kafka_receivedMessageKey=0, kafka_receivedTopic=other-events, kafka_receivedTimestamp=1787804093257, kafka_acknowledgment=Acknowledgment for other-events-2@59, kafka_groupId=slow-consumer-group}]]
12:14:53.265 [scenario7-other-events-listener-0-C-1] INFO  c.e.k.listener.SplitTopicRebalanceListener - [other-events] 收到消息 id=6d77b9d1-dad2-46d5-b806-a2eeeada49fd partition=2，正常处理
12:14:53.365 [scenario7-other-events-listener-0-C-1] DEBUG o.s.kafka.listener.KafkaMessageListenerContainer - Committing: {other-events-2=OffsetAndMetadata{offset=60, leaderEpoch=null, metadata=''}}
12:14:53.367 [scenario7-other-events-listener-0-C-1] DEBUG o.a.k.c.consumer.internals.ConsumerCoordinator - [Consumer clientId=consumer-slow-consumer-group-2, groupId=slow-consumer-group] Committed offset 60 for partition other-events-2
12:14:53.367 [scenario7-other-events-listener-0-C-1] INFO  c.e.k.listener.SplitTopicRebalanceListener - [other-events] 消息处理完成并已提交 offset id=6d77b9d1-dad2-46d5-b806-a2eeeada49fd
12:14:53.762 [scenario7-other-events-producer] INFO  c.e.kafkarebalance.producer.DemoEventProducer - [scenario7] other-events 持续发送线程结束，共发送 60 条消息
12:14:53.762 [demo-event-producer] INFO  c.e.kafkarebalance.producer.DemoEventProducer - [scenario7] 全部演示消息发送完毕
12:14:53.870 [kafka-coordinator-heartbeat-thread | slow-consumer-group] DEBUG o.a.k.c.consumer.internals.ConsumerCoordinator - [Consumer clientId=consumer-slow-consumer-group-2, groupId=slow-consumer-group] Sending Heartbeat request with generation 5 and member id consumer-slow-consumer-group-2-929996d7-6dc3-4dab-8232-48c527a6ef79 to coordinator localhost:9092 (id: 2147483646 rack: null isFenced: false)
12:14:53.872 [scenario7-other-events-listener-0-C-1] DEBUG o.a.k.c.consumer.internals.ConsumerCoordinator - [Consumer clientId=consumer-slow-consumer-group-2, groupId=slow-consumer-group] Received successful Heartbeat response
12:14:53.963 [kafka-coordinator-heartbeat-thread | slow-consumer-group] DEBUG o.a.k.c.consumer.internals.ConsumerCoordinator - [Consumer clientId=consumer-slow-consumer-group-1, groupId=slow-consumer-group] Sending Heartbeat request with generation 5 and member id consumer-slow-consumer-group-1-e200415c-25ca-4670-829d-a66bd35878f6 to coordinator localhost:9092 (id: 2147483646 rack: null isFenced: false)
12:14:54.074 [kafka-coordinator-heartbeat-thread | slow-consumer-group] DEBUG o.a.k.c.consumer.internals.ConsumerCoordinator - [Consumer clientId=consumer-slow-consumer-group-1, groupId=slow-consumer-group] Received successful Heartbeat response
12:14:56.871 [kafka-coordinator-heartbeat-thread | slow-consumer-group] DEBUG o.a.k.c.consumer.internals.ConsumerCoordinator - [Consumer clientId=consumer-slow-consumer-group-2, groupId=slow-consumer-group] Sending Heartbeat request with generation 5 and member id consumer-slow-consumer-group-2-929996d7-6dc3-4dab-8232-48c527a6ef79 to coordinator localhost:9092 (id: 2147483646 rack: null isFenced: false)
12:14:56.876 [scenario7-other-events-listener-0-C-1] DEBUG o.a.k.c.consumer.internals.ConsumerCoordinator - [Consumer clientId=consumer-slow-consumer-group-2, groupId=slow-consumer-group] Received successful Heartbeat response
12:14:56.973 [kafka-coordinator-heartbeat-thread | slow-consumer-group] DEBUG o.a.k.c.consumer.internals.ConsumerCoordinator - [Consumer clientId=consumer-slow-consumer-group-1, groupId=slow-consumer-group] Sending Heartbeat request with generation 5 and member id consumer-slow-consumer-group-1-e200415c-25ca-4670-829d-a66bd35878f6 to coordinator localhost:9092 (id: 2147483646 rack: null isFenced: false)
12:14:57.080 [kafka-coordinator-heartbeat-thread | slow-consumer-group] DEBUG o.a.k.c.consumer.internals.ConsumerCoordinator - [Consumer clientId=consumer-slow-consumer-group-1, groupId=slow-consumer-group] Received successful Heartbeat response
12:14:57.289 [kafka-coordinator-heartbeat-thread | slow-consumer-group] WARN  o.a.k.c.consumer.internals.ConsumerCoordinator - [Consumer clientId=consumer-slow-consumer-group-1, groupId=slow-consumer-group] consumer poll timeout has expired. This means the time between subsequent calls to poll() was longer than the configured max.poll.interval.ms, which typically implies that the poll loop is spending too much time processing messages. You can address this either by increasing max.poll.interval.ms or by reducing the maximum size of batches returned in poll() with max.poll.records.
12:14:57.289 [kafka-coordinator-heartbeat-thread | slow-consumer-group] INFO  o.a.k.c.consumer.internals.ConsumerCoordinator - [Consumer clientId=consumer-slow-consumer-group-1, groupId=slow-consumer-group] Member consumer-slow-consumer-group-1-e200415c-25ca-4670-829d-a66bd35878f6 sending LeaveGroup request to coordinator localhost:9092 (id: 2147483646 rack: null isFenced: false) due to consumer poll timeout has expired.
12:14:57.289 [kafka-coordinator-heartbeat-thread | slow-consumer-group] INFO  o.a.k.c.consumer.internals.ConsumerCoordinator - [Consumer clientId=consumer-slow-consumer-group-1, groupId=slow-consumer-group] Resetting generation and member id due to: consumer pro-actively leaving the group
12:14:57.289 [kafka-coordinator-heartbeat-thread | slow-consumer-group] INFO  o.a.k.c.consumer.internals.ConsumerCoordinator - [Consumer clientId=consumer-slow-consumer-group-1, groupId=slow-consumer-group] Request joining group due to: consumer pro-actively leaving the group
12:14:58.369 [scenario7-other-events-listener-0-C-1] DEBUG o.s.kafka.listener.KafkaMessageListenerContainer - Received: 0 records
12:14:59.872 [kafka-coordinator-heartbeat-thread | slow-consumer-group] DEBUG o.a.k.c.consumer.internals.ConsumerCoordinator - [Consumer clientId=consumer-slow-consumer-group-2, groupId=slow-consumer-group] Sending Heartbeat request with generation 5 and member id consumer-slow-consumer-group-2-929996d7-6dc3-4dab-8232-48c527a6ef79 to coordinator localhost:9092 (id: 2147483646 rack: null isFenced: false)
12:14:59.876 [scenario7-other-events-listener-0-C-1] INFO  o.a.k.c.consumer.internals.ConsumerCoordinator - [Consumer clientId=consumer-slow-consumer-group-2, groupId=slow-consumer-group] Request joining group due to: group is already rebalancing
12:14:59.876 [scenario7-other-events-listener-0-C-1] DEBUG o.a.k.c.consumer.internals.ConsumerCoordinator - [Consumer clientId=consumer-slow-consumer-group-2, groupId=slow-consumer-group] Executing onJoinPrepare with generation 5 and memberId consumer-slow-consumer-group-2-929996d7-6dc3-4dab-8232-48c527a6ef79
12:14:59.876 [scenario7-other-events-listener-0-C-1] INFO  o.a.k.c.c.i.ConsumerRebalanceListenerInvoker - [Consumer clientId=consumer-slow-consumer-group-2, groupId=slow-consumer-group] Revoke previously assigned partitions [other-events-0, other-events-1, other-events-2]
12:14:59.876 [scenario7-other-events-listener-0-C-1] INFO  o.s.kafka.listener.KafkaMessageListenerContainer - slow-consumer-group: partitions revoked: [other-events-0, other-events-1, other-events-2]
12:14:59.876 [scenario7-other-events-listener-0-C-1] INFO  o.a.k.c.consumer.internals.ConsumerCoordinator - [Consumer clientId=consumer-slow-consumer-group-2, groupId=slow-consumer-group] (Re-)joining group
12:14:59.876 [scenario7-other-events-listener-0-C-1] DEBUG o.a.k.c.consumer.internals.ConsumerCoordinator - [Consumer clientId=consumer-slow-consumer-group-2, groupId=slow-consumer-group] Joining group with current subscription: [other-events]
12:14:59.876 [scenario7-other-events-listener-0-C-1] DEBUG o.a.k.c.consumer.internals.ConsumerCoordinator - [Consumer clientId=consumer-slow-consumer-group-2, groupId=slow-consumer-group] Sending JoinGroup (JoinGroupRequestData(groupId='slow-consumer-group', sessionTimeoutMs=10000, rebalanceTimeoutMs=6000, memberId='consumer-slow-consumer-group-2-929996d7-6dc3-4dab-8232-48c527a6ef79', groupInstanceId=null, protocolType='consumer', protocols=[JoinGroupRequestProtocol(name='range', metadata=[0, 3, 0, 0, 0, 1, 0, 12, 111, 116, 104, 101, 114, 45, 101, 118, 101, 110, 116, 115, -1, -1, -1, -1, 0, 0, 0, 0, 0, 0, 0, 5, -1, -1]), JoinGroupRequestProtocol(name='cooperative-sticky', metadata=[0, 3, 0, 0, 0, 1, 0, 12, 111, 116, 104, 101, 114, 45, 101, 118, 101, 110, 116, 115, 0, 0, 0, 4, -1, -1, -1, -1, 0, 0, 0, 0, 0, 0, 0, 5, -1, -1])], reason='group is already rebalancing')) to coordinator localhost:9092 (id: 2147483646 rack: null isFenced: false)
12:14:59.882 [scenario7-other-events-listener-0-C-1] DEBUG o.a.k.c.consumer.internals.ConsumerCoordinator - [Consumer clientId=consumer-slow-consumer-group-2, groupId=slow-consumer-group] Received successful JoinGroup response: JoinGroupResponseData(throttleTimeMs=0, errorCode=0, generationId=6, protocolType='consumer', protocolName='range', leader='consumer-slow-consumer-group-2-929996d7-6dc3-4dab-8232-48c527a6ef79', skipAssignment=false, memberId='consumer-slow-consumer-group-2-929996d7-6dc3-4dab-8232-48c527a6ef79', members=[JoinGroupResponseMember(memberId='consumer-slow-consumer-group-2-929996d7-6dc3-4dab-8232-48c527a6ef79', groupInstanceId=null, metadata=[0, 3, 0, 0, 0, 1, 0, 12, 111, 116, 104, 101, 114, 45, 101, 118, 101, 110, 116, 115, -1, -1, -1, -1, 0, 0, 0, 0, 0, 0, 0, 5, -1, -1])])
12:14:59.883 [scenario7-other-events-listener-0-C-1] DEBUG o.a.k.c.consumer.internals.ConsumerCoordinator - [Consumer clientId=consumer-slow-consumer-group-2, groupId=slow-consumer-group] Enabling heartbeat thread
12:14:59.883 [scenario7-other-events-listener-0-C-1] INFO  o.a.k.c.consumer.internals.ConsumerCoordinator - [Consumer clientId=consumer-slow-consumer-group-2, groupId=slow-consumer-group] Successfully joined group with generation Generation{generationId=6, memberId='consumer-slow-consumer-group-2-929996d7-6dc3-4dab-8232-48c527a6ef79', protocol='range'}
12:14:59.883 [scenario7-other-events-listener-0-C-1] DEBUG o.a.k.c.consumer.internals.ConsumerCoordinator - [Consumer clientId=consumer-slow-consumer-group-2, groupId=slow-consumer-group] Performing assignment using strategy range with subscriptions {consumer-slow-consumer-group-2-929996d7-6dc3-4dab-8232-48c527a6ef79=Subscription(topics=[other-events], ownedPartitions=[], groupInstanceId=null, generationId=5, rackId=null)}
12:14:59.883 [scenario7-other-events-listener-0-C-1] INFO  o.a.k.c.consumer.internals.ConsumerCoordinator - [Consumer clientId=consumer-slow-consumer-group-2, groupId=slow-consumer-group] Finished assignment for group at generation 6: {consumer-slow-consumer-group-2-929996d7-6dc3-4dab-8232-48c527a6ef79=Assignment(partitions=[other-events-0, other-events-1, other-events-2])}
12:14:59.883 [scenario7-other-events-listener-0-C-1] DEBUG o.a.k.c.consumer.internals.ConsumerCoordinator - [Consumer clientId=consumer-slow-consumer-group-2, groupId=slow-consumer-group] Sending leader SyncGroup to coordinator localhost:9092 (id: 2147483646 rack: null isFenced: false): SyncGroupRequestData(groupId='slow-consumer-group', generationId=6, memberId='consumer-slow-consumer-group-2-929996d7-6dc3-4dab-8232-48c527a6ef79', groupInstanceId=null, protocolType='consumer', protocolName='range', assignments=[SyncGroupRequestAssignment(memberId='consumer-slow-consumer-group-2-929996d7-6dc3-4dab-8232-48c527a6ef79', assignment=[0, 3, 0, 0, 0, 1, 0, 12, 111, 116, 104, 101, 114, 45, 101, 118, 101, 110, 116, 115, 0, 0, 0, 3, 0, 0, 0, 0, 0, 0, 0, 1, 0, 0, 0, 2, -1, -1, -1, -1])])
12:14:59.888 [scenario7-other-events-listener-0-C-1] DEBUG o.a.k.c.consumer.internals.ConsumerCoordinator - [Consumer clientId=consumer-slow-consumer-group-2, groupId=slow-consumer-group] Received successful SyncGroup response: SyncGroupResponseData(throttleTimeMs=0, errorCode=0, protocolType='consumer', protocolName='range', assignment=[0, 3, 0, 0, 0, 1, 0, 12, 111, 116, 104, 101, 114, 45, 101, 118, 101, 110, 116, 115, 0, 0, 0, 3, 0, 0, 0, 0, 0, 0, 0, 1, 0, 0, 0, 2, -1, -1, -1, -1])
12:14:59.888 [scenario7-other-events-listener-0-C-1] INFO  o.a.k.c.consumer.internals.ConsumerCoordinator - [Consumer clientId=consumer-slow-consumer-group-2, groupId=slow-consumer-group] Successfully synced group in generation Generation{generationId=6, memberId='consumer-slow-consumer-group-2-929996d7-6dc3-4dab-8232-48c527a6ef79', protocol='range'}
12:14:59.888 [scenario7-other-events-listener-0-C-1] DEBUG o.a.k.c.consumer.internals.ConsumerCoordinator - [Consumer clientId=consumer-slow-consumer-group-2, groupId=slow-consumer-group] Executing onJoinComplete with generation 6 and memberId consumer-slow-consumer-group-2-929996d7-6dc3-4dab-8232-48c527a6ef79
12:14:59.888 [scenario7-other-events-listener-0-C-1] INFO  o.a.k.c.consumer.internals.ConsumerCoordinator - [Consumer clientId=consumer-slow-consumer-group-2, groupId=slow-consumer-group] Notifying assignor about the new Assignment(partitions=[other-events-0, other-events-1, other-events-2])
12:14:59.888 [scenario7-other-events-listener-0-C-1] INFO  o.a.k.c.c.i.ConsumerRebalanceListenerInvoker - [Consumer clientId=consumer-slow-consumer-group-2, groupId=slow-consumer-group] Adding newly assigned partitions: [other-events-0, other-events-1, other-events-2]
12:14:59.889 [scenario7-other-events-listener-0-C-1] DEBUG o.a.k.c.consumer.internals.ConsumerCoordinator - [Consumer clientId=consumer-slow-consumer-group-2, groupId=slow-consumer-group] Fetching committed offsets for partitions: [other-events-0, other-events-1, other-events-2]
12:14:59.891 [scenario7-other-events-listener-0-C-1] INFO  o.a.k.c.consumer.internals.ConsumerCoordinator - [Consumer clientId=consumer-slow-consumer-group-2, groupId=slow-consumer-group] Found no committed offset for partition other-events-0
12:14:59.891 [scenario7-other-events-listener-0-C-1] INFO  o.a.k.c.consumer.internals.ConsumerCoordinator - [Consumer clientId=consumer-slow-consumer-group-2, groupId=slow-consumer-group] Found no committed offset for partition other-events-1
12:14:59.891 [scenario7-other-events-listener-0-C-1] INFO  o.a.kafka.clients.consumer.internals.ConsumerUtils - Setting offset for partition other-events-2 to the committed offset FetchPosition{offset=60, offsetEpoch=Optional.empty, currentLeader=LeaderAndEpoch{leader=Optional[localhost:9092 (id: 1 rack: null isFenced: false)], epoch=0}}
12:15:00.267 [scenario7-other-events-listener-0-C-1] INFO  o.a.k.clients.consumer.internals.SubscriptionState - [Consumer clientId=consumer-slow-consumer-group-2, groupId=slow-consumer-group] Resetting offset for partition other-events-0 to position FetchPosition{offset=0, offsetEpoch=Optional.empty, currentLeader=LeaderAndEpoch{leader=Optional[localhost:9092 (id: 1 rack: null isFenced: false)], epoch=0}}.
12:15:00.267 [scenario7-other-events-listener-0-C-1] INFO  o.a.k.clients.consumer.internals.SubscriptionState - [Consumer clientId=consumer-slow-consumer-group-2, groupId=slow-consumer-group] Resetting offset for partition other-events-1 to position FetchPosition{offset=0, offsetEpoch=Optional.empty, currentLeader=LeaderAndEpoch{leader=Optional[localhost:9092 (id: 1 rack: null isFenced: false)], epoch=0}}.
12:15:00.267 [scenario7-other-events-listener-0-C-1] INFO  o.s.kafka.listener.KafkaMessageListenerContainer - slow-consumer-group: partitions assigned: [other-events-0, other-events-1, other-events-2]
12:15:01.269 [scenario7-slow-events-listener-0-C-1] DEBUG o.s.kafka.listener.KafkaMessageListenerContainer - Committing: {slow-events-2=OffsetAndMetadata{offset=1, leaderEpoch=null, metadata=''}}
12:15:01.269 [scenario7-slow-events-listener-0-C-1] INFO  o.a.k.c.consumer.internals.ConsumerCoordinator - [Consumer clientId=consumer-slow-consumer-group-1, groupId=slow-consumer-group] Failing OffsetCommit request since the consumer is not part of an active group
12:15:01.270 [scenario7-slow-events-listener-0-C-1] DEBUG o.a.k.c.consumer.internals.ConsumerCoordinator - [Consumer clientId=consumer-slow-consumer-group-1, groupId=slow-consumer-group] LeaveGroup response with Generation{generationId=5, memberId='consumer-slow-consumer-group-1-e200415c-25ca-4670-829d-a66bd35878f6', protocol='range'} returned successfully: ClientResponse(receivedTimeMs=1787804101270, latencyMs=3981, disconnected=false, timedOut=false, requestHeader=RequestHeader(apiKey=LEAVE_GROUP, apiVersion=5, clientId=consumer-slow-consumer-group-1, correlationId=54, headerVersion=2), responseBody=LeaveGroupResponseData(throttleTimeMs=0, errorCode=0, members=[MemberResponse(memberId='consumer-slow-consumer-group-1-e200415c-25ca-4670-829d-a66bd35878f6', groupInstanceId=null, errorCode=0)]))
12:15:01.270 [scenario7-slow-events-listener-0-C-1] WARN  c.e.k.listener.SplitTopicRebalanceListener - [slow-events] 提交 offset 失败，可能因 rebalance 导致该分区已被回收 id=a2554d8b-b469-4e3d-92e9-a76cdcb66fe1
org.apache.kafka.clients.consumer.CommitFailedException: Offset commit cannot be completed since the consumer is not part of an active group for auto partition assignment; it is likely that the consumer was kicked out of the group.
	at org.apache.kafka.clients.consumer.internals.ConsumerCoordinator.sendOffsetCommitRequest(ConsumerCoordinator.java:1320)
	at org.apache.kafka.clients.consumer.internals.ConsumerCoordinator.commitOffsetsSync(ConsumerCoordinator.java:1155)
	at org.apache.kafka.clients.consumer.internals.ClassicKafkaConsumer.commitSync(ClassicKafkaConsumer.java:747)
	at org.apache.kafka.clients.consumer.KafkaConsumer.commitSync(KafkaConsumer.java:1094)
	at org.springframework.kafka.listener.KafkaMessageListenerContainer$ListenerConsumer.doCommitSync(KafkaMessageListenerContainer.java:3474)
	at org.springframework.kafka.listener.KafkaMessageListenerContainer$ListenerConsumer.commitSync(KafkaMessageListenerContainer.java:3469)
	at org.springframework.kafka.listener.KafkaMessageListenerContainer$ListenerConsumer.commitOffsets(KafkaMessageListenerContainer.java:3452)
	at org.springframework.kafka.listener.KafkaMessageListenerContainer$ListenerConsumer.commitOffsetsInTransactions(KafkaMessageListenerContainer.java:3443)
	at org.springframework.kafka.listener.KafkaMessageListenerContainer$ListenerConsumer.ackImmediate(KafkaMessageListenerContainer.java:2187)
	at org.springframework.kafka.listener.KafkaMessageListenerContainer$ListenerConsumer.processAck(KafkaMessageListenerContainer.java:2082)
	at org.springframework.kafka.listener.KafkaMessageListenerContainer$ListenerConsumer.doAck(KafkaMessageListenerContainer.java:2062)
	at org.springframework.kafka.listener.KafkaMessageListenerContainer$ListenerConsumer$ConsumerAcknowledgment.acknowledge(KafkaMessageListenerContainer.java:3622)
	at com.example.kafkarebalance.listener.SplitTopicRebalanceListener.onSlowEvent(SplitTopicRebalanceListener.kt:66)
	at java.base/jdk.internal.reflect.DirectMethodHandleAccessor.invoke(DirectMethodHandleAccessor.java:104)
	at java.base/java.lang.reflect.Method.invoke(Method.java:565)
	at org.springframework.messaging.handler.invocation.InvocableHandlerMethod.doInvoke(InvocableHandlerMethod.java:168)
	at org.springframework.kafka.listener.adapter.KotlinAwareInvocableHandlerMethod.doInvoke(KotlinAwareInvocableHandlerMethod.java:48)
	at org.springframework.messaging.handler.invocation.InvocableHandlerMethod.invoke(InvocableHandlerMethod.java:119)
	at org.springframework.kafka.listener.adapter.HandlerAdapter.invoke(HandlerAdapter.java:80)
	at org.springframework.kafka.listener.adapter.MessagingMessageListenerAdapter.invokeHandler(MessagingMessageListenerAdapter.java:488)
	at org.springframework.kafka.listener.adapter.MessagingMessageListenerAdapter.invoke(MessagingMessageListenerAdapter.java:425)
	at org.springframework.kafka.listener.adapter.RecordMessagingMessageListenerAdapter.onMessage(RecordMessagingMessageListenerAdapter.java:92)
	at org.springframework.kafka.listener.adapter.RecordMessagingMessageListenerAdapter.onMessage(RecordMessagingMessageListenerAdapter.java:52)
	at org.springframework.kafka.listener.KafkaMessageListenerContainer$ListenerConsumer.doInvokeOnMessage(KafkaMessageListenerContainer.java:2948)
	at org.springframework.kafka.listener.KafkaMessageListenerContainer$ListenerConsumer.invokeOnMessage(KafkaMessageListenerContainer.java:2927)
	at org.springframework.kafka.listener.KafkaMessageListenerContainer$ListenerConsumer.doInvokeRecordListener(KafkaMessageListenerContainer.java:2837)
	at org.springframework.kafka.listener.KafkaMessageListenerContainer$ListenerConsumer.doInvokeWithRecords(KafkaMessageListenerContainer.java:2679)
	at org.springframework.kafka.listener.KafkaMessageListenerContainer$ListenerConsumer.invokeRecordListener(KafkaMessageListenerContainer.java:2573)
	at org.springframework.kafka.listener.KafkaMessageListenerContainer$ListenerConsumer.invokeListener(KafkaMessageListenerContainer.java:2204)
	at org.springframework.kafka.listener.KafkaMessageListenerContainer$ListenerConsumer.invokeIfHaveRecords(KafkaMessageListenerContainer.java:1559)
	at org.springframework.kafka.listener.KafkaMessageListenerContainer$ListenerConsumer.pollAndInvoke(KafkaMessageListenerContainer.java:1499)
	at org.springframework.kafka.listener.KafkaMessageListenerContainer$ListenerConsumer.run(KafkaMessageListenerContainer.java:1368)
	at java.base/java.util.concurrent.CompletableFuture$AsyncRun.run(CompletableFuture.java:1825)
	at java.base/java.lang.Thread.run(Thread.java:1474)
12:15:01.271 [scenario7-slow-events-listener-0-C-1] DEBUG o.a.k.c.consumer.internals.ConsumerCoordinator - [Consumer clientId=consumer-slow-consumer-group-1, groupId=slow-consumer-group] Executing onJoinPrepare with generation -1 and memberId 
12:15:01.271 [scenario7-slow-events-listener-0-C-1] INFO  o.a.k.c.consumer.internals.ConsumerCoordinator - [Consumer clientId=consumer-slow-consumer-group-1, groupId=slow-consumer-group] Giving away all assigned partitions as lost since generation/memberID has been reset,indicating that consumer is in old state or no longer part of the group
12:15:01.271 [scenario7-slow-events-listener-0-C-1] INFO  o.a.k.c.c.i.ConsumerRebalanceListenerInvoker - [Consumer clientId=consumer-slow-consumer-group-1, groupId=slow-consumer-group] Lost previously assigned partitions [slow-events-0, slow-events-1, slow-events-2]
12:15:01.271 [scenario7-slow-events-listener-0-C-1] INFO  o.s.kafka.listener.KafkaMessageListenerContainer - slow-consumer-group: partitions lost: [slow-events-0, slow-events-1, slow-events-2]
12:15:01.271 [scenario7-slow-events-listener-0-C-1] INFO  o.s.kafka.listener.KafkaMessageListenerContainer - slow-consumer-group: partitions revoked: [slow-events-0, slow-events-1, slow-events-2]
12:15:01.271 [scenario7-slow-events-listener-0-C-1] INFO  o.a.k.c.consumer.internals.ConsumerCoordinator - [Consumer clientId=consumer-slow-consumer-group-1, groupId=slow-consumer-group] (Re-)joining group
12:15:01.271 [scenario7-slow-events-listener-0-C-1] DEBUG o.a.k.c.consumer.internals.ConsumerCoordinator - [Consumer clientId=consumer-slow-consumer-group-1, groupId=slow-consumer-group] Joining group with current subscription: [slow-events]
12:15:01.272 [scenario7-slow-events-listener-0-C-1] DEBUG o.a.k.c.consumer.internals.ConsumerCoordinator - [Consumer clientId=consumer-slow-consumer-group-1, groupId=slow-consumer-group] Sending JoinGroup (JoinGroupRequestData(groupId='slow-consumer-group', sessionTimeoutMs=10000, rebalanceTimeoutMs=6000, memberId='', groupInstanceId=null, protocolType='consumer', protocols=[JoinGroupRequestProtocol(name='range', metadata=[0, 3, 0, 0, 0, 1, 0, 11, 115, 108, 111, 119, 45, 101, 118, 101, 110, 116, 115, -1, -1, -1, -1, 0, 0, 0, 0, -1, -1, -1, -1, -1, -1]), JoinGroupRequestProtocol(name='cooperative-sticky', metadata=[0, 3, 0, 0, 0, 1, 0, 11, 115, 108, 111, 119, 45, 101, 118, 101, 110, 116, 115, 0, 0, 0, 4, -1, -1, -1, -1, 0, 0, 0, 0, -1, -1, -1, -1, -1, -1])], reason='consumer pro-actively leaving the group')) to coordinator localhost:9092 (id: 2147483646 rack: null isFenced: false)
12:15:01.279 [scenario7-slow-events-listener-0-C-1] DEBUG o.a.k.c.consumer.internals.ConsumerCoordinator - [Consumer clientId=consumer-slow-consumer-group-1, groupId=slow-consumer-group] JoinGroup failed due to non-fatal error: MEMBER_ID_REQUIRED. Will set the member id as consumer-slow-consumer-group-1-785cd518-04e6-47ae-9d01-d0fa8785963a and then rejoin. Sent generation was Generation{generationId=-1, memberId='', protocol='null'}
12:15:01.279 [scenario7-slow-events-listener-0-C-1] INFO  o.a.k.c.consumer.internals.ConsumerCoordinator - [Consumer clientId=consumer-slow-consumer-group-1, groupId=slow-consumer-group] Request joining group due to: need to re-join with the given member-id: consumer-slow-consumer-group-1-785cd518-04e6-47ae-9d01-d0fa8785963a
12:15:01.279 [scenario7-slow-events-listener-0-C-1] INFO  o.a.k.c.consumer.internals.ConsumerCoordinator - [Consumer clientId=consumer-slow-consumer-group-1, groupId=slow-consumer-group] (Re-)joining group
12:15:01.279 [scenario7-slow-events-listener-0-C-1] DEBUG o.a.k.c.consumer.internals.ConsumerCoordinator - [Consumer clientId=consumer-slow-consumer-group-1, groupId=slow-consumer-group] Joining group with current subscription: [slow-events]
12:15:01.279 [scenario7-slow-events-listener-0-C-1] DEBUG o.a.k.c.consumer.internals.ConsumerCoordinator - [Consumer clientId=consumer-slow-consumer-group-1, groupId=slow-consumer-group] Sending JoinGroup (JoinGroupRequestData(groupId='slow-consumer-group', sessionTimeoutMs=10000, rebalanceTimeoutMs=6000, memberId='consumer-slow-consumer-group-1-785cd518-04e6-47ae-9d01-d0fa8785963a', groupInstanceId=null, protocolType='consumer', protocols=[JoinGroupRequestProtocol(name='range', metadata=[0, 3, 0, 0, 0, 1, 0, 11, 115, 108, 111, 119, 45, 101, 118, 101, 110, 116, 115, -1, -1, -1, -1, 0, 0, 0, 0, -1, -1, -1, -1, -1, -1]), JoinGroupRequestProtocol(name='cooperative-sticky', metadata=[0, 3, 0, 0, 0, 1, 0, 11, 115, 108, 111, 119, 45, 101, 118, 101, 110, 116, 115, 0, 0, 0, 4, -1, -1, -1, -1, 0, 0, 0, 0, -1, -1, -1, -1, -1, -1])], reason='need to re-join with the given member-id: consumer-slow-consumer-group-1-785cd518-04e6-47ae-9d01-d0fa8785963a')) to coordinator localhost:9092 (id: 2147483646 rack: null isFenced: false)
12:15:02.885 [kafka-coordinator-heartbeat-thread | slow-consumer-group] DEBUG o.a.k.c.consumer.internals.ConsumerCoordinator - [Consumer clientId=consumer-slow-consumer-group-2, groupId=slow-consumer-group] Sending Heartbeat request with generation 6 and member id consumer-slow-consumer-group-2-929996d7-6dc3-4dab-8232-48c527a6ef79 to coordinator localhost:9092 (id: 2147483646 rack: null isFenced: false)
12:15:02.889 [scenario7-other-events-listener-0-C-1] INFO  o.a.k.c.consumer.internals.ConsumerCoordinator - [Consumer clientId=consumer-slow-consumer-group-2, groupId=slow-consumer-group] Request joining group due to: group is already rebalancing
12:15:02.889 [scenario7-other-events-listener-0-C-1] DEBUG o.a.k.c.consumer.internals.ConsumerCoordinator - [Consumer clientId=consumer-slow-consumer-group-2, groupId=slow-consumer-group] Executing onJoinPrepare with generation 6 and memberId consumer-slow-consumer-group-2-929996d7-6dc3-4dab-8232-48c527a6ef79
12:15:02.890 [scenario7-other-events-listener-0-C-1] INFO  o.a.k.c.c.i.ConsumerRebalanceListenerInvoker - [Consumer clientId=consumer-slow-consumer-group-2, groupId=slow-consumer-group] Revoke previously assigned partitions [other-events-0, other-events-1, other-events-2]
12:15:02.890 [scenario7-other-events-listener-0-C-1] INFO  o.s.kafka.listener.KafkaMessageListenerContainer - slow-consumer-group: partitions revoked: [other-events-0, other-events-1, other-events-2]
12:15:02.890 [scenario7-other-events-listener-0-C-1] INFO  o.a.k.c.consumer.internals.ConsumerCoordinator - [Consumer clientId=consumer-slow-consumer-group-2, groupId=slow-consumer-group] (Re-)joining group
12:15:02.890 [scenario7-other-events-listener-0-C-1] DEBUG o.a.k.c.consumer.internals.ConsumerCoordinator - [Consumer clientId=consumer-slow-consumer-group-2, groupId=slow-consumer-group] Joining group with current subscription: [other-events]
12:15:02.890 [scenario7-other-events-listener-0-C-1] DEBUG o.a.k.c.consumer.internals.ConsumerCoordinator - [Consumer clientId=consumer-slow-consumer-group-2, groupId=slow-consumer-group] Sending JoinGroup (JoinGroupRequestData(groupId='slow-consumer-group', sessionTimeoutMs=10000, rebalanceTimeoutMs=6000, memberId='consumer-slow-consumer-group-2-929996d7-6dc3-4dab-8232-48c527a6ef79', groupInstanceId=null, protocolType='consumer', protocols=[JoinGroupRequestProtocol(name='range', metadata=[0, 3, 0, 0, 0, 1, 0, 12, 111, 116, 104, 101, 114, 45, 101, 118, 101, 110, 116, 115, -1, -1, -1, -1, 0, 0, 0, 0, 0, 0, 0, 6, -1, -1]), JoinGroupRequestProtocol(name='cooperative-sticky', metadata=[0, 3, 0, 0, 0, 1, 0, 12, 111, 116, 104, 101, 114, 45, 101, 118, 101, 110, 116, 115, 0, 0, 0, 4, -1, -1, -1, -1, 0, 0, 0, 0, 0, 0, 0, 6, -1, -1])], reason='group is already rebalancing')) to coordinator localhost:9092 (id: 2147483646 rack: null isFenced: false)
12:15:02.897 [scenario7-other-events-listener-0-C-1] DEBUG o.a.k.c.consumer.internals.ConsumerCoordinator - [Consumer clientId=consumer-slow-consumer-group-2, groupId=slow-consumer-group] Received successful JoinGroup response: JoinGroupResponseData(throttleTimeMs=0, errorCode=0, generationId=7, protocolType='consumer', protocolName='range', leader='consumer-slow-consumer-group-2-929996d7-6dc3-4dab-8232-48c527a6ef79', skipAssignment=false, memberId='consumer-slow-consumer-group-2-929996d7-6dc3-4dab-8232-48c527a6ef79', members=[JoinGroupResponseMember(memberId='consumer-slow-consumer-group-2-929996d7-6dc3-4dab-8232-48c527a6ef79', groupInstanceId=null, metadata=[0, 3, 0, 0, 0, 1, 0, 12, 111, 116, 104, 101, 114, 45, 101, 118, 101, 110, 116, 115, -1, -1, -1, -1, 0, 0, 0, 0, 0, 0, 0, 6, -1, -1]), JoinGroupResponseMember(memberId='consumer-slow-consumer-group-1-785cd518-04e6-47ae-9d01-d0fa8785963a', groupInstanceId=null, metadata=[0, 3, 0, 0, 0, 1, 0, 11, 115, 108, 111, 119, 45, 101, 118, 101, 110, 116, 115, -1, -1, -1, -1, 0, 0, 0, 0, -1, -1, -1, -1, -1, -1])])
12:15:02.897 [scenario7-slow-events-listener-0-C-1] DEBUG o.a.k.c.consumer.internals.ConsumerCoordinator - [Consumer clientId=consumer-slow-consumer-group-1, groupId=slow-consumer-group] Received successful JoinGroup response: JoinGroupResponseData(throttleTimeMs=0, errorCode=0, generationId=7, protocolType='consumer', protocolName='range', leader='consumer-slow-consumer-group-2-929996d7-6dc3-4dab-8232-48c527a6ef79', skipAssignment=false, memberId='consumer-slow-consumer-group-1-785cd518-04e6-47ae-9d01-d0fa8785963a', members=[])
12:15:02.897 [scenario7-other-events-listener-0-C-1] DEBUG o.a.k.c.consumer.internals.ConsumerCoordinator - [Consumer clientId=consumer-slow-consumer-group-2, groupId=slow-consumer-group] Enabling heartbeat thread
12:15:02.897 [scenario7-slow-events-listener-0-C-1] DEBUG o.a.k.c.consumer.internals.ConsumerCoordinator - [Consumer clientId=consumer-slow-consumer-group-1, groupId=slow-consumer-group] Enabling heartbeat thread
12:15:02.897 [scenario7-slow-events-listener-0-C-1] INFO  o.a.k.c.consumer.internals.ConsumerCoordinator - [Consumer clientId=consumer-slow-consumer-group-1, groupId=slow-consumer-group] Successfully joined group with generation Generation{generationId=7, memberId='consumer-slow-consumer-group-1-785cd518-04e6-47ae-9d01-d0fa8785963a', protocol='range'}
12:15:02.897 [scenario7-other-events-listener-0-C-1] INFO  o.a.k.c.consumer.internals.ConsumerCoordinator - [Consumer clientId=consumer-slow-consumer-group-2, groupId=slow-consumer-group] Successfully joined group with generation Generation{generationId=7, memberId='consumer-slow-consumer-group-2-929996d7-6dc3-4dab-8232-48c527a6ef79', protocol='range'}
12:15:02.897 [scenario7-slow-events-listener-0-C-1] DEBUG o.a.k.c.consumer.internals.ConsumerCoordinator - [Consumer clientId=consumer-slow-consumer-group-1, groupId=slow-consumer-group] Sending follower SyncGroup to coordinator localhost:9092 (id: 2147483646 rack: null isFenced: false): SyncGroupRequestData(groupId='slow-consumer-group', generationId=7, memberId='consumer-slow-consumer-group-1-785cd518-04e6-47ae-9d01-d0fa8785963a', groupInstanceId=null, protocolType='consumer', protocolName='range', assignments=[])
12:15:03.243 [scenario7-other-events-listener-0-C-1] DEBUG o.a.k.c.consumer.internals.ConsumerCoordinator - [Consumer clientId=consumer-slow-consumer-group-2, groupId=slow-consumer-group] Performing assignment using strategy range with subscriptions {consumer-slow-consumer-group-2-929996d7-6dc3-4dab-8232-48c527a6ef79=Subscription(topics=[other-events], ownedPartitions=[], groupInstanceId=null, generationId=6, rackId=null), consumer-slow-consumer-group-1-785cd518-04e6-47ae-9d01-d0fa8785963a=Subscription(topics=[slow-events], ownedPartitions=[], groupInstanceId=null, generationId=-1, rackId=null)}
12:15:03.244 [scenario7-other-events-listener-0-C-1] INFO  o.a.k.c.consumer.internals.ConsumerCoordinator - [Consumer clientId=consumer-slow-consumer-group-2, groupId=slow-consumer-group] Finished assignment for group at generation 7: {consumer-slow-consumer-group-2-929996d7-6dc3-4dab-8232-48c527a6ef79=Assignment(partitions=[other-events-0, other-events-1, other-events-2]), consumer-slow-consumer-group-1-785cd518-04e6-47ae-9d01-d0fa8785963a=Assignment(partitions=[slow-events-0, slow-events-1, slow-events-2])}
12:15:03.244 [scenario7-other-events-listener-0-C-1] DEBUG o.a.k.c.consumer.internals.ConsumerCoordinator - [Consumer clientId=consumer-slow-consumer-group-2, groupId=slow-consumer-group] Sending leader SyncGroup to coordinator localhost:9092 (id: 2147483646 rack: null isFenced: false): SyncGroupRequestData(groupId='slow-consumer-group', generationId=7, memberId='consumer-slow-consumer-group-2-929996d7-6dc3-4dab-8232-48c527a6ef79', groupInstanceId=null, protocolType='consumer', protocolName='range', assignments=[SyncGroupRequestAssignment(memberId='consumer-slow-consumer-group-2-929996d7-6dc3-4dab-8232-48c527a6ef79', assignment=[0, 3, 0, 0, 0, 1, 0, 12, 111, 116, 104, 101, 114, 45, 101, 118, 101, 110, 116, 115, 0, 0, 0, 3, 0, 0, 0, 0, 0, 0, 0, 1, 0, 0, 0, 2, -1, -1, -1, -1]), SyncGroupRequestAssignment(memberId='consumer-slow-consumer-group-1-785cd518-04e6-47ae-9d01-d0fa8785963a', assignment=[0, 3, 0, 0, 0, 1, 0, 11, 115, 108, 111, 119, 45, 101, 118, 101, 110, 116, 115, 0, 0, 0, 3, 0, 0, 0, 0, 0, 0, 0, 1, 0, 0, 0, 2, -1, -1, -1, -1])])
12:15:03.249 [scenario7-slow-events-listener-0-C-1] DEBUG o.a.k.c.consumer.internals.ConsumerCoordinator - [Consumer clientId=consumer-slow-consumer-group-1, groupId=slow-consumer-group] Received successful SyncGroup response: SyncGroupResponseData(throttleTimeMs=0, errorCode=0, protocolType='consumer', protocolName='range', assignment=[0, 3, 0, 0, 0, 1, 0, 11, 115, 108, 111, 119, 45, 101, 118, 101, 110, 116, 115, 0, 0, 0, 3, 0, 0, 0, 0, 0, 0, 0, 1, 0, 0, 0, 2, -1, -1, -1, -1])
12:15:03.249 [scenario7-other-events-listener-0-C-1] DEBUG o.a.k.c.consumer.internals.ConsumerCoordinator - [Consumer clientId=consumer-slow-consumer-group-2, groupId=slow-consumer-group] Received successful SyncGroup response: SyncGroupResponseData(throttleTimeMs=0, errorCode=0, protocolType='consumer', protocolName='range', assignment=[0, 3, 0, 0, 0, 1, 0, 12, 111, 116, 104, 101, 114, 45, 101, 118, 101, 110, 116, 115, 0, 0, 0, 3, 0, 0, 0, 0, 0, 0, 0, 1, 0, 0, 0, 2, -1, -1, -1, -1])
12:15:03.249 [scenario7-other-events-listener-0-C-1] INFO  o.a.k.c.consumer.internals.ConsumerCoordinator - [Consumer clientId=consumer-slow-consumer-group-2, groupId=slow-consumer-group] Successfully synced group in generation Generation{generationId=7, memberId='consumer-slow-consumer-group-2-929996d7-6dc3-4dab-8232-48c527a6ef79', protocol='range'}
12:15:03.249 [scenario7-slow-events-listener-0-C-1] INFO  o.a.k.c.consumer.internals.ConsumerCoordinator - [Consumer clientId=consumer-slow-consumer-group-1, groupId=slow-consumer-group] Successfully synced group in generation Generation{generationId=7, memberId='consumer-slow-consumer-group-1-785cd518-04e6-47ae-9d01-d0fa8785963a', protocol='range'}
12:15:03.250 [scenario7-other-events-listener-0-C-1] DEBUG o.a.k.c.consumer.internals.ConsumerCoordinator - [Consumer clientId=consumer-slow-consumer-group-2, groupId=slow-consumer-group] Executing onJoinComplete with generation 7 and memberId consumer-slow-consumer-group-2-929996d7-6dc3-4dab-8232-48c527a6ef79
12:15:03.250 [scenario7-slow-events-listener-0-C-1] DEBUG o.a.k.c.consumer.internals.ConsumerCoordinator - [Consumer clientId=consumer-slow-consumer-group-1, groupId=slow-consumer-group] Executing onJoinComplete with generation 7 and memberId consumer-slow-consumer-group-1-785cd518-04e6-47ae-9d01-d0fa8785963a
12:15:03.250 [scenario7-slow-events-listener-0-C-1] INFO  o.a.k.c.consumer.internals.ConsumerCoordinator - [Consumer clientId=consumer-slow-consumer-group-1, groupId=slow-consumer-group] Notifying assignor about the new Assignment(partitions=[slow-events-0, slow-events-1, slow-events-2])
12:15:03.250 [scenario7-other-events-listener-0-C-1] INFO  o.a.k.c.consumer.internals.ConsumerCoordinator - [Consumer clientId=consumer-slow-consumer-group-2, groupId=slow-consumer-group] Notifying assignor about the new Assignment(partitions=[other-events-0, other-events-1, other-events-2])
12:15:03.250 [scenario7-other-events-listener-0-C-1] INFO  o.a.k.c.c.i.ConsumerRebalanceListenerInvoker - [Consumer clientId=consumer-slow-consumer-group-2, groupId=slow-consumer-group] Adding newly assigned partitions: [other-events-0, other-events-1, other-events-2]
12:15:03.250 [scenario7-slow-events-listener-0-C-1] INFO  o.a.k.c.c.i.ConsumerRebalanceListenerInvoker - [Consumer clientId=consumer-slow-consumer-group-1, groupId=slow-consumer-group] Adding newly assigned partitions: [slow-events-0, slow-events-1, slow-events-2]
12:15:03.250 [scenario7-slow-events-listener-0-C-1] DEBUG o.a.k.c.consumer.internals.ConsumerCoordinator - [Consumer clientId=consumer-slow-consumer-group-1, groupId=slow-consumer-group] Fetching committed offsets for partitions: [slow-events-2, slow-events-1, slow-events-0]
12:15:03.250 [scenario7-other-events-listener-0-C-1] DEBUG o.a.k.c.consumer.internals.ConsumerCoordinator - [Consumer clientId=consumer-slow-consumer-group-2, groupId=slow-consumer-group] Fetching committed offsets for partitions: [other-events-0, other-events-1, other-events-2]
12:15:03.253 [scenario7-slow-events-listener-0-C-1] INFO  o.a.k.c.consumer.internals.ConsumerCoordinator - [Consumer clientId=consumer-slow-consumer-group-1, groupId=slow-consumer-group] Found no committed offset for partition slow-events-2
12:15:03.253 [scenario7-slow-events-listener-0-C-1] INFO  o.a.k.c.consumer.internals.ConsumerCoordinator - [Consumer clientId=consumer-slow-consumer-group-1, groupId=slow-consumer-group] Found no committed offset for partition slow-events-1
12:15:03.253 [scenario7-slow-events-listener-0-C-1] INFO  o.a.k.c.consumer.internals.ConsumerCoordinator - [Consumer clientId=consumer-slow-consumer-group-1, groupId=slow-consumer-group] Found no committed offset for partition slow-events-0
12:15:03.254 [scenario7-other-events-listener-0-C-1] INFO  o.a.k.c.consumer.internals.ConsumerCoordinator - [Consumer clientId=consumer-slow-consumer-group-2, groupId=slow-consumer-group] Found no committed offset for partition other-events-0
12:15:03.254 [scenario7-other-events-listener-0-C-1] INFO  o.a.k.c.consumer.internals.ConsumerCoordinator - [Consumer clientId=consumer-slow-consumer-group-2, groupId=slow-consumer-group] Found no committed offset for partition other-events-1
12:15:03.254 [scenario7-other-events-listener-0-C-1] INFO  o.a.kafka.clients.consumer.internals.ConsumerUtils - Setting offset for partition other-events-2 to the committed offset FetchPosition{offset=60, offsetEpoch=Optional.empty, currentLeader=LeaderAndEpoch{leader=Optional[localhost:9092 (id: 1 rack: null isFenced: false)], epoch=0}}
12:15:03.257 [scenario7-slow-events-listener-0-C-1] INFO  o.a.k.clients.consumer.internals.SubscriptionState - [Consumer clientId=consumer-slow-consumer-group-1, groupId=slow-consumer-group] Resetting offset for partition slow-events-2 to position FetchPosition{offset=0, offsetEpoch=Optional.empty, currentLeader=LeaderAndEpoch{leader=Optional[localhost:9092 (id: 1 rack: null isFenced: false)], epoch=0}}.
12:15:03.257 [scenario7-other-events-listener-0-C-1] INFO  o.a.k.clients.consumer.internals.SubscriptionState - [Consumer clientId=consumer-slow-consumer-group-2, groupId=slow-consumer-group] Resetting offset for partition other-events-0 to position FetchPosition{offset=0, offsetEpoch=Optional.empty, currentLeader=LeaderAndEpoch{leader=Optional[localhost:9092 (id: 1 rack: null isFenced: false)], epoch=0}}.
12:15:03.257 [scenario7-other-events-listener-0-C-1] INFO  o.a.k.clients.consumer.internals.SubscriptionState - [Consumer clientId=consumer-slow-consumer-group-2, groupId=slow-consumer-group] Resetting offset for partition other-events-1 to position FetchPosition{offset=0, offsetEpoch=Optional.empty, currentLeader=LeaderAndEpoch{leader=Optional[localhost:9092 (id: 1 rack: null isFenced: false)], epoch=0}}.
12:15:03.257 [scenario7-slow-events-listener-0-C-1] INFO  o.a.k.clients.consumer.internals.SubscriptionState - [Consumer clientId=consumer-slow-consumer-group-1, groupId=slow-consumer-group] Resetting offset for partition slow-events-1 to position FetchPosition{offset=0, offsetEpoch=Optional.empty, currentLeader=LeaderAndEpoch{leader=Optional[localhost:9092 (id: 1 rack: null isFenced: false)], epoch=0}}.
12:15:03.257 [scenario7-slow-events-listener-0-C-1] INFO  o.a.k.clients.consumer.internals.SubscriptionState - [Consumer clientId=consumer-slow-consumer-group-1, groupId=slow-consumer-group] Resetting offset for partition slow-events-0 to position FetchPosition{offset=0, offsetEpoch=Optional.empty, currentLeader=LeaderAndEpoch{leader=Optional[localhost:9092 (id: 1 rack: null isFenced: false)], epoch=0}}.
12:15:03.257 [scenario7-slow-events-listener-0-C-1] INFO  o.s.kafka.listener.KafkaMessageListenerContainer - slow-consumer-group: partitions assigned: [slow-events-0, slow-events-1, slow-events-2]
12:15:03.257 [scenario7-other-events-listener-0-C-1] INFO  o.s.kafka.listener.KafkaMessageListenerContainer - slow-consumer-group: partitions assigned: [other-events-0, other-events-1, other-events-2]
12:15:03.262 [scenario7-slow-events-listener-0-C-1] DEBUG o.s.kafka.listener.KafkaMessageListenerContainer - Received: 1 records
12:15:03.263 [scenario7-slow-events-listener-0-C-1] DEBUG o.s.k.l.a.RecordMessagingMessageListenerAdapter - Processing [GenericMessage [payload=DemoEvent(id=a2554d8b-b469-4e3d-92e9-a76cdcb66fe1, payload=demo-event-0, slow=true, retryTrigger=false, flaky=false, createdAt=2026-08-27T04:14:28.388135Z), headers={kafka_offset=0, kafka_consumer=org.springframework.kafka.core.DefaultKafkaConsumerFactory$ExtendedKafkaConsumer@c4c7cb2, kafka_timestampType=CREATE_TIME, kafka_receivedPartitionId=2, kafka_receivedMessageKey=0, kafka_receivedTopic=slow-events, kafka_receivedTimestamp=1787804068401, kafka_acknowledgment=Acknowledgment for slow-events-2@0, kafka_groupId=slow-consumer-group}]]
12:15:03.263 [scenario7-slow-events-listener-0-C-1] INFO  c.e.k.listener.SplitTopicRebalanceListener - [slow-events] 收到消息 id=a2554d8b-b469-4e3d-92e9-a76cdcb66fe1 partition=2 slow=true
12:15:03.263 [scenario7-slow-events-listener-0-C-1] WARN  c.e.k.listener.SplitTopicRebalanceListener - [slow-events] 模拟慢处理开始：id=a2554d8b-b469-4e3d-92e9-a76cdcb66fe1 将阻塞 10000ms（超过 max.poll.interval.ms，预期触发该 consumer 的 rebalance）
12:15:03.370 [scenario7-other-events-listener-0-C-1] DEBUG o.s.kafka.listener.KafkaMessageListenerContainer - Received: 0 records
12:15:05.898 [kafka-coordinator-heartbeat-thread | slow-consumer-group] DEBUG o.a.k.c.consumer.internals.ConsumerCoordinator - [Consumer clientId=consumer-slow-consumer-group-2, groupId=slow-consumer-group] Sending Heartbeat request with generation 7 and member id consumer-slow-consumer-group-2-929996d7-6dc3-4dab-8232-48c527a6ef79 to coordinator localhost:9092 (id: 2147483646 rack: null isFenced: false)
12:15:05.899 [scenario7-other-events-listener-0-C-1] DEBUG o.a.k.c.consumer.internals.ConsumerCoordinator - [Consumer clientId=consumer-slow-consumer-group-2, groupId=slow-consumer-group] Received successful Heartbeat response
12:15:05.934 [kafka-coordinator-heartbeat-thread | slow-consumer-group] DEBUG o.a.k.c.consumer.internals.ConsumerCoordinator - [Consumer clientId=consumer-slow-consumer-group-1, groupId=slow-consumer-group] Sending Heartbeat request with generation 7 and member id consumer-slow-consumer-group-1-785cd518-04e6-47ae-9d01-d0fa8785963a to coordinator localhost:9092 (id: 2147483646 rack: null isFenced: false)
12:15:06.039 [kafka-coordinator-heartbeat-thread | slow-consumer-group] DEBUG o.a.k.c.consumer.internals.ConsumerCoordinator - [Consumer clientId=consumer-slow-consumer-group-1, groupId=slow-consumer-group] Received successful Heartbeat response
12:15:08.371 [scenario7-other-events-listener-0-C-1] DEBUG o.s.kafka.listener.KafkaMessageListenerContainer - Received: 0 records
12:15:08.900 [kafka-coordinator-heartbeat-thread | slow-consumer-group] DEBUG o.a.k.c.consumer.internals.ConsumerCoordinator - [Consumer clientId=consumer-slow-consumer-group-2, groupId=slow-consumer-group] Sending Heartbeat request with generation 7 and member id consumer-slow-consumer-group-2-929996d7-6dc3-4dab-8232-48c527a6ef79 to coordinator localhost:9092 (id: 2147483646 rack: null isFenced: false)
12:15:08.904 [scenario7-other-events-listener-0-C-1] DEBUG o.a.k.c.consumer.internals.ConsumerCoordinator - [Consumer clientId=consumer-slow-consumer-group-2, groupId=slow-consumer-group] Received successful Heartbeat response
12:15:08.943 [kafka-coordinator-heartbeat-thread | slow-consumer-group] DEBUG o.a.k.c.consumer.internals.ConsumerCoordinator - [Consumer clientId=consumer-slow-consumer-group-1, groupId=slow-consumer-group] Sending Heartbeat request with generation 7 and member id consumer-slow-consumer-group-1-785cd518-04e6-47ae-9d01-d0fa8785963a to coordinator localhost:9092 (id: 2147483646 rack: null isFenced: false)
12:15:09.048 [kafka-coordinator-heartbeat-thread | slow-consumer-group] DEBUG o.a.k.c.consumer.internals.ConsumerCoordinator - [Consumer clientId=consumer-slow-consumer-group-1, groupId=slow-consumer-group] Received successful Heartbeat response
12:15:09.350 [kafka-coordinator-heartbeat-thread | slow-consumer-group] WARN  o.a.k.c.consumer.internals.ConsumerCoordinator - [Consumer clientId=consumer-slow-consumer-group-1, groupId=slow-consumer-group] consumer poll timeout has expired. This means the time between subsequent calls to poll() was longer than the configured max.poll.interval.ms, which typically implies that the poll loop is spending too much time processing messages. You can address this either by increasing max.poll.interval.ms or by reducing the maximum size of batches returned in poll() with max.poll.records.
12:15:09.350 [kafka-coordinator-heartbeat-thread | slow-consumer-group] INFO  o.a.k.c.consumer.internals.ConsumerCoordinator - [Consumer clientId=consumer-slow-consumer-group-1, groupId=slow-consumer-group] Member consumer-slow-consumer-group-1-785cd518-04e6-47ae-9d01-d0fa8785963a sending LeaveGroup request to coordinator localhost:9092 (id: 2147483646 rack: null isFenced: false) due to consumer poll timeout has expired.
12:15:09.351 [kafka-coordinator-heartbeat-thread | slow-consumer-group] INFO  o.a.k.c.consumer.internals.ConsumerCoordinator - [Consumer clientId=consumer-slow-consumer-group-1, groupId=slow-consumer-group] Resetting generation and member id due to: consumer pro-actively leaving the group
12:15:09.351 [kafka-coordinator-heartbeat-thread | slow-consumer-group] INFO  o.a.k.c.consumer.internals.ConsumerCoordinator - [Consumer clientId=consumer-slow-consumer-group-1, groupId=slow-consumer-group] Request joining group due to: consumer pro-actively leaving the group
12:15:11.901 [kafka-coordinator-heartbeat-thread | slow-consumer-group] DEBUG o.a.k.c.consumer.internals.ConsumerCoordinator - [Consumer clientId=consumer-slow-consumer-group-2, groupId=slow-consumer-group] Sending Heartbeat request with generation 7 and member id consumer-slow-consumer-group-2-929996d7-6dc3-4dab-8232-48c527a6ef79 to coordinator localhost:9092 (id: 2147483646 rack: null isFenced: false)
12:15:11.904 [scenario7-other-events-listener-0-C-1] INFO  o.a.k.c.consumer.internals.ConsumerCoordinator - [Consumer clientId=consumer-slow-consumer-group-2, groupId=slow-consumer-group] Request joining group due to: group is already rebalancing
12:15:11.904 [scenario7-other-events-listener-0-C-1] DEBUG o.a.k.c.consumer.internals.ConsumerCoordinator - [Consumer clientId=consumer-slow-consumer-group-2, groupId=slow-consumer-group] Executing onJoinPrepare with generation 7 and memberId consumer-slow-consumer-group-2-929996d7-6dc3-4dab-8232-48c527a6ef79
12:15:11.904 [scenario7-other-events-listener-0-C-1] INFO  o.a.k.c.c.i.ConsumerRebalanceListenerInvoker - [Consumer clientId=consumer-slow-consumer-group-2, groupId=slow-consumer-group] Revoke previously assigned partitions [other-events-0, other-events-1, other-events-2]
12:15:11.904 [scenario7-other-events-listener-0-C-1] INFO  o.s.kafka.listener.KafkaMessageListenerContainer - slow-consumer-group: partitions revoked: [other-events-0, other-events-1, other-events-2]
12:15:11.904 [scenario7-other-events-listener-0-C-1] INFO  o.a.k.c.consumer.internals.ConsumerCoordinator - [Consumer clientId=consumer-slow-consumer-group-2, groupId=slow-consumer-group] (Re-)joining group
12:15:11.904 [scenario7-other-events-listener-0-C-1] DEBUG o.a.k.c.consumer.internals.ConsumerCoordinator - [Consumer clientId=consumer-slow-consumer-group-2, groupId=slow-consumer-group] Joining group with current subscription: [other-events]
12:15:11.905 [scenario7-other-events-listener-0-C-1] DEBUG o.a.k.c.consumer.internals.ConsumerCoordinator - [Consumer clientId=consumer-slow-consumer-group-2, groupId=slow-consumer-group] Sending JoinGroup (JoinGroupRequestData(groupId='slow-consumer-group', sessionTimeoutMs=10000, rebalanceTimeoutMs=6000, memberId='consumer-slow-consumer-group-2-929996d7-6dc3-4dab-8232-48c527a6ef79', groupInstanceId=null, protocolType='consumer', protocols=[JoinGroupRequestProtocol(name='range', metadata=[0, 3, 0, 0, 0, 1, 0, 12, 111, 116, 104, 101, 114, 45, 101, 118, 101, 110, 116, 115, -1, -1, -1, -1, 0, 0, 0, 0, 0, 0, 0, 7, -1, -1]), JoinGroupRequestProtocol(name='cooperative-sticky', metadata=[0, 3, 0, 0, 0, 1, 0, 12, 111, 116, 104, 101, 114, 45, 101, 118, 101, 110, 116, 115, 0, 0, 0, 4, -1, -1, -1, -1, 0, 0, 0, 0, 0, 0, 0, 7, -1, -1])], reason='group is already rebalancing')) to coordinator localhost:9092 (id: 2147483646 rack: null isFenced: false)
12:15:11.908 [scenario7-other-events-listener-0-C-1] DEBUG o.a.k.c.consumer.internals.ConsumerCoordinator - [Consumer clientId=consumer-slow-consumer-group-2, groupId=slow-consumer-group] Received successful JoinGroup response: JoinGroupResponseData(throttleTimeMs=0, errorCode=0, generationId=8, protocolType='consumer', protocolName='range', leader='consumer-slow-consumer-group-2-929996d7-6dc3-4dab-8232-48c527a6ef79', skipAssignment=false, memberId='consumer-slow-consumer-group-2-929996d7-6dc3-4dab-8232-48c527a6ef79', members=[JoinGroupResponseMember(memberId='consumer-slow-consumer-group-2-929996d7-6dc3-4dab-8232-48c527a6ef79', groupInstanceId=null, metadata=[0, 3, 0, 0, 0, 1, 0, 12, 111, 116, 104, 101, 114, 45, 101, 118, 101, 110, 116, 115, -1, -1, -1, -1, 0, 0, 0, 0, 0, 0, 0, 7, -1, -1])])
12:15:11.908 [scenario7-other-events-listener-0-C-1] DEBUG o.a.k.c.consumer.internals.ConsumerCoordinator - [Consumer clientId=consumer-slow-consumer-group-2, groupId=slow-consumer-group] Enabling heartbeat thread
12:15:11.908 [scenario7-other-events-listener-0-C-1] INFO  o.a.k.c.consumer.internals.ConsumerCoordinator - [Consumer clientId=consumer-slow-consumer-group-2, groupId=slow-consumer-group] Successfully joined group with generation Generation{generationId=8, memberId='consumer-slow-consumer-group-2-929996d7-6dc3-4dab-8232-48c527a6ef79', protocol='range'}
12:15:11.909 [scenario7-other-events-listener-0-C-1] DEBUG o.a.k.c.consumer.internals.ConsumerCoordinator - [Consumer clientId=consumer-slow-consumer-group-2, groupId=slow-consumer-group] Performing assignment using strategy range with subscriptions {consumer-slow-consumer-group-2-929996d7-6dc3-4dab-8232-48c527a6ef79=Subscription(topics=[other-events], ownedPartitions=[], groupInstanceId=null, generationId=7, rackId=null)}
12:15:11.909 [scenario7-other-events-listener-0-C-1] INFO  o.a.k.c.consumer.internals.ConsumerCoordinator - [Consumer clientId=consumer-slow-consumer-group-2, groupId=slow-consumer-group] Finished assignment for group at generation 8: {consumer-slow-consumer-group-2-929996d7-6dc3-4dab-8232-48c527a6ef79=Assignment(partitions=[other-events-0, other-events-1, other-events-2])}
12:15:11.909 [scenario7-other-events-listener-0-C-1] DEBUG o.a.k.c.consumer.internals.ConsumerCoordinator - [Consumer clientId=consumer-slow-consumer-group-2, groupId=slow-consumer-group] Sending leader SyncGroup to coordinator localhost:9092 (id: 2147483646 rack: null isFenced: false): SyncGroupRequestData(groupId='slow-consumer-group', generationId=8, memberId='consumer-slow-consumer-group-2-929996d7-6dc3-4dab-8232-48c527a6ef79', groupInstanceId=null, protocolType='consumer', protocolName='range', assignments=[SyncGroupRequestAssignment(memberId='consumer-slow-consumer-group-2-929996d7-6dc3-4dab-8232-48c527a6ef79', assignment=[0, 3, 0, 0, 0, 1, 0, 12, 111, 116, 104, 101, 114, 45, 101, 118, 101, 110, 116, 115, 0, 0, 0, 3, 0, 0, 0, 0, 0, 0, 0, 1, 0, 0, 0, 2, -1, -1, -1, -1])])
12:15:11.915 [scenario7-other-events-listener-0-C-1] DEBUG o.a.k.c.consumer.internals.ConsumerCoordinator - [Consumer clientId=consumer-slow-consumer-group-2, groupId=slow-consumer-group] Received successful SyncGroup response: SyncGroupResponseData(throttleTimeMs=0, errorCode=0, protocolType='consumer', protocolName='range', assignment=[0, 3, 0, 0, 0, 1, 0, 12, 111, 116, 104, 101, 114, 45, 101, 118, 101, 110, 116, 115, 0, 0, 0, 3, 0, 0, 0, 0, 0, 0, 0, 1, 0, 0, 0, 2, -1, -1, -1, -1])
12:15:11.915 [scenario7-other-events-listener-0-C-1] INFO  o.a.k.c.consumer.internals.ConsumerCoordinator - [Consumer clientId=consumer-slow-consumer-group-2, groupId=slow-consumer-group] Successfully synced group in generation Generation{generationId=8, memberId='consumer-slow-consumer-group-2-929996d7-6dc3-4dab-8232-48c527a6ef79', protocol='range'}
12:15:11.915 [scenario7-other-events-listener-0-C-1] DEBUG o.a.k.c.consumer.internals.ConsumerCoordinator - [Consumer clientId=consumer-slow-consumer-group-2, groupId=slow-consumer-group] Executing onJoinComplete with generation 8 and memberId consumer-slow-consumer-group-2-929996d7-6dc3-4dab-8232-48c527a6ef79
12:15:11.915 [scenario7-other-events-listener-0-C-1] INFO  o.a.k.c.consumer.internals.ConsumerCoordinator - [Consumer clientId=consumer-slow-consumer-group-2, groupId=slow-consumer-group] Notifying assignor about the new Assignment(partitions=[other-events-0, other-events-1, other-events-2])
12:15:11.915 [scenario7-other-events-listener-0-C-1] INFO  o.a.k.c.c.i.ConsumerRebalanceListenerInvoker - [Consumer clientId=consumer-slow-consumer-group-2, groupId=slow-consumer-group] Adding newly assigned partitions: [other-events-0, other-events-1, other-events-2]
12:15:11.915 [scenario7-other-events-listener-0-C-1] DEBUG o.a.k.c.consumer.internals.ConsumerCoordinator - [Consumer clientId=consumer-slow-consumer-group-2, groupId=slow-consumer-group] Fetching committed offsets for partitions: [other-events-0, other-events-1, other-events-2]
12:15:11.918 [scenario7-other-events-listener-0-C-1] INFO  o.a.k.c.consumer.internals.ConsumerCoordinator - [Consumer clientId=consumer-slow-consumer-group-2, groupId=slow-consumer-group] Found no committed offset for partition other-events-0
12:15:11.918 [scenario7-other-events-listener-0-C-1] INFO  o.a.k.c.consumer.internals.ConsumerCoordinator - [Consumer clientId=consumer-slow-consumer-group-2, groupId=slow-consumer-group] Found no committed offset for partition other-events-1
12:15:11.919 [scenario7-other-events-listener-0-C-1] INFO  o.a.kafka.clients.consumer.internals.ConsumerUtils - Setting offset for partition other-events-2 to the committed offset FetchPosition{offset=60, offsetEpoch=Optional.empty, currentLeader=LeaderAndEpoch{leader=Optional[localhost:9092 (id: 1 rack: null isFenced: false)], epoch=0}}
12:15:12.150 [scenario7-other-events-listener-0-C-1] INFO  o.a.k.clients.consumer.internals.SubscriptionState - [Consumer clientId=consumer-slow-consumer-group-2, groupId=slow-consumer-group] Resetting offset for partition other-events-0 to position FetchPosition{offset=0, offsetEpoch=Optional.empty, currentLeader=LeaderAndEpoch{leader=Optional[localhost:9092 (id: 1 rack: null isFenced: false)], epoch=0}}.
12:15:12.150 [scenario7-other-events-listener-0-C-1] INFO  o.a.k.clients.consumer.internals.SubscriptionState - [Consumer clientId=consumer-slow-consumer-group-2, groupId=slow-consumer-group] Resetting offset for partition other-events-1 to position FetchPosition{offset=0, offsetEpoch=Optional.empty, currentLeader=LeaderAndEpoch{leader=Optional[localhost:9092 (id: 1 rack: null isFenced: false)], epoch=0}}.
12:15:12.150 [scenario7-other-events-listener-0-C-1] INFO  o.s.kafka.listener.KafkaMessageListenerContainer - slow-consumer-group: partitions assigned: [other-events-0, other-events-1, other-events-2]
12:15:13.268 [scenario7-slow-events-listener-0-C-1] DEBUG o.s.kafka.listener.KafkaMessageListenerContainer - Committing: {slow-events-2=OffsetAndMetadata{offset=1, leaderEpoch=null, metadata=''}}
12:15:13.268 [scenario7-slow-events-listener-0-C-1] INFO  o.a.k.c.consumer.internals.ConsumerCoordinator - [Consumer clientId=consumer-slow-consumer-group-1, groupId=slow-consumer-group] Failing OffsetCommit request since the consumer is not part of an active group
12:15:13.269 [scenario7-slow-events-listener-0-C-1] DEBUG o.a.k.c.consumer.internals.ConsumerCoordinator - [Consumer clientId=consumer-slow-consumer-group-1, groupId=slow-consumer-group] LeaveGroup response with Generation{generationId=7, memberId='consumer-slow-consumer-group-1-785cd518-04e6-47ae-9d01-d0fa8785963a', protocol='range'} returned successfully: ClientResponse(receivedTimeMs=1787804113268, latencyMs=3918, disconnected=false, timedOut=false, requestHeader=RequestHeader(apiKey=LEAVE_GROUP, apiVersion=5, clientId=consumer-slow-consumer-group-1, correlationId=63, headerVersion=2), responseBody=LeaveGroupResponseData(throttleTimeMs=0, errorCode=0, members=[MemberResponse(memberId='consumer-slow-consumer-group-1-785cd518-04e6-47ae-9d01-d0fa8785963a', groupInstanceId=null, errorCode=0)]))
12:15:13.269 [scenario7-slow-events-listener-0-C-1] WARN  c.e.k.listener.SplitTopicRebalanceListener - [slow-events] 提交 offset 失败，可能因 rebalance 导致该分区已被回收 id=a2554d8b-b469-4e3d-92e9-a76cdcb66fe1
org.apache.kafka.clients.consumer.CommitFailedException: Offset commit cannot be completed since the consumer is not part of an active group for auto partition assignment; it is likely that the consumer was kicked out of the group.
	at org.apache.kafka.clients.consumer.internals.ConsumerCoordinator.sendOffsetCommitRequest(ConsumerCoordinator.java:1320)
	at org.apache.kafka.clients.consumer.internals.ConsumerCoordinator.commitOffsetsSync(ConsumerCoordinator.java:1155)
	at org.apache.kafka.clients.consumer.internals.ClassicKafkaConsumer.commitSync(ClassicKafkaConsumer.java:747)
	at org.apache.kafka.clients.consumer.KafkaConsumer.commitSync(KafkaConsumer.java:1094)
	at org.springframework.kafka.listener.KafkaMessageListenerContainer$ListenerConsumer.doCommitSync(KafkaMessageListenerContainer.java:3474)
	at org.springframework.kafka.listener.KafkaMessageListenerContainer$ListenerConsumer.commitSync(KafkaMessageListenerContainer.java:3469)
	at org.springframework.kafka.listener.KafkaMessageListenerContainer$ListenerConsumer.commitOffsets(KafkaMessageListenerContainer.java:3452)
	at org.springframework.kafka.listener.KafkaMessageListenerContainer$ListenerConsumer.commitOffsetsInTransactions(KafkaMessageListenerContainer.java:3443)
	at org.springframework.kafka.listener.KafkaMessageListenerContainer$ListenerConsumer.ackImmediate(KafkaMessageListenerContainer.java:2187)
	at org.springframework.kafka.listener.KafkaMessageListenerContainer$ListenerConsumer.processAck(KafkaMessageListenerContainer.java:2082)
	at org.springframework.kafka.listener.KafkaMessageListenerContainer$ListenerConsumer.doAck(KafkaMessageListenerContainer.java:2062)
	at org.springframework.kafka.listener.KafkaMessageListenerContainer$ListenerConsumer$ConsumerAcknowledgment.acknowledge(KafkaMessageListenerContainer.java:3622)
	at com.example.kafkarebalance.listener.SplitTopicRebalanceListener.onSlowEvent(SplitTopicRebalanceListener.kt:66)
	at java.base/jdk.internal.reflect.DirectMethodHandleAccessor.invoke(DirectMethodHandleAccessor.java:104)
	at java.base/java.lang.reflect.Method.invoke(Method.java:565)
	at org.springframework.messaging.handler.invocation.InvocableHandlerMethod.doInvoke(InvocableHandlerMethod.java:168)
	at org.springframework.kafka.listener.adapter.KotlinAwareInvocableHandlerMethod.doInvoke(KotlinAwareInvocableHandlerMethod.java:48)
	at org.springframework.messaging.handler.invocation.InvocableHandlerMethod.invoke(InvocableHandlerMethod.java:119)
	at org.springframework.kafka.listener.adapter.HandlerAdapter.invoke(HandlerAdapter.java:80)
	at org.springframework.kafka.listener.adapter.MessagingMessageListenerAdapter.invokeHandler(MessagingMessageListenerAdapter.java:488)
	at org.springframework.kafka.listener.adapter.MessagingMessageListenerAdapter.invoke(MessagingMessageListenerAdapter.java:425)
	at org.springframework.kafka.listener.adapter.RecordMessagingMessageListenerAdapter.onMessage(RecordMessagingMessageListenerAdapter.java:92)
	at org.springframework.kafka.listener.adapter.RecordMessagingMessageListenerAdapter.onMessage(RecordMessagingMessageListenerAdapter.java:52)
	at org.springframework.kafka.listener.KafkaMessageListenerContainer$ListenerConsumer.doInvokeOnMessage(KafkaMessageListenerContainer.java:2948)
	at org.springframework.kafka.listener.KafkaMessageListenerContainer$ListenerConsumer.invokeOnMessage(KafkaMessageListenerContainer.java:2927)
	at org.springframework.kafka.listener.KafkaMessageListenerContainer$ListenerConsumer.doInvokeRecordListener(KafkaMessageListenerContainer.java:2837)
	at org.springframework.kafka.listener.KafkaMessageListenerContainer$ListenerConsumer.doInvokeWithRecords(KafkaMessageListenerContainer.java:2679)
	at org.springframework.kafka.listener.KafkaMessageListenerContainer$ListenerConsumer.invokeRecordListener(KafkaMessageListenerContainer.java:2573)
	at org.springframework.kafka.listener.KafkaMessageListenerContainer$ListenerConsumer.invokeListener(KafkaMessageListenerContainer.java:2204)
	at org.springframework.kafka.listener.KafkaMessageListenerContainer$ListenerConsumer.invokeIfHaveRecords(KafkaMessageListenerContainer.java:1559)
	at org.springframework.kafka.listener.KafkaMessageListenerContainer$ListenerConsumer.pollAndInvoke(KafkaMessageListenerContainer.java:1499)
	at org.springframework.kafka.listener.KafkaMessageListenerContainer$ListenerConsumer.run(KafkaMessageListenerContainer.java:1368)
	at java.base/java.util.concurrent.CompletableFuture$AsyncRun.run(CompletableFuture.java:1825)
	at java.base/java.lang.Thread.run(Thread.java:1474)
12:15:13.270 [scenario7-slow-events-listener-0-C-1] DEBUG o.a.k.c.consumer.internals.ConsumerCoordinator - [Consumer clientId=consumer-slow-consumer-group-1, groupId=slow-consumer-group] Executing onJoinPrepare with generation -1 and memberId 
12:15:13.270 [scenario7-slow-events-listener-0-C-1] INFO  o.a.k.c.consumer.internals.ConsumerCoordinator - [Consumer clientId=consumer-slow-consumer-group-1, groupId=slow-consumer-group] Giving away all assigned partitions as lost since generation/memberID has been reset,indicating that consumer is in old state or no longer part of the group
12:15:13.270 [scenario7-slow-events-listener-0-C-1] INFO  o.a.k.c.c.i.ConsumerRebalanceListenerInvoker - [Consumer clientId=consumer-slow-consumer-group-1, groupId=slow-consumer-group] Lost previously assigned partitions [slow-events-0, slow-events-1, slow-events-2]
12:15:13.270 [scenario7-slow-events-listener-0-C-1] INFO  o.s.kafka.listener.KafkaMessageListenerContainer - slow-consumer-group: partitions lost: [slow-events-0, slow-events-1, slow-events-2]
12:15:13.270 [scenario7-slow-events-listener-0-C-1] INFO  o.s.kafka.listener.KafkaMessageListenerContainer - slow-consumer-group: partitions revoked: [slow-events-0, slow-events-1, slow-events-2]
12:15:13.270 [scenario7-slow-events-listener-0-C-1] INFO  o.a.k.c.consumer.internals.ConsumerCoordinator - [Consumer clientId=consumer-slow-consumer-group-1, groupId=slow-consumer-group] (Re-)joining group
12:15:13.270 [scenario7-slow-events-listener-0-C-1] DEBUG o.a.k.c.consumer.internals.ConsumerCoordinator - [Consumer clientId=consumer-slow-consumer-group-1, groupId=slow-consumer-group] Joining group with current subscription: [slow-events]
12:15:13.270 [scenario7-slow-events-listener-0-C-1] DEBUG o.a.k.c.consumer.internals.ConsumerCoordinator - [Consumer clientId=consumer-slow-consumer-group-1, groupId=slow-consumer-group] Sending JoinGroup (JoinGroupRequestData(groupId='slow-consumer-group', sessionTimeoutMs=10000, rebalanceTimeoutMs=6000, memberId='', groupInstanceId=null, protocolType='consumer', protocols=[JoinGroupRequestProtocol(name='range', metadata=[0, 3, 0, 0, 0, 1, 0, 11, 115, 108, 111, 119, 45, 101, 118, 101, 110, 116, 115, -1, -1, -1, -1, 0, 0, 0, 0, -1, -1, -1, -1, -1, -1]), JoinGroupRequestProtocol(name='cooperative-sticky', metadata=[0, 3, 0, 0, 0, 1, 0, 11, 115, 108, 111, 119, 45, 101, 118, 101, 110, 116, 115, 0, 0, 0, 4, -1, -1, -1, -1, 0, 0, 0, 0, -1, -1, -1, -1, -1, -1])], reason='consumer pro-actively leaving the group')) to coordinator localhost:9092 (id: 2147483646 rack: null isFenced: false)
12:15:13.278 [scenario7-slow-events-listener-0-C-1] DEBUG o.a.k.c.consumer.internals.ConsumerCoordinator - [Consumer clientId=consumer-slow-consumer-group-1, groupId=slow-consumer-group] JoinGroup failed due to non-fatal error: MEMBER_ID_REQUIRED. Will set the member id as consumer-slow-consumer-group-1-086f6676-8db3-4f53-b1b8-a6d03ddafa08 and then rejoin. Sent generation was Generation{generationId=-1, memberId='', protocol='null'}
12:15:13.278 [scenario7-slow-events-listener-0-C-1] INFO  o.a.k.c.consumer.internals.ConsumerCoordinator - [Consumer clientId=consumer-slow-consumer-group-1, groupId=slow-consumer-group] Request joining group due to: need to re-join with the given member-id: consumer-slow-consumer-group-1-086f6676-8db3-4f53-b1b8-a6d03ddafa08
12:15:13.278 [scenario7-slow-events-listener-0-C-1] INFO  o.a.k.c.consumer.internals.ConsumerCoordinator - [Consumer clientId=consumer-slow-consumer-group-1, groupId=slow-consumer-group] (Re-)joining group
12:15:13.278 [scenario7-slow-events-listener-0-C-1] DEBUG o.a.k.c.consumer.internals.ConsumerCoordinator - [Consumer clientId=consumer-slow-consumer-group-1, groupId=slow-consumer-group] Joining group with current subscription: [slow-events]
12:15:13.278 [scenario7-slow-events-listener-0-C-1] DEBUG o.a.k.c.consumer.internals.ConsumerCoordinator - [Consumer clientId=consumer-slow-consumer-group-1, groupId=slow-consumer-group] Sending JoinGroup (JoinGroupRequestData(groupId='slow-consumer-group', sessionTimeoutMs=10000, rebalanceTimeoutMs=6000, memberId='consumer-slow-consumer-group-1-086f6676-8db3-4f53-b1b8-a6d03ddafa08', groupInstanceId=null, protocolType='consumer', protocols=[JoinGroupRequestProtocol(name='range', metadata=[0, 3, 0, 0, 0, 1, 0, 11, 115, 108, 111, 119, 45, 101, 118, 101, 110, 116, 115, -1, -1, -1, -1, 0, 0, 0, 0, -1, -1, -1, -1, -1, -1]), JoinGroupRequestProtocol(name='cooperative-sticky', metadata=[0, 3, 0, 0, 0, 1, 0, 11, 115, 108, 111, 119, 45, 101, 118, 101, 110, 116, 115, 0, 0, 0, 4, -1, -1, -1, -1, 0, 0, 0, 0, -1, -1, -1, -1, -1, -1])], reason='need to re-join with the given member-id: consumer-slow-consumer-group-1-086f6676-8db3-4f53-b1b8-a6d03ddafa08')) to coordinator localhost:9092 (id: 2147483646 rack: null isFenced: false)
12:15:13.373 [scenario7-other-events-listener-0-C-1] DEBUG o.s.kafka.listener.KafkaMessageListenerContainer - Received: 0 records
12:15:14.909 [kafka-coordinator-heartbeat-thread | slow-consumer-group] DEBUG o.a.k.c.consumer.internals.ConsumerCoordinator - [Consumer clientId=consumer-slow-consumer-group-2, groupId=slow-consumer-group] Sending Heartbeat request with generation 8 and member id consumer-slow-consumer-group-2-929996d7-6dc3-4dab-8232-48c527a6ef79 to coordinator localhost:9092 (id: 2147483646 rack: null isFenced: false)
12:15:14.910 [scenario7-other-events-listener-0-C-1] INFO  o.a.k.c.consumer.internals.ConsumerCoordinator - [Consumer clientId=consumer-slow-consumer-group-2, groupId=slow-consumer-group] Request joining group due to: group is already rebalancing
12:15:14.910 [scenario7-other-events-listener-0-C-1] DEBUG o.a.k.c.consumer.internals.ConsumerCoordinator - [Consumer clientId=consumer-slow-consumer-group-2, groupId=slow-consumer-group] Executing onJoinPrepare with generation 8 and memberId consumer-slow-consumer-group-2-929996d7-6dc3-4dab-8232-48c527a6ef79
12:15:14.910 [scenario7-other-events-listener-0-C-1] INFO  o.a.k.c.c.i.ConsumerRebalanceListenerInvoker - [Consumer clientId=consumer-slow-consumer-group-2, groupId=slow-consumer-group] Revoke previously assigned partitions [other-events-0, other-events-1, other-events-2]
12:15:14.911 [scenario7-other-events-listener-0-C-1] INFO  o.s.kafka.listener.KafkaMessageListenerContainer - slow-consumer-group: partitions revoked: [other-events-0, other-events-1, other-events-2]
12:15:14.911 [scenario7-other-events-listener-0-C-1] INFO  o.a.k.c.consumer.internals.ConsumerCoordinator - [Consumer clientId=consumer-slow-consumer-group-2, groupId=slow-consumer-group] (Re-)joining group
12:15:14.911 [scenario7-other-events-listener-0-C-1] DEBUG o.a.k.c.consumer.internals.ConsumerCoordinator - [Consumer clientId=consumer-slow-consumer-group-2, groupId=slow-consumer-group] Joining group with current subscription: [other-events]
12:15:14.911 [scenario7-other-events-listener-0-C-1] DEBUG o.a.k.c.consumer.internals.ConsumerCoordinator - [Consumer clientId=consumer-slow-consumer-group-2, groupId=slow-consumer-group] Sending JoinGroup (JoinGroupRequestData(groupId='slow-consumer-group', sessionTimeoutMs=10000, rebalanceTimeoutMs=6000, memberId='consumer-slow-consumer-group-2-929996d7-6dc3-4dab-8232-48c527a6ef79', groupInstanceId=null, protocolType='consumer', protocols=[JoinGroupRequestProtocol(name='range', metadata=[0, 3, 0, 0, 0, 1, 0, 12, 111, 116, 104, 101, 114, 45, 101, 118, 101, 110, 116, 115, -1, -1, -1, -1, 0, 0, 0, 0, 0, 0, 0, 8, -1, -1]), JoinGroupRequestProtocol(name='cooperative-sticky', metadata=[0, 3, 0, 0, 0, 1, 0, 12, 111, 116, 104, 101, 114, 45, 101, 118, 101, 110, 116, 115, 0, 0, 0, 4, -1, -1, -1, -1, 0, 0, 0, 0, 0, 0, 0, 8, -1, -1])], reason='group is already rebalancing')) to coordinator localhost:9092 (id: 2147483646 rack: null isFenced: false)
12:15:14.912 [scenario7-slow-events-listener-0-C-1] DEBUG o.a.k.c.consumer.internals.ConsumerCoordinator - [Consumer clientId=consumer-slow-consumer-group-1, groupId=slow-consumer-group] Received successful JoinGroup response: JoinGroupResponseData(throttleTimeMs=0, errorCode=0, generationId=9, protocolType='consumer', protocolName='range', leader='consumer-slow-consumer-group-2-929996d7-6dc3-4dab-8232-48c527a6ef79', skipAssignment=false, memberId='consumer-slow-consumer-group-1-086f6676-8db3-4f53-b1b8-a6d03ddafa08', members=[])
12:15:14.912 [scenario7-slow-events-listener-0-C-1] DEBUG o.a.k.c.consumer.internals.ConsumerCoordinator - [Consumer clientId=consumer-slow-consumer-group-1, groupId=slow-consumer-group] Enabling heartbeat thread
12:15:14.912 [scenario7-slow-events-listener-0-C-1] INFO  o.a.k.c.consumer.internals.ConsumerCoordinator - [Consumer clientId=consumer-slow-consumer-group-1, groupId=slow-consumer-group] Successfully joined group with generation Generation{generationId=9, memberId='consumer-slow-consumer-group-1-086f6676-8db3-4f53-b1b8-a6d03ddafa08', protocol='range'}
12:15:14.912 [scenario7-slow-events-listener-0-C-1] DEBUG o.a.k.c.consumer.internals.ConsumerCoordinator - [Consumer clientId=consumer-slow-consumer-group-1, groupId=slow-consumer-group] Sending follower SyncGroup to coordinator localhost:9092 (id: 2147483646 rack: null isFenced: false): SyncGroupRequestData(groupId='slow-consumer-group', generationId=9, memberId='consumer-slow-consumer-group-1-086f6676-8db3-4f53-b1b8-a6d03ddafa08', groupInstanceId=null, protocolType='consumer', protocolName='range', assignments=[])
12:15:14.912 [scenario7-other-events-listener-0-C-1] DEBUG o.a.k.c.consumer.internals.ConsumerCoordinator - [Consumer clientId=consumer-slow-consumer-group-2, groupId=slow-consumer-group] Received successful JoinGroup response: JoinGroupResponseData(throttleTimeMs=0, errorCode=0, generationId=9, protocolType='consumer', protocolName='range', leader='consumer-slow-consumer-group-2-929996d7-6dc3-4dab-8232-48c527a6ef79', skipAssignment=false, memberId='consumer-slow-consumer-group-2-929996d7-6dc3-4dab-8232-48c527a6ef79', members=[JoinGroupResponseMember(memberId='consumer-slow-consumer-group-1-086f6676-8db3-4f53-b1b8-a6d03ddafa08', groupInstanceId=null, metadata=[0, 3, 0, 0, 0, 1, 0, 11, 115, 108, 111, 119, 45, 101, 118, 101, 110, 116, 115, -1, -1, -1, -1, 0, 0, 0, 0, -1, -1, -1, -1, -1, -1]), JoinGroupResponseMember(memberId='consumer-slow-consumer-group-2-929996d7-6dc3-4dab-8232-48c527a6ef79', groupInstanceId=null, metadata=[0, 3, 0, 0, 0, 1, 0, 12, 111, 116, 104, 101, 114, 45, 101, 118, 101, 110, 116, 115, -1, -1, -1, -1, 0, 0, 0, 0, 0, 0, 0, 8, -1, -1])])
12:15:14.912 [scenario7-other-events-listener-0-C-1] DEBUG o.a.k.c.consumer.internals.ConsumerCoordinator - [Consumer clientId=consumer-slow-consumer-group-2, groupId=slow-consumer-group] Enabling heartbeat thread
12:15:14.912 [scenario7-other-events-listener-0-C-1] INFO  o.a.k.c.consumer.internals.ConsumerCoordinator - [Consumer clientId=consumer-slow-consumer-group-2, groupId=slow-consumer-group] Successfully joined group with generation Generation{generationId=9, memberId='consumer-slow-consumer-group-2-929996d7-6dc3-4dab-8232-48c527a6ef79', protocol='range'}
12:15:15.121 [scenario7-other-events-listener-0-C-1] DEBUG o.a.k.c.consumer.internals.ConsumerCoordinator - [Consumer clientId=consumer-slow-consumer-group-2, groupId=slow-consumer-group] Performing assignment using strategy range with subscriptions {consumer-slow-consumer-group-1-086f6676-8db3-4f53-b1b8-a6d03ddafa08=Subscription(topics=[slow-events], ownedPartitions=[], groupInstanceId=null, generationId=-1, rackId=null), consumer-slow-consumer-group-2-929996d7-6dc3-4dab-8232-48c527a6ef79=Subscription(topics=[other-events], ownedPartitions=[], groupInstanceId=null, generationId=8, rackId=null)}
12:15:15.121 [scenario7-other-events-listener-0-C-1] INFO  o.a.k.c.consumer.internals.ConsumerCoordinator - [Consumer clientId=consumer-slow-consumer-group-2, groupId=slow-consumer-group] Finished assignment for group at generation 9: {consumer-slow-consumer-group-1-086f6676-8db3-4f53-b1b8-a6d03ddafa08=Assignment(partitions=[slow-events-0, slow-events-1, slow-events-2]), consumer-slow-consumer-group-2-929996d7-6dc3-4dab-8232-48c527a6ef79=Assignment(partitions=[other-events-0, other-events-1, other-events-2])}
12:15:15.121 [scenario7-other-events-listener-0-C-1] DEBUG o.a.k.c.consumer.internals.ConsumerCoordinator - [Consumer clientId=consumer-slow-consumer-group-2, groupId=slow-consumer-group] Sending leader SyncGroup to coordinator localhost:9092 (id: 2147483646 rack: null isFenced: false): SyncGroupRequestData(groupId='slow-consumer-group', generationId=9, memberId='consumer-slow-consumer-group-2-929996d7-6dc3-4dab-8232-48c527a6ef79', groupInstanceId=null, protocolType='consumer', protocolName='range', assignments=[SyncGroupRequestAssignment(memberId='consumer-slow-consumer-group-1-086f6676-8db3-4f53-b1b8-a6d03ddafa08', assignment=[0, 3, 0, 0, 0, 1, 0, 11, 115, 108, 111, 119, 45, 101, 118, 101, 110, 116, 115, 0, 0, 0, 3, 0, 0, 0, 0, 0, 0, 0, 1, 0, 0, 0, 2, -1, -1, -1, -1]), SyncGroupRequestAssignment(memberId='consumer-slow-consumer-group-2-929996d7-6dc3-4dab-8232-48c527a6ef79', assignment=[0, 3, 0, 0, 0, 1, 0, 12, 111, 116, 104, 101, 114, 45, 101, 118, 101, 110, 116, 115, 0, 0, 0, 3, 0, 0, 0, 0, 0, 0, 0, 1, 0, 0, 0, 2, -1, -1, -1, -1])])
12:15:15.124 [scenario7-other-events-listener-0-C-1] DEBUG o.a.k.c.consumer.internals.ConsumerCoordinator - [Consumer clientId=consumer-slow-consumer-group-2, groupId=slow-consumer-group] Received successful SyncGroup response: SyncGroupResponseData(throttleTimeMs=0, errorCode=0, protocolType='consumer', protocolName='range', assignment=[0, 3, 0, 0, 0, 1, 0, 12, 111, 116, 104, 101, 114, 45, 101, 118, 101, 110, 116, 115, 0, 0, 0, 3, 0, 0, 0, 0, 0, 0, 0, 1, 0, 0, 0, 2, -1, -1, -1, -1])
12:15:15.124 [scenario7-other-events-listener-0-C-1] INFO  o.a.k.c.consumer.internals.ConsumerCoordinator - [Consumer clientId=consumer-slow-consumer-group-2, groupId=slow-consumer-group] Successfully synced group in generation Generation{generationId=9, memberId='consumer-slow-consumer-group-2-929996d7-6dc3-4dab-8232-48c527a6ef79', protocol='range'}
12:15:15.124 [scenario7-slow-events-listener-0-C-1] DEBUG o.a.k.c.consumer.internals.ConsumerCoordinator - [Consumer clientId=consumer-slow-consumer-group-1, groupId=slow-consumer-group] Received successful SyncGroup response: SyncGroupResponseData(throttleTimeMs=0, errorCode=0, protocolType='consumer', protocolName='range', assignment=[0, 3, 0, 0, 0, 1, 0, 11, 115, 108, 111, 119, 45, 101, 118, 101, 110, 116, 115, 0, 0, 0, 3, 0, 0, 0, 0, 0, 0, 0, 1, 0, 0, 0, 2, -1, -1, -1, -1])
12:15:15.124 [scenario7-other-events-listener-0-C-1] DEBUG o.a.k.c.consumer.internals.ConsumerCoordinator - [Consumer clientId=consumer-slow-consumer-group-2, groupId=slow-consumer-group] Executing onJoinComplete with generation 9 and memberId consumer-slow-consumer-group-2-929996d7-6dc3-4dab-8232-48c527a6ef79
12:15:15.124 [scenario7-slow-events-listener-0-C-1] INFO  o.a.k.c.consumer.internals.ConsumerCoordinator - [Consumer clientId=consumer-slow-consumer-group-1, groupId=slow-consumer-group] Successfully synced group in generation Generation{generationId=9, memberId='consumer-slow-consumer-group-1-086f6676-8db3-4f53-b1b8-a6d03ddafa08', protocol='range'}
12:15:15.124 [scenario7-slow-events-listener-0-C-1] DEBUG o.a.k.c.consumer.internals.ConsumerCoordinator - [Consumer clientId=consumer-slow-consumer-group-1, groupId=slow-consumer-group] Executing onJoinComplete with generation 9 and memberId consumer-slow-consumer-group-1-086f6676-8db3-4f53-b1b8-a6d03ddafa08
12:15:15.124 [scenario7-other-events-listener-0-C-1] INFO  o.a.k.c.consumer.internals.ConsumerCoordinator - [Consumer clientId=consumer-slow-consumer-group-2, groupId=slow-consumer-group] Notifying assignor about the new Assignment(partitions=[other-events-0, other-events-1, other-events-2])
12:15:15.124 [scenario7-other-events-listener-0-C-1] INFO  o.a.k.c.c.i.ConsumerRebalanceListenerInvoker - [Consumer clientId=consumer-slow-consumer-group-2, groupId=slow-consumer-group] Adding newly assigned partitions: [other-events-0, other-events-1, other-events-2]
12:15:15.124 [scenario7-slow-events-listener-0-C-1] INFO  o.a.k.c.consumer.internals.ConsumerCoordinator - [Consumer clientId=consumer-slow-consumer-group-1, groupId=slow-consumer-group] Notifying assignor about the new Assignment(partitions=[slow-events-0, slow-events-1, slow-events-2])
12:15:15.124 [scenario7-slow-events-listener-0-C-1] INFO  o.a.k.c.c.i.ConsumerRebalanceListenerInvoker - [Consumer clientId=consumer-slow-consumer-group-1, groupId=slow-consumer-group] Adding newly assigned partitions: [slow-events-0, slow-events-1, slow-events-2]
12:15:15.124 [scenario7-other-events-listener-0-C-1] DEBUG o.a.k.c.consumer.internals.ConsumerCoordinator - [Consumer clientId=consumer-slow-consumer-group-2, groupId=slow-consumer-group] Fetching committed offsets for partitions: [other-events-0, other-events-1, other-events-2]
12:15:15.124 [scenario7-slow-events-listener-0-C-1] DEBUG o.a.k.c.consumer.internals.ConsumerCoordinator - [Consumer clientId=consumer-slow-consumer-group-1, groupId=slow-consumer-group] Fetching committed offsets for partitions: [slow-events-2, slow-events-1, slow-events-0]
12:15:15.126 [scenario7-slow-events-listener-0-C-1] INFO  o.a.k.c.consumer.internals.ConsumerCoordinator - [Consumer clientId=consumer-slow-consumer-group-1, groupId=slow-consumer-group] Found no committed offset for partition slow-events-2
12:15:15.126 [scenario7-slow-events-listener-0-C-1] INFO  o.a.k.c.consumer.internals.ConsumerCoordinator - [Consumer clientId=consumer-slow-consumer-group-1, groupId=slow-consumer-group] Found no committed offset for partition slow-events-1
12:15:15.126 [scenario7-slow-events-listener-0-C-1] INFO  o.a.k.c.consumer.internals.ConsumerCoordinator - [Consumer clientId=consumer-slow-consumer-group-1, groupId=slow-consumer-group] Found no committed offset for partition slow-events-0
12:15:15.126 [scenario7-other-events-listener-0-C-1] INFO  o.a.k.c.consumer.internals.ConsumerCoordinator - [Consumer clientId=consumer-slow-consumer-group-2, groupId=slow-consumer-group] Found no committed offset for partition other-events-0
12:15:15.126 [scenario7-other-events-listener-0-C-1] INFO  o.a.k.c.consumer.internals.ConsumerCoordinator - [Consumer clientId=consumer-slow-consumer-group-2, groupId=slow-consumer-group] Found no committed offset for partition other-events-1
12:15:15.126 [scenario7-other-events-listener-0-C-1] INFO  o.a.kafka.clients.consumer.internals.ConsumerUtils - Setting offset for partition other-events-2 to the committed offset FetchPosition{offset=60, offsetEpoch=Optional.empty, currentLeader=LeaderAndEpoch{leader=Optional[localhost:9092 (id: 1 rack: null isFenced: false)], epoch=0}}
12:15:15.127 [scenario7-other-events-listener-0-C-1] INFO  o.a.k.clients.consumer.internals.SubscriptionState - [Consumer clientId=consumer-slow-consumer-group-2, groupId=slow-consumer-group] Resetting offset for partition other-events-0 to position FetchPosition{offset=0, offsetEpoch=Optional.empty, currentLeader=LeaderAndEpoch{leader=Optional[localhost:9092 (id: 1 rack: null isFenced: false)], epoch=0}}.
12:15:15.127 [scenario7-slow-events-listener-0-C-1] INFO  o.a.k.clients.consumer.internals.SubscriptionState - [Consumer clientId=consumer-slow-consumer-group-1, groupId=slow-consumer-group] Resetting offset for partition slow-events-2 to position FetchPosition{offset=0, offsetEpoch=Optional.empty, currentLeader=LeaderAndEpoch{leader=Optional[localhost:9092 (id: 1 rack: null isFenced: false)], epoch=0}}.
12:15:15.127 [scenario7-other-events-listener-0-C-1] INFO  o.a.k.clients.consumer.internals.SubscriptionState - [Consumer clientId=consumer-slow-consumer-group-2, groupId=slow-consumer-group] Resetting offset for partition other-events-1 to position FetchPosition{offset=0, offsetEpoch=Optional.empty, currentLeader=LeaderAndEpoch{leader=Optional[localhost:9092 (id: 1 rack: null isFenced: false)], epoch=0}}.
12:15:15.127 [scenario7-slow-events-listener-0-C-1] INFO  o.a.k.clients.consumer.internals.SubscriptionState - [Consumer clientId=consumer-slow-consumer-group-1, groupId=slow-consumer-group] Resetting offset for partition slow-events-1 to position FetchPosition{offset=0, offsetEpoch=Optional.empty, currentLeader=LeaderAndEpoch{leader=Optional[localhost:9092 (id: 1 rack: null isFenced: false)], epoch=0}}.
12:15:15.127 [scenario7-slow-events-listener-0-C-1] INFO  o.a.k.clients.consumer.internals.SubscriptionState - [Consumer clientId=consumer-slow-consumer-group-1, groupId=slow-consumer-group] Resetting offset for partition slow-events-0 to position FetchPosition{offset=0, offsetEpoch=Optional.empty, currentLeader=LeaderAndEpoch{leader=Optional[localhost:9092 (id: 1 rack: null isFenced: false)], epoch=0}}.
12:15:15.127 [scenario7-other-events-listener-0-C-1] INFO  o.s.kafka.listener.KafkaMessageListenerContainer - slow-consumer-group: partitions assigned: [other-events-0, other-events-1, other-events-2]
12:15:15.127 [scenario7-slow-events-listener-0-C-1] INFO  o.s.kafka.listener.KafkaMessageListenerContainer - slow-consumer-group: partitions assigned: [slow-events-0, slow-events-1, slow-events-2]
12:15:15.130 [scenario7-slow-events-listener-0-C-1] DEBUG o.s.kafka.listener.KafkaMessageListenerContainer - Received: 1 records
12:15:15.130 [scenario7-slow-events-listener-0-C-1] DEBUG o.s.k.l.a.RecordMessagingMessageListenerAdapter - Processing [GenericMessage [payload=DemoEvent(id=a2554d8b-b469-4e3d-92e9-a76cdcb66fe1, payload=demo-event-0, slow=true, retryTrigger=false, flaky=false, createdAt=2026-08-27T04:14:28.388135Z), headers={kafka_offset=0, kafka_consumer=org.springframework.kafka.core.DefaultKafkaConsumerFactory$ExtendedKafkaConsumer@c4c7cb2, kafka_timestampType=CREATE_TIME, kafka_receivedPartitionId=2, kafka_receivedMessageKey=0, kafka_receivedTopic=slow-events, kafka_receivedTimestamp=1787804068401, kafka_acknowledgment=Acknowledgment for slow-events-2@0, kafka_groupId=slow-consumer-group}]]
12:15:15.130 [scenario7-slow-events-listener-0-C-1] INFO  c.e.k.listener.SplitTopicRebalanceListener - [slow-events] 收到消息 id=a2554d8b-b469-4e3d-92e9-a76cdcb66fe1 partition=2 slow=true
12:15:15.130 [scenario7-slow-events-listener-0-C-1] WARN  c.e.k.listener.SplitTopicRebalanceListener - [slow-events] 模拟慢处理开始：id=a2554d8b-b469-4e3d-92e9-a76cdcb66fe1 将阻塞 10000ms（超过 max.poll.interval.ms，预期触发该 consumer 的 rebalance）
12:15:17.913 [kafka-coordinator-heartbeat-thread | slow-consumer-group] DEBUG o.a.k.c.consumer.internals.ConsumerCoordinator - [Consumer clientId=consumer-slow-consumer-group-2, groupId=slow-consumer-group] Sending Heartbeat request with generation 9 and member id consumer-slow-consumer-group-2-929996d7-6dc3-4dab-8232-48c527a6ef79 to coordinator localhost:9092 (id: 2147483646 rack: null isFenced: false)
12:15:17.917 [scenario7-other-events-listener-0-C-1] DEBUG o.a.k.c.consumer.internals.ConsumerCoordinator - [Consumer clientId=consumer-slow-consumer-group-2, groupId=slow-consumer-group] Received successful Heartbeat response
12:15:17.932 [kafka-coordinator-heartbeat-thread | slow-consumer-group] DEBUG o.a.k.c.consumer.internals.ConsumerCoordinator - [Consumer clientId=consumer-slow-consumer-group-1, groupId=slow-consumer-group] Sending Heartbeat request with generation 9 and member id consumer-slow-consumer-group-1-086f6676-8db3-4f53-b1b8-a6d03ddafa08 to coordinator localhost:9092 (id: 2147483646 rack: null isFenced: false)
12:15:18.035 [kafka-coordinator-heartbeat-thread | slow-consumer-group] DEBUG o.a.k.c.consumer.internals.ConsumerCoordinator - [Consumer clientId=consumer-slow-consumer-group-1, groupId=slow-consumer-group] Received successful Heartbeat response
12:15:18.375 [scenario7-other-events-listener-0-C-1] DEBUG o.s.kafka.listener.KafkaMessageListenerContainer - Received: 0 records
12:15:20.915 [kafka-coordinator-heartbeat-thread | slow-consumer-group] DEBUG o.a.k.c.consumer.internals.ConsumerCoordinator - [Consumer clientId=consumer-slow-consumer-group-2, groupId=slow-consumer-group] Sending Heartbeat request with generation 9 and member id consumer-slow-consumer-group-2-929996d7-6dc3-4dab-8232-48c527a6ef79 to coordinator localhost:9092 (id: 2147483646 rack: null isFenced: false)
12:15:20.919 [scenario7-other-events-listener-0-C-1] DEBUG o.a.k.c.consumer.internals.ConsumerCoordinator - [Consumer clientId=consumer-slow-consumer-group-2, groupId=slow-consumer-group] Received successful Heartbeat response
12:15:20.937 [kafka-coordinator-heartbeat-thread | slow-consumer-group] DEBUG o.a.k.c.consumer.internals.ConsumerCoordinator - [Consumer clientId=consumer-slow-consumer-group-1, groupId=slow-consumer-group] Sending Heartbeat request with generation 9 and member id consumer-slow-consumer-group-1-086f6676-8db3-4f53-b1b8-a6d03ddafa08 to coordinator localhost:9092 (id: 2147483646 rack: null isFenced: false)
12:15:21.043 [kafka-coordinator-heartbeat-thread | slow-consumer-group] DEBUG o.a.k.c.consumer.internals.ConsumerCoordinator - [Consumer clientId=consumer-slow-consumer-group-1, groupId=slow-consumer-group] Received successful Heartbeat response
12:15:21.145 [kafka-coordinator-heartbeat-thread | slow-consumer-group] WARN  o.a.k.c.consumer.internals.ConsumerCoordinator - [Consumer clientId=consumer-slow-consumer-group-1, groupId=slow-consumer-group] consumer poll timeout has expired. This means the time between subsequent calls to poll() was longer than the configured max.poll.interval.ms, which typically implies that the poll loop is spending too much time processing messages. You can address this either by increasing max.poll.interval.ms or by reducing the maximum size of batches returned in poll() with max.poll.records.
12:15:21.145 [kafka-coordinator-heartbeat-thread | slow-consumer-group] INFO  o.a.k.c.consumer.internals.ConsumerCoordinator - [Consumer clientId=consumer-slow-consumer-group-1, groupId=slow-consumer-group] Member consumer-slow-consumer-group-1-086f6676-8db3-4f53-b1b8-a6d03ddafa08 sending LeaveGroup request to coordinator localhost:9092 (id: 2147483646 rack: null isFenced: false) due to consumer poll timeout has expired.
12:15:21.146 [kafka-coordinator-heartbeat-thread | slow-consumer-group] INFO  o.a.k.c.consumer.internals.ConsumerCoordinator - [Consumer clientId=consumer-slow-consumer-group-1, groupId=slow-consumer-group] Resetting generation and member id due to: consumer pro-actively leaving the group
12:15:21.146 [kafka-coordinator-heartbeat-thread | slow-consumer-group] INFO  o.a.k.c.consumer.internals.ConsumerCoordinator - [Consumer clientId=consumer-slow-consumer-group-1, groupId=slow-consumer-group] Request joining group due to: consumer pro-actively leaving the group
12:15:23.376 [scenario7-other-events-listener-0-C-1] DEBUG o.s.kafka.listener.KafkaMessageListenerContainer - Received: 0 records
12:15:23.917 [kafka-coordinator-heartbeat-thread | slow-consumer-group] DEBUG o.a.k.c.consumer.internals.ConsumerCoordinator - [Consumer clientId=consumer-slow-consumer-group-2, groupId=slow-consumer-group] Sending Heartbeat request with generation 9 and member id consumer-slow-consumer-group-2-929996d7-6dc3-4dab-8232-48c527a6ef79 to coordinator localhost:9092 (id: 2147483646 rack: null isFenced: false)
12:15:23.927 [scenario7-other-events-listener-0-C-1] INFO  o.a.k.c.consumer.internals.ConsumerCoordinator - [Consumer clientId=consumer-slow-consumer-group-2, groupId=slow-consumer-group] Request joining group due to: group is already rebalancing
12:15:23.928 [scenario7-other-events-listener-0-C-1] DEBUG o.a.k.c.consumer.internals.ConsumerCoordinator - [Consumer clientId=consumer-slow-consumer-group-2, groupId=slow-consumer-group] Executing onJoinPrepare with generation 9 and memberId consumer-slow-consumer-group-2-929996d7-6dc3-4dab-8232-48c527a6ef79
12:15:23.928 [scenario7-other-events-listener-0-C-1] INFO  o.a.k.c.c.i.ConsumerRebalanceListenerInvoker - [Consumer clientId=consumer-slow-consumer-group-2, groupId=slow-consumer-group] Revoke previously assigned partitions [other-events-0, other-events-1, other-events-2]
12:15:23.928 [scenario7-other-events-listener-0-C-1] INFO  o.s.kafka.listener.KafkaMessageListenerContainer - slow-consumer-group: partitions revoked: [other-events-0, other-events-1, other-events-2]
12:15:23.928 [scenario7-other-events-listener-0-C-1] INFO  o.a.k.c.consumer.internals.ConsumerCoordinator - [Consumer clientId=consumer-slow-consumer-group-2, groupId=slow-consumer-group] (Re-)joining group
12:15:23.928 [scenario7-other-events-listener-0-C-1] DEBUG o.a.k.c.consumer.internals.ConsumerCoordinator - [Consumer clientId=consumer-slow-consumer-group-2, groupId=slow-consumer-group] Joining group with current subscription: [other-events]
12:15:23.929 [scenario7-other-events-listener-0-C-1] DEBUG o.a.k.c.consumer.internals.ConsumerCoordinator - [Consumer clientId=consumer-slow-consumer-group-2, groupId=slow-consumer-group] Sending JoinGroup (JoinGroupRequestData(groupId='slow-consumer-group', sessionTimeoutMs=10000, rebalanceTimeoutMs=6000, memberId='consumer-slow-consumer-group-2-929996d7-6dc3-4dab-8232-48c527a6ef79', groupInstanceId=null, protocolType='consumer', protocols=[JoinGroupRequestProtocol(name='range', metadata=[0, 3, 0, 0, 0, 1, 0, 12, 111, 116, 104, 101, 114, 45, 101, 118, 101, 110, 116, 115, -1, -1, -1, -1, 0, 0, 0, 0, 0, 0, 0, 9, -1, -1]), JoinGroupRequestProtocol(name='cooperative-sticky', metadata=[0, 3, 0, 0, 0, 1, 0, 12, 111, 116, 104, 101, 114, 45, 101, 118, 101, 110, 116, 115, 0, 0, 0, 4, -1, -1, -1, -1, 0, 0, 0, 0, 0, 0, 0, 9, -1, -1])], reason='group is already rebalancing')) to coordinator localhost:9092 (id: 2147483646 rack: null isFenced: false)
12:15:23.933 [scenario7-other-events-listener-0-C-1] DEBUG o.a.k.c.consumer.internals.ConsumerCoordinator - [Consumer clientId=consumer-slow-consumer-group-2, groupId=slow-consumer-group] Received successful JoinGroup response: JoinGroupResponseData(throttleTimeMs=0, errorCode=0, generationId=10, protocolType='consumer', protocolName='range', leader='consumer-slow-consumer-group-2-929996d7-6dc3-4dab-8232-48c527a6ef79', skipAssignment=false, memberId='consumer-slow-consumer-group-2-929996d7-6dc3-4dab-8232-48c527a6ef79', members=[JoinGroupResponseMember(memberId='consumer-slow-consumer-group-2-929996d7-6dc3-4dab-8232-48c527a6ef79', groupInstanceId=null, metadata=[0, 3, 0, 0, 0, 1, 0, 12, 111, 116, 104, 101, 114, 45, 101, 118, 101, 110, 116, 115, -1, -1, -1, -1, 0, 0, 0, 0, 0, 0, 0, 9, -1, -1])])
12:15:23.933 [scenario7-other-events-listener-0-C-1] DEBUG o.a.k.c.consumer.internals.ConsumerCoordinator - [Consumer clientId=consumer-slow-consumer-group-2, groupId=slow-consumer-group] Enabling heartbeat thread
12:15:23.933 [scenario7-other-events-listener-0-C-1] INFO  o.a.k.c.consumer.internals.ConsumerCoordinator - [Consumer clientId=consumer-slow-consumer-group-2, groupId=slow-consumer-group] Successfully joined group with generation Generation{generationId=10, memberId='consumer-slow-consumer-group-2-929996d7-6dc3-4dab-8232-48c527a6ef79', protocol='range'}
12:15:23.933 [scenario7-other-events-listener-0-C-1] DEBUG o.a.k.c.consumer.internals.ConsumerCoordinator - [Consumer clientId=consumer-slow-consumer-group-2, groupId=slow-consumer-group] Performing assignment using strategy range with subscriptions {consumer-slow-consumer-group-2-929996d7-6dc3-4dab-8232-48c527a6ef79=Subscription(topics=[other-events], ownedPartitions=[], groupInstanceId=null, generationId=9, rackId=null)}
12:15:23.933 [scenario7-other-events-listener-0-C-1] INFO  o.a.k.c.consumer.internals.ConsumerCoordinator - [Consumer clientId=consumer-slow-consumer-group-2, groupId=slow-consumer-group] Finished assignment for group at generation 10: {consumer-slow-consumer-group-2-929996d7-6dc3-4dab-8232-48c527a6ef79=Assignment(partitions=[other-events-0, other-events-1, other-events-2])}
12:15:23.934 [scenario7-other-events-listener-0-C-1] DEBUG o.a.k.c.consumer.internals.ConsumerCoordinator - [Consumer clientId=consumer-slow-consumer-group-2, groupId=slow-consumer-group] Sending leader SyncGroup to coordinator localhost:9092 (id: 2147483646 rack: null isFenced: false): SyncGroupRequestData(groupId='slow-consumer-group', generationId=10, memberId='consumer-slow-consumer-group-2-929996d7-6dc3-4dab-8232-48c527a6ef79', groupInstanceId=null, protocolType='consumer', protocolName='range', assignments=[SyncGroupRequestAssignment(memberId='consumer-slow-consumer-group-2-929996d7-6dc3-4dab-8232-48c527a6ef79', assignment=[0, 3, 0, 0, 0, 1, 0, 12, 111, 116, 104, 101, 114, 45, 101, 118, 101, 110, 116, 115, 0, 0, 0, 3, 0, 0, 0, 0, 0, 0, 0, 1, 0, 0, 0, 2, -1, -1, -1, -1])])
12:15:23.938 [scenario7-other-events-listener-0-C-1] DEBUG o.a.k.c.consumer.internals.ConsumerCoordinator - [Consumer clientId=consumer-slow-consumer-group-2, groupId=slow-consumer-group] Received successful SyncGroup response: SyncGroupResponseData(throttleTimeMs=0, errorCode=0, protocolType='consumer', protocolName='range', assignment=[0, 3, 0, 0, 0, 1, 0, 12, 111, 116, 104, 101, 114, 45, 101, 118, 101, 110, 116, 115, 0, 0, 0, 3, 0, 0, 0, 0, 0, 0, 0, 1, 0, 0, 0, 2, -1, -1, -1, -1])
12:15:23.938 [scenario7-other-events-listener-0-C-1] INFO  o.a.k.c.consumer.internals.ConsumerCoordinator - [Consumer clientId=consumer-slow-consumer-group-2, groupId=slow-consumer-group] Successfully synced group in generation Generation{generationId=10, memberId='consumer-slow-consumer-group-2-929996d7-6dc3-4dab-8232-48c527a6ef79', protocol='range'}
12:15:23.938 [scenario7-other-events-listener-0-C-1] DEBUG o.a.k.c.consumer.internals.ConsumerCoordinator - [Consumer clientId=consumer-slow-consumer-group-2, groupId=slow-consumer-group] Executing onJoinComplete with generation 10 and memberId consumer-slow-consumer-group-2-929996d7-6dc3-4dab-8232-48c527a6ef79
12:15:23.938 [scenario7-other-events-listener-0-C-1] INFO  o.a.k.c.consumer.internals.ConsumerCoordinator - [Consumer clientId=consumer-slow-consumer-group-2, groupId=slow-consumer-group] Notifying assignor about the new Assignment(partitions=[other-events-0, other-events-1, other-events-2])
12:15:23.938 [scenario7-other-events-listener-0-C-1] INFO  o.a.k.c.c.i.ConsumerRebalanceListenerInvoker - [Consumer clientId=consumer-slow-consumer-group-2, groupId=slow-consumer-group] Adding newly assigned partitions: [other-events-0, other-events-1, other-events-2]
12:15:23.939 [scenario7-other-events-listener-0-C-1] DEBUG o.a.k.c.consumer.internals.ConsumerCoordinator - [Consumer clientId=consumer-slow-consumer-group-2, groupId=slow-consumer-group] Fetching committed offsets for partitions: [other-events-0, other-events-1, other-events-2]
12:15:23.941 [scenario7-other-events-listener-0-C-1] INFO  o.a.k.c.consumer.internals.ConsumerCoordinator - [Consumer clientId=consumer-slow-consumer-group-2, groupId=slow-consumer-group] Found no committed offset for partition other-events-0
12:15:23.942 [scenario7-other-events-listener-0-C-1] INFO  o.a.k.c.consumer.internals.ConsumerCoordinator - [Consumer clientId=consumer-slow-consumer-group-2, groupId=slow-consumer-group] Found no committed offset for partition other-events-1
12:15:23.942 [scenario7-other-events-listener-0-C-1] INFO  o.a.kafka.clients.consumer.internals.ConsumerUtils - Setting offset for partition other-events-2 to the committed offset FetchPosition{offset=60, offsetEpoch=Optional.empty, currentLeader=LeaderAndEpoch{leader=Optional[localhost:9092 (id: 1 rack: null isFenced: false)], epoch=0}}
12:15:24.009 [scenario7-other-events-listener-0-C-1] INFO  o.a.k.clients.consumer.internals.SubscriptionState - [Consumer clientId=consumer-slow-consumer-group-2, groupId=slow-consumer-group] Resetting offset for partition other-events-0 to position FetchPosition{offset=0, offsetEpoch=Optional.empty, currentLeader=LeaderAndEpoch{leader=Optional[localhost:9092 (id: 1 rack: null isFenced: false)], epoch=0}}.
12:15:24.009 [scenario7-other-events-listener-0-C-1] INFO  o.a.k.clients.consumer.internals.SubscriptionState - [Consumer clientId=consumer-slow-consumer-group-2, groupId=slow-consumer-group] Resetting offset for partition other-events-1 to position FetchPosition{offset=0, offsetEpoch=Optional.empty, currentLeader=LeaderAndEpoch{leader=Optional[localhost:9092 (id: 1 rack: null isFenced: false)], epoch=0}}.
12:15:24.009 [scenario7-other-events-listener-0-C-1] INFO  o.s.kafka.listener.KafkaMessageListenerContainer - slow-consumer-group: partitions assigned: [other-events-0, other-events-1, other-events-2]
12:15:25.131 [scenario7-slow-events-listener-0-C-1] DEBUG o.s.kafka.listener.KafkaMessageListenerContainer - Committing: {slow-events-2=OffsetAndMetadata{offset=1, leaderEpoch=null, metadata=''}}
12:15:25.131 [scenario7-slow-events-listener-0-C-1] INFO  o.a.k.c.consumer.internals.ConsumerCoordinator - [Consumer clientId=consumer-slow-consumer-group-1, groupId=slow-consumer-group] Failing OffsetCommit request since the consumer is not part of an active group
12:15:25.131 [scenario7-slow-events-listener-0-C-1] DEBUG o.a.k.c.consumer.internals.ConsumerCoordinator - [Consumer clientId=consumer-slow-consumer-group-1, groupId=slow-consumer-group] LeaveGroup response with Generation{generationId=9, memberId='consumer-slow-consumer-group-1-086f6676-8db3-4f53-b1b8-a6d03ddafa08', protocol='range'} returned successfully: ClientResponse(receivedTimeMs=1787804125131, latencyMs=3986, disconnected=false, timedOut=false, requestHeader=RequestHeader(apiKey=LEAVE_GROUP, apiVersion=5, clientId=consumer-slow-consumer-group-1, correlationId=72, headerVersion=2), responseBody=LeaveGroupResponseData(throttleTimeMs=0, errorCode=0, members=[MemberResponse(memberId='consumer-slow-consumer-group-1-086f6676-8db3-4f53-b1b8-a6d03ddafa08', groupInstanceId=null, errorCode=0)]))
12:15:25.131 [scenario7-slow-events-listener-0-C-1] WARN  c.e.k.listener.SplitTopicRebalanceListener - [slow-events] 提交 offset 失败，可能因 rebalance 导致该分区已被回收 id=a2554d8b-b469-4e3d-92e9-a76cdcb66fe1
org.apache.kafka.clients.consumer.CommitFailedException: Offset commit cannot be completed since the consumer is not part of an active group for auto partition assignment; it is likely that the consumer was kicked out of the group.
	at org.apache.kafka.clients.consumer.internals.ConsumerCoordinator.sendOffsetCommitRequest(ConsumerCoordinator.java:1320)
	at org.apache.kafka.clients.consumer.internals.ConsumerCoordinator.commitOffsetsSync(ConsumerCoordinator.java:1155)
	at org.apache.kafka.clients.consumer.internals.ClassicKafkaConsumer.commitSync(ClassicKafkaConsumer.java:747)
	at org.apache.kafka.clients.consumer.KafkaConsumer.commitSync(KafkaConsumer.java:1094)
	at org.springframework.kafka.listener.KafkaMessageListenerContainer$ListenerConsumer.doCommitSync(KafkaMessageListenerContainer.java:3474)
	at org.springframework.kafka.listener.KafkaMessageListenerContainer$ListenerConsumer.commitSync(KafkaMessageListenerContainer.java:3469)
	at org.springframework.kafka.listener.KafkaMessageListenerContainer$ListenerConsumer.commitOffsets(KafkaMessageListenerContainer.java:3452)
	at org.springframework.kafka.listener.KafkaMessageListenerContainer$ListenerConsumer.commitOffsetsInTransactions(KafkaMessageListenerContainer.java:3443)
	at org.springframework.kafka.listener.KafkaMessageListenerContainer$ListenerConsumer.ackImmediate(KafkaMessageListenerContainer.java:2187)
	at org.springframework.kafka.listener.KafkaMessageListenerContainer$ListenerConsumer.processAck(KafkaMessageListenerContainer.java:2082)
	at org.springframework.kafka.listener.KafkaMessageListenerContainer$ListenerConsumer.doAck(KafkaMessageListenerContainer.java:2062)
	at org.springframework.kafka.listener.KafkaMessageListenerContainer$ListenerConsumer$ConsumerAcknowledgment.acknowledge(KafkaMessageListenerContainer.java:3622)
	at com.example.kafkarebalance.listener.SplitTopicRebalanceListener.onSlowEvent(SplitTopicRebalanceListener.kt:66)
	at java.base/jdk.internal.reflect.DirectMethodHandleAccessor.invoke(DirectMethodHandleAccessor.java:104)
	at java.base/java.lang.reflect.Method.invoke(Method.java:565)
	at org.springframework.messaging.handler.invocation.InvocableHandlerMethod.doInvoke(InvocableHandlerMethod.java:168)
	at org.springframework.kafka.listener.adapter.KotlinAwareInvocableHandlerMethod.doInvoke(KotlinAwareInvocableHandlerMethod.java:48)
	at org.springframework.messaging.handler.invocation.InvocableHandlerMethod.invoke(InvocableHandlerMethod.java:119)
	at org.springframework.kafka.listener.adapter.HandlerAdapter.invoke(HandlerAdapter.java:80)
	at org.springframework.kafka.listener.adapter.MessagingMessageListenerAdapter.invokeHandler(MessagingMessageListenerAdapter.java:488)
	at org.springframework.kafka.listener.adapter.MessagingMessageListenerAdapter.invoke(MessagingMessageListenerAdapter.java:425)
	at org.springframework.kafka.listener.adapter.RecordMessagingMessageListenerAdapter.onMessage(RecordMessagingMessageListenerAdapter.java:92)
	at org.springframework.kafka.listener.adapter.RecordMessagingMessageListenerAdapter.onMessage(RecordMessagingMessageListenerAdapter.java:52)
	at org.springframework.kafka.listener.KafkaMessageListenerContainer$ListenerConsumer.doInvokeOnMessage(KafkaMessageListenerContainer.java:2948)
	at org.springframework.kafka.listener.KafkaMessageListenerContainer$ListenerConsumer.invokeOnMessage(KafkaMessageListenerContainer.java:2927)
	at org.springframework.kafka.listener.KafkaMessageListenerContainer$ListenerConsumer.doInvokeRecordListener(KafkaMessageListenerContainer.java:2837)
	at org.springframework.kafka.listener.KafkaMessageListenerContainer$ListenerConsumer.doInvokeWithRecords(KafkaMessageListenerContainer.java:2679)
	at org.springframework.kafka.listener.KafkaMessageListenerContainer$ListenerConsumer.invokeRecordListener(KafkaMessageListenerContainer.java:2573)
	at org.springframework.kafka.listener.KafkaMessageListenerContainer$ListenerConsumer.invokeListener(KafkaMessageListenerContainer.java:2204)
	at org.springframework.kafka.listener.KafkaMessageListenerContainer$ListenerConsumer.invokeIfHaveRecords(KafkaMessageListenerContainer.java:1559)
	at org.springframework.kafka.listener.KafkaMessageListenerContainer$ListenerConsumer.pollAndInvoke(KafkaMessageListenerContainer.java:1499)
	at org.springframework.kafka.listener.KafkaMessageListenerContainer$ListenerConsumer.run(KafkaMessageListenerContainer.java:1368)
	at java.base/java.util.concurrent.CompletableFuture$AsyncRun.run(CompletableFuture.java:1825)
	at java.base/java.lang.Thread.run(Thread.java:1474)
12:15:25.131 [scenario7-slow-events-listener-0-C-1] DEBUG o.a.k.c.consumer.internals.ConsumerCoordinator - [Consumer clientId=consumer-slow-consumer-group-1, groupId=slow-consumer-group] Executing onJoinPrepare with generation -1 and memberId 
12:15:25.131 [scenario7-slow-events-listener-0-C-1] INFO  o.a.k.c.consumer.internals.ConsumerCoordinator - [Consumer clientId=consumer-slow-consumer-group-1, groupId=slow-consumer-group] Giving away all assigned partitions as lost since generation/memberID has been reset,indicating that consumer is in old state or no longer part of the group
12:15:25.131 [scenario7-slow-events-listener-0-C-1] INFO  o.a.k.c.c.i.ConsumerRebalanceListenerInvoker - [Consumer clientId=consumer-slow-consumer-group-1, groupId=slow-consumer-group] Lost previously assigned partitions [slow-events-0, slow-events-1, slow-events-2]
12:15:25.131 [scenario7-slow-events-listener-0-C-1] INFO  o.s.kafka.listener.KafkaMessageListenerContainer - slow-consumer-group: partitions lost: [slow-events-0, slow-events-1, slow-events-2]
12:15:25.131 [scenario7-slow-events-listener-0-C-1] INFO  o.s.kafka.listener.KafkaMessageListenerContainer - slow-consumer-group: partitions revoked: [slow-events-0, slow-events-1, slow-events-2]
12:15:25.131 [scenario7-slow-events-listener-0-C-1] INFO  o.a.k.c.consumer.internals.ConsumerCoordinator - [Consumer clientId=consumer-slow-consumer-group-1, groupId=slow-consumer-group] (Re-)joining group
12:15:25.131 [scenario7-slow-events-listener-0-C-1] DEBUG o.a.k.c.consumer.internals.ConsumerCoordinator - [Consumer clientId=consumer-slow-consumer-group-1, groupId=slow-consumer-group] Joining group with current subscription: [slow-events]
12:15:25.131 [scenario7-slow-events-listener-0-C-1] DEBUG o.a.k.c.consumer.internals.ConsumerCoordinator - [Consumer clientId=consumer-slow-consumer-group-1, groupId=slow-consumer-group] Sending JoinGroup (JoinGroupRequestData(groupId='slow-consumer-group', sessionTimeoutMs=10000, rebalanceTimeoutMs=6000, memberId='', groupInstanceId=null, protocolType='consumer', protocols=[JoinGroupRequestProtocol(name='range', metadata=[0, 3, 0, 0, 0, 1, 0, 11, 115, 108, 111, 119, 45, 101, 118, 101, 110, 116, 115, -1, -1, -1, -1, 0, 0, 0, 0, -1, -1, -1, -1, -1, -1]), JoinGroupRequestProtocol(name='cooperative-sticky', metadata=[0, 3, 0, 0, 0, 1, 0, 11, 115, 108, 111, 119, 45, 101, 118, 101, 110, 116, 115, 0, 0, 0, 4, -1, -1, -1, -1, 0, 0, 0, 0, -1, -1, -1, -1, -1, -1])], reason='consumer pro-actively leaving the group')) to coordinator localhost:9092 (id: 2147483646 rack: null isFenced: false)
12:15:25.133 [scenario7-slow-events-listener-0-C-1] DEBUG o.a.k.c.consumer.internals.ConsumerCoordinator - [Consumer clientId=consumer-slow-consumer-group-1, groupId=slow-consumer-group] JoinGroup failed due to non-fatal error: MEMBER_ID_REQUIRED. Will set the member id as consumer-slow-consumer-group-1-aa7ea453-9c58-480f-8898-5b9bf6dbef2f and then rejoin. Sent generation was Generation{generationId=-1, memberId='', protocol='null'}
12:15:25.133 [scenario7-slow-events-listener-0-C-1] INFO  o.a.k.c.consumer.internals.ConsumerCoordinator - [Consumer clientId=consumer-slow-consumer-group-1, groupId=slow-consumer-group] Request joining group due to: need to re-join with the given member-id: consumer-slow-consumer-group-1-aa7ea453-9c58-480f-8898-5b9bf6dbef2f
12:15:25.133 [scenario7-slow-events-listener-0-C-1] INFO  o.a.k.c.consumer.internals.ConsumerCoordinator - [Consumer clientId=consumer-slow-consumer-group-1, groupId=slow-consumer-group] (Re-)joining group
12:15:25.133 [scenario7-slow-events-listener-0-C-1] DEBUG o.a.k.c.consumer.internals.ConsumerCoordinator - [Consumer clientId=consumer-slow-consumer-group-1, groupId=slow-consumer-group] Joining group with current subscription: [slow-events]
12:15:25.133 [scenario7-slow-events-listener-0-C-1] DEBUG o.a.k.c.consumer.internals.ConsumerCoordinator - [Consumer clientId=consumer-slow-consumer-group-1, groupId=slow-consumer-group] Sending JoinGroup (JoinGroupRequestData(groupId='slow-consumer-group', sessionTimeoutMs=10000, rebalanceTimeoutMs=6000, memberId='consumer-slow-consumer-group-1-aa7ea453-9c58-480f-8898-5b9bf6dbef2f', groupInstanceId=null, protocolType='consumer', protocols=[JoinGroupRequestProtocol(name='range', metadata=[0, 3, 0, 0, 0, 1, 0, 11, 115, 108, 111, 119, 45, 101, 118, 101, 110, 116, 115, -1, -1, -1, -1, 0, 0, 0, 0, -1, -1, -1, -1, -1, -1]), JoinGroupRequestProtocol(name='cooperative-sticky', metadata=[0, 3, 0, 0, 0, 1, 0, 11, 115, 108, 111, 119, 45, 101, 118, 101, 110, 116, 115, 0, 0, 0, 4, -1, -1, -1, -1, 0, 0, 0, 0, -1, -1, -1, -1, -1, -1])], reason='need to re-join with the given member-id: consumer-slow-consumer-group-1-aa7ea453-9c58-480f-8898-5b9bf6dbef2f')) to coordinator localhost:9092 (id: 2147483646 rack: null isFenced: false)
12:15:26.934 [kafka-coordinator-heartbeat-thread | slow-consumer-group] DEBUG o.a.k.c.consumer.internals.ConsumerCoordinator - [Consumer clientId=consumer-slow-consumer-group-2, groupId=slow-consumer-group] Sending Heartbeat request with generation 10 and member id consumer-slow-consumer-group-2-929996d7-6dc3-4dab-8232-48c527a6ef79 to coordinator localhost:9092 (id: 2147483646 rack: null isFenced: false)
12:15:26.944 [scenario7-other-events-listener-0-C-1] INFO  o.a.k.c.consumer.internals.ConsumerCoordinator - [Consumer clientId=consumer-slow-consumer-group-2, groupId=slow-consumer-group] Request joining group due to: group is already rebalancing
12:15:26.944 [scenario7-other-events-listener-0-C-1] DEBUG o.a.k.c.consumer.internals.ConsumerCoordinator - [Consumer clientId=consumer-slow-consumer-group-2, groupId=slow-consumer-group] Executing onJoinPrepare with generation 10 and memberId consumer-slow-consumer-group-2-929996d7-6dc3-4dab-8232-48c527a6ef79
12:15:26.944 [scenario7-other-events-listener-0-C-1] INFO  o.a.k.c.c.i.ConsumerRebalanceListenerInvoker - [Consumer clientId=consumer-slow-consumer-group-2, groupId=slow-consumer-group] Revoke previously assigned partitions [other-events-0, other-events-1, other-events-2]
12:15:26.944 [scenario7-other-events-listener-0-C-1] INFO  o.s.kafka.listener.KafkaMessageListenerContainer - slow-consumer-group: partitions revoked: [other-events-0, other-events-1, other-events-2]
12:15:26.945 [scenario7-other-events-listener-0-C-1] INFO  o.a.k.c.consumer.internals.ConsumerCoordinator - [Consumer clientId=consumer-slow-consumer-group-2, groupId=slow-consumer-group] (Re-)joining group
12:15:26.945 [scenario7-other-events-listener-0-C-1] DEBUG o.a.k.c.consumer.internals.ConsumerCoordinator - [Consumer clientId=consumer-slow-consumer-group-2, groupId=slow-consumer-group] Joining group with current subscription: [other-events]
12:15:26.946 [scenario7-other-events-listener-0-C-1] DEBUG o.a.k.c.consumer.internals.ConsumerCoordinator - [Consumer clientId=consumer-slow-consumer-group-2, groupId=slow-consumer-group] Sending JoinGroup (JoinGroupRequestData(groupId='slow-consumer-group', sessionTimeoutMs=10000, rebalanceTimeoutMs=6000, memberId='consumer-slow-consumer-group-2-929996d7-6dc3-4dab-8232-48c527a6ef79', groupInstanceId=null, protocolType='consumer', protocols=[JoinGroupRequestProtocol(name='range', metadata=[0, 3, 0, 0, 0, 1, 0, 12, 111, 116, 104, 101, 114, 45, 101, 118, 101, 110, 116, 115, -1, -1, -1, -1, 0, 0, 0, 0, 0, 0, 0, 10, -1, -1]), JoinGroupRequestProtocol(name='cooperative-sticky', metadata=[0, 3, 0, 0, 0, 1, 0, 12, 111, 116, 104, 101, 114, 45, 101, 118, 101, 110, 116, 115, 0, 0, 0, 4, -1, -1, -1, -1, 0, 0, 0, 0, 0, 0, 0, 10, -1, -1])], reason='group is already rebalancing')) to coordinator localhost:9092 (id: 2147483646 rack: null isFenced: false)
12:15:26.953 [scenario7-other-events-listener-0-C-1] DEBUG o.a.k.c.consumer.internals.ConsumerCoordinator - [Consumer clientId=consumer-slow-consumer-group-2, groupId=slow-consumer-group] Received successful JoinGroup response: JoinGroupResponseData(throttleTimeMs=0, errorCode=0, generationId=11, protocolType='consumer', protocolName='range', leader='consumer-slow-consumer-group-2-929996d7-6dc3-4dab-8232-48c527a6ef79', skipAssignment=false, memberId='consumer-slow-consumer-group-2-929996d7-6dc3-4dab-8232-48c527a6ef79', members=[JoinGroupResponseMember(memberId='consumer-slow-consumer-group-2-929996d7-6dc3-4dab-8232-48c527a6ef79', groupInstanceId=null, metadata=[0, 3, 0, 0, 0, 1, 0, 12, 111, 116, 104, 101, 114, 45, 101, 118, 101, 110, 116, 115, -1, -1, -1, -1, 0, 0, 0, 0, 0, 0, 0, 10, -1, -1]), JoinGroupResponseMember(memberId='consumer-slow-consumer-group-1-aa7ea453-9c58-480f-8898-5b9bf6dbef2f', groupInstanceId=null, metadata=[0, 3, 0, 0, 0, 1, 0, 11, 115, 108, 111, 119, 45, 101, 118, 101, 110, 116, 115, -1, -1, -1, -1, 0, 0, 0, 0, -1, -1, -1, -1, -1, -1])])
12:15:26.953 [scenario7-other-events-listener-0-C-1] DEBUG o.a.k.c.consumer.internals.ConsumerCoordinator - [Consumer clientId=consumer-slow-consumer-group-2, groupId=slow-consumer-group] Enabling heartbeat thread
12:15:26.953 [scenario7-slow-events-listener-0-C-1] DEBUG o.a.k.c.consumer.internals.ConsumerCoordinator - [Consumer clientId=consumer-slow-consumer-group-1, groupId=slow-consumer-group] Received successful JoinGroup response: JoinGroupResponseData(throttleTimeMs=0, errorCode=0, generationId=11, protocolType='consumer', protocolName='range', leader='consumer-slow-consumer-group-2-929996d7-6dc3-4dab-8232-48c527a6ef79', skipAssignment=false, memberId='consumer-slow-consumer-group-1-aa7ea453-9c58-480f-8898-5b9bf6dbef2f', members=[])
12:15:26.953 [scenario7-slow-events-listener-0-C-1] DEBUG o.a.k.c.consumer.internals.ConsumerCoordinator - [Consumer clientId=consumer-slow-consumer-group-1, groupId=slow-consumer-group] Enabling heartbeat thread
12:15:26.953 [scenario7-slow-events-listener-0-C-1] INFO  o.a.k.c.consumer.internals.ConsumerCoordinator - [Consumer clientId=consumer-slow-consumer-group-1, groupId=slow-consumer-group] Successfully joined group with generation Generation{generationId=11, memberId='consumer-slow-consumer-group-1-aa7ea453-9c58-480f-8898-5b9bf6dbef2f', protocol='range'}
12:15:26.953 [scenario7-other-events-listener-0-C-1] INFO  o.a.k.c.consumer.internals.ConsumerCoordinator - [Consumer clientId=consumer-slow-consumer-group-2, groupId=slow-consumer-group] Successfully joined group with generation Generation{generationId=11, memberId='consumer-slow-consumer-group-2-929996d7-6dc3-4dab-8232-48c527a6ef79', protocol='range'}
12:15:26.954 [scenario7-slow-events-listener-0-C-1] DEBUG o.a.k.c.consumer.internals.ConsumerCoordinator - [Consumer clientId=consumer-slow-consumer-group-1, groupId=slow-consumer-group] Sending follower SyncGroup to coordinator localhost:9092 (id: 2147483646 rack: null isFenced: false): SyncGroupRequestData(groupId='slow-consumer-group', generationId=11, memberId='consumer-slow-consumer-group-1-aa7ea453-9c58-480f-8898-5b9bf6dbef2f', groupInstanceId=null, protocolType='consumer', protocolName='range', assignments=[])
12:15:27.001 [scenario7-other-events-listener-0-C-1] DEBUG o.a.k.c.consumer.internals.ConsumerCoordinator - [Consumer clientId=consumer-slow-consumer-group-2, groupId=slow-consumer-group] Performing assignment using strategy range with subscriptions {consumer-slow-consumer-group-2-929996d7-6dc3-4dab-8232-48c527a6ef79=Subscription(topics=[other-events], ownedPartitions=[], groupInstanceId=null, generationId=10, rackId=null), consumer-slow-consumer-group-1-aa7ea453-9c58-480f-8898-5b9bf6dbef2f=Subscription(topics=[slow-events], ownedPartitions=[], groupInstanceId=null, generationId=-1, rackId=null)}
12:15:27.001 [scenario7-other-events-listener-0-C-1] INFO  o.a.k.c.consumer.internals.ConsumerCoordinator - [Consumer clientId=consumer-slow-consumer-group-2, groupId=slow-consumer-group] Finished assignment for group at generation 11: {consumer-slow-consumer-group-2-929996d7-6dc3-4dab-8232-48c527a6ef79=Assignment(partitions=[other-events-0, other-events-1, other-events-2]), consumer-slow-consumer-group-1-aa7ea453-9c58-480f-8898-5b9bf6dbef2f=Assignment(partitions=[slow-events-0, slow-events-1, slow-events-2])}
12:15:27.001 [scenario7-other-events-listener-0-C-1] DEBUG o.a.k.c.consumer.internals.ConsumerCoordinator - [Consumer clientId=consumer-slow-consumer-group-2, groupId=slow-consumer-group] Sending leader SyncGroup to coordinator localhost:9092 (id: 2147483646 rack: null isFenced: false): SyncGroupRequestData(groupId='slow-consumer-group', generationId=11, memberId='consumer-slow-consumer-group-2-929996d7-6dc3-4dab-8232-48c527a6ef79', groupInstanceId=null, protocolType='consumer', protocolName='range', assignments=[SyncGroupRequestAssignment(memberId='consumer-slow-consumer-group-2-929996d7-6dc3-4dab-8232-48c527a6ef79', assignment=[0, 3, 0, 0, 0, 1, 0, 12, 111, 116, 104, 101, 114, 45, 101, 118, 101, 110, 116, 115, 0, 0, 0, 3, 0, 0, 0, 0, 0, 0, 0, 1, 0, 0, 0, 2, -1, -1, -1, -1]), SyncGroupRequestAssignment(memberId='consumer-slow-consumer-group-1-aa7ea453-9c58-480f-8898-5b9bf6dbef2f', assignment=[0, 3, 0, 0, 0, 1, 0, 11, 115, 108, 111, 119, 45, 101, 118, 101, 110, 116, 115, 0, 0, 0, 3, 0, 0, 0, 0, 0, 0, 0, 1, 0, 0, 0, 2, -1, -1, -1, -1])])
12:15:27.005 [scenario7-other-events-listener-0-C-1] DEBUG o.a.k.c.consumer.internals.ConsumerCoordinator - [Consumer clientId=consumer-slow-consumer-group-2, groupId=slow-consumer-group] Received successful SyncGroup response: SyncGroupResponseData(throttleTimeMs=0, errorCode=0, protocolType='consumer', protocolName='range', assignment=[0, 3, 0, 0, 0, 1, 0, 12, 111, 116, 104, 101, 114, 45, 101, 118, 101, 110, 116, 115, 0, 0, 0, 3, 0, 0, 0, 0, 0, 0, 0, 1, 0, 0, 0, 2, -1, -1, -1, -1])
12:15:27.005 [scenario7-slow-events-listener-0-C-1] DEBUG o.a.k.c.consumer.internals.ConsumerCoordinator - [Consumer clientId=consumer-slow-consumer-group-1, groupId=slow-consumer-group] Received successful SyncGroup response: SyncGroupResponseData(throttleTimeMs=0, errorCode=0, protocolType='consumer', protocolName='range', assignment=[0, 3, 0, 0, 0, 1, 0, 11, 115, 108, 111, 119, 45, 101, 118, 101, 110, 116, 115, 0, 0, 0, 3, 0, 0, 0, 0, 0, 0, 0, 1, 0, 0, 0, 2, -1, -1, -1, -1])
12:15:27.005 [scenario7-slow-events-listener-0-C-1] INFO  o.a.k.c.consumer.internals.ConsumerCoordinator - [Consumer clientId=consumer-slow-consumer-group-1, groupId=slow-consumer-group] Successfully synced group in generation Generation{generationId=11, memberId='consumer-slow-consumer-group-1-aa7ea453-9c58-480f-8898-5b9bf6dbef2f', protocol='range'}
12:15:27.005 [scenario7-other-events-listener-0-C-1] INFO  o.a.k.c.consumer.internals.ConsumerCoordinator - [Consumer clientId=consumer-slow-consumer-group-2, groupId=slow-consumer-group] Successfully synced group in generation Generation{generationId=11, memberId='consumer-slow-consumer-group-2-929996d7-6dc3-4dab-8232-48c527a6ef79', protocol='range'}
12:15:27.005 [scenario7-other-events-listener-0-C-1] DEBUG o.a.k.c.consumer.internals.ConsumerCoordinator - [Consumer clientId=consumer-slow-consumer-group-2, groupId=slow-consumer-group] Executing onJoinComplete with generation 11 and memberId consumer-slow-consumer-group-2-929996d7-6dc3-4dab-8232-48c527a6ef79
12:15:27.005 [scenario7-slow-events-listener-0-C-1] DEBUG o.a.k.c.consumer.internals.ConsumerCoordinator - [Consumer clientId=consumer-slow-consumer-group-1, groupId=slow-consumer-group] Executing onJoinComplete with generation 11 and memberId consumer-slow-consumer-group-1-aa7ea453-9c58-480f-8898-5b9bf6dbef2f
12:15:27.005 [scenario7-other-events-listener-0-C-1] INFO  o.a.k.c.consumer.internals.ConsumerCoordinator - [Consumer clientId=consumer-slow-consumer-group-2, groupId=slow-consumer-group] Notifying assignor about the new Assignment(partitions=[other-events-0, other-events-1, other-events-2])
12:15:27.005 [scenario7-slow-events-listener-0-C-1] INFO  o.a.k.c.consumer.internals.ConsumerCoordinator - [Consumer clientId=consumer-slow-consumer-group-1, groupId=slow-consumer-group] Notifying assignor about the new Assignment(partitions=[slow-events-0, slow-events-1, slow-events-2])
12:15:27.005 [scenario7-other-events-listener-0-C-1] INFO  o.a.k.c.c.i.ConsumerRebalanceListenerInvoker - [Consumer clientId=consumer-slow-consumer-group-2, groupId=slow-consumer-group] Adding newly assigned partitions: [other-events-0, other-events-1, other-events-2]
12:15:27.005 [scenario7-slow-events-listener-0-C-1] INFO  o.a.k.c.c.i.ConsumerRebalanceListenerInvoker - [Consumer clientId=consumer-slow-consumer-group-1, groupId=slow-consumer-group] Adding newly assigned partitions: [slow-events-0, slow-events-1, slow-events-2]
12:15:27.005 [scenario7-other-events-listener-0-C-1] DEBUG o.a.k.c.consumer.internals.ConsumerCoordinator - [Consumer clientId=consumer-slow-consumer-group-2, groupId=slow-consumer-group] Fetching committed offsets for partitions: [other-events-0, other-events-1, other-events-2]
12:15:27.005 [scenario7-slow-events-listener-0-C-1] DEBUG o.a.k.c.consumer.internals.ConsumerCoordinator - [Consumer clientId=consumer-slow-consumer-group-1, groupId=slow-consumer-group] Fetching committed offsets for partitions: [slow-events-2, slow-events-1, slow-events-0]
12:15:27.007 [scenario7-other-events-listener-0-C-1] INFO  o.a.k.c.consumer.internals.ConsumerCoordinator - [Consumer clientId=consumer-slow-consumer-group-2, groupId=slow-consumer-group] Found no committed offset for partition other-events-0
12:15:27.007 [scenario7-slow-events-listener-0-C-1] INFO  o.a.k.c.consumer.internals.ConsumerCoordinator - [Consumer clientId=consumer-slow-consumer-group-1, groupId=slow-consumer-group] Found no committed offset for partition slow-events-2
12:15:27.007 [scenario7-other-events-listener-0-C-1] INFO  o.a.k.c.consumer.internals.ConsumerCoordinator - [Consumer clientId=consumer-slow-consumer-group-2, groupId=slow-consumer-group] Found no committed offset for partition other-events-1
12:15:27.007 [scenario7-slow-events-listener-0-C-1] INFO  o.a.k.c.consumer.internals.ConsumerCoordinator - [Consumer clientId=consumer-slow-consumer-group-1, groupId=slow-consumer-group] Found no committed offset for partition slow-events-1
12:15:27.007 [scenario7-slow-events-listener-0-C-1] INFO  o.a.k.c.consumer.internals.ConsumerCoordinator - [Consumer clientId=consumer-slow-consumer-group-1, groupId=slow-consumer-group] Found no committed offset for partition slow-events-0
12:15:27.007 [scenario7-other-events-listener-0-C-1] INFO  o.a.kafka.clients.consumer.internals.ConsumerUtils - Setting offset for partition other-events-2 to the committed offset FetchPosition{offset=60, offsetEpoch=Optional.empty, currentLeader=LeaderAndEpoch{leader=Optional[localhost:9092 (id: 1 rack: null isFenced: false)], epoch=0}}
12:15:27.009 [scenario7-slow-events-listener-0-C-1] INFO  o.a.k.clients.consumer.internals.SubscriptionState - [Consumer clientId=consumer-slow-consumer-group-1, groupId=slow-consumer-group] Resetting offset for partition slow-events-2 to position FetchPosition{offset=0, offsetEpoch=Optional.empty, currentLeader=LeaderAndEpoch{leader=Optional[localhost:9092 (id: 1 rack: null isFenced: false)], epoch=0}}.
12:15:27.009 [scenario7-other-events-listener-0-C-1] INFO  o.a.k.clients.consumer.internals.SubscriptionState - [Consumer clientId=consumer-slow-consumer-group-2, groupId=slow-consumer-group] Resetting offset for partition other-events-0 to position FetchPosition{offset=0, offsetEpoch=Optional.empty, currentLeader=LeaderAndEpoch{leader=Optional[localhost:9092 (id: 1 rack: null isFenced: false)], epoch=0}}.
12:15:27.009 [scenario7-slow-events-listener-0-C-1] INFO  o.a.k.clients.consumer.internals.SubscriptionState - [Consumer clientId=consumer-slow-consumer-group-1, groupId=slow-consumer-group] Resetting offset for partition slow-events-1 to position FetchPosition{offset=0, offsetEpoch=Optional.empty, currentLeader=LeaderAndEpoch{leader=Optional[localhost:9092 (id: 1 rack: null isFenced: false)], epoch=0}}.
12:15:27.009 [scenario7-slow-events-listener-0-C-1] INFO  o.a.k.clients.consumer.internals.SubscriptionState - [Consumer clientId=consumer-slow-consumer-group-1, groupId=slow-consumer-group] Resetting offset for partition slow-events-0 to position FetchPosition{offset=0, offsetEpoch=Optional.empty, currentLeader=LeaderAndEpoch{leader=Optional[localhost:9092 (id: 1 rack: null isFenced: false)], epoch=0}}.
12:15:27.009 [scenario7-other-events-listener-0-C-1] INFO  o.a.k.clients.consumer.internals.SubscriptionState - [Consumer clientId=consumer-slow-consumer-group-2, groupId=slow-consumer-group] Resetting offset for partition other-events-1 to position FetchPosition{offset=0, offsetEpoch=Optional.empty, currentLeader=LeaderAndEpoch{leader=Optional[localhost:9092 (id: 1 rack: null isFenced: false)], epoch=0}}.
12:15:27.009 [scenario7-other-events-listener-0-C-1] INFO  o.s.kafka.listener.KafkaMessageListenerContainer - slow-consumer-group: partitions assigned: [other-events-0, other-events-1, other-events-2]
12:15:27.009 [scenario7-slow-events-listener-0-C-1] INFO  o.s.kafka.listener.KafkaMessageListenerContainer - slow-consumer-group: partitions assigned: [slow-events-0, slow-events-1, slow-events-2]
12:15:27.012 [scenario7-slow-events-listener-0-C-1] DEBUG o.s.kafka.listener.KafkaMessageListenerContainer - Received: 1 records
12:15:27.012 [scenario7-slow-events-listener-0-C-1] DEBUG o.s.k.l.a.RecordMessagingMessageListenerAdapter - Processing [GenericMessage [payload=DemoEvent(id=a2554d8b-b469-4e3d-92e9-a76cdcb66fe1, payload=demo-event-0, slow=true, retryTrigger=false, flaky=false, createdAt=2026-08-27T04:14:28.388135Z), headers={kafka_offset=0, kafka_consumer=org.springframework.kafka.core.DefaultKafkaConsumerFactory$ExtendedKafkaConsumer@c4c7cb2, kafka_timestampType=CREATE_TIME, kafka_receivedPartitionId=2, kafka_receivedMessageKey=0, kafka_receivedTopic=slow-events, kafka_receivedTimestamp=1787804068401, kafka_acknowledgment=Acknowledgment for slow-events-2@0, kafka_groupId=slow-consumer-group}]]
12:15:27.012 [scenario7-slow-events-listener-0-C-1] INFO  c.e.k.listener.SplitTopicRebalanceListener - [slow-events] 收到消息 id=a2554d8b-b469-4e3d-92e9-a76cdcb66fe1 partition=2 slow=true
12:15:27.012 [scenario7-slow-events-listener-0-C-1] WARN  c.e.k.listener.SplitTopicRebalanceListener - [slow-events] 模拟慢处理开始：id=a2554d8b-b469-4e3d-92e9-a76cdcb66fe1 将阻塞 10000ms（超过 max.poll.interval.ms，预期触发该 consumer 的 rebalance）
12:15:28.378 [scenario7-other-events-listener-0-C-1] DEBUG o.s.kafka.listener.KafkaMessageListenerContainer - Received: 0 records
12:15:29.954 [kafka-coordinator-heartbeat-thread | slow-consumer-group] DEBUG o.a.k.c.consumer.internals.ConsumerCoordinator - [Consumer clientId=consumer-slow-consumer-group-2, groupId=slow-consumer-group] Sending Heartbeat request with generation 11 and member id consumer-slow-consumer-group-2-929996d7-6dc3-4dab-8232-48c527a6ef79 to coordinator localhost:9092 (id: 2147483646 rack: null isFenced: false)
12:15:29.958 [scenario7-other-events-listener-0-C-1] DEBUG o.a.k.c.consumer.internals.ConsumerCoordinator - [Consumer clientId=consumer-slow-consumer-group-2, groupId=slow-consumer-group] Received successful Heartbeat response
12:15:30.029 [kafka-coordinator-heartbeat-thread | slow-consumer-group] DEBUG o.a.k.c.consumer.internals.ConsumerCoordinator - [Consumer clientId=consumer-slow-consumer-group-1, groupId=slow-consumer-group] Sending Heartbeat request with generation 11 and member id consumer-slow-consumer-group-1-aa7ea453-9c58-480f-8898-5b9bf6dbef2f to coordinator localhost:9092 (id: 2147483646 rack: null isFenced: false)
12:15:30.134 [kafka-coordinator-heartbeat-thread | slow-consumer-group] DEBUG o.a.k.c.consumer.internals.ConsumerCoordinator - [Consumer clientId=consumer-slow-consumer-group-1, groupId=slow-consumer-group] Received successful Heartbeat response
12:15:32.955 [kafka-coordinator-heartbeat-thread | slow-consumer-group] DEBUG o.a.k.c.consumer.internals.ConsumerCoordinator - [Consumer clientId=consumer-slow-consumer-group-2, groupId=slow-consumer-group] Sending Heartbeat request with generation 11 and member id consumer-slow-consumer-group-2-929996d7-6dc3-4dab-8232-48c527a6ef79 to coordinator localhost:9092 (id: 2147483646 rack: null isFenced: false)
12:15:32.958 [scenario7-other-events-listener-0-C-1] DEBUG o.a.k.c.consumer.internals.ConsumerCoordinator - [Consumer clientId=consumer-slow-consumer-group-2, groupId=slow-consumer-group] Received successful Heartbeat response
12:15:33.044 [kafka-coordinator-heartbeat-thread | slow-consumer-group] WARN  o.a.k.c.consumer.internals.ConsumerCoordinator - [Consumer clientId=consumer-slow-consumer-group-1, groupId=slow-consumer-group] consumer poll timeout has expired. This means the time between subsequent calls to poll() was longer than the configured max.poll.interval.ms, which typically implies that the poll loop is spending too much time processing messages. You can address this either by increasing max.poll.interval.ms or by reducing the maximum size of batches returned in poll() with max.poll.records.
12:15:33.044 [kafka-coordinator-heartbeat-thread | slow-consumer-group] INFO  o.a.k.c.consumer.internals.ConsumerCoordinator - [Consumer clientId=consumer-slow-consumer-group-1, groupId=slow-consumer-group] Member consumer-slow-consumer-group-1-aa7ea453-9c58-480f-8898-5b9bf6dbef2f sending LeaveGroup request to coordinator localhost:9092 (id: 2147483646 rack: null isFenced: false) due to consumer poll timeout has expired.
12:15:33.045 [kafka-coordinator-heartbeat-thread | slow-consumer-group] INFO  o.a.k.c.consumer.internals.ConsumerCoordinator - [Consumer clientId=consumer-slow-consumer-group-1, groupId=slow-consumer-group] Resetting generation and member id due to: consumer pro-actively leaving the group
12:15:33.045 [kafka-coordinator-heartbeat-thread | slow-consumer-group] INFO  o.a.k.c.consumer.internals.ConsumerCoordinator - [Consumer clientId=consumer-slow-consumer-group-1, groupId=slow-consumer-group] Request joining group due to: consumer pro-actively leaving the group
12:15:33.379 [scenario7-other-events-listener-0-C-1] DEBUG o.s.kafka.listener.KafkaMessageListenerContainer - Received: 0 records
12:15:35.956 [kafka-coordinator-heartbeat-thread | slow-consumer-group] DEBUG o.a.k.c.consumer.internals.ConsumerCoordinator - [Consumer clientId=consumer-slow-consumer-group-2, groupId=slow-consumer-group] Sending Heartbeat request with generation 11 and member id consumer-slow-consumer-group-2-929996d7-6dc3-4dab-8232-48c527a6ef79 to coordinator localhost:9092 (id: 2147483646 rack: null isFenced: false)
12:15:35.957 [scenario7-other-events-listener-0-C-1] INFO  o.a.k.c.consumer.internals.ConsumerCoordinator - [Consumer clientId=consumer-slow-consumer-group-2, groupId=slow-consumer-group] Request joining group due to: group is already rebalancing
12:15:35.957 [scenario7-other-events-listener-0-C-1] DEBUG o.a.k.c.consumer.internals.ConsumerCoordinator - [Consumer clientId=consumer-slow-consumer-group-2, groupId=slow-consumer-group] Executing onJoinPrepare with generation 11 and memberId consumer-slow-consumer-group-2-929996d7-6dc3-4dab-8232-48c527a6ef79
12:15:35.957 [scenario7-other-events-listener-0-C-1] INFO  o.a.k.c.c.i.ConsumerRebalanceListenerInvoker - [Consumer clientId=consumer-slow-consumer-group-2, groupId=slow-consumer-group] Revoke previously assigned partitions [other-events-0, other-events-1, other-events-2]
12:15:35.957 [scenario7-other-events-listener-0-C-1] INFO  o.s.kafka.listener.KafkaMessageListenerContainer - slow-consumer-group: partitions revoked: [other-events-0, other-events-1, other-events-2]
12:15:35.957 [scenario7-other-events-listener-0-C-1] INFO  o.a.k.c.consumer.internals.ConsumerCoordinator - [Consumer clientId=consumer-slow-consumer-group-2, groupId=slow-consumer-group] (Re-)joining group
12:15:35.957 [scenario7-other-events-listener-0-C-1] DEBUG o.a.k.c.consumer.internals.ConsumerCoordinator - [Consumer clientId=consumer-slow-consumer-group-2, groupId=slow-consumer-group] Joining group with current subscription: [other-events]
12:15:35.958 [scenario7-other-events-listener-0-C-1] DEBUG o.a.k.c.consumer.internals.ConsumerCoordinator - [Consumer clientId=consumer-slow-consumer-group-2, groupId=slow-consumer-group] Sending JoinGroup (JoinGroupRequestData(groupId='slow-consumer-group', sessionTimeoutMs=10000, rebalanceTimeoutMs=6000, memberId='consumer-slow-consumer-group-2-929996d7-6dc3-4dab-8232-48c527a6ef79', groupInstanceId=null, protocolType='consumer', protocols=[JoinGroupRequestProtocol(name='range', metadata=[0, 3, 0, 0, 0, 1, 0, 12, 111, 116, 104, 101, 114, 45, 101, 118, 101, 110, 116, 115, -1, -1, -1, -1, 0, 0, 0, 0, 0, 0, 0, 11, -1, -1]), JoinGroupRequestProtocol(name='cooperative-sticky', metadata=[0, 3, 0, 0, 0, 1, 0, 12, 111, 116, 104, 101, 114, 45, 101, 118, 101, 110, 116, 115, 0, 0, 0, 4, -1, -1, -1, -1, 0, 0, 0, 0, 0, 0, 0, 11, -1, -1])], reason='group is already rebalancing')) to coordinator localhost:9092 (id: 2147483646 rack: null isFenced: false)
12:15:35.959 [scenario7-other-events-listener-0-C-1] DEBUG o.a.k.c.consumer.internals.ConsumerCoordinator - [Consumer clientId=consumer-slow-consumer-group-2, groupId=slow-consumer-group] Received successful JoinGroup response: JoinGroupResponseData(throttleTimeMs=0, errorCode=0, generationId=12, protocolType='consumer', protocolName='range', leader='consumer-slow-consumer-group-2-929996d7-6dc3-4dab-8232-48c527a6ef79', skipAssignment=false, memberId='consumer-slow-consumer-group-2-929996d7-6dc3-4dab-8232-48c527a6ef79', members=[JoinGroupResponseMember(memberId='consumer-slow-consumer-group-2-929996d7-6dc3-4dab-8232-48c527a6ef79', groupInstanceId=null, metadata=[0, 3, 0, 0, 0, 1, 0, 12, 111, 116, 104, 101, 114, 45, 101, 118, 101, 110, 116, 115, -1, -1, -1, -1, 0, 0, 0, 0, 0, 0, 0, 11, -1, -1])])
12:15:35.959 [scenario7-other-events-listener-0-C-1] DEBUG o.a.k.c.consumer.internals.ConsumerCoordinator - [Consumer clientId=consumer-slow-consumer-group-2, groupId=slow-consumer-group] Enabling heartbeat thread
12:15:35.959 [scenario7-other-events-listener-0-C-1] INFO  o.a.k.c.consumer.internals.ConsumerCoordinator - [Consumer clientId=consumer-slow-consumer-group-2, groupId=slow-consumer-group] Successfully joined group with generation Generation{generationId=12, memberId='consumer-slow-consumer-group-2-929996d7-6dc3-4dab-8232-48c527a6ef79', protocol='range'}
12:15:35.959 [scenario7-other-events-listener-0-C-1] DEBUG o.a.k.c.consumer.internals.ConsumerCoordinator - [Consumer clientId=consumer-slow-consumer-group-2, groupId=slow-consumer-group] Performing assignment using strategy range with subscriptions {consumer-slow-consumer-group-2-929996d7-6dc3-4dab-8232-48c527a6ef79=Subscription(topics=[other-events], ownedPartitions=[], groupInstanceId=null, generationId=11, rackId=null)}
12:15:35.959 [scenario7-other-events-listener-0-C-1] INFO  o.a.k.c.consumer.internals.ConsumerCoordinator - [Consumer clientId=consumer-slow-consumer-group-2, groupId=slow-consumer-group] Finished assignment for group at generation 12: {consumer-slow-consumer-group-2-929996d7-6dc3-4dab-8232-48c527a6ef79=Assignment(partitions=[other-events-0, other-events-1, other-events-2])}
12:15:35.959 [scenario7-other-events-listener-0-C-1] DEBUG o.a.k.c.consumer.internals.ConsumerCoordinator - [Consumer clientId=consumer-slow-consumer-group-2, groupId=slow-consumer-group] Sending leader SyncGroup to coordinator localhost:9092 (id: 2147483646 rack: null isFenced: false): SyncGroupRequestData(groupId='slow-consumer-group', generationId=12, memberId='consumer-slow-consumer-group-2-929996d7-6dc3-4dab-8232-48c527a6ef79', groupInstanceId=null, protocolType='consumer', protocolName='range', assignments=[SyncGroupRequestAssignment(memberId='consumer-slow-consumer-group-2-929996d7-6dc3-4dab-8232-48c527a6ef79', assignment=[0, 3, 0, 0, 0, 1, 0, 12, 111, 116, 104, 101, 114, 45, 101, 118, 101, 110, 116, 115, 0, 0, 0, 3, 0, 0, 0, 0, 0, 0, 0, 1, 0, 0, 0, 2, -1, -1, -1, -1])])
12:15:35.960 [scenario7-other-events-listener-0-C-1] DEBUG o.a.k.c.consumer.internals.ConsumerCoordinator - [Consumer clientId=consumer-slow-consumer-group-2, groupId=slow-consumer-group] Received successful SyncGroup response: SyncGroupResponseData(throttleTimeMs=0, errorCode=0, protocolType='consumer', protocolName='range', assignment=[0, 3, 0, 0, 0, 1, 0, 12, 111, 116, 104, 101, 114, 45, 101, 118, 101, 110, 116, 115, 0, 0, 0, 3, 0, 0, 0, 0, 0, 0, 0, 1, 0, 0, 0, 2, -1, -1, -1, -1])
12:15:35.960 [scenario7-other-events-listener-0-C-1] INFO  o.a.k.c.consumer.internals.ConsumerCoordinator - [Consumer clientId=consumer-slow-consumer-group-2, groupId=slow-consumer-group] Successfully synced group in generation Generation{generationId=12, memberId='consumer-slow-consumer-group-2-929996d7-6dc3-4dab-8232-48c527a6ef79', protocol='range'}
12:15:35.960 [scenario7-other-events-listener-0-C-1] DEBUG o.a.k.c.consumer.internals.ConsumerCoordinator - [Consumer clientId=consumer-slow-consumer-group-2, groupId=slow-consumer-group] Executing onJoinComplete with generation 12 and memberId consumer-slow-consumer-group-2-929996d7-6dc3-4dab-8232-48c527a6ef79
12:15:35.960 [scenario7-other-events-listener-0-C-1] INFO  o.a.k.c.consumer.internals.ConsumerCoordinator - [Consumer clientId=consumer-slow-consumer-group-2, groupId=slow-consumer-group] Notifying assignor about the new Assignment(partitions=[other-events-0, other-events-1, other-events-2])
12:15:35.960 [scenario7-other-events-listener-0-C-1] INFO  o.a.k.c.c.i.ConsumerRebalanceListenerInvoker - [Consumer clientId=consumer-slow-consumer-group-2, groupId=slow-consumer-group] Adding newly assigned partitions: [other-events-0, other-events-1, other-events-2]
12:15:35.960 [scenario7-other-events-listener-0-C-1] DEBUG o.a.k.c.consumer.internals.ConsumerCoordinator - [Consumer clientId=consumer-slow-consumer-group-2, groupId=slow-consumer-group] Fetching committed offsets for partitions: [other-events-0, other-events-1, other-events-2]
12:15:35.961 [scenario7-other-events-listener-0-C-1] INFO  o.a.k.c.consumer.internals.ConsumerCoordinator - [Consumer clientId=consumer-slow-consumer-group-2, groupId=slow-consumer-group] Found no committed offset for partition other-events-0
12:15:35.961 [scenario7-other-events-listener-0-C-1] INFO  o.a.k.c.consumer.internals.ConsumerCoordinator - [Consumer clientId=consumer-slow-consumer-group-2, groupId=slow-consumer-group] Found no committed offset for partition other-events-1
12:15:35.961 [scenario7-other-events-listener-0-C-1] INFO  o.a.kafka.clients.consumer.internals.ConsumerUtils - Setting offset for partition other-events-2 to the committed offset FetchPosition{offset=60, offsetEpoch=Optional.empty, currentLeader=LeaderAndEpoch{leader=Optional[localhost:9092 (id: 1 rack: null isFenced: false)], epoch=0}}
12:15:36.375 [scenario7-other-events-listener-0-C-1] INFO  o.a.k.clients.consumer.internals.SubscriptionState - [Consumer clientId=consumer-slow-consumer-group-2, groupId=slow-consumer-group] Resetting offset for partition other-events-0 to position FetchPosition{offset=0, offsetEpoch=Optional.empty, currentLeader=LeaderAndEpoch{leader=Optional[localhost:9092 (id: 1 rack: null isFenced: false)], epoch=0}}.
12:15:36.375 [scenario7-other-events-listener-0-C-1] INFO  o.a.k.clients.consumer.internals.SubscriptionState - [Consumer clientId=consumer-slow-consumer-group-2, groupId=slow-consumer-group] Resetting offset for partition other-events-1 to position FetchPosition{offset=0, offsetEpoch=Optional.empty, currentLeader=LeaderAndEpoch{leader=Optional[localhost:9092 (id: 1 rack: null isFenced: false)], epoch=0}}.
12:15:36.375 [scenario7-other-events-listener-0-C-1] INFO  o.s.kafka.listener.KafkaMessageListenerContainer - slow-consumer-group: partitions assigned: [other-events-0, other-events-1, other-events-2]
12:15:37.014 [scenario7-slow-events-listener-0-C-1] DEBUG o.s.kafka.listener.KafkaMessageListenerContainer - Committing: {slow-events-2=OffsetAndMetadata{offset=1, leaderEpoch=null, metadata=''}}
12:15:37.014 [scenario7-slow-events-listener-0-C-1] INFO  o.a.k.c.consumer.internals.ConsumerCoordinator - [Consumer clientId=consumer-slow-consumer-group-1, groupId=slow-consumer-group] Failing OffsetCommit request since the consumer is not part of an active group
12:15:37.015 [scenario7-slow-events-listener-0-C-1] DEBUG o.a.k.c.consumer.internals.ConsumerCoordinator - [Consumer clientId=consumer-slow-consumer-group-1, groupId=slow-consumer-group] LeaveGroup response with Generation{generationId=11, memberId='consumer-slow-consumer-group-1-aa7ea453-9c58-480f-8898-5b9bf6dbef2f', protocol='range'} returned successfully: ClientResponse(receivedTimeMs=1787804137015, latencyMs=3971, disconnected=false, timedOut=false, requestHeader=RequestHeader(apiKey=LEAVE_GROUP, apiVersion=5, clientId=consumer-slow-consumer-group-1, correlationId=80, headerVersion=2), responseBody=LeaveGroupResponseData(throttleTimeMs=0, errorCode=0, members=[MemberResponse(memberId='consumer-slow-consumer-group-1-aa7ea453-9c58-480f-8898-5b9bf6dbef2f', groupInstanceId=null, errorCode=0)]))
12:15:37.015 [scenario7-slow-events-listener-0-C-1] WARN  c.e.k.listener.SplitTopicRebalanceListener - [slow-events] 提交 offset 失败，可能因 rebalance 导致该分区已被回收 id=a2554d8b-b469-4e3d-92e9-a76cdcb66fe1
org.apache.kafka.clients.consumer.CommitFailedException: Offset commit cannot be completed since the consumer is not part of an active group for auto partition assignment; it is likely that the consumer was kicked out of the group.
	at org.apache.kafka.clients.consumer.internals.ConsumerCoordinator.sendOffsetCommitRequest(ConsumerCoordinator.java:1320)
	at org.apache.kafka.clients.consumer.internals.ConsumerCoordinator.commitOffsetsSync(ConsumerCoordinator.java:1155)
	at org.apache.kafka.clients.consumer.internals.ClassicKafkaConsumer.commitSync(ClassicKafkaConsumer.java:747)
	at org.apache.kafka.clients.consumer.KafkaConsumer.commitSync(KafkaConsumer.java:1094)
	at org.springframework.kafka.listener.KafkaMessageListenerContainer$ListenerConsumer.doCommitSync(KafkaMessageListenerContainer.java:3474)
	at org.springframework.kafka.listener.KafkaMessageListenerContainer$ListenerConsumer.commitSync(KafkaMessageListenerContainer.java:3469)
	at org.springframework.kafka.listener.KafkaMessageListenerContainer$ListenerConsumer.commitOffsets(KafkaMessageListenerContainer.java:3452)
	at org.springframework.kafka.listener.KafkaMessageListenerContainer$ListenerConsumer.commitOffsetsInTransactions(KafkaMessageListenerContainer.java:3443)
	at org.springframework.kafka.listener.KafkaMessageListenerContainer$ListenerConsumer.ackImmediate(KafkaMessageListenerContainer.java:2187)
	at org.springframework.kafka.listener.KafkaMessageListenerContainer$ListenerConsumer.processAck(KafkaMessageListenerContainer.java:2082)
	at org.springframework.kafka.listener.KafkaMessageListenerContainer$ListenerConsumer.doAck(KafkaMessageListenerContainer.java:2062)
	at org.springframework.kafka.listener.KafkaMessageListenerContainer$ListenerConsumer$ConsumerAcknowledgment.acknowledge(KafkaMessageListenerContainer.java:3622)
	at com.example.kafkarebalance.listener.SplitTopicRebalanceListener.onSlowEvent(SplitTopicRebalanceListener.kt:66)
	at java.base/jdk.internal.reflect.DirectMethodHandleAccessor.invoke(DirectMethodHandleAccessor.java:104)
	at java.base/java.lang.reflect.Method.invoke(Method.java:565)
	at org.springframework.messaging.handler.invocation.InvocableHandlerMethod.doInvoke(InvocableHandlerMethod.java:168)
	at org.springframework.kafka.listener.adapter.KotlinAwareInvocableHandlerMethod.doInvoke(KotlinAwareInvocableHandlerMethod.java:48)
	at org.springframework.messaging.handler.invocation.InvocableHandlerMethod.invoke(InvocableHandlerMethod.java:119)
	at org.springframework.kafka.listener.adapter.HandlerAdapter.invoke(HandlerAdapter.java:80)
	at org.springframework.kafka.listener.adapter.MessagingMessageListenerAdapter.invokeHandler(MessagingMessageListenerAdapter.java:488)
	at org.springframework.kafka.listener.adapter.MessagingMessageListenerAdapter.invoke(MessagingMessageListenerAdapter.java:425)
	at org.springframework.kafka.listener.adapter.RecordMessagingMessageListenerAdapter.onMessage(RecordMessagingMessageListenerAdapter.java:92)
	at org.springframework.kafka.listener.adapter.RecordMessagingMessageListenerAdapter.onMessage(RecordMessagingMessageListenerAdapter.java:52)
	at org.springframework.kafka.listener.KafkaMessageListenerContainer$ListenerConsumer.doInvokeOnMessage(KafkaMessageListenerContainer.java:2948)
	at org.springframework.kafka.listener.KafkaMessageListenerContainer$ListenerConsumer.invokeOnMessage(KafkaMessageListenerContainer.java:2927)
	at org.springframework.kafka.listener.KafkaMessageListenerContainer$ListenerConsumer.doInvokeRecordListener(KafkaMessageListenerContainer.java:2837)
	at org.springframework.kafka.listener.KafkaMessageListenerContainer$ListenerConsumer.doInvokeWithRecords(KafkaMessageListenerContainer.java:2679)
	at org.springframework.kafka.listener.KafkaMessageListenerContainer$ListenerConsumer.invokeRecordListener(KafkaMessageListenerContainer.java:2573)
	at org.springframework.kafka.listener.KafkaMessageListenerContainer$ListenerConsumer.invokeListener(KafkaMessageListenerContainer.java:2204)
	at org.springframework.kafka.listener.KafkaMessageListenerContainer$ListenerConsumer.invokeIfHaveRecords(KafkaMessageListenerContainer.java:1559)
	at org.springframework.kafka.listener.KafkaMessageListenerContainer$ListenerConsumer.pollAndInvoke(KafkaMessageListenerContainer.java:1499)
	at org.springframework.kafka.listener.KafkaMessageListenerContainer$ListenerConsumer.run(KafkaMessageListenerContainer.java:1368)
	at java.base/java.util.concurrent.CompletableFuture$AsyncRun.run(CompletableFuture.java:1825)
	at java.base/java.lang.Thread.run(Thread.java:1474)
12:15:37.016 [scenario7-slow-events-listener-0-C-1] DEBUG o.a.k.c.consumer.internals.ConsumerCoordinator - [Consumer clientId=consumer-slow-consumer-group-1, groupId=slow-consumer-group] Executing onJoinPrepare with generation -1 and memberId 
12:15:37.016 [scenario7-slow-events-listener-0-C-1] INFO  o.a.k.c.consumer.internals.ConsumerCoordinator - [Consumer clientId=consumer-slow-consumer-group-1, groupId=slow-consumer-group] Giving away all assigned partitions as lost since generation/memberID has been reset,indicating that consumer is in old state or no longer part of the group
12:15:37.016 [scenario7-slow-events-listener-0-C-1] INFO  o.a.k.c.c.i.ConsumerRebalanceListenerInvoker - [Consumer clientId=consumer-slow-consumer-group-1, groupId=slow-consumer-group] Lost previously assigned partitions [slow-events-0, slow-events-1, slow-events-2]
12:15:37.016 [scenario7-slow-events-listener-0-C-1] INFO  o.s.kafka.listener.KafkaMessageListenerContainer - slow-consumer-group: partitions lost: [slow-events-0, slow-events-1, slow-events-2]
12:15:37.016 [scenario7-slow-events-listener-0-C-1] INFO  o.s.kafka.listener.KafkaMessageListenerContainer - slow-consumer-group: partitions revoked: [slow-events-0, slow-events-1, slow-events-2]
12:15:37.016 [scenario7-slow-events-listener-0-C-1] INFO  o.a.k.c.consumer.internals.ConsumerCoordinator - [Consumer clientId=consumer-slow-consumer-group-1, groupId=slow-consumer-group] (Re-)joining group
12:15:37.016 [scenario7-slow-events-listener-0-C-1] DEBUG o.a.k.c.consumer.internals.ConsumerCoordinator - [Consumer clientId=consumer-slow-consumer-group-1, groupId=slow-consumer-group] Joining group with current subscription: [slow-events]
12:15:37.016 [scenario7-slow-events-listener-0-C-1] DEBUG o.a.k.c.consumer.internals.ConsumerCoordinator - [Consumer clientId=consumer-slow-consumer-group-1, groupId=slow-consumer-group] Sending JoinGroup (JoinGroupRequestData(groupId='slow-consumer-group', sessionTimeoutMs=10000, rebalanceTimeoutMs=6000, memberId='', groupInstanceId=null, protocolType='consumer', protocols=[JoinGroupRequestProtocol(name='range', metadata=[0, 3, 0, 0, 0, 1, 0, 11, 115, 108, 111, 119, 45, 101, 118, 101, 110, 116, 115, -1, -1, -1, -1, 0, 0, 0, 0, -1, -1, -1, -1, -1, -1]), JoinGroupRequestProtocol(name='cooperative-sticky', metadata=[0, 3, 0, 0, 0, 1, 0, 11, 115, 108, 111, 119, 45, 101, 118, 101, 110, 116, 115, 0, 0, 0, 4, -1, -1, -1, -1, 0, 0, 0, 0, -1, -1, -1, -1, -1, -1])], reason='consumer pro-actively leaving the group')) to coordinator localhost:9092 (id: 2147483646 rack: null isFenced: false)
12:15:37.019 [scenario7-slow-events-listener-0-C-1] DEBUG o.a.k.c.consumer.internals.ConsumerCoordinator - [Consumer clientId=consumer-slow-consumer-group-1, groupId=slow-consumer-group] JoinGroup failed due to non-fatal error: MEMBER_ID_REQUIRED. Will set the member id as consumer-slow-consumer-group-1-bc2c6329-6c43-4507-a7e0-8415ab21f498 and then rejoin. Sent generation was Generation{generationId=-1, memberId='', protocol='null'}
12:15:37.019 [scenario7-slow-events-listener-0-C-1] INFO  o.a.k.c.consumer.internals.ConsumerCoordinator - [Consumer clientId=consumer-slow-consumer-group-1, groupId=slow-consumer-group] Request joining group due to: need to re-join with the given member-id: consumer-slow-consumer-group-1-bc2c6329-6c43-4507-a7e0-8415ab21f498
12:15:37.019 [scenario7-slow-events-listener-0-C-1] INFO  o.a.k.c.consumer.internals.ConsumerCoordinator - [Consumer clientId=consumer-slow-consumer-group-1, groupId=slow-consumer-group] (Re-)joining group
12:15:37.019 [scenario7-slow-events-listener-0-C-1] DEBUG o.a.k.c.consumer.internals.ConsumerCoordinator - [Consumer clientId=consumer-slow-consumer-group-1, groupId=slow-consumer-group] Joining group with current subscription: [slow-events]
12:15:37.019 [scenario7-slow-events-listener-0-C-1] DEBUG o.a.k.c.consumer.internals.ConsumerCoordinator - [Consumer clientId=consumer-slow-consumer-group-1, groupId=slow-consumer-group] Sending JoinGroup (JoinGroupRequestData(groupId='slow-consumer-group', sessionTimeoutMs=10000, rebalanceTimeoutMs=6000, memberId='consumer-slow-consumer-group-1-bc2c6329-6c43-4507-a7e0-8415ab21f498', groupInstanceId=null, protocolType='consumer', protocols=[JoinGroupRequestProtocol(name='range', metadata=[0, 3, 0, 0, 0, 1, 0, 11, 115, 108, 111, 119, 45, 101, 118, 101, 110, 116, 115, -1, -1, -1, -1, 0, 0, 0, 0, -1, -1, -1, -1, -1, -1]), JoinGroupRequestProtocol(name='cooperative-sticky', metadata=[0, 3, 0, 0, 0, 1, 0, 11, 115, 108, 111, 119, 45, 101, 118, 101, 110, 116, 115, 0, 0, 0, 4, -1, -1, -1, -1, 0, 0, 0, 0, -1, -1, -1, -1, -1, -1])], reason='need to re-join with the given member-id: consumer-slow-consumer-group-1-bc2c6329-6c43-4507-a7e0-8415ab21f498')) to coordinator localhost:9092 (id: 2147483646 rack: null isFenced: false)
12:15:38.380 [scenario7-other-events-listener-0-C-1] DEBUG o.s.kafka.listener.KafkaMessageListenerContainer - Received: 0 records
12:15:38.960 [kafka-coordinator-heartbeat-thread | slow-consumer-group] DEBUG o.a.k.c.consumer.internals.ConsumerCoordinator - [Consumer clientId=consumer-slow-consumer-group-2, groupId=slow-consumer-group] Sending Heartbeat request with generation 12 and member id consumer-slow-consumer-group-2-929996d7-6dc3-4dab-8232-48c527a6ef79 to coordinator localhost:9092 (id: 2147483646 rack: null isFenced: false)
12:15:38.965 [scenario7-other-events-listener-0-C-1] INFO  o.a.k.c.consumer.internals.ConsumerCoordinator - [Consumer clientId=consumer-slow-consumer-group-2, groupId=slow-consumer-group] Request joining group due to: group is already rebalancing
12:15:38.965 [scenario7-other-events-listener-0-C-1] DEBUG o.a.k.c.consumer.internals.ConsumerCoordinator - [Consumer clientId=consumer-slow-consumer-group-2, groupId=slow-consumer-group] Executing onJoinPrepare with generation 12 and memberId consumer-slow-consumer-group-2-929996d7-6dc3-4dab-8232-48c527a6ef79
12:15:38.965 [scenario7-other-events-listener-0-C-1] INFO  o.a.k.c.c.i.ConsumerRebalanceListenerInvoker - [Consumer clientId=consumer-slow-consumer-group-2, groupId=slow-consumer-group] Revoke previously assigned partitions [other-events-0, other-events-1, other-events-2]
12:15:38.965 [scenario7-other-events-listener-0-C-1] INFO  o.s.kafka.listener.KafkaMessageListenerContainer - slow-consumer-group: partitions revoked: [other-events-0, other-events-1, other-events-2]
12:15:38.966 [scenario7-other-events-listener-0-C-1] INFO  o.a.k.c.consumer.internals.ConsumerCoordinator - [Consumer clientId=consumer-slow-consumer-group-2, groupId=slow-consumer-group] (Re-)joining group
12:15:38.966 [scenario7-other-events-listener-0-C-1] DEBUG o.a.k.c.consumer.internals.ConsumerCoordinator - [Consumer clientId=consumer-slow-consumer-group-2, groupId=slow-consumer-group] Joining group with current subscription: [other-events]
12:15:38.966 [scenario7-other-events-listener-0-C-1] DEBUG o.a.k.c.consumer.internals.ConsumerCoordinator - [Consumer clientId=consumer-slow-consumer-group-2, groupId=slow-consumer-group] Sending JoinGroup (JoinGroupRequestData(groupId='slow-consumer-group', sessionTimeoutMs=10000, rebalanceTimeoutMs=6000, memberId='consumer-slow-consumer-group-2-929996d7-6dc3-4dab-8232-48c527a6ef79', groupInstanceId=null, protocolType='consumer', protocols=[JoinGroupRequestProtocol(name='range', metadata=[0, 3, 0, 0, 0, 1, 0, 12, 111, 116, 104, 101, 114, 45, 101, 118, 101, 110, 116, 115, -1, -1, -1, -1, 0, 0, 0, 0, 0, 0, 0, 12, -1, -1]), JoinGroupRequestProtocol(name='cooperative-sticky', metadata=[0, 3, 0, 0, 0, 1, 0, 12, 111, 116, 104, 101, 114, 45, 101, 118, 101, 110, 116, 115, 0, 0, 0, 4, -1, -1, -1, -1, 0, 0, 0, 0, 0, 0, 0, 12, -1, -1])], reason='group is already rebalancing')) to coordinator localhost:9092 (id: 2147483646 rack: null isFenced: false)
12:15:38.969 [scenario7-slow-events-listener-0-C-1] DEBUG o.a.k.c.consumer.internals.ConsumerCoordinator - [Consumer clientId=consumer-slow-consumer-group-1, groupId=slow-consumer-group] Received successful JoinGroup response: JoinGroupResponseData(throttleTimeMs=0, errorCode=0, generationId=13, protocolType='consumer', protocolName='range', leader='consumer-slow-consumer-group-2-929996d7-6dc3-4dab-8232-48c527a6ef79', skipAssignment=false, memberId='consumer-slow-consumer-group-1-bc2c6329-6c43-4507-a7e0-8415ab21f498', members=[])
12:15:38.969 [scenario7-other-events-listener-0-C-1] DEBUG o.a.k.c.consumer.internals.ConsumerCoordinator - [Consumer clientId=consumer-slow-consumer-group-2, groupId=slow-consumer-group] Received successful JoinGroup response: JoinGroupResponseData(throttleTimeMs=0, errorCode=0, generationId=13, protocolType='consumer', protocolName='range', leader='consumer-slow-consumer-group-2-929996d7-6dc3-4dab-8232-48c527a6ef79', skipAssignment=false, memberId='consumer-slow-consumer-group-2-929996d7-6dc3-4dab-8232-48c527a6ef79', members=[JoinGroupResponseMember(memberId='consumer-slow-consumer-group-2-929996d7-6dc3-4dab-8232-48c527a6ef79', groupInstanceId=null, metadata=[0, 3, 0, 0, 0, 1, 0, 12, 111, 116, 104, 101, 114, 45, 101, 118, 101, 110, 116, 115, -1, -1, -1, -1, 0, 0, 0, 0, 0, 0, 0, 12, -1, -1]), JoinGroupResponseMember(memberId='consumer-slow-consumer-group-1-bc2c6329-6c43-4507-a7e0-8415ab21f498', groupInstanceId=null, metadata=[0, 3, 0, 0, 0, 1, 0, 11, 115, 108, 111, 119, 45, 101, 118, 101, 110, 116, 115, -1, -1, -1, -1, 0, 0, 0, 0, -1, -1, -1, -1, -1, -1])])
12:15:38.969 [scenario7-slow-events-listener-0-C-1] DEBUG o.a.k.c.consumer.internals.ConsumerCoordinator - [Consumer clientId=consumer-slow-consumer-group-1, groupId=slow-consumer-group] Enabling heartbeat thread
12:15:38.969 [scenario7-other-events-listener-0-C-1] DEBUG o.a.k.c.consumer.internals.ConsumerCoordinator - [Consumer clientId=consumer-slow-consumer-group-2, groupId=slow-consumer-group] Enabling heartbeat thread
12:15:38.969 [scenario7-other-events-listener-0-C-1] INFO  o.a.k.c.consumer.internals.ConsumerCoordinator - [Consumer clientId=consumer-slow-consumer-group-2, groupId=slow-consumer-group] Successfully joined group with generation Generation{generationId=13, memberId='consumer-slow-consumer-group-2-929996d7-6dc3-4dab-8232-48c527a6ef79', protocol='range'}
12:15:38.969 [scenario7-slow-events-listener-0-C-1] INFO  o.a.k.c.consumer.internals.ConsumerCoordinator - [Consumer clientId=consumer-slow-consumer-group-1, groupId=slow-consumer-group] Successfully joined group with generation Generation{generationId=13, memberId='consumer-slow-consumer-group-1-bc2c6329-6c43-4507-a7e0-8415ab21f498', protocol='range'}
12:15:38.970 [scenario7-slow-events-listener-0-C-1] DEBUG o.a.k.c.consumer.internals.ConsumerCoordinator - [Consumer clientId=consumer-slow-consumer-group-1, groupId=slow-consumer-group] Sending follower SyncGroup to coordinator localhost:9092 (id: 2147483646 rack: null isFenced: false): SyncGroupRequestData(groupId='slow-consumer-group', generationId=13, memberId='consumer-slow-consumer-group-1-bc2c6329-6c43-4507-a7e0-8415ab21f498', groupInstanceId=null, protocolType='consumer', protocolName='range', assignments=[])
12:15:39.297 [scenario7-other-events-listener-0-C-1] DEBUG o.a.k.c.consumer.internals.ConsumerCoordinator - [Consumer clientId=consumer-slow-consumer-group-2, groupId=slow-consumer-group] Performing assignment using strategy range with subscriptions {consumer-slow-consumer-group-2-929996d7-6dc3-4dab-8232-48c527a6ef79=Subscription(topics=[other-events], ownedPartitions=[], groupInstanceId=null, generationId=12, rackId=null), consumer-slow-consumer-group-1-bc2c6329-6c43-4507-a7e0-8415ab21f498=Subscription(topics=[slow-events], ownedPartitions=[], groupInstanceId=null, generationId=-1, rackId=null)}
12:15:39.298 [scenario7-other-events-listener-0-C-1] INFO  o.a.k.c.consumer.internals.ConsumerCoordinator - [Consumer clientId=consumer-slow-consumer-group-2, groupId=slow-consumer-group] Finished assignment for group at generation 13: {consumer-slow-consumer-group-2-929996d7-6dc3-4dab-8232-48c527a6ef79=Assignment(partitions=[other-events-0, other-events-1, other-events-2]), consumer-slow-consumer-group-1-bc2c6329-6c43-4507-a7e0-8415ab21f498=Assignment(partitions=[slow-events-0, slow-events-1, slow-events-2])}
12:15:39.298 [scenario7-other-events-listener-0-C-1] DEBUG o.a.k.c.consumer.internals.ConsumerCoordinator - [Consumer clientId=consumer-slow-consumer-group-2, groupId=slow-consumer-group] Sending leader SyncGroup to coordinator localhost:9092 (id: 2147483646 rack: null isFenced: false): SyncGroupRequestData(groupId='slow-consumer-group', generationId=13, memberId='consumer-slow-consumer-group-2-929996d7-6dc3-4dab-8232-48c527a6ef79', groupInstanceId=null, protocolType='consumer', protocolName='range', assignments=[SyncGroupRequestAssignment(memberId='consumer-slow-consumer-group-2-929996d7-6dc3-4dab-8232-48c527a6ef79', assignment=[0, 3, 0, 0, 0, 1, 0, 12, 111, 116, 104, 101, 114, 45, 101, 118, 101, 110, 116, 115, 0, 0, 0, 3, 0, 0, 0, 0, 0, 0, 0, 1, 0, 0, 0, 2, -1, -1, -1, -1]), SyncGroupRequestAssignment(memberId='consumer-slow-consumer-group-1-bc2c6329-6c43-4507-a7e0-8415ab21f498', assignment=[0, 3, 0, 0, 0, 1, 0, 11, 115, 108, 111, 119, 45, 101, 118, 101, 110, 116, 115, 0, 0, 0, 3, 0, 0, 0, 0, 0, 0, 0, 1, 0, 0, 0, 2, -1, -1, -1, -1])])
12:15:39.303 [scenario7-other-events-listener-0-C-1] DEBUG o.a.k.c.consumer.internals.ConsumerCoordinator - [Consumer clientId=consumer-slow-consumer-group-2, groupId=slow-consumer-group] Received successful SyncGroup response: SyncGroupResponseData(throttleTimeMs=0, errorCode=0, protocolType='consumer', protocolName='range', assignment=[0, 3, 0, 0, 0, 1, 0, 12, 111, 116, 104, 101, 114, 45, 101, 118, 101, 110, 116, 115, 0, 0, 0, 3, 0, 0, 0, 0, 0, 0, 0, 1, 0, 0, 0, 2, -1, -1, -1, -1])
12:15:39.303 [scenario7-slow-events-listener-0-C-1] DEBUG o.a.k.c.consumer.internals.ConsumerCoordinator - [Consumer clientId=consumer-slow-consumer-group-1, groupId=slow-consumer-group] Received successful SyncGroup response: SyncGroupResponseData(throttleTimeMs=0, errorCode=0, protocolType='consumer', protocolName='range', assignment=[0, 3, 0, 0, 0, 1, 0, 11, 115, 108, 111, 119, 45, 101, 118, 101, 110, 116, 115, 0, 0, 0, 3, 0, 0, 0, 0, 0, 0, 0, 1, 0, 0, 0, 2, -1, -1, -1, -1])
12:15:39.304 [scenario7-other-events-listener-0-C-1] INFO  o.a.k.c.consumer.internals.ConsumerCoordinator - [Consumer clientId=consumer-slow-consumer-group-2, groupId=slow-consumer-group] Successfully synced group in generation Generation{generationId=13, memberId='consumer-slow-consumer-group-2-929996d7-6dc3-4dab-8232-48c527a6ef79', protocol='range'}
12:15:39.304 [scenario7-slow-events-listener-0-C-1] INFO  o.a.k.c.consumer.internals.ConsumerCoordinator - [Consumer clientId=consumer-slow-consumer-group-1, groupId=slow-consumer-group] Successfully synced group in generation Generation{generationId=13, memberId='consumer-slow-consumer-group-1-bc2c6329-6c43-4507-a7e0-8415ab21f498', protocol='range'}
12:15:39.304 [scenario7-other-events-listener-0-C-1] DEBUG o.a.k.c.consumer.internals.ConsumerCoordinator - [Consumer clientId=consumer-slow-consumer-group-2, groupId=slow-consumer-group] Executing onJoinComplete with generation 13 and memberId consumer-slow-consumer-group-2-929996d7-6dc3-4dab-8232-48c527a6ef79
12:15:39.304 [scenario7-slow-events-listener-0-C-1] DEBUG o.a.k.c.consumer.internals.ConsumerCoordinator - [Consumer clientId=consumer-slow-consumer-group-1, groupId=slow-consumer-group] Executing onJoinComplete with generation 13 and memberId consumer-slow-consumer-group-1-bc2c6329-6c43-4507-a7e0-8415ab21f498
12:15:39.304 [scenario7-other-events-listener-0-C-1] INFO  o.a.k.c.consumer.internals.ConsumerCoordinator - [Consumer clientId=consumer-slow-consumer-group-2, groupId=slow-consumer-group] Notifying assignor about the new Assignment(partitions=[other-events-0, other-events-1, other-events-2])
12:15:39.304 [scenario7-slow-events-listener-0-C-1] INFO  o.a.k.c.consumer.internals.ConsumerCoordinator - [Consumer clientId=consumer-slow-consumer-group-1, groupId=slow-consumer-group] Notifying assignor about the new Assignment(partitions=[slow-events-0, slow-events-1, slow-events-2])
12:15:39.304 [scenario7-other-events-listener-0-C-1] INFO  o.a.k.c.c.i.ConsumerRebalanceListenerInvoker - [Consumer clientId=consumer-slow-consumer-group-2, groupId=slow-consumer-group] Adding newly assigned partitions: [other-events-0, other-events-1, other-events-2]
12:15:39.304 [scenario7-slow-events-listener-0-C-1] INFO  o.a.k.c.c.i.ConsumerRebalanceListenerInvoker - [Consumer clientId=consumer-slow-consumer-group-1, groupId=slow-consumer-group] Adding newly assigned partitions: [slow-events-0, slow-events-1, slow-events-2]
12:15:39.304 [scenario7-other-events-listener-0-C-1] DEBUG o.a.k.c.consumer.internals.ConsumerCoordinator - [Consumer clientId=consumer-slow-consumer-group-2, groupId=slow-consumer-group] Fetching committed offsets for partitions: [other-events-0, other-events-1, other-events-2]
12:15:39.304 [scenario7-slow-events-listener-0-C-1] DEBUG o.a.k.c.consumer.internals.ConsumerCoordinator - [Consumer clientId=consumer-slow-consumer-group-1, groupId=slow-consumer-group] Fetching committed offsets for partitions: [slow-events-2, slow-events-1, slow-events-0]
12:15:39.308 [scenario7-slow-events-listener-0-C-1] INFO  o.a.k.c.consumer.internals.ConsumerCoordinator - [Consumer clientId=consumer-slow-consumer-group-1, groupId=slow-consumer-group] Found no committed offset for partition slow-events-2
12:15:39.308 [scenario7-slow-events-listener-0-C-1] INFO  o.a.k.c.consumer.internals.ConsumerCoordinator - [Consumer clientId=consumer-slow-consumer-group-1, groupId=slow-consumer-group] Found no committed offset for partition slow-events-1
12:15:39.308 [scenario7-slow-events-listener-0-C-1] INFO  o.a.k.c.consumer.internals.ConsumerCoordinator - [Consumer clientId=consumer-slow-consumer-group-1, groupId=slow-consumer-group] Found no committed offset for partition slow-events-0
12:15:39.308 [scenario7-other-events-listener-0-C-1] INFO  o.a.k.c.consumer.internals.ConsumerCoordinator - [Consumer clientId=consumer-slow-consumer-group-2, groupId=slow-consumer-group] Found no committed offset for partition other-events-0
12:15:39.308 [scenario7-other-events-listener-0-C-1] INFO  o.a.k.c.consumer.internals.ConsumerCoordinator - [Consumer clientId=consumer-slow-consumer-group-2, groupId=slow-consumer-group] Found no committed offset for partition other-events-1
12:15:39.308 [scenario7-other-events-listener-0-C-1] INFO  o.a.kafka.clients.consumer.internals.ConsumerUtils - Setting offset for partition other-events-2 to the committed offset FetchPosition{offset=60, offsetEpoch=Optional.empty, currentLeader=LeaderAndEpoch{leader=Optional[localhost:9092 (id: 1 rack: null isFenced: false)], epoch=0}}
12:15:39.311 [scenario7-other-events-listener-0-C-1] INFO  o.a.k.clients.consumer.internals.SubscriptionState - [Consumer clientId=consumer-slow-consumer-group-2, groupId=slow-consumer-group] Resetting offset for partition other-events-0 to position FetchPosition{offset=0, offsetEpoch=Optional.empty, currentLeader=LeaderAndEpoch{leader=Optional[localhost:9092 (id: 1 rack: null isFenced: false)], epoch=0}}.
12:15:39.311 [scenario7-slow-events-listener-0-C-1] INFO  o.a.k.clients.consumer.internals.SubscriptionState - [Consumer clientId=consumer-slow-consumer-group-1, groupId=slow-consumer-group] Resetting offset for partition slow-events-2 to position FetchPosition{offset=0, offsetEpoch=Optional.empty, currentLeader=LeaderAndEpoch{leader=Optional[localhost:9092 (id: 1 rack: null isFenced: false)], epoch=0}}.
12:15:39.311 [scenario7-other-events-listener-0-C-1] INFO  o.a.k.clients.consumer.internals.SubscriptionState - [Consumer clientId=consumer-slow-consumer-group-2, groupId=slow-consumer-group] Resetting offset for partition other-events-1 to position FetchPosition{offset=0, offsetEpoch=Optional.empty, currentLeader=LeaderAndEpoch{leader=Optional[localhost:9092 (id: 1 rack: null isFenced: false)], epoch=0}}.
12:15:39.311 [scenario7-slow-events-listener-0-C-1] INFO  o.a.k.clients.consumer.internals.SubscriptionState - [Consumer clientId=consumer-slow-consumer-group-1, groupId=slow-consumer-group] Resetting offset for partition slow-events-1 to position FetchPosition{offset=0, offsetEpoch=Optional.empty, currentLeader=LeaderAndEpoch{leader=Optional[localhost:9092 (id: 1 rack: null isFenced: false)], epoch=0}}.
12:15:39.311 [scenario7-slow-events-listener-0-C-1] INFO  o.a.k.clients.consumer.internals.SubscriptionState - [Consumer clientId=consumer-slow-consumer-group-1, groupId=slow-consumer-group] Resetting offset for partition slow-events-0 to position FetchPosition{offset=0, offsetEpoch=Optional.empty, currentLeader=LeaderAndEpoch{leader=Optional[localhost:9092 (id: 1 rack: null isFenced: false)], epoch=0}}.
12:15:39.312 [scenario7-other-events-listener-0-C-1] INFO  o.s.kafka.listener.KafkaMessageListenerContainer - slow-consumer-group: partitions assigned: [other-events-0, other-events-1, other-events-2]
12:15:39.312 [scenario7-slow-events-listener-0-C-1] INFO  o.s.kafka.listener.KafkaMessageListenerContainer - slow-consumer-group: partitions assigned: [slow-events-0, slow-events-1, slow-events-2]
12:15:39.315 [scenario7-slow-events-listener-0-C-1] DEBUG o.s.kafka.listener.KafkaMessageListenerContainer - Received: 1 records
12:15:39.316 [scenario7-slow-events-listener-0-C-1] DEBUG o.s.k.l.a.RecordMessagingMessageListenerAdapter - Processing [GenericMessage [payload=DemoEvent(id=a2554d8b-b469-4e3d-92e9-a76cdcb66fe1, payload=demo-event-0, slow=true, retryTrigger=false, flaky=false, createdAt=2026-08-27T04:14:28.388135Z), headers={kafka_offset=0, kafka_consumer=org.springframework.kafka.core.DefaultKafkaConsumerFactory$ExtendedKafkaConsumer@c4c7cb2, kafka_timestampType=CREATE_TIME, kafka_receivedPartitionId=2, kafka_receivedMessageKey=0, kafka_receivedTopic=slow-events, kafka_receivedTimestamp=1787804068401, kafka_acknowledgment=Acknowledgment for slow-events-2@0, kafka_groupId=slow-consumer-group}]]
12:15:39.316 [scenario7-slow-events-listener-0-C-1] INFO  c.e.k.listener.SplitTopicRebalanceListener - [slow-events] 收到消息 id=a2554d8b-b469-4e3d-92e9-a76cdcb66fe1 partition=2 slow=true
12:15:39.316 [scenario7-slow-events-listener-0-C-1] WARN  c.e.k.listener.SplitTopicRebalanceListener - [slow-events] 模拟慢处理开始：id=a2554d8b-b469-4e3d-92e9-a76cdcb66fe1 将阻塞 10000ms（超过 max.poll.interval.ms，预期触发该 consumer 的 rebalance）
12:15:41.970 [kafka-coordinator-heartbeat-thread | slow-consumer-group] DEBUG o.a.k.c.consumer.internals.ConsumerCoordinator - [Consumer clientId=consumer-slow-consumer-group-2, groupId=slow-consumer-group] Sending Heartbeat request with generation 13 and member id consumer-slow-consumer-group-2-929996d7-6dc3-4dab-8232-48c527a6ef79 to coordinator localhost:9092 (id: 2147483646 rack: null isFenced: false)
12:15:41.971 [scenario7-other-events-listener-0-C-1] DEBUG o.a.k.c.consumer.internals.ConsumerCoordinator - [Consumer clientId=consumer-slow-consumer-group-2, groupId=slow-consumer-group] Received successful Heartbeat response
12:15:42.006 [kafka-coordinator-heartbeat-thread | slow-consumer-group] DEBUG o.a.k.c.consumer.internals.ConsumerCoordinator - [Consumer clientId=consumer-slow-consumer-group-1, groupId=slow-consumer-group] Sending Heartbeat request with generation 13 and member id consumer-slow-consumer-group-1-bc2c6329-6c43-4507-a7e0-8415ab21f498 to coordinator localhost:9092 (id: 2147483646 rack: null isFenced: false)
12:15:42.111 [kafka-coordinator-heartbeat-thread | slow-consumer-group] DEBUG o.a.k.c.consumer.internals.ConsumerCoordinator - [Consumer clientId=consumer-slow-consumer-group-1, groupId=slow-consumer-group] Received successful Heartbeat response
12:15:43.381 [scenario7-other-events-listener-0-C-1] DEBUG o.s.kafka.listener.KafkaMessageListenerContainer - Received: 0 records
12:15:44.971 [kafka-coordinator-heartbeat-thread | slow-consumer-group] DEBUG o.a.k.c.consumer.internals.ConsumerCoordinator - [Consumer clientId=consumer-slow-consumer-group-2, groupId=slow-consumer-group] Sending Heartbeat request with generation 13 and member id consumer-slow-consumer-group-2-929996d7-6dc3-4dab-8232-48c527a6ef79 to coordinator localhost:9092 (id: 2147483646 rack: null isFenced: false)
12:15:44.976 [scenario7-other-events-listener-0-C-1] DEBUG o.a.k.c.consumer.internals.ConsumerCoordinator - [Consumer clientId=consumer-slow-consumer-group-2, groupId=slow-consumer-group] Received successful Heartbeat response
12:15:45.025 [kafka-coordinator-heartbeat-thread | slow-consumer-group] DEBUG o.a.k.c.consumer.internals.ConsumerCoordinator - [Consumer clientId=consumer-slow-consumer-group-1, groupId=slow-consumer-group] Sending Heartbeat request with generation 13 and member id consumer-slow-consumer-group-1-bc2c6329-6c43-4507-a7e0-8415ab21f498 to coordinator localhost:9092 (id: 2147483646 rack: null isFenced: false)
12:15:45.129 [kafka-coordinator-heartbeat-thread | slow-consumer-group] DEBUG o.a.k.c.consumer.internals.ConsumerCoordinator - [Consumer clientId=consumer-slow-consumer-group-1, groupId=slow-consumer-group] Received successful Heartbeat response
12:15:45.336 [kafka-coordinator-heartbeat-thread | slow-consumer-group] WARN  o.a.k.c.consumer.internals.ConsumerCoordinator - [Consumer clientId=consumer-slow-consumer-group-1, groupId=slow-consumer-group] consumer poll timeout has expired. This means the time between subsequent calls to poll() was longer than the configured max.poll.interval.ms, which typically implies that the poll loop is spending too much time processing messages. You can address this either by increasing max.poll.interval.ms or by reducing the maximum size of batches returned in poll() with max.poll.records.
12:15:45.336 [kafka-coordinator-heartbeat-thread | slow-consumer-group] INFO  o.a.k.c.consumer.internals.ConsumerCoordinator - [Consumer clientId=consumer-slow-consumer-group-1, groupId=slow-consumer-group] Member consumer-slow-consumer-group-1-bc2c6329-6c43-4507-a7e0-8415ab21f498 sending LeaveGroup request to coordinator localhost:9092 (id: 2147483646 rack: null isFenced: false) due to consumer poll timeout has expired.
12:15:45.337 [kafka-coordinator-heartbeat-thread | slow-consumer-group] INFO  o.a.k.c.consumer.internals.ConsumerCoordinator - [Consumer clientId=consumer-slow-consumer-group-1, groupId=slow-consumer-group] Resetting generation and member id due to: consumer pro-actively leaving the group
12:15:45.337 [kafka-coordinator-heartbeat-thread | slow-consumer-group] INFO  o.a.k.c.consumer.internals.ConsumerCoordinator - [Consumer clientId=consumer-slow-consumer-group-1, groupId=slow-consumer-group] Request joining group due to: consumer pro-actively leaving the group
12:15:47.972 [kafka-coordinator-heartbeat-thread | slow-consumer-group] DEBUG o.a.k.c.consumer.internals.ConsumerCoordinator - [Consumer clientId=consumer-slow-consumer-group-2, groupId=slow-consumer-group] Sending Heartbeat request with generation 13 and member id consumer-slow-consumer-group-2-929996d7-6dc3-4dab-8232-48c527a6ef79 to coordinator localhost:9092 (id: 2147483646 rack: null isFenced: false)
12:15:47.976 [scenario7-other-events-listener-0-C-1] INFO  o.a.k.c.consumer.internals.ConsumerCoordinator - [Consumer clientId=consumer-slow-consumer-group-2, groupId=slow-consumer-group] Request joining group due to: group is already rebalancing
12:15:47.977 [scenario7-other-events-listener-0-C-1] DEBUG o.a.k.c.consumer.internals.ConsumerCoordinator - [Consumer clientId=consumer-slow-consumer-group-2, groupId=slow-consumer-group] Executing onJoinPrepare with generation 13 and memberId consumer-slow-consumer-group-2-929996d7-6dc3-4dab-8232-48c527a6ef79
12:15:47.977 [scenario7-other-events-listener-0-C-1] INFO  o.a.k.c.c.i.ConsumerRebalanceListenerInvoker - [Consumer clientId=consumer-slow-consumer-group-2, groupId=slow-consumer-group] Revoke previously assigned partitions [other-events-0, other-events-1, other-events-2]
12:15:47.977 [scenario7-other-events-listener-0-C-1] INFO  o.s.kafka.listener.KafkaMessageListenerContainer - slow-consumer-group: partitions revoked: [other-events-0, other-events-1, other-events-2]
12:15:47.977 [scenario7-other-events-listener-0-C-1] INFO  o.a.k.c.consumer.internals.ConsumerCoordinator - [Consumer clientId=consumer-slow-consumer-group-2, groupId=slow-consumer-group] (Re-)joining group
12:15:47.977 [scenario7-other-events-listener-0-C-1] DEBUG o.a.k.c.consumer.internals.ConsumerCoordinator - [Consumer clientId=consumer-slow-consumer-group-2, groupId=slow-consumer-group] Joining group with current subscription: [other-events]
12:15:47.977 [scenario7-other-events-listener-0-C-1] DEBUG o.a.k.c.consumer.internals.ConsumerCoordinator - [Consumer clientId=consumer-slow-consumer-group-2, groupId=slow-consumer-group] Sending JoinGroup (JoinGroupRequestData(groupId='slow-consumer-group', sessionTimeoutMs=10000, rebalanceTimeoutMs=6000, memberId='consumer-slow-consumer-group-2-929996d7-6dc3-4dab-8232-48c527a6ef79', groupInstanceId=null, protocolType='consumer', protocols=[JoinGroupRequestProtocol(name='range', metadata=[0, 3, 0, 0, 0, 1, 0, 12, 111, 116, 104, 101, 114, 45, 101, 118, 101, 110, 116, 115, -1, -1, -1, -1, 0, 0, 0, 0, 0, 0, 0, 13, -1, -1]), JoinGroupRequestProtocol(name='cooperative-sticky', metadata=[0, 3, 0, 0, 0, 1, 0, 12, 111, 116, 104, 101, 114, 45, 101, 118, 101, 110, 116, 115, 0, 0, 0, 4, -1, -1, -1, -1, 0, 0, 0, 0, 0, 0, 0, 13, -1, -1])], reason='group is already rebalancing')) to coordinator localhost:9092 (id: 2147483646 rack: null isFenced: false)
12:15:47.983 [scenario7-other-events-listener-0-C-1] DEBUG o.a.k.c.consumer.internals.ConsumerCoordinator - [Consumer clientId=consumer-slow-consumer-group-2, groupId=slow-consumer-group] Received successful JoinGroup response: JoinGroupResponseData(throttleTimeMs=0, errorCode=0, generationId=14, protocolType='consumer', protocolName='range', leader='consumer-slow-consumer-group-2-929996d7-6dc3-4dab-8232-48c527a6ef79', skipAssignment=false, memberId='consumer-slow-consumer-group-2-929996d7-6dc3-4dab-8232-48c527a6ef79', members=[JoinGroupResponseMember(memberId='consumer-slow-consumer-group-2-929996d7-6dc3-4dab-8232-48c527a6ef79', groupInstanceId=null, metadata=[0, 3, 0, 0, 0, 1, 0, 12, 111, 116, 104, 101, 114, 45, 101, 118, 101, 110, 116, 115, -1, -1, -1, -1, 0, 0, 0, 0, 0, 0, 0, 13, -1, -1])])
12:15:47.983 [scenario7-other-events-listener-0-C-1] DEBUG o.a.k.c.consumer.internals.ConsumerCoordinator - [Consumer clientId=consumer-slow-consumer-group-2, groupId=slow-consumer-group] Enabling heartbeat thread
12:15:47.983 [scenario7-other-events-listener-0-C-1] INFO  o.a.k.c.consumer.internals.ConsumerCoordinator - [Consumer clientId=consumer-slow-consumer-group-2, groupId=slow-consumer-group] Successfully joined group with generation Generation{generationId=14, memberId='consumer-slow-consumer-group-2-929996d7-6dc3-4dab-8232-48c527a6ef79', protocol='range'}
12:15:47.984 [scenario7-other-events-listener-0-C-1] DEBUG o.a.k.c.consumer.internals.ConsumerCoordinator - [Consumer clientId=consumer-slow-consumer-group-2, groupId=slow-consumer-group] Performing assignment using strategy range with subscriptions {consumer-slow-consumer-group-2-929996d7-6dc3-4dab-8232-48c527a6ef79=Subscription(topics=[other-events], ownedPartitions=[], groupInstanceId=null, generationId=13, rackId=null)}
12:15:47.984 [scenario7-other-events-listener-0-C-1] INFO  o.a.k.c.consumer.internals.ConsumerCoordinator - [Consumer clientId=consumer-slow-consumer-group-2, groupId=slow-consumer-group] Finished assignment for group at generation 14: {consumer-slow-consumer-group-2-929996d7-6dc3-4dab-8232-48c527a6ef79=Assignment(partitions=[other-events-0, other-events-1, other-events-2])}
12:15:47.984 [scenario7-other-events-listener-0-C-1] DEBUG o.a.k.c.consumer.internals.ConsumerCoordinator - [Consumer clientId=consumer-slow-consumer-group-2, groupId=slow-consumer-group] Sending leader SyncGroup to coordinator localhost:9092 (id: 2147483646 rack: null isFenced: false): SyncGroupRequestData(groupId='slow-consumer-group', generationId=14, memberId='consumer-slow-consumer-group-2-929996d7-6dc3-4dab-8232-48c527a6ef79', groupInstanceId=null, protocolType='consumer', protocolName='range', assignments=[SyncGroupRequestAssignment(memberId='consumer-slow-consumer-group-2-929996d7-6dc3-4dab-8232-48c527a6ef79', assignment=[0, 3, 0, 0, 0, 1, 0, 12, 111, 116, 104, 101, 114, 45, 101, 118, 101, 110, 116, 115, 0, 0, 0, 3, 0, 0, 0, 0, 0, 0, 0, 1, 0, 0, 0, 2, -1, -1, -1, -1])])
12:15:47.988 [scenario7-other-events-listener-0-C-1] DEBUG o.a.k.c.consumer.internals.ConsumerCoordinator - [Consumer clientId=consumer-slow-consumer-group-2, groupId=slow-consumer-group] Received successful SyncGroup response: SyncGroupResponseData(throttleTimeMs=0, errorCode=0, protocolType='consumer', protocolName='range', assignment=[0, 3, 0, 0, 0, 1, 0, 12, 111, 116, 104, 101, 114, 45, 101, 118, 101, 110, 116, 115, 0, 0, 0, 3, 0, 0, 0, 0, 0, 0, 0, 1, 0, 0, 0, 2, -1, -1, -1, -1])
12:15:47.988 [scenario7-other-events-listener-0-C-1] INFO  o.a.k.c.consumer.internals.ConsumerCoordinator - [Consumer clientId=consumer-slow-consumer-group-2, groupId=slow-consumer-group] Successfully synced group in generation Generation{generationId=14, memberId='consumer-slow-consumer-group-2-929996d7-6dc3-4dab-8232-48c527a6ef79', protocol='range'}
12:15:47.988 [scenario7-other-events-listener-0-C-1] DEBUG o.a.k.c.consumer.internals.ConsumerCoordinator - [Consumer clientId=consumer-slow-consumer-group-2, groupId=slow-consumer-group] Executing onJoinComplete with generation 14 and memberId consumer-slow-consumer-group-2-929996d7-6dc3-4dab-8232-48c527a6ef79
12:15:47.989 [scenario7-other-events-listener-0-C-1] INFO  o.a.k.c.consumer.internals.ConsumerCoordinator - [Consumer clientId=consumer-slow-consumer-group-2, groupId=slow-consumer-group] Notifying assignor about the new Assignment(partitions=[other-events-0, other-events-1, other-events-2])
12:15:47.989 [scenario7-other-events-listener-0-C-1] INFO  o.a.k.c.c.i.ConsumerRebalanceListenerInvoker - [Consumer clientId=consumer-slow-consumer-group-2, groupId=slow-consumer-group] Adding newly assigned partitions: [other-events-0, other-events-1, other-events-2]
12:15:47.989 [scenario7-other-events-listener-0-C-1] DEBUG o.a.k.c.consumer.internals.ConsumerCoordinator - [Consumer clientId=consumer-slow-consumer-group-2, groupId=slow-consumer-group] Fetching committed offsets for partitions: [other-events-0, other-events-1, other-events-2]
12:15:47.991 [scenario7-other-events-listener-0-C-1] INFO  o.a.k.c.consumer.internals.ConsumerCoordinator - [Consumer clientId=consumer-slow-consumer-group-2, groupId=slow-consumer-group] Found no committed offset for partition other-events-0
12:15:47.991 [scenario7-other-events-listener-0-C-1] INFO  o.a.k.c.consumer.internals.ConsumerCoordinator - [Consumer clientId=consumer-slow-consumer-group-2, groupId=slow-consumer-group] Found no committed offset for partition other-events-1
12:15:47.992 [scenario7-other-events-listener-0-C-1] INFO  o.a.kafka.clients.consumer.internals.ConsumerUtils - Setting offset for partition other-events-2 to the committed offset FetchPosition{offset=60, offsetEpoch=Optional.empty, currentLeader=LeaderAndEpoch{leader=Optional[localhost:9092 (id: 1 rack: null isFenced: false)], epoch=0}}
12:15:48.207 [scenario7-other-events-listener-0-C-1] INFO  o.a.k.clients.consumer.internals.SubscriptionState - [Consumer clientId=consumer-slow-consumer-group-2, groupId=slow-consumer-group] Resetting offset for partition other-events-0 to position FetchPosition{offset=0, offsetEpoch=Optional.empty, currentLeader=LeaderAndEpoch{leader=Optional[localhost:9092 (id: 1 rack: null isFenced: false)], epoch=0}}.
12:15:48.207 [scenario7-other-events-listener-0-C-1] INFO  o.a.k.clients.consumer.internals.SubscriptionState - [Consumer clientId=consumer-slow-consumer-group-2, groupId=slow-consumer-group] Resetting offset for partition other-events-1 to position FetchPosition{offset=0, offsetEpoch=Optional.empty, currentLeader=LeaderAndEpoch{leader=Optional[localhost:9092 (id: 1 rack: null isFenced: false)], epoch=0}}.
12:15:48.207 [scenario7-other-events-listener-0-C-1] INFO  o.s.kafka.listener.KafkaMessageListenerContainer - slow-consumer-group: partitions assigned: [other-events-0, other-events-1, other-events-2]
12:15:48.382 [scenario7-other-events-listener-0-C-1] DEBUG o.s.kafka.listener.KafkaMessageListenerContainer - Received: 0 records
12:15:49.321 [scenario7-slow-events-listener-0-C-1] DEBUG o.s.kafka.listener.KafkaMessageListenerContainer - Committing: {slow-events-2=OffsetAndMetadata{offset=1, leaderEpoch=null, metadata=''}}
12:15:49.321 [scenario7-slow-events-listener-0-C-1] INFO  o.a.k.c.consumer.internals.ConsumerCoordinator - [Consumer clientId=consumer-slow-consumer-group-1, groupId=slow-consumer-group] Failing OffsetCommit request since the consumer is not part of an active group
12:15:49.322 [scenario7-slow-events-listener-0-C-1] DEBUG o.a.k.c.consumer.internals.ConsumerCoordinator - [Consumer clientId=consumer-slow-consumer-group-1, groupId=slow-consumer-group] LeaveGroup response with Generation{generationId=13, memberId='consumer-slow-consumer-group-1-bc2c6329-6c43-4507-a7e0-8415ab21f498', protocol='range'} returned successfully: ClientResponse(receivedTimeMs=1787804149321, latencyMs=3985, disconnected=false, timedOut=false, requestHeader=RequestHeader(apiKey=LEAVE_GROUP, apiVersion=5, clientId=consumer-slow-consumer-group-1, correlationId=89, headerVersion=2), responseBody=LeaveGroupResponseData(throttleTimeMs=0, errorCode=0, members=[MemberResponse(memberId='consumer-slow-consumer-group-1-bc2c6329-6c43-4507-a7e0-8415ab21f498', groupInstanceId=null, errorCode=0)]))
12:15:49.322 [scenario7-slow-events-listener-0-C-1] WARN  c.e.k.listener.SplitTopicRebalanceListener - [slow-events] 提交 offset 失败，可能因 rebalance 导致该分区已被回收 id=a2554d8b-b469-4e3d-92e9-a76cdcb66fe1
org.apache.kafka.clients.consumer.CommitFailedException: Offset commit cannot be completed since the consumer is not part of an active group for auto partition assignment; it is likely that the consumer was kicked out of the group.
	at org.apache.kafka.clients.consumer.internals.ConsumerCoordinator.sendOffsetCommitRequest(ConsumerCoordinator.java:1320)
	at org.apache.kafka.clients.consumer.internals.ConsumerCoordinator.commitOffsetsSync(ConsumerCoordinator.java:1155)
	at org.apache.kafka.clients.consumer.internals.ClassicKafkaConsumer.commitSync(ClassicKafkaConsumer.java:747)
	at org.apache.kafka.clients.consumer.KafkaConsumer.commitSync(KafkaConsumer.java:1094)
	at org.springframework.kafka.listener.KafkaMessageListenerContainer$ListenerConsumer.doCommitSync(KafkaMessageListenerContainer.java:3474)
	at org.springframework.kafka.listener.KafkaMessageListenerContainer$ListenerConsumer.commitSync(KafkaMessageListenerContainer.java:3469)
	at org.springframework.kafka.listener.KafkaMessageListenerContainer$ListenerConsumer.commitOffsets(KafkaMessageListenerContainer.java:3452)
	at org.springframework.kafka.listener.KafkaMessageListenerContainer$ListenerConsumer.commitOffsetsInTransactions(KafkaMessageListenerContainer.java:3443)
	at org.springframework.kafka.listener.KafkaMessageListenerContainer$ListenerConsumer.ackImmediate(KafkaMessageListenerContainer.java:2187)
	at org.springframework.kafka.listener.KafkaMessageListenerContainer$ListenerConsumer.processAck(KafkaMessageListenerContainer.java:2082)
	at org.springframework.kafka.listener.KafkaMessageListenerContainer$ListenerConsumer.doAck(KafkaMessageListenerContainer.java:2062)
	at org.springframework.kafka.listener.KafkaMessageListenerContainer$ListenerConsumer$ConsumerAcknowledgment.acknowledge(KafkaMessageListenerContainer.java:3622)
	at com.example.kafkarebalance.listener.SplitTopicRebalanceListener.onSlowEvent(SplitTopicRebalanceListener.kt:66)
	at java.base/jdk.internal.reflect.DirectMethodHandleAccessor.invoke(DirectMethodHandleAccessor.java:104)
	at java.base/java.lang.reflect.Method.invoke(Method.java:565)
	at org.springframework.messaging.handler.invocation.InvocableHandlerMethod.doInvoke(InvocableHandlerMethod.java:168)
	at org.springframework.kafka.listener.adapter.KotlinAwareInvocableHandlerMethod.doInvoke(KotlinAwareInvocableHandlerMethod.java:48)
	at org.springframework.messaging.handler.invocation.InvocableHandlerMethod.invoke(InvocableHandlerMethod.java:119)
	at org.springframework.kafka.listener.adapter.HandlerAdapter.invoke(HandlerAdapter.java:80)
	at org.springframework.kafka.listener.adapter.MessagingMessageListenerAdapter.invokeHandler(MessagingMessageListenerAdapter.java:488)
	at org.springframework.kafka.listener.adapter.MessagingMessageListenerAdapter.invoke(MessagingMessageListenerAdapter.java:425)
	at org.springframework.kafka.listener.adapter.RecordMessagingMessageListenerAdapter.onMessage(RecordMessagingMessageListenerAdapter.java:92)
	at org.springframework.kafka.listener.adapter.RecordMessagingMessageListenerAdapter.onMessage(RecordMessagingMessageListenerAdapter.java:52)
	at org.springframework.kafka.listener.KafkaMessageListenerContainer$ListenerConsumer.doInvokeOnMessage(KafkaMessageListenerContainer.java:2948)
	at org.springframework.kafka.listener.KafkaMessageListenerContainer$ListenerConsumer.invokeOnMessage(KafkaMessageListenerContainer.java:2927)
	at org.springframework.kafka.listener.KafkaMessageListenerContainer$ListenerConsumer.doInvokeRecordListener(KafkaMessageListenerContainer.java:2837)
	at org.springframework.kafka.listener.KafkaMessageListenerContainer$ListenerConsumer.doInvokeWithRecords(KafkaMessageListenerContainer.java:2679)
	at org.springframework.kafka.listener.KafkaMessageListenerContainer$ListenerConsumer.invokeRecordListener(KafkaMessageListenerContainer.java:2573)
	at org.springframework.kafka.listener.KafkaMessageListenerContainer$ListenerConsumer.invokeListener(KafkaMessageListenerContainer.java:2204)
	at org.springframework.kafka.listener.KafkaMessageListenerContainer$ListenerConsumer.invokeIfHaveRecords(KafkaMessageListenerContainer.java:1559)
	at org.springframework.kafka.listener.KafkaMessageListenerContainer$ListenerConsumer.pollAndInvoke(KafkaMessageListenerContainer.java:1499)
	at org.springframework.kafka.listener.KafkaMessageListenerContainer$ListenerConsumer.run(KafkaMessageListenerContainer.java:1368)
	at java.base/java.util.concurrent.CompletableFuture$AsyncRun.run(CompletableFuture.java:1825)
	at java.base/java.lang.Thread.run(Thread.java:1474)
12:15:49.322 [scenario7-slow-events-listener-0-C-1] DEBUG o.a.k.c.consumer.internals.ConsumerCoordinator - [Consumer clientId=consumer-slow-consumer-group-1, groupId=slow-consumer-group] Executing onJoinPrepare with generation -1 and memberId 
12:15:49.322 [scenario7-slow-events-listener-0-C-1] INFO  o.a.k.c.consumer.internals.ConsumerCoordinator - [Consumer clientId=consumer-slow-consumer-group-1, groupId=slow-consumer-group] Giving away all assigned partitions as lost since generation/memberID has been reset,indicating that consumer is in old state or no longer part of the group
12:15:49.322 [scenario7-slow-events-listener-0-C-1] INFO  o.a.k.c.c.i.ConsumerRebalanceListenerInvoker - [Consumer clientId=consumer-slow-consumer-group-1, groupId=slow-consumer-group] Lost previously assigned partitions [slow-events-0, slow-events-1, slow-events-2]
12:15:49.323 [scenario7-slow-events-listener-0-C-1] INFO  o.s.kafka.listener.KafkaMessageListenerContainer - slow-consumer-group: partitions lost: [slow-events-0, slow-events-1, slow-events-2]
12:15:49.323 [scenario7-slow-events-listener-0-C-1] INFO  o.s.kafka.listener.KafkaMessageListenerContainer - slow-consumer-group: partitions revoked: [slow-events-0, slow-events-1, slow-events-2]
12:15:49.323 [scenario7-slow-events-listener-0-C-1] INFO  o.a.k.c.consumer.internals.ConsumerCoordinator - [Consumer clientId=consumer-slow-consumer-group-1, groupId=slow-consumer-group] (Re-)joining group
12:15:49.323 [scenario7-slow-events-listener-0-C-1] DEBUG o.a.k.c.consumer.internals.ConsumerCoordinator - [Consumer clientId=consumer-slow-consumer-group-1, groupId=slow-consumer-group] Joining group with current subscription: [slow-events]
12:15:49.323 [scenario7-slow-events-listener-0-C-1] DEBUG o.a.k.c.consumer.internals.ConsumerCoordinator - [Consumer clientId=consumer-slow-consumer-group-1, groupId=slow-consumer-group] Sending JoinGroup (JoinGroupRequestData(groupId='slow-consumer-group', sessionTimeoutMs=10000, rebalanceTimeoutMs=6000, memberId='', groupInstanceId=null, protocolType='consumer', protocols=[JoinGroupRequestProtocol(name='range', metadata=[0, 3, 0, 0, 0, 1, 0, 11, 115, 108, 111, 119, 45, 101, 118, 101, 110, 116, 115, -1, -1, -1, -1, 0, 0, 0, 0, -1, -1, -1, -1, -1, -1]), JoinGroupRequestProtocol(name='cooperative-sticky', metadata=[0, 3, 0, 0, 0, 1, 0, 11, 115, 108, 111, 119, 45, 101, 118, 101, 110, 116, 115, 0, 0, 0, 4, -1, -1, -1, -1, 0, 0, 0, 0, -1, -1, -1, -1, -1, -1])], reason='consumer pro-actively leaving the group')) to coordinator localhost:9092 (id: 2147483646 rack: null isFenced: false)
12:15:49.329 [scenario7-slow-events-listener-0-C-1] DEBUG o.a.k.c.consumer.internals.ConsumerCoordinator - [Consumer clientId=consumer-slow-consumer-group-1, groupId=slow-consumer-group] JoinGroup failed due to non-fatal error: MEMBER_ID_REQUIRED. Will set the member id as consumer-slow-consumer-group-1-0f2a6da3-c1d4-421c-a59e-3f2ef2d4803c and then rejoin. Sent generation was Generation{generationId=-1, memberId='', protocol='null'}
12:15:49.329 [scenario7-slow-events-listener-0-C-1] INFO  o.a.k.c.consumer.internals.ConsumerCoordinator - [Consumer clientId=consumer-slow-consumer-group-1, groupId=slow-consumer-group] Request joining group due to: need to re-join with the given member-id: consumer-slow-consumer-group-1-0f2a6da3-c1d4-421c-a59e-3f2ef2d4803c
12:15:49.329 [scenario7-slow-events-listener-0-C-1] INFO  o.a.k.c.consumer.internals.ConsumerCoordinator - [Consumer clientId=consumer-slow-consumer-group-1, groupId=slow-consumer-group] (Re-)joining group
12:15:49.329 [scenario7-slow-events-listener-0-C-1] DEBUG o.a.k.c.consumer.internals.ConsumerCoordinator - [Consumer clientId=consumer-slow-consumer-group-1, groupId=slow-consumer-group] Joining group with current subscription: [slow-events]
12:15:49.329 [scenario7-slow-events-listener-0-C-1] DEBUG o.a.k.c.consumer.internals.ConsumerCoordinator - [Consumer clientId=consumer-slow-consumer-group-1, groupId=slow-consumer-group] Sending JoinGroup (JoinGroupRequestData(groupId='slow-consumer-group', sessionTimeoutMs=10000, rebalanceTimeoutMs=6000, memberId='consumer-slow-consumer-group-1-0f2a6da3-c1d4-421c-a59e-3f2ef2d4803c', groupInstanceId=null, protocolType='consumer', protocols=[JoinGroupRequestProtocol(name='range', metadata=[0, 3, 0, 0, 0, 1, 0, 11, 115, 108, 111, 119, 45, 101, 118, 101, 110, 116, 115, -1, -1, -1, -1, 0, 0, 0, 0, -1, -1, -1, -1, -1, -1]), JoinGroupRequestProtocol(name='cooperative-sticky', metadata=[0, 3, 0, 0, 0, 1, 0, 11, 115, 108, 111, 119, 45, 101, 118, 101, 110, 116, 115, 0, 0, 0, 4, -1, -1, -1, -1, 0, 0, 0, 0, -1, -1, -1, -1, -1, -1])], reason='need to re-join with the given member-id: consumer-slow-consumer-group-1-0f2a6da3-c1d4-421c-a59e-3f2ef2d4803c')) to coordinator localhost:9092 (id: 2147483646 rack: null isFenced: false)
12:15:50.984 [kafka-coordinator-heartbeat-thread | slow-consumer-group] DEBUG o.a.k.c.consumer.internals.ConsumerCoordinator - [Consumer clientId=consumer-slow-consumer-group-2, groupId=slow-consumer-group] Sending Heartbeat request with generation 14 and member id consumer-slow-consumer-group-2-929996d7-6dc3-4dab-8232-48c527a6ef79 to coordinator localhost:9092 (id: 2147483646 rack: null isFenced: false)
12:15:50.988 [scenario7-other-events-listener-0-C-1] INFO  o.a.k.c.consumer.internals.ConsumerCoordinator - [Consumer clientId=consumer-slow-consumer-group-2, groupId=slow-consumer-group] Request joining group due to: group is already rebalancing
12:15:50.988 [scenario7-other-events-listener-0-C-1] DEBUG o.a.k.c.consumer.internals.ConsumerCoordinator - [Consumer clientId=consumer-slow-consumer-group-2, groupId=slow-consumer-group] Executing onJoinPrepare with generation 14 and memberId consumer-slow-consumer-group-2-929996d7-6dc3-4dab-8232-48c527a6ef79
12:15:50.988 [scenario7-other-events-listener-0-C-1] INFO  o.a.k.c.c.i.ConsumerRebalanceListenerInvoker - [Consumer clientId=consumer-slow-consumer-group-2, groupId=slow-consumer-group] Revoke previously assigned partitions [other-events-0, other-events-1, other-events-2]
12:15:50.989 [scenario7-other-events-listener-0-C-1] INFO  o.s.kafka.listener.KafkaMessageListenerContainer - slow-consumer-group: partitions revoked: [other-events-0, other-events-1, other-events-2]
12:15:50.989 [scenario7-other-events-listener-0-C-1] INFO  o.a.k.c.consumer.internals.ConsumerCoordinator - [Consumer clientId=consumer-slow-consumer-group-2, groupId=slow-consumer-group] (Re-)joining group
12:15:50.989 [scenario7-other-events-listener-0-C-1] DEBUG o.a.k.c.consumer.internals.ConsumerCoordinator - [Consumer clientId=consumer-slow-consumer-group-2, groupId=slow-consumer-group] Joining group with current subscription: [other-events]
12:15:50.989 [scenario7-other-events-listener-0-C-1] DEBUG o.a.k.c.consumer.internals.ConsumerCoordinator - [Consumer clientId=consumer-slow-consumer-group-2, groupId=slow-consumer-group] Sending JoinGroup (JoinGroupRequestData(groupId='slow-consumer-group', sessionTimeoutMs=10000, rebalanceTimeoutMs=6000, memberId='consumer-slow-consumer-group-2-929996d7-6dc3-4dab-8232-48c527a6ef79', groupInstanceId=null, protocolType='consumer', protocols=[JoinGroupRequestProtocol(name='range', metadata=[0, 3, 0, 0, 0, 1, 0, 12, 111, 116, 104, 101, 114, 45, 101, 118, 101, 110, 116, 115, -1, -1, -1, -1, 0, 0, 0, 0, 0, 0, 0, 14, -1, -1]), JoinGroupRequestProtocol(name='cooperative-sticky', metadata=[0, 3, 0, 0, 0, 1, 0, 12, 111, 116, 104, 101, 114, 45, 101, 118, 101, 110, 116, 115, 0, 0, 0, 4, -1, -1, -1, -1, 0, 0, 0, 0, 0, 0, 0, 14, -1, -1])], reason='group is already rebalancing')) to coordinator localhost:9092 (id: 2147483646 rack: null isFenced: false)
12:15:50.994 [scenario7-slow-events-listener-0-C-1] DEBUG o.a.k.c.consumer.internals.ConsumerCoordinator - [Consumer clientId=consumer-slow-consumer-group-1, groupId=slow-consumer-group] Received successful JoinGroup response: JoinGroupResponseData(throttleTimeMs=0, errorCode=0, generationId=15, protocolType='consumer', protocolName='range', leader='consumer-slow-consumer-group-2-929996d7-6dc3-4dab-8232-48c527a6ef79', skipAssignment=false, memberId='consumer-slow-consumer-group-1-0f2a6da3-c1d4-421c-a59e-3f2ef2d4803c', members=[])
12:15:50.994 [scenario7-slow-events-listener-0-C-1] DEBUG o.a.k.c.consumer.internals.ConsumerCoordinator - [Consumer clientId=consumer-slow-consumer-group-1, groupId=slow-consumer-group] Enabling heartbeat thread
12:15:50.994 [scenario7-slow-events-listener-0-C-1] INFO  o.a.k.c.consumer.internals.ConsumerCoordinator - [Consumer clientId=consumer-slow-consumer-group-1, groupId=slow-consumer-group] Successfully joined group with generation Generation{generationId=15, memberId='consumer-slow-consumer-group-1-0f2a6da3-c1d4-421c-a59e-3f2ef2d4803c', protocol='range'}
12:15:50.994 [scenario7-slow-events-listener-0-C-1] DEBUG o.a.k.c.consumer.internals.ConsumerCoordinator - [Consumer clientId=consumer-slow-consumer-group-1, groupId=slow-consumer-group] Sending follower SyncGroup to coordinator localhost:9092 (id: 2147483646 rack: null isFenced: false): SyncGroupRequestData(groupId='slow-consumer-group', generationId=15, memberId='consumer-slow-consumer-group-1-0f2a6da3-c1d4-421c-a59e-3f2ef2d4803c', groupInstanceId=null, protocolType='consumer', protocolName='range', assignments=[])
12:15:50.994 [scenario7-other-events-listener-0-C-1] DEBUG o.a.k.c.consumer.internals.ConsumerCoordinator - [Consumer clientId=consumer-slow-consumer-group-2, groupId=slow-consumer-group] Received successful JoinGroup response: JoinGroupResponseData(throttleTimeMs=0, errorCode=0, generationId=15, protocolType='consumer', protocolName='range', leader='consumer-slow-consumer-group-2-929996d7-6dc3-4dab-8232-48c527a6ef79', skipAssignment=false, memberId='consumer-slow-consumer-group-2-929996d7-6dc3-4dab-8232-48c527a6ef79', members=[JoinGroupResponseMember(memberId='consumer-slow-consumer-group-1-0f2a6da3-c1d4-421c-a59e-3f2ef2d4803c', groupInstanceId=null, metadata=[0, 3, 0, 0, 0, 1, 0, 11, 115, 108, 111, 119, 45, 101, 118, 101, 110, 116, 115, -1, -1, -1, -1, 0, 0, 0, 0, -1, -1, -1, -1, -1, -1]), JoinGroupResponseMember(memberId='consumer-slow-consumer-group-2-929996d7-6dc3-4dab-8232-48c527a6ef79', groupInstanceId=null, metadata=[0, 3, 0, 0, 0, 1, 0, 12, 111, 116, 104, 101, 114, 45, 101, 118, 101, 110, 116, 115, -1, -1, -1, -1, 0, 0, 0, 0, 0, 0, 0, 14, -1, -1])])
12:15:50.994 [scenario7-other-events-listener-0-C-1] DEBUG o.a.k.c.consumer.internals.ConsumerCoordinator - [Consumer clientId=consumer-slow-consumer-group-2, groupId=slow-consumer-group] Enabling heartbeat thread
12:15:50.994 [scenario7-other-events-listener-0-C-1] INFO  o.a.k.c.consumer.internals.ConsumerCoordinator - [Consumer clientId=consumer-slow-consumer-group-2, groupId=slow-consumer-group] Successfully joined group with generation Generation{generationId=15, memberId='consumer-slow-consumer-group-2-929996d7-6dc3-4dab-8232-48c527a6ef79', protocol='range'}
12:15:51.148 [scenario7-other-events-listener-0-C-1] DEBUG o.a.k.c.consumer.internals.ConsumerCoordinator - [Consumer clientId=consumer-slow-consumer-group-2, groupId=slow-consumer-group] Performing assignment using strategy range with subscriptions {consumer-slow-consumer-group-1-0f2a6da3-c1d4-421c-a59e-3f2ef2d4803c=Subscription(topics=[slow-events], ownedPartitions=[], groupInstanceId=null, generationId=-1, rackId=null), consumer-slow-consumer-group-2-929996d7-6dc3-4dab-8232-48c527a6ef79=Subscription(topics=[other-events], ownedPartitions=[], groupInstanceId=null, generationId=14, rackId=null)}
12:15:51.150 [scenario7-other-events-listener-0-C-1] INFO  o.a.k.c.consumer.internals.ConsumerCoordinator - [Consumer clientId=consumer-slow-consumer-group-2, groupId=slow-consumer-group] Finished assignment for group at generation 15: {consumer-slow-consumer-group-1-0f2a6da3-c1d4-421c-a59e-3f2ef2d4803c=Assignment(partitions=[slow-events-0, slow-events-1, slow-events-2]), consumer-slow-consumer-group-2-929996d7-6dc3-4dab-8232-48c527a6ef79=Assignment(partitions=[other-events-0, other-events-1, other-events-2])}
12:15:51.151 [scenario7-other-events-listener-0-C-1] DEBUG o.a.k.c.consumer.internals.ConsumerCoordinator - [Consumer clientId=consumer-slow-consumer-group-2, groupId=slow-consumer-group] Sending leader SyncGroup to coordinator localhost:9092 (id: 2147483646 rack: null isFenced: false): SyncGroupRequestData(groupId='slow-consumer-group', generationId=15, memberId='consumer-slow-consumer-group-2-929996d7-6dc3-4dab-8232-48c527a6ef79', groupInstanceId=null, protocolType='consumer', protocolName='range', assignments=[SyncGroupRequestAssignment(memberId='consumer-slow-consumer-group-1-0f2a6da3-c1d4-421c-a59e-3f2ef2d4803c', assignment=[0, 3, 0, 0, 0, 1, 0, 11, 115, 108, 111, 119, 45, 101, 118, 101, 110, 116, 115, 0, 0, 0, 3, 0, 0, 0, 0, 0, 0, 0, 1, 0, 0, 0, 2, -1, -1, -1, -1]), SyncGroupRequestAssignment(memberId='consumer-slow-consumer-group-2-929996d7-6dc3-4dab-8232-48c527a6ef79', assignment=[0, 3, 0, 0, 0, 1, 0, 12, 111, 116, 104, 101, 114, 45, 101, 118, 101, 110, 116, 115, 0, 0, 0, 3, 0, 0, 0, 0, 0, 0, 0, 1, 0, 0, 0, 2, -1, -1, -1, -1])])
12:15:51.155 [scenario7-other-events-listener-0-C-1] DEBUG o.a.k.c.consumer.internals.ConsumerCoordinator - [Consumer clientId=consumer-slow-consumer-group-2, groupId=slow-consumer-group] Received successful SyncGroup response: SyncGroupResponseData(throttleTimeMs=0, errorCode=0, protocolType='consumer', protocolName='range', assignment=[0, 3, 0, 0, 0, 1, 0, 12, 111, 116, 104, 101, 114, 45, 101, 118, 101, 110, 116, 115, 0, 0, 0, 3, 0, 0, 0, 0, 0, 0, 0, 1, 0, 0, 0, 2, -1, -1, -1, -1])
12:15:51.155 [scenario7-slow-events-listener-0-C-1] DEBUG o.a.k.c.consumer.internals.ConsumerCoordinator - [Consumer clientId=consumer-slow-consumer-group-1, groupId=slow-consumer-group] Received successful SyncGroup response: SyncGroupResponseData(throttleTimeMs=0, errorCode=0, protocolType='consumer', protocolName='range', assignment=[0, 3, 0, 0, 0, 1, 0, 11, 115, 108, 111, 119, 45, 101, 118, 101, 110, 116, 115, 0, 0, 0, 3, 0, 0, 0, 0, 0, 0, 0, 1, 0, 0, 0, 2, -1, -1, -1, -1])
12:15:51.155 [scenario7-other-events-listener-0-C-1] INFO  o.a.k.c.consumer.internals.ConsumerCoordinator - [Consumer clientId=consumer-slow-consumer-group-2, groupId=slow-consumer-group] Successfully synced group in generation Generation{generationId=15, memberId='consumer-slow-consumer-group-2-929996d7-6dc3-4dab-8232-48c527a6ef79', protocol='range'}
12:15:51.155 [scenario7-slow-events-listener-0-C-1] INFO  o.a.k.c.consumer.internals.ConsumerCoordinator - [Consumer clientId=consumer-slow-consumer-group-1, groupId=slow-consumer-group] Successfully synced group in generation Generation{generationId=15, memberId='consumer-slow-consumer-group-1-0f2a6da3-c1d4-421c-a59e-3f2ef2d4803c', protocol='range'}
12:15:51.155 [scenario7-other-events-listener-0-C-1] DEBUG o.a.k.c.consumer.internals.ConsumerCoordinator - [Consumer clientId=consumer-slow-consumer-group-2, groupId=slow-consumer-group] Executing onJoinComplete with generation 15 and memberId consumer-slow-consumer-group-2-929996d7-6dc3-4dab-8232-48c527a6ef79
12:15:51.155 [scenario7-slow-events-listener-0-C-1] DEBUG o.a.k.c.consumer.internals.ConsumerCoordinator - [Consumer clientId=consumer-slow-consumer-group-1, groupId=slow-consumer-group] Executing onJoinComplete with generation 15 and memberId consumer-slow-consumer-group-1-0f2a6da3-c1d4-421c-a59e-3f2ef2d4803c
12:15:51.155 [scenario7-other-events-listener-0-C-1] INFO  o.a.k.c.consumer.internals.ConsumerCoordinator - [Consumer clientId=consumer-slow-consumer-group-2, groupId=slow-consumer-group] Notifying assignor about the new Assignment(partitions=[other-events-0, other-events-1, other-events-2])
12:15:51.155 [scenario7-slow-events-listener-0-C-1] INFO  o.a.k.c.consumer.internals.ConsumerCoordinator - [Consumer clientId=consumer-slow-consumer-group-1, groupId=slow-consumer-group] Notifying assignor about the new Assignment(partitions=[slow-events-0, slow-events-1, slow-events-2])
12:15:51.155 [scenario7-other-events-listener-0-C-1] INFO  o.a.k.c.c.i.ConsumerRebalanceListenerInvoker - [Consumer clientId=consumer-slow-consumer-group-2, groupId=slow-consumer-group] Adding newly assigned partitions: [other-events-0, other-events-1, other-events-2]
12:15:51.155 [scenario7-slow-events-listener-0-C-1] INFO  o.a.k.c.c.i.ConsumerRebalanceListenerInvoker - [Consumer clientId=consumer-slow-consumer-group-1, groupId=slow-consumer-group] Adding newly assigned partitions: [slow-events-0, slow-events-1, slow-events-2]
12:15:51.156 [scenario7-other-events-listener-0-C-1] DEBUG o.a.k.c.consumer.internals.ConsumerCoordinator - [Consumer clientId=consumer-slow-consumer-group-2, groupId=slow-consumer-group] Fetching committed offsets for partitions: [other-events-0, other-events-1, other-events-2]
12:15:51.156 [scenario7-slow-events-listener-0-C-1] DEBUG o.a.k.c.consumer.internals.ConsumerCoordinator - [Consumer clientId=consumer-slow-consumer-group-1, groupId=slow-consumer-group] Fetching committed offsets for partitions: [slow-events-2, slow-events-1, slow-events-0]
12:15:51.158 [scenario7-slow-events-listener-0-C-1] INFO  o.a.k.c.consumer.internals.ConsumerCoordinator - [Consumer clientId=consumer-slow-consumer-group-1, groupId=slow-consumer-group] Found no committed offset for partition slow-events-2
12:15:51.158 [scenario7-other-events-listener-0-C-1] INFO  o.a.k.c.consumer.internals.ConsumerCoordinator - [Consumer clientId=consumer-slow-consumer-group-2, groupId=slow-consumer-group] Found no committed offset for partition other-events-0
12:15:51.158 [scenario7-slow-events-listener-0-C-1] INFO  o.a.k.c.consumer.internals.ConsumerCoordinator - [Consumer clientId=consumer-slow-consumer-group-1, groupId=slow-consumer-group] Found no committed offset for partition slow-events-1
12:15:51.158 [scenario7-other-events-listener-0-C-1] INFO  o.a.k.c.consumer.internals.ConsumerCoordinator - [Consumer clientId=consumer-slow-consumer-group-2, groupId=slow-consumer-group] Found no committed offset for partition other-events-1
12:15:51.158 [scenario7-slow-events-listener-0-C-1] INFO  o.a.k.c.consumer.internals.ConsumerCoordinator - [Consumer clientId=consumer-slow-consumer-group-1, groupId=slow-consumer-group] Found no committed offset for partition slow-events-0
12:15:51.158 [scenario7-other-events-listener-0-C-1] INFO  o.a.kafka.clients.consumer.internals.ConsumerUtils - Setting offset for partition other-events-2 to the committed offset FetchPosition{offset=60, offsetEpoch=Optional.empty, currentLeader=LeaderAndEpoch{leader=Optional[localhost:9092 (id: 1 rack: null isFenced: false)], epoch=0}}
12:15:51.161 [scenario7-slow-events-listener-0-C-1] INFO  o.a.k.clients.consumer.internals.SubscriptionState - [Consumer clientId=consumer-slow-consumer-group-1, groupId=slow-consumer-group] Resetting offset for partition slow-events-2 to position FetchPosition{offset=0, offsetEpoch=Optional.empty, currentLeader=LeaderAndEpoch{leader=Optional[localhost:9092 (id: 1 rack: null isFenced: false)], epoch=0}}.
12:15:51.161 [scenario7-other-events-listener-0-C-1] INFO  o.a.k.clients.consumer.internals.SubscriptionState - [Consumer clientId=consumer-slow-consumer-group-2, groupId=slow-consumer-group] Resetting offset for partition other-events-0 to position FetchPosition{offset=0, offsetEpoch=Optional.empty, currentLeader=LeaderAndEpoch{leader=Optional[localhost:9092 (id: 1 rack: null isFenced: false)], epoch=0}}.
12:15:51.161 [scenario7-slow-events-listener-0-C-1] INFO  o.a.k.clients.consumer.internals.SubscriptionState - [Consumer clientId=consumer-slow-consumer-group-1, groupId=slow-consumer-group] Resetting offset for partition slow-events-1 to position FetchPosition{offset=0, offsetEpoch=Optional.empty, currentLeader=LeaderAndEpoch{leader=Optional[localhost:9092 (id: 1 rack: null isFenced: false)], epoch=0}}.
12:15:51.161 [scenario7-other-events-listener-0-C-1] INFO  o.a.k.clients.consumer.internals.SubscriptionState - [Consumer clientId=consumer-slow-consumer-group-2, groupId=slow-consumer-group] Resetting offset for partition other-events-1 to position FetchPosition{offset=0, offsetEpoch=Optional.empty, currentLeader=LeaderAndEpoch{leader=Optional[localhost:9092 (id: 1 rack: null isFenced: false)], epoch=0}}.
12:15:51.161 [scenario7-slow-events-listener-0-C-1] INFO  o.a.k.clients.consumer.internals.SubscriptionState - [Consumer clientId=consumer-slow-consumer-group-1, groupId=slow-consumer-group] Resetting offset for partition slow-events-0 to position FetchPosition{offset=0, offsetEpoch=Optional.empty, currentLeader=LeaderAndEpoch{leader=Optional[localhost:9092 (id: 1 rack: null isFenced: false)], epoch=0}}.
12:15:51.161 [scenario7-other-events-listener-0-C-1] INFO  o.s.kafka.listener.KafkaMessageListenerContainer - slow-consumer-group: partitions assigned: [other-events-0, other-events-1, other-events-2]
12:15:51.161 [scenario7-slow-events-listener-0-C-1] INFO  o.s.kafka.listener.KafkaMessageListenerContainer - slow-consumer-group: partitions assigned: [slow-events-0, slow-events-1, slow-events-2]
12:15:51.166 [scenario7-slow-events-listener-0-C-1] DEBUG o.s.kafka.listener.KafkaMessageListenerContainer - Received: 1 records
12:15:51.166 [scenario7-slow-events-listener-0-C-1] DEBUG o.s.k.l.a.RecordMessagingMessageListenerAdapter - Processing [GenericMessage [payload=DemoEvent(id=a2554d8b-b469-4e3d-92e9-a76cdcb66fe1, payload=demo-event-0, slow=true, retryTrigger=false, flaky=false, createdAt=2026-08-27T04:14:28.388135Z), headers={kafka_offset=0, kafka_consumer=org.springframework.kafka.core.DefaultKafkaConsumerFactory$ExtendedKafkaConsumer@c4c7cb2, kafka_timestampType=CREATE_TIME, kafka_receivedPartitionId=2, kafka_receivedMessageKey=0, kafka_receivedTopic=slow-events, kafka_receivedTimestamp=1787804068401, kafka_acknowledgment=Acknowledgment for slow-events-2@0, kafka_groupId=slow-consumer-group}]]
12:15:51.167 [scenario7-slow-events-listener-0-C-1] INFO  c.e.k.listener.SplitTopicRebalanceListener - [slow-events] 收到消息 id=a2554d8b-b469-4e3d-92e9-a76cdcb66fe1 partition=2 slow=true
12:15:51.167 [scenario7-slow-events-listener-0-C-1] WARN  c.e.k.listener.SplitTopicRebalanceListener - [slow-events] 模拟慢处理开始：id=a2554d8b-b469-4e3d-92e9-a76cdcb66fe1 将阻塞 10000ms（超过 max.poll.interval.ms，预期触发该 consumer 的 rebalance）
12:15:53.384 [scenario7-other-events-listener-0-C-1] DEBUG o.s.kafka.listener.KafkaMessageListenerContainer - Received: 0 records
12:15:53.996 [kafka-coordinator-heartbeat-thread | slow-consumer-group] DEBUG o.a.k.c.consumer.internals.ConsumerCoordinator - [Consumer clientId=consumer-slow-consumer-group-2, groupId=slow-consumer-group] Sending Heartbeat request with generation 15 and member id consumer-slow-consumer-group-2-929996d7-6dc3-4dab-8232-48c527a6ef79 to coordinator localhost:9092 (id: 2147483646 rack: null isFenced: false)
12:15:54.000 [scenario7-other-events-listener-0-C-1] DEBUG o.a.k.c.consumer.internals.ConsumerCoordinator - [Consumer clientId=consumer-slow-consumer-group-2, groupId=slow-consumer-group] Received successful Heartbeat response
12:15:54.059 [kafka-coordinator-heartbeat-thread | slow-consumer-group] DEBUG o.a.k.c.consumer.internals.ConsumerCoordinator - [Consumer clientId=consumer-slow-consumer-group-1, groupId=slow-consumer-group] Sending Heartbeat request with generation 15 and member id consumer-slow-consumer-group-1-0f2a6da3-c1d4-421c-a59e-3f2ef2d4803c to coordinator localhost:9092 (id: 2147483646 rack: null isFenced: false)
12:15:54.163 [kafka-coordinator-heartbeat-thread | slow-consumer-group] DEBUG o.a.k.c.consumer.internals.ConsumerCoordinator - [Consumer clientId=consumer-slow-consumer-group-1, groupId=slow-consumer-group] Received successful Heartbeat response
12:15:56.997 [kafka-coordinator-heartbeat-thread | slow-consumer-group] DEBUG o.a.k.c.consumer.internals.ConsumerCoordinator - [Consumer clientId=consumer-slow-consumer-group-2, groupId=slow-consumer-group] Sending Heartbeat request with generation 15 and member id consumer-slow-consumer-group-2-929996d7-6dc3-4dab-8232-48c527a6ef79 to coordinator localhost:9092 (id: 2147483646 rack: null isFenced: false)
12:15:57.000 [scenario7-other-events-listener-0-C-1] DEBUG o.a.k.c.consumer.internals.ConsumerCoordinator - [Consumer clientId=consumer-slow-consumer-group-2, groupId=slow-consumer-group] Received successful Heartbeat response
12:15:57.060 [kafka-coordinator-heartbeat-thread | slow-consumer-group] DEBUG o.a.k.c.consumer.internals.ConsumerCoordinator - [Consumer clientId=consumer-slow-consumer-group-1, groupId=slow-consumer-group] Sending Heartbeat request with generation 15 and member id consumer-slow-consumer-group-1-0f2a6da3-c1d4-421c-a59e-3f2ef2d4803c to coordinator localhost:9092 (id: 2147483646 rack: null isFenced: false)
12:15:57.162 [kafka-coordinator-heartbeat-thread | slow-consumer-group] DEBUG o.a.k.c.consumer.internals.ConsumerCoordinator - [Consumer clientId=consumer-slow-consumer-group-1, groupId=slow-consumer-group] Received successful Heartbeat response
12:15:57.265 [kafka-coordinator-heartbeat-thread | slow-consumer-group] WARN  o.a.k.c.consumer.internals.ConsumerCoordinator - [Consumer clientId=consumer-slow-consumer-group-1, groupId=slow-consumer-group] consumer poll timeout has expired. This means the time between subsequent calls to poll() was longer than the configured max.poll.interval.ms, which typically implies that the poll loop is spending too much time processing messages. You can address this either by increasing max.poll.interval.ms or by reducing the maximum size of batches returned in poll() with max.poll.records.
12:15:57.265 [kafka-coordinator-heartbeat-thread | slow-consumer-group] INFO  o.a.k.c.consumer.internals.ConsumerCoordinator - [Consumer clientId=consumer-slow-consumer-group-1, groupId=slow-consumer-group] Member consumer-slow-consumer-group-1-0f2a6da3-c1d4-421c-a59e-3f2ef2d4803c sending LeaveGroup request to coordinator localhost:9092 (id: 2147483646 rack: null isFenced: false) due to consumer poll timeout has expired.
12:15:57.265 [kafka-coordinator-heartbeat-thread | slow-consumer-group] INFO  o.a.k.c.consumer.internals.ConsumerCoordinator - [Consumer clientId=consumer-slow-consumer-group-1, groupId=slow-consumer-group] Resetting generation and member id due to: consumer pro-actively leaving the group
12:15:57.265 [kafka-coordinator-heartbeat-thread | slow-consumer-group] INFO  o.a.k.c.consumer.internals.ConsumerCoordinator - [Consumer clientId=consumer-slow-consumer-group-1, groupId=slow-consumer-group] Request joining group due to: consumer pro-actively leaving the group
12:15:58.386 [scenario7-other-events-listener-0-C-1] DEBUG o.s.kafka.listener.KafkaMessageListenerContainer - Received: 0 records
12:15:59.998 [kafka-coordinator-heartbeat-thread | slow-consumer-group] DEBUG o.a.k.c.consumer.internals.ConsumerCoordinator - [Consumer clientId=consumer-slow-consumer-group-2, groupId=slow-consumer-group] Sending Heartbeat request with generation 15 and member id consumer-slow-consumer-group-2-929996d7-6dc3-4dab-8232-48c527a6ef79 to coordinator localhost:9092 (id: 2147483646 rack: null isFenced: false)
12:16:00.004 [scenario7-other-events-listener-0-C-1] INFO  o.a.k.c.consumer.internals.ConsumerCoordinator - [Consumer clientId=consumer-slow-consumer-group-2, groupId=slow-consumer-group] Request joining group due to: group is already rebalancing
12:16:00.004 [scenario7-other-events-listener-0-C-1] DEBUG o.a.k.c.consumer.internals.ConsumerCoordinator - [Consumer clientId=consumer-slow-consumer-group-2, groupId=slow-consumer-group] Executing onJoinPrepare with generation 15 and memberId consumer-slow-consumer-group-2-929996d7-6dc3-4dab-8232-48c527a6ef79
12:16:00.004 [scenario7-other-events-listener-0-C-1] INFO  o.a.k.c.c.i.ConsumerRebalanceListenerInvoker - [Consumer clientId=consumer-slow-consumer-group-2, groupId=slow-consumer-group] Revoke previously assigned partitions [other-events-0, other-events-1, other-events-2]
12:16:00.004 [scenario7-other-events-listener-0-C-1] INFO  o.s.kafka.listener.KafkaMessageListenerContainer - slow-consumer-group: partitions revoked: [other-events-0, other-events-1, other-events-2]
12:16:00.004 [scenario7-other-events-listener-0-C-1] INFO  o.a.k.c.consumer.internals.ConsumerCoordinator - [Consumer clientId=consumer-slow-consumer-group-2, groupId=slow-consumer-group] (Re-)joining group
12:16:00.004 [scenario7-other-events-listener-0-C-1] DEBUG o.a.k.c.consumer.internals.ConsumerCoordinator - [Consumer clientId=consumer-slow-consumer-group-2, groupId=slow-consumer-group] Joining group with current subscription: [other-events]
12:16:00.005 [scenario7-other-events-listener-0-C-1] DEBUG o.a.k.c.consumer.internals.ConsumerCoordinator - [Consumer clientId=consumer-slow-consumer-group-2, groupId=slow-consumer-group] Sending JoinGroup (JoinGroupRequestData(groupId='slow-consumer-group', sessionTimeoutMs=10000, rebalanceTimeoutMs=6000, memberId='consumer-slow-consumer-group-2-929996d7-6dc3-4dab-8232-48c527a6ef79', groupInstanceId=null, protocolType='consumer', protocols=[JoinGroupRequestProtocol(name='range', metadata=[0, 3, 0, 0, 0, 1, 0, 12, 111, 116, 104, 101, 114, 45, 101, 118, 101, 110, 116, 115, -1, -1, -1, -1, 0, 0, 0, 0, 0, 0, 0, 15, -1, -1]), JoinGroupRequestProtocol(name='cooperative-sticky', metadata=[0, 3, 0, 0, 0, 1, 0, 12, 111, 116, 104, 101, 114, 45, 101, 118, 101, 110, 116, 115, 0, 0, 0, 4, -1, -1, -1, -1, 0, 0, 0, 0, 0, 0, 0, 15, -1, -1])], reason='group is already rebalancing')) to coordinator localhost:9092 (id: 2147483646 rack: null isFenced: false)
12:16:00.013 [scenario7-other-events-listener-0-C-1] DEBUG o.a.k.c.consumer.internals.ConsumerCoordinator - [Consumer clientId=consumer-slow-consumer-group-2, groupId=slow-consumer-group] Received successful JoinGroup response: JoinGroupResponseData(throttleTimeMs=0, errorCode=0, generationId=16, protocolType='consumer', protocolName='range', leader='consumer-slow-consumer-group-2-929996d7-6dc3-4dab-8232-48c527a6ef79', skipAssignment=false, memberId='consumer-slow-consumer-group-2-929996d7-6dc3-4dab-8232-48c527a6ef79', members=[JoinGroupResponseMember(memberId='consumer-slow-consumer-group-2-929996d7-6dc3-4dab-8232-48c527a6ef79', groupInstanceId=null, metadata=[0, 3, 0, 0, 0, 1, 0, 12, 111, 116, 104, 101, 114, 45, 101, 118, 101, 110, 116, 115, -1, -1, -1, -1, 0, 0, 0, 0, 0, 0, 0, 15, -1, -1])])
12:16:00.013 [scenario7-other-events-listener-0-C-1] DEBUG o.a.k.c.consumer.internals.ConsumerCoordinator - [Consumer clientId=consumer-slow-consumer-group-2, groupId=slow-consumer-group] Enabling heartbeat thread
12:16:00.013 [scenario7-other-events-listener-0-C-1] INFO  o.a.k.c.consumer.internals.ConsumerCoordinator - [Consumer clientId=consumer-slow-consumer-group-2, groupId=slow-consumer-group] Successfully joined group with generation Generation{generationId=16, memberId='consumer-slow-consumer-group-2-929996d7-6dc3-4dab-8232-48c527a6ef79', protocol='range'}
12:16:00.013 [scenario7-other-events-listener-0-C-1] DEBUG o.a.k.c.consumer.internals.ConsumerCoordinator - [Consumer clientId=consumer-slow-consumer-group-2, groupId=slow-consumer-group] Performing assignment using strategy range with subscriptions {consumer-slow-consumer-group-2-929996d7-6dc3-4dab-8232-48c527a6ef79=Subscription(topics=[other-events], ownedPartitions=[], groupInstanceId=null, generationId=15, rackId=null)}
12:16:00.013 [scenario7-other-events-listener-0-C-1] INFO  o.a.k.c.consumer.internals.ConsumerCoordinator - [Consumer clientId=consumer-slow-consumer-group-2, groupId=slow-consumer-group] Finished assignment for group at generation 16: {consumer-slow-consumer-group-2-929996d7-6dc3-4dab-8232-48c527a6ef79=Assignment(partitions=[other-events-0, other-events-1, other-events-2])}
12:16:00.013 [scenario7-other-events-listener-0-C-1] DEBUG o.a.k.c.consumer.internals.ConsumerCoordinator - [Consumer clientId=consumer-slow-consumer-group-2, groupId=slow-consumer-group] Sending leader SyncGroup to coordinator localhost:9092 (id: 2147483646 rack: null isFenced: false): SyncGroupRequestData(groupId='slow-consumer-group', generationId=16, memberId='consumer-slow-consumer-group-2-929996d7-6dc3-4dab-8232-48c527a6ef79', groupInstanceId=null, protocolType='consumer', protocolName='range', assignments=[SyncGroupRequestAssignment(memberId='consumer-slow-consumer-group-2-929996d7-6dc3-4dab-8232-48c527a6ef79', assignment=[0, 3, 0, 0, 0, 1, 0, 12, 111, 116, 104, 101, 114, 45, 101, 118, 101, 110, 116, 115, 0, 0, 0, 3, 0, 0, 0, 0, 0, 0, 0, 1, 0, 0, 0, 2, -1, -1, -1, -1])])
12:16:00.018 [scenario7-other-events-listener-0-C-1] DEBUG o.a.k.c.consumer.internals.ConsumerCoordinator - [Consumer clientId=consumer-slow-consumer-group-2, groupId=slow-consumer-group] Received successful SyncGroup response: SyncGroupResponseData(throttleTimeMs=0, errorCode=0, protocolType='consumer', protocolName='range', assignment=[0, 3, 0, 0, 0, 1, 0, 12, 111, 116, 104, 101, 114, 45, 101, 118, 101, 110, 116, 115, 0, 0, 0, 3, 0, 0, 0, 0, 0, 0, 0, 1, 0, 0, 0, 2, -1, -1, -1, -1])
12:16:00.018 [scenario7-other-events-listener-0-C-1] INFO  o.a.k.c.consumer.internals.ConsumerCoordinator - [Consumer clientId=consumer-slow-consumer-group-2, groupId=slow-consumer-group] Successfully synced group in generation Generation{generationId=16, memberId='consumer-slow-consumer-group-2-929996d7-6dc3-4dab-8232-48c527a6ef79', protocol='range'}
12:16:00.018 [scenario7-other-events-listener-0-C-1] DEBUG o.a.k.c.consumer.internals.ConsumerCoordinator - [Consumer clientId=consumer-slow-consumer-group-2, groupId=slow-consumer-group] Executing onJoinComplete with generation 16 and memberId consumer-slow-consumer-group-2-929996d7-6dc3-4dab-8232-48c527a6ef79
12:16:00.018 [scenario7-other-events-listener-0-C-1] INFO  o.a.k.c.consumer.internals.ConsumerCoordinator - [Consumer clientId=consumer-slow-consumer-group-2, groupId=slow-consumer-group] Notifying assignor about the new Assignment(partitions=[other-events-0, other-events-1, other-events-2])
12:16:00.018 [scenario7-other-events-listener-0-C-1] INFO  o.a.k.c.c.i.ConsumerRebalanceListenerInvoker - [Consumer clientId=consumer-slow-consumer-group-2, groupId=slow-consumer-group] Adding newly assigned partitions: [other-events-0, other-events-1, other-events-2]
12:16:00.018 [scenario7-other-events-listener-0-C-1] DEBUG o.a.k.c.consumer.internals.ConsumerCoordinator - [Consumer clientId=consumer-slow-consumer-group-2, groupId=slow-consumer-group] Fetching committed offsets for partitions: [other-events-0, other-events-1, other-events-2]
12:16:00.021 [scenario7-other-events-listener-0-C-1] INFO  o.a.k.c.consumer.internals.ConsumerCoordinator - [Consumer clientId=consumer-slow-consumer-group-2, groupId=slow-consumer-group] Found no committed offset for partition other-events-0
12:16:00.021 [scenario7-other-events-listener-0-C-1] INFO  o.a.k.c.consumer.internals.ConsumerCoordinator - [Consumer clientId=consumer-slow-consumer-group-2, groupId=slow-consumer-group] Found no committed offset for partition other-events-1
12:16:00.021 [scenario7-other-events-listener-0-C-1] INFO  o.a.kafka.clients.consumer.internals.ConsumerUtils - Setting offset for partition other-events-2 to the committed offset FetchPosition{offset=60, offsetEpoch=Optional.empty, currentLeader=LeaderAndEpoch{leader=Optional[localhost:9092 (id: 1 rack: null isFenced: false)], epoch=0}}
12:16:00.046 [scenario7-other-events-listener-0-C-1] INFO  o.a.k.clients.consumer.internals.SubscriptionState - [Consumer clientId=consumer-slow-consumer-group-2, groupId=slow-consumer-group] Resetting offset for partition other-events-0 to position FetchPosition{offset=0, offsetEpoch=Optional.empty, currentLeader=LeaderAndEpoch{leader=Optional[localhost:9092 (id: 1 rack: null isFenced: false)], epoch=0}}.
12:16:00.046 [scenario7-other-events-listener-0-C-1] INFO  o.a.k.clients.consumer.internals.SubscriptionState - [Consumer clientId=consumer-slow-consumer-group-2, groupId=slow-consumer-group] Resetting offset for partition other-events-1 to position FetchPosition{offset=0, offsetEpoch=Optional.empty, currentLeader=LeaderAndEpoch{leader=Optional[localhost:9092 (id: 1 rack: null isFenced: false)], epoch=0}}.
12:16:00.048 [scenario7-other-events-listener-0-C-1] INFO  o.s.kafka.listener.KafkaMessageListenerContainer - slow-consumer-group: partitions assigned: [other-events-0, other-events-1, other-events-2]
12:16:01.170 [scenario7-slow-events-listener-0-C-1] DEBUG o.s.kafka.listener.KafkaMessageListenerContainer - Committing: {slow-events-2=OffsetAndMetadata{offset=1, leaderEpoch=null, metadata=''}}
12:16:01.171 [scenario7-slow-events-listener-0-C-1] INFO  o.a.k.c.consumer.internals.ConsumerCoordinator - [Consumer clientId=consumer-slow-consumer-group-1, groupId=slow-consumer-group] Failing OffsetCommit request since the consumer is not part of an active group
12:16:01.171 [scenario7-slow-events-listener-0-C-1] DEBUG o.a.k.c.consumer.internals.ConsumerCoordinator - [Consumer clientId=consumer-slow-consumer-group-1, groupId=slow-consumer-group] LeaveGroup response with Generation{generationId=15, memberId='consumer-slow-consumer-group-1-0f2a6da3-c1d4-421c-a59e-3f2ef2d4803c', protocol='range'} returned successfully: ClientResponse(receivedTimeMs=1787804161171, latencyMs=3906, disconnected=false, timedOut=false, requestHeader=RequestHeader(apiKey=LEAVE_GROUP, apiVersion=5, clientId=consumer-slow-consumer-group-1, correlationId=98, headerVersion=2), responseBody=LeaveGroupResponseData(throttleTimeMs=0, errorCode=0, members=[MemberResponse(memberId='consumer-slow-consumer-group-1-0f2a6da3-c1d4-421c-a59e-3f2ef2d4803c', groupInstanceId=null, errorCode=0)]))
12:16:01.171 [scenario7-slow-events-listener-0-C-1] WARN  c.e.k.listener.SplitTopicRebalanceListener - [slow-events] 提交 offset 失败，可能因 rebalance 导致该分区已被回收 id=a2554d8b-b469-4e3d-92e9-a76cdcb66fe1
org.apache.kafka.clients.consumer.CommitFailedException: Offset commit cannot be completed since the consumer is not part of an active group for auto partition assignment; it is likely that the consumer was kicked out of the group.
	at org.apache.kafka.clients.consumer.internals.ConsumerCoordinator.sendOffsetCommitRequest(ConsumerCoordinator.java:1320)
	at org.apache.kafka.clients.consumer.internals.ConsumerCoordinator.commitOffsetsSync(ConsumerCoordinator.java:1155)
	at org.apache.kafka.clients.consumer.internals.ClassicKafkaConsumer.commitSync(ClassicKafkaConsumer.java:747)
	at org.apache.kafka.clients.consumer.KafkaConsumer.commitSync(KafkaConsumer.java:1094)
	at org.springframework.kafka.listener.KafkaMessageListenerContainer$ListenerConsumer.doCommitSync(KafkaMessageListenerContainer.java:3474)
	at org.springframework.kafka.listener.KafkaMessageListenerContainer$ListenerConsumer.commitSync(KafkaMessageListenerContainer.java:3469)
	at org.springframework.kafka.listener.KafkaMessageListenerContainer$ListenerConsumer.commitOffsets(KafkaMessageListenerContainer.java:3452)
	at org.springframework.kafka.listener.KafkaMessageListenerContainer$ListenerConsumer.commitOffsetsInTransactions(KafkaMessageListenerContainer.java:3443)
	at org.springframework.kafka.listener.KafkaMessageListenerContainer$ListenerConsumer.ackImmediate(KafkaMessageListenerContainer.java:2187)
	at org.springframework.kafka.listener.KafkaMessageListenerContainer$ListenerConsumer.processAck(KafkaMessageListenerContainer.java:2082)
	at org.springframework.kafka.listener.KafkaMessageListenerContainer$ListenerConsumer.doAck(KafkaMessageListenerContainer.java:2062)
	at org.springframework.kafka.listener.KafkaMessageListenerContainer$ListenerConsumer$ConsumerAcknowledgment.acknowledge(KafkaMessageListenerContainer.java:3622)
	at com.example.kafkarebalance.listener.SplitTopicRebalanceListener.onSlowEvent(SplitTopicRebalanceListener.kt:66)
	at java.base/jdk.internal.reflect.DirectMethodHandleAccessor.invoke(DirectMethodHandleAccessor.java:104)
	at java.base/java.lang.reflect.Method.invoke(Method.java:565)
	at org.springframework.messaging.handler.invocation.InvocableHandlerMethod.doInvoke(InvocableHandlerMethod.java:168)
	at org.springframework.kafka.listener.adapter.KotlinAwareInvocableHandlerMethod.doInvoke(KotlinAwareInvocableHandlerMethod.java:48)
	at org.springframework.messaging.handler.invocation.InvocableHandlerMethod.invoke(InvocableHandlerMethod.java:119)
	at org.springframework.kafka.listener.adapter.HandlerAdapter.invoke(HandlerAdapter.java:80)
	at org.springframework.kafka.listener.adapter.MessagingMessageListenerAdapter.invokeHandler(MessagingMessageListenerAdapter.java:488)
	at org.springframework.kafka.listener.adapter.MessagingMessageListenerAdapter.invoke(MessagingMessageListenerAdapter.java:425)
	at org.springframework.kafka.listener.adapter.RecordMessagingMessageListenerAdapter.onMessage(RecordMessagingMessageListenerAdapter.java:92)
	at org.springframework.kafka.listener.adapter.RecordMessagingMessageListenerAdapter.onMessage(RecordMessagingMessageListenerAdapter.java:52)
	at org.springframework.kafka.listener.KafkaMessageListenerContainer$ListenerConsumer.doInvokeOnMessage(KafkaMessageListenerContainer.java:2948)
	at org.springframework.kafka.listener.KafkaMessageListenerContainer$ListenerConsumer.invokeOnMessage(KafkaMessageListenerContainer.java:2927)
	at org.springframework.kafka.listener.KafkaMessageListenerContainer$ListenerConsumer.doInvokeRecordListener(KafkaMessageListenerContainer.java:2837)
	at org.springframework.kafka.listener.KafkaMessageListenerContainer$ListenerConsumer.doInvokeWithRecords(KafkaMessageListenerContainer.java:2679)
	at org.springframework.kafka.listener.KafkaMessageListenerContainer$ListenerConsumer.invokeRecordListener(KafkaMessageListenerContainer.java:2573)
	at org.springframework.kafka.listener.KafkaMessageListenerContainer$ListenerConsumer.invokeListener(KafkaMessageListenerContainer.java:2204)
	at org.springframework.kafka.listener.KafkaMessageListenerContainer$ListenerConsumer.invokeIfHaveRecords(KafkaMessageListenerContainer.java:1559)
	at org.springframework.kafka.listener.KafkaMessageListenerContainer$ListenerConsumer.pollAndInvoke(KafkaMessageListenerContainer.java:1499)
	at org.springframework.kafka.listener.KafkaMessageListenerContainer$ListenerConsumer.run(KafkaMessageListenerContainer.java:1368)
	at java.base/java.util.concurrent.CompletableFuture$AsyncRun.run(CompletableFuture.java:1825)
	at java.base/java.lang.Thread.run(Thread.java:1474)
12:16:01.172 [scenario7-slow-events-listener-0-C-1] DEBUG o.a.k.c.consumer.internals.ConsumerCoordinator - [Consumer clientId=consumer-slow-consumer-group-1, groupId=slow-consumer-group] Executing onJoinPrepare with generation -1 and memberId 
12:16:01.172 [scenario7-slow-events-listener-0-C-1] INFO  o.a.k.c.consumer.internals.ConsumerCoordinator - [Consumer clientId=consumer-slow-consumer-group-1, groupId=slow-consumer-group] Giving away all assigned partitions as lost since generation/memberID has been reset,indicating that consumer is in old state or no longer part of the group
12:16:01.172 [scenario7-slow-events-listener-0-C-1] INFO  o.a.k.c.c.i.ConsumerRebalanceListenerInvoker - [Consumer clientId=consumer-slow-consumer-group-1, groupId=slow-consumer-group] Lost previously assigned partitions [slow-events-0, slow-events-1, slow-events-2]
12:16:01.172 [scenario7-slow-events-listener-0-C-1] INFO  o.s.kafka.listener.KafkaMessageListenerContainer - slow-consumer-group: partitions lost: [slow-events-0, slow-events-1, slow-events-2]
12:16:01.172 [scenario7-slow-events-listener-0-C-1] INFO  o.s.kafka.listener.KafkaMessageListenerContainer - slow-consumer-group: partitions revoked: [slow-events-0, slow-events-1, slow-events-2]
12:16:01.172 [scenario7-slow-events-listener-0-C-1] INFO  o.a.k.c.consumer.internals.ConsumerCoordinator - [Consumer clientId=consumer-slow-consumer-group-1, groupId=slow-consumer-group] (Re-)joining group
12:16:01.172 [scenario7-slow-events-listener-0-C-1] DEBUG o.a.k.c.consumer.internals.ConsumerCoordinator - [Consumer clientId=consumer-slow-consumer-group-1, groupId=slow-consumer-group] Joining group with current subscription: [slow-events]
12:16:01.173 [scenario7-slow-events-listener-0-C-1] DEBUG o.a.k.c.consumer.internals.ConsumerCoordinator - [Consumer clientId=consumer-slow-consumer-group-1, groupId=slow-consumer-group] Sending JoinGroup (JoinGroupRequestData(groupId='slow-consumer-group', sessionTimeoutMs=10000, rebalanceTimeoutMs=6000, memberId='', groupInstanceId=null, protocolType='consumer', protocols=[JoinGroupRequestProtocol(name='range', metadata=[0, 3, 0, 0, 0, 1, 0, 11, 115, 108, 111, 119, 45, 101, 118, 101, 110, 116, 115, -1, -1, -1, -1, 0, 0, 0, 0, -1, -1, -1, -1, -1, -1]), JoinGroupRequestProtocol(name='cooperative-sticky', metadata=[0, 3, 0, 0, 0, 1, 0, 11, 115, 108, 111, 119, 45, 101, 118, 101, 110, 116, 115, 0, 0, 0, 4, -1, -1, -1, -1, 0, 0, 0, 0, -1, -1, -1, -1, -1, -1])], reason='consumer pro-actively leaving the group')) to coordinator localhost:9092 (id: 2147483646 rack: null isFenced: false)
12:16:01.181 [scenario7-slow-events-listener-0-C-1] DEBUG o.a.k.c.consumer.internals.ConsumerCoordinator - [Consumer clientId=consumer-slow-consumer-group-1, groupId=slow-consumer-group] JoinGroup failed due to non-fatal error: MEMBER_ID_REQUIRED. Will set the member id as consumer-slow-consumer-group-1-ea9466a5-5a69-4d17-a7c3-45b149fb27b6 and then rejoin. Sent generation was Generation{generationId=-1, memberId='', protocol='null'}
12:16:01.181 [scenario7-slow-events-listener-0-C-1] INFO  o.a.k.c.consumer.internals.ConsumerCoordinator - [Consumer clientId=consumer-slow-consumer-group-1, groupId=slow-consumer-group] Request joining group due to: need to re-join with the given member-id: consumer-slow-consumer-group-1-ea9466a5-5a69-4d17-a7c3-45b149fb27b6
12:16:01.181 [scenario7-slow-events-listener-0-C-1] INFO  o.a.k.c.consumer.internals.ConsumerCoordinator - [Consumer clientId=consumer-slow-consumer-group-1, groupId=slow-consumer-group] (Re-)joining group
12:16:01.181 [scenario7-slow-events-listener-0-C-1] DEBUG o.a.k.c.consumer.internals.ConsumerCoordinator - [Consumer clientId=consumer-slow-consumer-group-1, groupId=slow-consumer-group] Joining group with current subscription: [slow-events]
12:16:01.182 [scenario7-slow-events-listener-0-C-1] DEBUG o.a.k.c.consumer.internals.ConsumerCoordinator - [Consumer clientId=consumer-slow-consumer-group-1, groupId=slow-consumer-group] Sending JoinGroup (JoinGroupRequestData(groupId='slow-consumer-group', sessionTimeoutMs=10000, rebalanceTimeoutMs=6000, memberId='consumer-slow-consumer-group-1-ea9466a5-5a69-4d17-a7c3-45b149fb27b6', groupInstanceId=null, protocolType='consumer', protocols=[JoinGroupRequestProtocol(name='range', metadata=[0, 3, 0, 0, 0, 1, 0, 11, 115, 108, 111, 119, 45, 101, 118, 101, 110, 116, 115, -1, -1, -1, -1, 0, 0, 0, 0, -1, -1, -1, -1, -1, -1]), JoinGroupRequestProtocol(name='cooperative-sticky', metadata=[0, 3, 0, 0, 0, 1, 0, 11, 115, 108, 111, 119, 45, 101, 118, 101, 110, 116, 115, 0, 0, 0, 4, -1, -1, -1, -1, 0, 0, 0, 0, -1, -1, -1, -1, -1, -1])], reason='need to re-join with the given member-id: consumer-slow-consumer-group-1-ea9466a5-5a69-4d17-a7c3-45b149fb27b6')) to coordinator localhost:9092 (id: 2147483646 rack: null isFenced: false)
12:16:03.014 [kafka-coordinator-heartbeat-thread | slow-consumer-group] DEBUG o.a.k.c.consumer.internals.ConsumerCoordinator - [Consumer clientId=consumer-slow-consumer-group-2, groupId=slow-consumer-group] Sending Heartbeat request with generation 16 and member id consumer-slow-consumer-group-2-929996d7-6dc3-4dab-8232-48c527a6ef79 to coordinator localhost:9092 (id: 2147483646 rack: null isFenced: false)
12:16:03.016 [scenario7-other-events-listener-0-C-1] INFO  o.a.k.c.consumer.internals.ConsumerCoordinator - [Consumer clientId=consumer-slow-consumer-group-2, groupId=slow-consumer-group] Request joining group due to: group is already rebalancing
12:16:03.016 [scenario7-other-events-listener-0-C-1] DEBUG o.a.k.c.consumer.internals.ConsumerCoordinator - [Consumer clientId=consumer-slow-consumer-group-2, groupId=slow-consumer-group] Executing onJoinPrepare with generation 16 and memberId consumer-slow-consumer-group-2-929996d7-6dc3-4dab-8232-48c527a6ef79
12:16:03.016 [scenario7-other-events-listener-0-C-1] INFO  o.a.k.c.c.i.ConsumerRebalanceListenerInvoker - [Consumer clientId=consumer-slow-consumer-group-2, groupId=slow-consumer-group] Revoke previously assigned partitions [other-events-0, other-events-1, other-events-2]
12:16:03.017 [scenario7-other-events-listener-0-C-1] INFO  o.s.kafka.listener.KafkaMessageListenerContainer - slow-consumer-group: partitions revoked: [other-events-0, other-events-1, other-events-2]
12:16:03.017 [scenario7-other-events-listener-0-C-1] INFO  o.a.k.c.consumer.internals.ConsumerCoordinator - [Consumer clientId=consumer-slow-consumer-group-2, groupId=slow-consumer-group] (Re-)joining group
12:16:03.017 [scenario7-other-events-listener-0-C-1] DEBUG o.a.k.c.consumer.internals.ConsumerCoordinator - [Consumer clientId=consumer-slow-consumer-group-2, groupId=slow-consumer-group] Joining group with current subscription: [other-events]
12:16:03.017 [scenario7-other-events-listener-0-C-1] DEBUG o.a.k.c.consumer.internals.ConsumerCoordinator - [Consumer clientId=consumer-slow-consumer-group-2, groupId=slow-consumer-group] Sending JoinGroup (JoinGroupRequestData(groupId='slow-consumer-group', sessionTimeoutMs=10000, rebalanceTimeoutMs=6000, memberId='consumer-slow-consumer-group-2-929996d7-6dc3-4dab-8232-48c527a6ef79', groupInstanceId=null, protocolType='consumer', protocols=[JoinGroupRequestProtocol(name='range', metadata=[0, 3, 0, 0, 0, 1, 0, 12, 111, 116, 104, 101, 114, 45, 101, 118, 101, 110, 116, 115, -1, -1, -1, -1, 0, 0, 0, 0, 0, 0, 0, 16, -1, -1]), JoinGroupRequestProtocol(name='cooperative-sticky', metadata=[0, 3, 0, 0, 0, 1, 0, 12, 111, 116, 104, 101, 114, 45, 101, 118, 101, 110, 116, 115, 0, 0, 0, 4, -1, -1, -1, -1, 0, 0, 0, 0, 0, 0, 0, 16, -1, -1])], reason='group is already rebalancing')) to coordinator localhost:9092 (id: 2147483646 rack: null isFenced: false)
12:16:03.021 [scenario7-slow-events-listener-0-C-1] DEBUG o.a.k.c.consumer.internals.ConsumerCoordinator - [Consumer clientId=consumer-slow-consumer-group-1, groupId=slow-consumer-group] Received successful JoinGroup response: JoinGroupResponseData(throttleTimeMs=0, errorCode=0, generationId=17, protocolType='consumer', protocolName='range', leader='consumer-slow-consumer-group-2-929996d7-6dc3-4dab-8232-48c527a6ef79', skipAssignment=false, memberId='consumer-slow-consumer-group-1-ea9466a5-5a69-4d17-a7c3-45b149fb27b6', members=[])
12:16:03.021 [scenario7-other-events-listener-0-C-1] DEBUG o.a.k.c.consumer.internals.ConsumerCoordinator - [Consumer clientId=consumer-slow-consumer-group-2, groupId=slow-consumer-group] Received successful JoinGroup response: JoinGroupResponseData(throttleTimeMs=0, errorCode=0, generationId=17, protocolType='consumer', protocolName='range', leader='consumer-slow-consumer-group-2-929996d7-6dc3-4dab-8232-48c527a6ef79', skipAssignment=false, memberId='consumer-slow-consumer-group-2-929996d7-6dc3-4dab-8232-48c527a6ef79', members=[JoinGroupResponseMember(memberId='consumer-slow-consumer-group-1-ea9466a5-5a69-4d17-a7c3-45b149fb27b6', groupInstanceId=null, metadata=[0, 3, 0, 0, 0, 1, 0, 11, 115, 108, 111, 119, 45, 101, 118, 101, 110, 116, 115, -1, -1, -1, -1, 0, 0, 0, 0, -1, -1, -1, -1, -1, -1]), JoinGroupResponseMember(memberId='consumer-slow-consumer-group-2-929996d7-6dc3-4dab-8232-48c527a6ef79', groupInstanceId=null, metadata=[0, 3, 0, 0, 0, 1, 0, 12, 111, 116, 104, 101, 114, 45, 101, 118, 101, 110, 116, 115, -1, -1, -1, -1, 0, 0, 0, 0, 0, 0, 0, 16, -1, -1])])
12:16:03.021 [scenario7-slow-events-listener-0-C-1] DEBUG o.a.k.c.consumer.internals.ConsumerCoordinator - [Consumer clientId=consumer-slow-consumer-group-1, groupId=slow-consumer-group] Enabling heartbeat thread
12:16:03.021 [scenario7-other-events-listener-0-C-1] DEBUG o.a.k.c.consumer.internals.ConsumerCoordinator - [Consumer clientId=consumer-slow-consumer-group-2, groupId=slow-consumer-group] Enabling heartbeat thread
12:16:03.021 [scenario7-slow-events-listener-0-C-1] INFO  o.a.k.c.consumer.internals.ConsumerCoordinator - [Consumer clientId=consumer-slow-consumer-group-1, groupId=slow-consumer-group] Successfully joined group with generation Generation{generationId=17, memberId='consumer-slow-consumer-group-1-ea9466a5-5a69-4d17-a7c3-45b149fb27b6', protocol='range'}
12:16:03.021 [scenario7-other-events-listener-0-C-1] INFO  o.a.k.c.consumer.internals.ConsumerCoordinator - [Consumer clientId=consumer-slow-consumer-group-2, groupId=slow-consumer-group] Successfully joined group with generation Generation{generationId=17, memberId='consumer-slow-consumer-group-2-929996d7-6dc3-4dab-8232-48c527a6ef79', protocol='range'}
12:16:03.021 [scenario7-slow-events-listener-0-C-1] DEBUG o.a.k.c.consumer.internals.ConsumerCoordinator - [Consumer clientId=consumer-slow-consumer-group-1, groupId=slow-consumer-group] Sending follower SyncGroup to coordinator localhost:9092 (id: 2147483646 rack: null isFenced: false): SyncGroupRequestData(groupId='slow-consumer-group', generationId=17, memberId='consumer-slow-consumer-group-1-ea9466a5-5a69-4d17-a7c3-45b149fb27b6', groupInstanceId=null, protocolType='consumer', protocolName='range', assignments=[])
12:16:03.508 [scenario7-other-events-listener-0-C-1] DEBUG o.a.k.c.consumer.internals.ConsumerCoordinator - [Consumer clientId=consumer-slow-consumer-group-2, groupId=slow-consumer-group] Performing assignment using strategy range with subscriptions {consumer-slow-consumer-group-1-ea9466a5-5a69-4d17-a7c3-45b149fb27b6=Subscription(topics=[slow-events], ownedPartitions=[], groupInstanceId=null, generationId=-1, rackId=null), consumer-slow-consumer-group-2-929996d7-6dc3-4dab-8232-48c527a6ef79=Subscription(topics=[other-events], ownedPartitions=[], groupInstanceId=null, generationId=16, rackId=null)}
12:16:03.509 [scenario7-other-events-listener-0-C-1] INFO  o.a.k.c.consumer.internals.ConsumerCoordinator - [Consumer clientId=consumer-slow-consumer-group-2, groupId=slow-consumer-group] Finished assignment for group at generation 17: {consumer-slow-consumer-group-1-ea9466a5-5a69-4d17-a7c3-45b149fb27b6=Assignment(partitions=[slow-events-0, slow-events-1, slow-events-2]), consumer-slow-consumer-group-2-929996d7-6dc3-4dab-8232-48c527a6ef79=Assignment(partitions=[other-events-0, other-events-1, other-events-2])}
12:16:03.509 [scenario7-other-events-listener-0-C-1] DEBUG o.a.k.c.consumer.internals.ConsumerCoordinator - [Consumer clientId=consumer-slow-consumer-group-2, groupId=slow-consumer-group] Sending leader SyncGroup to coordinator localhost:9092 (id: 2147483646 rack: null isFenced: false): SyncGroupRequestData(groupId='slow-consumer-group', generationId=17, memberId='consumer-slow-consumer-group-2-929996d7-6dc3-4dab-8232-48c527a6ef79', groupInstanceId=null, protocolType='consumer', protocolName='range', assignments=[SyncGroupRequestAssignment(memberId='consumer-slow-consumer-group-1-ea9466a5-5a69-4d17-a7c3-45b149fb27b6', assignment=[0, 3, 0, 0, 0, 1, 0, 11, 115, 108, 111, 119, 45, 101, 118, 101, 110, 116, 115, 0, 0, 0, 3, 0, 0, 0, 0, 0, 0, 0, 1, 0, 0, 0, 2, -1, -1, -1, -1]), SyncGroupRequestAssignment(memberId='consumer-slow-consumer-group-2-929996d7-6dc3-4dab-8232-48c527a6ef79', assignment=[0, 3, 0, 0, 0, 1, 0, 12, 111, 116, 104, 101, 114, 45, 101, 118, 101, 110, 116, 115, 0, 0, 0, 3, 0, 0, 0, 0, 0, 0, 0, 1, 0, 0, 0, 2, -1, -1, -1, -1])])
12:16:03.511 [scenario7-other-events-listener-0-C-1] DEBUG o.s.kafka.listener.KafkaMessageListenerContainer - Received: 0 records
12:16:03.516 [scenario7-slow-events-listener-0-C-1] DEBUG o.a.k.c.consumer.internals.ConsumerCoordinator - [Consumer clientId=consumer-slow-consumer-group-1, groupId=slow-consumer-group] Received successful SyncGroup response: SyncGroupResponseData(throttleTimeMs=0, errorCode=0, protocolType='consumer', protocolName='range', assignment=[0, 3, 0, 0, 0, 1, 0, 11, 115, 108, 111, 119, 45, 101, 118, 101, 110, 116, 115, 0, 0, 0, 3, 0, 0, 0, 0, 0, 0, 0, 1, 0, 0, 0, 2, -1, -1, -1, -1])
12:16:03.516 [scenario7-other-events-listener-0-C-1] DEBUG o.a.k.c.consumer.internals.ConsumerCoordinator - [Consumer clientId=consumer-slow-consumer-group-2, groupId=slow-consumer-group] Received successful SyncGroup response: SyncGroupResponseData(throttleTimeMs=0, errorCode=0, protocolType='consumer', protocolName='range', assignment=[0, 3, 0, 0, 0, 1, 0, 12, 111, 116, 104, 101, 114, 45, 101, 118, 101, 110, 116, 115, 0, 0, 0, 3, 0, 0, 0, 0, 0, 0, 0, 1, 0, 0, 0, 2, -1, -1, -1, -1])
12:16:03.516 [scenario7-slow-events-listener-0-C-1] INFO  o.a.k.c.consumer.internals.ConsumerCoordinator - [Consumer clientId=consumer-slow-consumer-group-1, groupId=slow-consumer-group] Successfully synced group in generation Generation{generationId=17, memberId='consumer-slow-consumer-group-1-ea9466a5-5a69-4d17-a7c3-45b149fb27b6', protocol='range'}
12:16:03.516 [scenario7-other-events-listener-0-C-1] INFO  o.a.k.c.consumer.internals.ConsumerCoordinator - [Consumer clientId=consumer-slow-consumer-group-2, groupId=slow-consumer-group] Successfully synced group in generation Generation{generationId=17, memberId='consumer-slow-consumer-group-2-929996d7-6dc3-4dab-8232-48c527a6ef79', protocol='range'}
12:16:03.516 [scenario7-slow-events-listener-0-C-1] DEBUG o.a.k.c.consumer.internals.ConsumerCoordinator - [Consumer clientId=consumer-slow-consumer-group-1, groupId=slow-consumer-group] Executing onJoinComplete with generation 17 and memberId consumer-slow-consumer-group-1-ea9466a5-5a69-4d17-a7c3-45b149fb27b6
12:16:03.516 [scenario7-other-events-listener-0-C-1] DEBUG o.a.k.c.consumer.internals.ConsumerCoordinator - [Consumer clientId=consumer-slow-consumer-group-2, groupId=slow-consumer-group] Executing onJoinComplete with generation 17 and memberId consumer-slow-consumer-group-2-929996d7-6dc3-4dab-8232-48c527a6ef79
12:16:03.516 [scenario7-slow-events-listener-0-C-1] INFO  o.a.k.c.consumer.internals.ConsumerCoordinator - [Consumer clientId=consumer-slow-consumer-group-1, groupId=slow-consumer-group] Notifying assignor about the new Assignment(partitions=[slow-events-0, slow-events-1, slow-events-2])
12:16:03.516 [scenario7-other-events-listener-0-C-1] INFO  o.a.k.c.consumer.internals.ConsumerCoordinator - [Consumer clientId=consumer-slow-consumer-group-2, groupId=slow-consumer-group] Notifying assignor about the new Assignment(partitions=[other-events-0, other-events-1, other-events-2])
12:16:03.517 [scenario7-slow-events-listener-0-C-1] INFO  o.a.k.c.c.i.ConsumerRebalanceListenerInvoker - [Consumer clientId=consumer-slow-consumer-group-1, groupId=slow-consumer-group] Adding newly assigned partitions: [slow-events-0, slow-events-1, slow-events-2]
12:16:03.517 [scenario7-other-events-listener-0-C-1] INFO  o.a.k.c.c.i.ConsumerRebalanceListenerInvoker - [Consumer clientId=consumer-slow-consumer-group-2, groupId=slow-consumer-group] Adding newly assigned partitions: [other-events-0, other-events-1, other-events-2]
12:16:03.517 [scenario7-slow-events-listener-0-C-1] DEBUG o.a.k.c.consumer.internals.ConsumerCoordinator - [Consumer clientId=consumer-slow-consumer-group-1, groupId=slow-consumer-group] Fetching committed offsets for partitions: [slow-events-2, slow-events-1, slow-events-0]
12:16:03.517 [scenario7-other-events-listener-0-C-1] DEBUG o.a.k.c.consumer.internals.ConsumerCoordinator - [Consumer clientId=consumer-slow-consumer-group-2, groupId=slow-consumer-group] Fetching committed offsets for partitions: [other-events-0, other-events-1, other-events-2]
12:16:03.520 [scenario7-other-events-listener-0-C-1] INFO  o.a.k.c.consumer.internals.ConsumerCoordinator - [Consumer clientId=consumer-slow-consumer-group-2, groupId=slow-consumer-group] Found no committed offset for partition other-events-0
12:16:03.520 [scenario7-other-events-listener-0-C-1] INFO  o.a.k.c.consumer.internals.ConsumerCoordinator - [Consumer clientId=consumer-slow-consumer-group-2, groupId=slow-consumer-group] Found no committed offset for partition other-events-1
12:16:03.520 [scenario7-slow-events-listener-0-C-1] INFO  o.a.k.c.consumer.internals.ConsumerCoordinator - [Consumer clientId=consumer-slow-consumer-group-1, groupId=slow-consumer-group] Found no committed offset for partition slow-events-2
12:16:03.520 [scenario7-slow-events-listener-0-C-1] INFO  o.a.k.c.consumer.internals.ConsumerCoordinator - [Consumer clientId=consumer-slow-consumer-group-1, groupId=slow-consumer-group] Found no committed offset for partition slow-events-1
12:16:03.520 [scenario7-slow-events-listener-0-C-1] INFO  o.a.k.c.consumer.internals.ConsumerCoordinator - [Consumer clientId=consumer-slow-consumer-group-1, groupId=slow-consumer-group] Found no committed offset for partition slow-events-0
12:16:03.520 [scenario7-other-events-listener-0-C-1] INFO  o.a.kafka.clients.consumer.internals.ConsumerUtils - Setting offset for partition other-events-2 to the committed offset FetchPosition{offset=60, offsetEpoch=Optional.empty, currentLeader=LeaderAndEpoch{leader=Optional[localhost:9092 (id: 1 rack: null isFenced: false)], epoch=0}}
12:16:03.522 [scenario7-slow-events-listener-0-C-1] INFO  o.a.k.clients.consumer.internals.SubscriptionState - [Consumer clientId=consumer-slow-consumer-group-1, groupId=slow-consumer-group] Resetting offset for partition slow-events-2 to position FetchPosition{offset=0, offsetEpoch=Optional.empty, currentLeader=LeaderAndEpoch{leader=Optional[localhost:9092 (id: 1 rack: null isFenced: false)], epoch=0}}.
12:16:03.522 [scenario7-other-events-listener-0-C-1] INFO  o.a.k.clients.consumer.internals.SubscriptionState - [Consumer clientId=consumer-slow-consumer-group-2, groupId=slow-consumer-group] Resetting offset for partition other-events-0 to position FetchPosition{offset=0, offsetEpoch=Optional.empty, currentLeader=LeaderAndEpoch{leader=Optional[localhost:9092 (id: 1 rack: null isFenced: false)], epoch=0}}.
12:16:03.522 [scenario7-slow-events-listener-0-C-1] INFO  o.a.k.clients.consumer.internals.SubscriptionState - [Consumer clientId=consumer-slow-consumer-group-1, groupId=slow-consumer-group] Resetting offset for partition slow-events-1 to position FetchPosition{offset=0, offsetEpoch=Optional.empty, currentLeader=LeaderAndEpoch{leader=Optional[localhost:9092 (id: 1 rack: null isFenced: false)], epoch=0}}.
12:16:03.522 [scenario7-other-events-listener-0-C-1] INFO  o.a.k.clients.consumer.internals.SubscriptionState - [Consumer clientId=consumer-slow-consumer-group-2, groupId=slow-consumer-group] Resetting offset for partition other-events-1 to position FetchPosition{offset=0, offsetEpoch=Optional.empty, currentLeader=LeaderAndEpoch{leader=Optional[localhost:9092 (id: 1 rack: null isFenced: false)], epoch=0}}.
12:16:03.522 [scenario7-slow-events-listener-0-C-1] INFO  o.a.k.clients.consumer.internals.SubscriptionState - [Consumer clientId=consumer-slow-consumer-group-1, groupId=slow-consumer-group] Resetting offset for partition slow-events-0 to position FetchPosition{offset=0, offsetEpoch=Optional.empty, currentLeader=LeaderAndEpoch{leader=Optional[localhost:9092 (id: 1 rack: null isFenced: false)], epoch=0}}.
12:16:03.522 [scenario7-slow-events-listener-0-C-1] INFO  o.s.kafka.listener.KafkaMessageListenerContainer - slow-consumer-group: partitions assigned: [slow-events-0, slow-events-1, slow-events-2]
12:16:03.522 [scenario7-other-events-listener-0-C-1] INFO  o.s.kafka.listener.KafkaMessageListenerContainer - slow-consumer-group: partitions assigned: [other-events-0, other-events-1, other-events-2]
12:16:03.528 [scenario7-slow-events-listener-0-C-1] DEBUG o.s.kafka.listener.KafkaMessageListenerContainer - Received: 1 records
12:16:03.528 [scenario7-slow-events-listener-0-C-1] DEBUG o.s.k.l.a.RecordMessagingMessageListenerAdapter - Processing [GenericMessage [payload=DemoEvent(id=a2554d8b-b469-4e3d-92e9-a76cdcb66fe1, payload=demo-event-0, slow=true, retryTrigger=false, flaky=false, createdAt=2026-08-27T04:14:28.388135Z), headers={kafka_offset=0, kafka_consumer=org.springframework.kafka.core.DefaultKafkaConsumerFactory$ExtendedKafkaConsumer@c4c7cb2, kafka_timestampType=CREATE_TIME, kafka_receivedPartitionId=2, kafka_receivedMessageKey=0, kafka_receivedTopic=slow-events, kafka_receivedTimestamp=1787804068401, kafka_acknowledgment=Acknowledgment for slow-events-2@0, kafka_groupId=slow-consumer-group}]]
12:16:03.528 [scenario7-slow-events-listener-0-C-1] INFO  c.e.k.listener.SplitTopicRebalanceListener - [slow-events] 收到消息 id=a2554d8b-b469-4e3d-92e9-a76cdcb66fe1 partition=2 slow=true
12:16:03.529 [scenario7-slow-events-listener-0-C-1] WARN  c.e.k.listener.SplitTopicRebalanceListener - [slow-events] 模拟慢处理开始：id=a2554d8b-b469-4e3d-92e9-a76cdcb66fe1 将阻塞 10000ms（超过 max.poll.interval.ms，预期触发该 consumer 的 rebalance）
12:16:06.023 [kafka-coordinator-heartbeat-thread | slow-consumer-group] DEBUG o.a.k.c.consumer.internals.ConsumerCoordinator - [Consumer clientId=consumer-slow-consumer-group-2, groupId=slow-consumer-group] Sending Heartbeat request with generation 17 and member id consumer-slow-consumer-group-2-929996d7-6dc3-4dab-8232-48c527a6ef79 to coordinator localhost:9092 (id: 2147483646 rack: null isFenced: false)
12:16:06.026 [scenario7-other-events-listener-0-C-1] DEBUG o.a.k.c.consumer.internals.ConsumerCoordinator - [Consumer clientId=consumer-slow-consumer-group-2, groupId=slow-consumer-group] Received successful Heartbeat response
12:16:06.119 [kafka-coordinator-heartbeat-thread | slow-consumer-group] DEBUG o.a.k.c.consumer.internals.ConsumerCoordinator - [Consumer clientId=consumer-slow-consumer-group-1, groupId=slow-consumer-group] Sending Heartbeat request with generation 17 and member id consumer-slow-consumer-group-1-ea9466a5-5a69-4d17-a7c3-45b149fb27b6 to coordinator localhost:9092 (id: 2147483646 rack: null isFenced: false)
12:16:06.224 [kafka-coordinator-heartbeat-thread | slow-consumer-group] DEBUG o.a.k.c.consumer.internals.ConsumerCoordinator - [Consumer clientId=consumer-slow-consumer-group-1, groupId=slow-consumer-group] Received successful Heartbeat response
12:16:08.512 [scenario7-other-events-listener-0-C-1] DEBUG o.s.kafka.listener.KafkaMessageListenerContainer - Received: 0 records
12:16:09.024 [kafka-coordinator-heartbeat-thread | slow-consumer-group] DEBUG o.a.k.c.consumer.internals.ConsumerCoordinator - [Consumer clientId=consumer-slow-consumer-group-2, groupId=slow-consumer-group] Sending Heartbeat request with generation 17 and member id consumer-slow-consumer-group-2-929996d7-6dc3-4dab-8232-48c527a6ef79 to coordinator localhost:9092 (id: 2147483646 rack: null isFenced: false)
12:16:09.028 [scenario7-other-events-listener-0-C-1] DEBUG o.a.k.c.consumer.internals.ConsumerCoordinator - [Consumer clientId=consumer-slow-consumer-group-2, groupId=slow-consumer-group] Received successful Heartbeat response
12:16:09.121 [kafka-coordinator-heartbeat-thread | slow-consumer-group] DEBUG o.a.k.c.consumer.internals.ConsumerCoordinator - [Consumer clientId=consumer-slow-consumer-group-1, groupId=slow-consumer-group] Sending Heartbeat request with generation 17 and member id consumer-slow-consumer-group-1-ea9466a5-5a69-4d17-a7c3-45b149fb27b6 to coordinator localhost:9092 (id: 2147483646 rack: null isFenced: false)
12:16:09.227 [kafka-coordinator-heartbeat-thread | slow-consumer-group] DEBUG o.a.k.c.consumer.internals.ConsumerCoordinator - [Consumer clientId=consumer-slow-consumer-group-1, groupId=slow-consumer-group] Received successful Heartbeat response
12:16:09.541 [kafka-coordinator-heartbeat-thread | slow-consumer-group] WARN  o.a.k.c.consumer.internals.ConsumerCoordinator - [Consumer clientId=consumer-slow-consumer-group-1, groupId=slow-consumer-group] consumer poll timeout has expired. This means the time between subsequent calls to poll() was longer than the configured max.poll.interval.ms, which typically implies that the poll loop is spending too much time processing messages. You can address this either by increasing max.poll.interval.ms or by reducing the maximum size of batches returned in poll() with max.poll.records.
12:16:09.541 [kafka-coordinator-heartbeat-thread | slow-consumer-group] INFO  o.a.k.c.consumer.internals.ConsumerCoordinator - [Consumer clientId=consumer-slow-consumer-group-1, groupId=slow-consumer-group] Member consumer-slow-consumer-group-1-ea9466a5-5a69-4d17-a7c3-45b149fb27b6 sending LeaveGroup request to coordinator localhost:9092 (id: 2147483646 rack: null isFenced: false) due to consumer poll timeout has expired.
12:16:09.542 [kafka-coordinator-heartbeat-thread | slow-consumer-group] INFO  o.a.k.c.consumer.internals.ConsumerCoordinator - [Consumer clientId=consumer-slow-consumer-group-1, groupId=slow-consumer-group] Resetting generation and member id due to: consumer pro-actively leaving the group
12:16:09.542 [kafka-coordinator-heartbeat-thread | slow-consumer-group] INFO  o.a.k.c.consumer.internals.ConsumerCoordinator - [Consumer clientId=consumer-slow-consumer-group-1, groupId=slow-consumer-group] Request joining group due to: consumer pro-actively leaving the group
12:16:12.026 [kafka-coordinator-heartbeat-thread | slow-consumer-group] DEBUG o.a.k.c.consumer.internals.ConsumerCoordinator - [Consumer clientId=consumer-slow-consumer-group-2, groupId=slow-consumer-group] Sending Heartbeat request with generation 17 and member id consumer-slow-consumer-group-2-929996d7-6dc3-4dab-8232-48c527a6ef79 to coordinator localhost:9092 (id: 2147483646 rack: null isFenced: false)
12:16:12.030 [scenario7-other-events-listener-0-C-1] INFO  o.a.k.c.consumer.internals.ConsumerCoordinator - [Consumer clientId=consumer-slow-consumer-group-2, groupId=slow-consumer-group] Request joining group due to: group is already rebalancing
12:16:12.030 [scenario7-other-events-listener-0-C-1] DEBUG o.a.k.c.consumer.internals.ConsumerCoordinator - [Consumer clientId=consumer-slow-consumer-group-2, groupId=slow-consumer-group] Executing onJoinPrepare with generation 17 and memberId consumer-slow-consumer-group-2-929996d7-6dc3-4dab-8232-48c527a6ef79
12:16:12.030 [scenario7-other-events-listener-0-C-1] INFO  o.a.k.c.c.i.ConsumerRebalanceListenerInvoker - [Consumer clientId=consumer-slow-consumer-group-2, groupId=slow-consumer-group] Revoke previously assigned partitions [other-events-0, other-events-1, other-events-2]
12:16:12.031 [scenario7-other-events-listener-0-C-1] INFO  o.s.kafka.listener.KafkaMessageListenerContainer - slow-consumer-group: partitions revoked: [other-events-0, other-events-1, other-events-2]
12:16:12.031 [scenario7-other-events-listener-0-C-1] INFO  o.a.k.c.consumer.internals.ConsumerCoordinator - [Consumer clientId=consumer-slow-consumer-group-2, groupId=slow-consumer-group] (Re-)joining group
12:16:12.031 [scenario7-other-events-listener-0-C-1] DEBUG o.a.k.c.consumer.internals.ConsumerCoordinator - [Consumer clientId=consumer-slow-consumer-group-2, groupId=slow-consumer-group] Joining group with current subscription: [other-events]
12:16:12.031 [scenario7-other-events-listener-0-C-1] DEBUG o.a.k.c.consumer.internals.ConsumerCoordinator - [Consumer clientId=consumer-slow-consumer-group-2, groupId=slow-consumer-group] Sending JoinGroup (JoinGroupRequestData(groupId='slow-consumer-group', sessionTimeoutMs=10000, rebalanceTimeoutMs=6000, memberId='consumer-slow-consumer-group-2-929996d7-6dc3-4dab-8232-48c527a6ef79', groupInstanceId=null, protocolType='consumer', protocols=[JoinGroupRequestProtocol(name='range', metadata=[0, 3, 0, 0, 0, 1, 0, 12, 111, 116, 104, 101, 114, 45, 101, 118, 101, 110, 116, 115, -1, -1, -1, -1, 0, 0, 0, 0, 0, 0, 0, 17, -1, -1]), JoinGroupRequestProtocol(name='cooperative-sticky', metadata=[0, 3, 0, 0, 0, 1, 0, 12, 111, 116, 104, 101, 114, 45, 101, 118, 101, 110, 116, 115, 0, 0, 0, 4, -1, -1, -1, -1, 0, 0, 0, 0, 0, 0, 0, 17, -1, -1])], reason='group is already rebalancing')) to coordinator localhost:9092 (id: 2147483646 rack: null isFenced: false)
12:16:12.036 [scenario7-other-events-listener-0-C-1] DEBUG o.a.k.c.consumer.internals.ConsumerCoordinator - [Consumer clientId=consumer-slow-consumer-group-2, groupId=slow-consumer-group] Received successful JoinGroup response: JoinGroupResponseData(throttleTimeMs=0, errorCode=0, generationId=18, protocolType='consumer', protocolName='range', leader='consumer-slow-consumer-group-2-929996d7-6dc3-4dab-8232-48c527a6ef79', skipAssignment=false, memberId='consumer-slow-consumer-group-2-929996d7-6dc3-4dab-8232-48c527a6ef79', members=[JoinGroupResponseMember(memberId='consumer-slow-consumer-group-2-929996d7-6dc3-4dab-8232-48c527a6ef79', groupInstanceId=null, metadata=[0, 3, 0, 0, 0, 1, 0, 12, 111, 116, 104, 101, 114, 45, 101, 118, 101, 110, 116, 115, -1, -1, -1, -1, 0, 0, 0, 0, 0, 0, 0, 17, -1, -1])])
12:16:12.036 [scenario7-other-events-listener-0-C-1] DEBUG o.a.k.c.consumer.internals.ConsumerCoordinator - [Consumer clientId=consumer-slow-consumer-group-2, groupId=slow-consumer-group] Enabling heartbeat thread
12:16:12.036 [scenario7-other-events-listener-0-C-1] INFO  o.a.k.c.consumer.internals.ConsumerCoordinator - [Consumer clientId=consumer-slow-consumer-group-2, groupId=slow-consumer-group] Successfully joined group with generation Generation{generationId=18, memberId='consumer-slow-consumer-group-2-929996d7-6dc3-4dab-8232-48c527a6ef79', protocol='range'}
12:16:12.036 [scenario7-other-events-listener-0-C-1] DEBUG o.a.k.c.consumer.internals.ConsumerCoordinator - [Consumer clientId=consumer-slow-consumer-group-2, groupId=slow-consumer-group] Performing assignment using strategy range with subscriptions {consumer-slow-consumer-group-2-929996d7-6dc3-4dab-8232-48c527a6ef79=Subscription(topics=[other-events], ownedPartitions=[], groupInstanceId=null, generationId=17, rackId=null)}
12:16:12.036 [scenario7-other-events-listener-0-C-1] INFO  o.a.k.c.consumer.internals.ConsumerCoordinator - [Consumer clientId=consumer-slow-consumer-group-2, groupId=slow-consumer-group] Finished assignment for group at generation 18: {consumer-slow-consumer-group-2-929996d7-6dc3-4dab-8232-48c527a6ef79=Assignment(partitions=[other-events-0, other-events-1, other-events-2])}
12:16:12.037 [scenario7-other-events-listener-0-C-1] DEBUG o.a.k.c.consumer.internals.ConsumerCoordinator - [Consumer clientId=consumer-slow-consumer-group-2, groupId=slow-consumer-group] Sending leader SyncGroup to coordinator localhost:9092 (id: 2147483646 rack: null isFenced: false): SyncGroupRequestData(groupId='slow-consumer-group', generationId=18, memberId='consumer-slow-consumer-group-2-929996d7-6dc3-4dab-8232-48c527a6ef79', groupInstanceId=null, protocolType='consumer', protocolName='range', assignments=[SyncGroupRequestAssignment(memberId='consumer-slow-consumer-group-2-929996d7-6dc3-4dab-8232-48c527a6ef79', assignment=[0, 3, 0, 0, 0, 1, 0, 12, 111, 116, 104, 101, 114, 45, 101, 118, 101, 110, 116, 115, 0, 0, 0, 3, 0, 0, 0, 0, 0, 0, 0, 1, 0, 0, 0, 2, -1, -1, -1, -1])])
12:16:12.040 [scenario7-other-events-listener-0-C-1] DEBUG o.a.k.c.consumer.internals.ConsumerCoordinator - [Consumer clientId=consumer-slow-consumer-group-2, groupId=slow-consumer-group] Received successful SyncGroup response: SyncGroupResponseData(throttleTimeMs=0, errorCode=0, protocolType='consumer', protocolName='range', assignment=[0, 3, 0, 0, 0, 1, 0, 12, 111, 116, 104, 101, 114, 45, 101, 118, 101, 110, 116, 115, 0, 0, 0, 3, 0, 0, 0, 0, 0, 0, 0, 1, 0, 0, 0, 2, -1, -1, -1, -1])
12:16:12.041 [scenario7-other-events-listener-0-C-1] INFO  o.a.k.c.consumer.internals.ConsumerCoordinator - [Consumer clientId=consumer-slow-consumer-group-2, groupId=slow-consumer-group] Successfully synced group in generation Generation{generationId=18, memberId='consumer-slow-consumer-group-2-929996d7-6dc3-4dab-8232-48c527a6ef79', protocol='range'}
12:16:12.041 [scenario7-other-events-listener-0-C-1] DEBUG o.a.k.c.consumer.internals.ConsumerCoordinator - [Consumer clientId=consumer-slow-consumer-group-2, groupId=slow-consumer-group] Executing onJoinComplete with generation 18 and memberId consumer-slow-consumer-group-2-929996d7-6dc3-4dab-8232-48c527a6ef79
12:16:12.041 [scenario7-other-events-listener-0-C-1] INFO  o.a.k.c.consumer.internals.ConsumerCoordinator - [Consumer clientId=consumer-slow-consumer-group-2, groupId=slow-consumer-group] Notifying assignor about the new Assignment(partitions=[other-events-0, other-events-1, other-events-2])
12:16:12.041 [scenario7-other-events-listener-0-C-1] INFO  o.a.k.c.c.i.ConsumerRebalanceListenerInvoker - [Consumer clientId=consumer-slow-consumer-group-2, groupId=slow-consumer-group] Adding newly assigned partitions: [other-events-0, other-events-1, other-events-2]
12:16:12.041 [scenario7-other-events-listener-0-C-1] DEBUG o.a.k.c.consumer.internals.ConsumerCoordinator - [Consumer clientId=consumer-slow-consumer-group-2, groupId=slow-consumer-group] Fetching committed offsets for partitions: [other-events-0, other-events-1, other-events-2]
12:16:12.043 [scenario7-other-events-listener-0-C-1] INFO  o.a.k.c.consumer.internals.ConsumerCoordinator - [Consumer clientId=consumer-slow-consumer-group-2, groupId=slow-consumer-group] Found no committed offset for partition other-events-0
12:16:12.043 [scenario7-other-events-listener-0-C-1] INFO  o.a.k.c.consumer.internals.ConsumerCoordinator - [Consumer clientId=consumer-slow-consumer-group-2, groupId=slow-consumer-group] Found no committed offset for partition other-events-1
12:16:12.043 [scenario7-other-events-listener-0-C-1] INFO  o.a.kafka.clients.consumer.internals.ConsumerUtils - Setting offset for partition other-events-2 to the committed offset FetchPosition{offset=60, offsetEpoch=Optional.empty, currentLeader=LeaderAndEpoch{leader=Optional[localhost:9092 (id: 1 rack: null isFenced: false)], epoch=0}}
12:16:12.398 [scenario7-other-events-listener-0-C-1] INFO  o.a.k.clients.consumer.internals.SubscriptionState - [Consumer clientId=consumer-slow-consumer-group-2, groupId=slow-consumer-group] Resetting offset for partition other-events-0 to position FetchPosition{offset=0, offsetEpoch=Optional.empty, currentLeader=LeaderAndEpoch{leader=Optional[localhost:9092 (id: 1 rack: null isFenced: false)], epoch=0}}.
12:16:12.398 [scenario7-other-events-listener-0-C-1] INFO  o.a.k.clients.consumer.internals.SubscriptionState - [Consumer clientId=consumer-slow-consumer-group-2, groupId=slow-consumer-group] Resetting offset for partition other-events-1 to position FetchPosition{offset=0, offsetEpoch=Optional.empty, currentLeader=LeaderAndEpoch{leader=Optional[localhost:9092 (id: 1 rack: null isFenced: false)], epoch=0}}.
12:16:12.398 [scenario7-other-events-listener-0-C-1] INFO  o.s.kafka.listener.KafkaMessageListenerContainer - slow-consumer-group: partitions assigned: [other-events-0, other-events-1, other-events-2]
12:16:13.514 [scenario7-other-events-listener-0-C-1] DEBUG o.s.kafka.listener.KafkaMessageListenerContainer - Received: 0 records
12:16:13.530 [scenario7-slow-events-listener-0-C-1] DEBUG o.s.kafka.listener.KafkaMessageListenerContainer - Committing: {slow-events-2=OffsetAndMetadata{offset=1, leaderEpoch=null, metadata=''}}
12:16:13.530 [scenario7-slow-events-listener-0-C-1] INFO  o.a.k.c.consumer.internals.ConsumerCoordinator - [Consumer clientId=consumer-slow-consumer-group-1, groupId=slow-consumer-group] Failing OffsetCommit request since the consumer is not part of an active group
12:16:13.531 [scenario7-slow-events-listener-0-C-1] DEBUG o.a.k.c.consumer.internals.ConsumerCoordinator - [Consumer clientId=consumer-slow-consumer-group-1, groupId=slow-consumer-group] LeaveGroup response with Generation{generationId=17, memberId='consumer-slow-consumer-group-1-ea9466a5-5a69-4d17-a7c3-45b149fb27b6', protocol='range'} returned successfully: ClientResponse(receivedTimeMs=1787804173530, latencyMs=3989, disconnected=false, timedOut=false, requestHeader=RequestHeader(apiKey=LEAVE_GROUP, apiVersion=5, clientId=consumer-slow-consumer-group-1, correlationId=107, headerVersion=2), responseBody=LeaveGroupResponseData(throttleTimeMs=0, errorCode=0, members=[MemberResponse(memberId='consumer-slow-consumer-group-1-ea9466a5-5a69-4d17-a7c3-45b149fb27b6', groupInstanceId=null, errorCode=0)]))
12:16:13.531 [scenario7-slow-events-listener-0-C-1] WARN  c.e.k.listener.SplitTopicRebalanceListener - [slow-events] 提交 offset 失败，可能因 rebalance 导致该分区已被回收 id=a2554d8b-b469-4e3d-92e9-a76cdcb66fe1
org.apache.kafka.clients.consumer.CommitFailedException: Offset commit cannot be completed since the consumer is not part of an active group for auto partition assignment; it is likely that the consumer was kicked out of the group.
	at org.apache.kafka.clients.consumer.internals.ConsumerCoordinator.sendOffsetCommitRequest(ConsumerCoordinator.java:1320)
	at org.apache.kafka.clients.consumer.internals.ConsumerCoordinator.commitOffsetsSync(ConsumerCoordinator.java:1155)
	at org.apache.kafka.clients.consumer.internals.ClassicKafkaConsumer.commitSync(ClassicKafkaConsumer.java:747)
	at org.apache.kafka.clients.consumer.KafkaConsumer.commitSync(KafkaConsumer.java:1094)
	at org.springframework.kafka.listener.KafkaMessageListenerContainer$ListenerConsumer.doCommitSync(KafkaMessageListenerContainer.java:3474)
	at org.springframework.kafka.listener.KafkaMessageListenerContainer$ListenerConsumer.commitSync(KafkaMessageListenerContainer.java:3469)
	at org.springframework.kafka.listener.KafkaMessageListenerContainer$ListenerConsumer.commitOffsets(KafkaMessageListenerContainer.java:3452)
	at org.springframework.kafka.listener.KafkaMessageListenerContainer$ListenerConsumer.commitOffsetsInTransactions(KafkaMessageListenerContainer.java:3443)
	at org.springframework.kafka.listener.KafkaMessageListenerContainer$ListenerConsumer.ackImmediate(KafkaMessageListenerContainer.java:2187)
	at org.springframework.kafka.listener.KafkaMessageListenerContainer$ListenerConsumer.processAck(KafkaMessageListenerContainer.java:2082)
	at org.springframework.kafka.listener.KafkaMessageListenerContainer$ListenerConsumer.doAck(KafkaMessageListenerContainer.java:2062)
	at org.springframework.kafka.listener.KafkaMessageListenerContainer$ListenerConsumer$ConsumerAcknowledgment.acknowledge(KafkaMessageListenerContainer.java:3622)
	at com.example.kafkarebalance.listener.SplitTopicRebalanceListener.onSlowEvent(SplitTopicRebalanceListener.kt:66)
	at java.base/jdk.internal.reflect.DirectMethodHandleAccessor.invoke(DirectMethodHandleAccessor.java:104)
	at java.base/java.lang.reflect.Method.invoke(Method.java:565)
	at org.springframework.messaging.handler.invocation.InvocableHandlerMethod.doInvoke(InvocableHandlerMethod.java:168)
	at org.springframework.kafka.listener.adapter.KotlinAwareInvocableHandlerMethod.doInvoke(KotlinAwareInvocableHandlerMethod.java:48)
	at org.springframework.messaging.handler.invocation.InvocableHandlerMethod.invoke(InvocableHandlerMethod.java:119)
	at org.springframework.kafka.listener.adapter.HandlerAdapter.invoke(HandlerAdapter.java:80)
	at org.springframework.kafka.listener.adapter.MessagingMessageListenerAdapter.invokeHandler(MessagingMessageListenerAdapter.java:488)
	at org.springframework.kafka.listener.adapter.MessagingMessageListenerAdapter.invoke(MessagingMessageListenerAdapter.java:425)
	at org.springframework.kafka.listener.adapter.RecordMessagingMessageListenerAdapter.onMessage(RecordMessagingMessageListenerAdapter.java:92)
	at org.springframework.kafka.listener.adapter.RecordMessagingMessageListenerAdapter.onMessage(RecordMessagingMessageListenerAdapter.java:52)
	at org.springframework.kafka.listener.KafkaMessageListenerContainer$ListenerConsumer.doInvokeOnMessage(KafkaMessageListenerContainer.java:2948)
	at org.springframework.kafka.listener.KafkaMessageListenerContainer$ListenerConsumer.invokeOnMessage(KafkaMessageListenerContainer.java:2927)
	at org.springframework.kafka.listener.KafkaMessageListenerContainer$ListenerConsumer.doInvokeRecordListener(KafkaMessageListenerContainer.java:2837)
	at org.springframework.kafka.listener.KafkaMessageListenerContainer$ListenerConsumer.doInvokeWithRecords(KafkaMessageListenerContainer.java:2679)
	at org.springframework.kafka.listener.KafkaMessageListenerContainer$ListenerConsumer.invokeRecordListener(KafkaMessageListenerContainer.java:2573)
	at org.springframework.kafka.listener.KafkaMessageListenerContainer$ListenerConsumer.invokeListener(KafkaMessageListenerContainer.java:2204)
	at org.springframework.kafka.listener.KafkaMessageListenerContainer$ListenerConsumer.invokeIfHaveRecords(KafkaMessageListenerContainer.java:1559)
	at org.springframework.kafka.listener.KafkaMessageListenerContainer$ListenerConsumer.pollAndInvoke(KafkaMessageListenerContainer.java:1499)
	at org.springframework.kafka.listener.KafkaMessageListenerContainer$ListenerConsumer.run(KafkaMessageListenerContainer.java:1368)
	at java.base/java.util.concurrent.CompletableFuture$AsyncRun.run(CompletableFuture.java:1825)
	at java.base/java.lang.Thread.run(Thread.java:1474)
12:16:13.531 [scenario7-slow-events-listener-0-C-1] DEBUG o.a.k.c.consumer.internals.ConsumerCoordinator - [Consumer clientId=consumer-slow-consumer-group-1, groupId=slow-consumer-group] Executing onJoinPrepare with generation -1 and memberId 
12:16:13.531 [scenario7-slow-events-listener-0-C-1] INFO  o.a.k.c.consumer.internals.ConsumerCoordinator - [Consumer clientId=consumer-slow-consumer-group-1, groupId=slow-consumer-group] Giving away all assigned partitions as lost since generation/memberID has been reset,indicating that consumer is in old state or no longer part of the group
12:16:13.531 [scenario7-slow-events-listener-0-C-1] INFO  o.a.k.c.c.i.ConsumerRebalanceListenerInvoker - [Consumer clientId=consumer-slow-consumer-group-1, groupId=slow-consumer-group] Lost previously assigned partitions [slow-events-0, slow-events-1, slow-events-2]
12:16:13.531 [scenario7-slow-events-listener-0-C-1] INFO  o.s.kafka.listener.KafkaMessageListenerContainer - slow-consumer-group: partitions lost: [slow-events-0, slow-events-1, slow-events-2]
12:16:13.531 [scenario7-slow-events-listener-0-C-1] INFO  o.s.kafka.listener.KafkaMessageListenerContainer - slow-consumer-group: partitions revoked: [slow-events-0, slow-events-1, slow-events-2]
12:16:13.532 [scenario7-slow-events-listener-0-C-1] INFO  o.a.k.c.consumer.internals.ConsumerCoordinator - [Consumer clientId=consumer-slow-consumer-group-1, groupId=slow-consumer-group] (Re-)joining group
12:16:13.532 [scenario7-slow-events-listener-0-C-1] DEBUG o.a.k.c.consumer.internals.ConsumerCoordinator - [Consumer clientId=consumer-slow-consumer-group-1, groupId=slow-consumer-group] Joining group with current subscription: [slow-events]
12:16:13.532 [scenario7-slow-events-listener-0-C-1] DEBUG o.a.k.c.consumer.internals.ConsumerCoordinator - [Consumer clientId=consumer-slow-consumer-group-1, groupId=slow-consumer-group] Sending JoinGroup (JoinGroupRequestData(groupId='slow-consumer-group', sessionTimeoutMs=10000, rebalanceTimeoutMs=6000, memberId='', groupInstanceId=null, protocolType='consumer', protocols=[JoinGroupRequestProtocol(name='range', metadata=[0, 3, 0, 0, 0, 1, 0, 11, 115, 108, 111, 119, 45, 101, 118, 101, 110, 116, 115, -1, -1, -1, -1, 0, 0, 0, 0, -1, -1, -1, -1, -1, -1]), JoinGroupRequestProtocol(name='cooperative-sticky', metadata=[0, 3, 0, 0, 0, 1, 0, 11, 115, 108, 111, 119, 45, 101, 118, 101, 110, 116, 115, 0, 0, 0, 4, -1, -1, -1, -1, 0, 0, 0, 0, -1, -1, -1, -1, -1, -1])], reason='consumer pro-actively leaving the group')) to coordinator localhost:9092 (id: 2147483646 rack: null isFenced: false)
12:16:13.538 [scenario7-slow-events-listener-0-C-1] DEBUG o.a.k.c.consumer.internals.ConsumerCoordinator - [Consumer clientId=consumer-slow-consumer-group-1, groupId=slow-consumer-group] JoinGroup failed due to non-fatal error: MEMBER_ID_REQUIRED. Will set the member id as consumer-slow-consumer-group-1-ab17c09c-b9fa-4a38-be9a-74019bebe023 and then rejoin. Sent generation was Generation{generationId=-1, memberId='', protocol='null'}
12:16:13.538 [scenario7-slow-events-listener-0-C-1] INFO  o.a.k.c.consumer.internals.ConsumerCoordinator - [Consumer clientId=consumer-slow-consumer-group-1, groupId=slow-consumer-group] Request joining group due to: need to re-join with the given member-id: consumer-slow-consumer-group-1-ab17c09c-b9fa-4a38-be9a-74019bebe023
12:16:13.538 [scenario7-slow-events-listener-0-C-1] INFO  o.a.k.c.consumer.internals.ConsumerCoordinator - [Consumer clientId=consumer-slow-consumer-group-1, groupId=slow-consumer-group] (Re-)joining group
12:16:13.538 [scenario7-slow-events-listener-0-C-1] DEBUG o.a.k.c.consumer.internals.ConsumerCoordinator - [Consumer clientId=consumer-slow-consumer-group-1, groupId=slow-consumer-group] Joining group with current subscription: [slow-events]
12:16:13.539 [scenario7-slow-events-listener-0-C-1] DEBUG o.a.k.c.consumer.internals.ConsumerCoordinator - [Consumer clientId=consumer-slow-consumer-group-1, groupId=slow-consumer-group] Sending JoinGroup (JoinGroupRequestData(groupId='slow-consumer-group', sessionTimeoutMs=10000, rebalanceTimeoutMs=6000, memberId='consumer-slow-consumer-group-1-ab17c09c-b9fa-4a38-be9a-74019bebe023', groupInstanceId=null, protocolType='consumer', protocols=[JoinGroupRequestProtocol(name='range', metadata=[0, 3, 0, 0, 0, 1, 0, 11, 115, 108, 111, 119, 45, 101, 118, 101, 110, 116, 115, -1, -1, -1, -1, 0, 0, 0, 0, -1, -1, -1, -1, -1, -1]), JoinGroupRequestProtocol(name='cooperative-sticky', metadata=[0, 3, 0, 0, 0, 1, 0, 11, 115, 108, 111, 119, 45, 101, 118, 101, 110, 116, 115, 0, 0, 0, 4, -1, -1, -1, -1, 0, 0, 0, 0, -1, -1, -1, -1, -1, -1])], reason='need to re-join with the given member-id: consumer-slow-consumer-group-1-ab17c09c-b9fa-4a38-be9a-74019bebe023')) to coordinator localhost:9092 (id: 2147483646 rack: null isFenced: false)
12:16:15.037 [kafka-coordinator-heartbeat-thread | slow-consumer-group] DEBUG o.a.k.c.consumer.internals.ConsumerCoordinator - [Consumer clientId=consumer-slow-consumer-group-2, groupId=slow-consumer-group] Sending Heartbeat request with generation 18 and member id consumer-slow-consumer-group-2-929996d7-6dc3-4dab-8232-48c527a6ef79 to coordinator localhost:9092 (id: 2147483646 rack: null isFenced: false)
12:16:15.042 [scenario7-other-events-listener-0-C-1] INFO  o.a.k.c.consumer.internals.ConsumerCoordinator - [Consumer clientId=consumer-slow-consumer-group-2, groupId=slow-consumer-group] Request joining group due to: group is already rebalancing
12:16:15.042 [scenario7-other-events-listener-0-C-1] DEBUG o.a.k.c.consumer.internals.ConsumerCoordinator - [Consumer clientId=consumer-slow-consumer-group-2, groupId=slow-consumer-group] Executing onJoinPrepare with generation 18 and memberId consumer-slow-consumer-group-2-929996d7-6dc3-4dab-8232-48c527a6ef79
12:16:15.042 [scenario7-other-events-listener-0-C-1] INFO  o.a.k.c.c.i.ConsumerRebalanceListenerInvoker - [Consumer clientId=consumer-slow-consumer-group-2, groupId=slow-consumer-group] Revoke previously assigned partitions [other-events-0, other-events-1, other-events-2]
12:16:15.042 [scenario7-other-events-listener-0-C-1] INFO  o.s.kafka.listener.KafkaMessageListenerContainer - slow-consumer-group: partitions revoked: [other-events-0, other-events-1, other-events-2]
12:16:15.042 [scenario7-other-events-listener-0-C-1] INFO  o.a.k.c.consumer.internals.ConsumerCoordinator - [Consumer clientId=consumer-slow-consumer-group-2, groupId=slow-consumer-group] (Re-)joining group
12:16:15.042 [scenario7-other-events-listener-0-C-1] DEBUG o.a.k.c.consumer.internals.ConsumerCoordinator - [Consumer clientId=consumer-slow-consumer-group-2, groupId=slow-consumer-group] Joining group with current subscription: [other-events]
12:16:15.043 [scenario7-other-events-listener-0-C-1] DEBUG o.a.k.c.consumer.internals.ConsumerCoordinator - [Consumer clientId=consumer-slow-consumer-group-2, groupId=slow-consumer-group] Sending JoinGroup (JoinGroupRequestData(groupId='slow-consumer-group', sessionTimeoutMs=10000, rebalanceTimeoutMs=6000, memberId='consumer-slow-consumer-group-2-929996d7-6dc3-4dab-8232-48c527a6ef79', groupInstanceId=null, protocolType='consumer', protocols=[JoinGroupRequestProtocol(name='range', metadata=[0, 3, 0, 0, 0, 1, 0, 12, 111, 116, 104, 101, 114, 45, 101, 118, 101, 110, 116, 115, -1, -1, -1, -1, 0, 0, 0, 0, 0, 0, 0, 18, -1, -1]), JoinGroupRequestProtocol(name='cooperative-sticky', metadata=[0, 3, 0, 0, 0, 1, 0, 12, 111, 116, 104, 101, 114, 45, 101, 118, 101, 110, 116, 115, 0, 0, 0, 4, -1, -1, -1, -1, 0, 0, 0, 0, 0, 0, 0, 18, -1, -1])], reason='group is already rebalancing')) to coordinator localhost:9092 (id: 2147483646 rack: null isFenced: false)
12:16:15.046 [scenario7-other-events-listener-0-C-1] DEBUG o.a.k.c.consumer.internals.ConsumerCoordinator - [Consumer clientId=consumer-slow-consumer-group-2, groupId=slow-consumer-group] Received successful JoinGroup response: JoinGroupResponseData(throttleTimeMs=0, errorCode=0, generationId=19, protocolType='consumer', protocolName='range', leader='consumer-slow-consumer-group-2-929996d7-6dc3-4dab-8232-48c527a6ef79', skipAssignment=false, memberId='consumer-slow-consumer-group-2-929996d7-6dc3-4dab-8232-48c527a6ef79', members=[JoinGroupResponseMember(memberId='consumer-slow-consumer-group-2-929996d7-6dc3-4dab-8232-48c527a6ef79', groupInstanceId=null, metadata=[0, 3, 0, 0, 0, 1, 0, 12, 111, 116, 104, 101, 114, 45, 101, 118, 101, 110, 116, 115, -1, -1, -1, -1, 0, 0, 0, 0, 0, 0, 0, 18, -1, -1]), JoinGroupResponseMember(memberId='consumer-slow-consumer-group-1-ab17c09c-b9fa-4a38-be9a-74019bebe023', groupInstanceId=null, metadata=[0, 3, 0, 0, 0, 1, 0, 11, 115, 108, 111, 119, 45, 101, 118, 101, 110, 116, 115, -1, -1, -1, -1, 0, 0, 0, 0, -1, -1, -1, -1, -1, -1])])
12:16:15.046 [scenario7-other-events-listener-0-C-1] DEBUG o.a.k.c.consumer.internals.ConsumerCoordinator - [Consumer clientId=consumer-slow-consumer-group-2, groupId=slow-consumer-group] Enabling heartbeat thread
12:16:15.046 [scenario7-other-events-listener-0-C-1] INFO  o.a.k.c.consumer.internals.ConsumerCoordinator - [Consumer clientId=consumer-slow-consumer-group-2, groupId=slow-consumer-group] Successfully joined group with generation Generation{generationId=19, memberId='consumer-slow-consumer-group-2-929996d7-6dc3-4dab-8232-48c527a6ef79', protocol='range'}
12:16:15.046 [scenario7-slow-events-listener-0-C-1] DEBUG o.a.k.c.consumer.internals.ConsumerCoordinator - [Consumer clientId=consumer-slow-consumer-group-1, groupId=slow-consumer-group] Received successful JoinGroup response: JoinGroupResponseData(throttleTimeMs=0, errorCode=0, generationId=19, protocolType='consumer', protocolName='range', leader='consumer-slow-consumer-group-2-929996d7-6dc3-4dab-8232-48c527a6ef79', skipAssignment=false, memberId='consumer-slow-consumer-group-1-ab17c09c-b9fa-4a38-be9a-74019bebe023', members=[])
12:16:15.046 [scenario7-slow-events-listener-0-C-1] DEBUG o.a.k.c.consumer.internals.ConsumerCoordinator - [Consumer clientId=consumer-slow-consumer-group-1, groupId=slow-consumer-group] Enabling heartbeat thread
12:16:15.046 [scenario7-slow-events-listener-0-C-1] INFO  o.a.k.c.consumer.internals.ConsumerCoordinator - [Consumer clientId=consumer-slow-consumer-group-1, groupId=slow-consumer-group] Successfully joined group with generation Generation{generationId=19, memberId='consumer-slow-consumer-group-1-ab17c09c-b9fa-4a38-be9a-74019bebe023', protocol='range'}
12:16:15.046 [scenario7-slow-events-listener-0-C-1] DEBUG o.a.k.c.consumer.internals.ConsumerCoordinator - [Consumer clientId=consumer-slow-consumer-group-1, groupId=slow-consumer-group] Sending follower SyncGroup to coordinator localhost:9092 (id: 2147483646 rack: null isFenced: false): SyncGroupRequestData(groupId='slow-consumer-group', generationId=19, memberId='consumer-slow-consumer-group-1-ab17c09c-b9fa-4a38-be9a-74019bebe023', groupInstanceId=null, protocolType='consumer', protocolName='range', assignments=[])
12:16:15.375 [scenario7-other-events-listener-0-C-1] DEBUG o.a.k.c.consumer.internals.ConsumerCoordinator - [Consumer clientId=consumer-slow-consumer-group-2, groupId=slow-consumer-group] Performing assignment using strategy range with subscriptions {consumer-slow-consumer-group-2-929996d7-6dc3-4dab-8232-48c527a6ef79=Subscription(topics=[other-events], ownedPartitions=[], groupInstanceId=null, generationId=18, rackId=null), consumer-slow-consumer-group-1-ab17c09c-b9fa-4a38-be9a-74019bebe023=Subscription(topics=[slow-events], ownedPartitions=[], groupInstanceId=null, generationId=-1, rackId=null)}
12:16:15.375 [scenario7-other-events-listener-0-C-1] INFO  o.a.k.c.consumer.internals.ConsumerCoordinator - [Consumer clientId=consumer-slow-consumer-group-2, groupId=slow-consumer-group] Finished assignment for group at generation 19: {consumer-slow-consumer-group-2-929996d7-6dc3-4dab-8232-48c527a6ef79=Assignment(partitions=[other-events-0, other-events-1, other-events-2]), consumer-slow-consumer-group-1-ab17c09c-b9fa-4a38-be9a-74019bebe023=Assignment(partitions=[slow-events-0, slow-events-1, slow-events-2])}
12:16:15.375 [scenario7-other-events-listener-0-C-1] DEBUG o.a.k.c.consumer.internals.ConsumerCoordinator - [Consumer clientId=consumer-slow-consumer-group-2, groupId=slow-consumer-group] Sending leader SyncGroup to coordinator localhost:9092 (id: 2147483646 rack: null isFenced: false): SyncGroupRequestData(groupId='slow-consumer-group', generationId=19, memberId='consumer-slow-consumer-group-2-929996d7-6dc3-4dab-8232-48c527a6ef79', groupInstanceId=null, protocolType='consumer', protocolName='range', assignments=[SyncGroupRequestAssignment(memberId='consumer-slow-consumer-group-2-929996d7-6dc3-4dab-8232-48c527a6ef79', assignment=[0, 3, 0, 0, 0, 1, 0, 12, 111, 116, 104, 101, 114, 45, 101, 118, 101, 110, 116, 115, 0, 0, 0, 3, 0, 0, 0, 0, 0, 0, 0, 1, 0, 0, 0, 2, -1, -1, -1, -1]), SyncGroupRequestAssignment(memberId='consumer-slow-consumer-group-1-ab17c09c-b9fa-4a38-be9a-74019bebe023', assignment=[0, 3, 0, 0, 0, 1, 0, 11, 115, 108, 111, 119, 45, 101, 118, 101, 110, 116, 115, 0, 0, 0, 3, 0, 0, 0, 0, 0, 0, 0, 1, 0, 0, 0, 2, -1, -1, -1, -1])])
12:16:15.381 [scenario7-other-events-listener-0-C-1] DEBUG o.a.k.c.consumer.internals.ConsumerCoordinator - [Consumer clientId=consumer-slow-consumer-group-2, groupId=slow-consumer-group] Received successful SyncGroup response: SyncGroupResponseData(throttleTimeMs=0, errorCode=0, protocolType='consumer', protocolName='range', assignment=[0, 3, 0, 0, 0, 1, 0, 12, 111, 116, 104, 101, 114, 45, 101, 118, 101, 110, 116, 115, 0, 0, 0, 3, 0, 0, 0, 0, 0, 0, 0, 1, 0, 0, 0, 2, -1, -1, -1, -1])
12:16:15.381 [scenario7-other-events-listener-0-C-1] INFO  o.a.k.c.consumer.internals.ConsumerCoordinator - [Consumer clientId=consumer-slow-consumer-group-2, groupId=slow-consumer-group] Successfully synced group in generation Generation{generationId=19, memberId='consumer-slow-consumer-group-2-929996d7-6dc3-4dab-8232-48c527a6ef79', protocol='range'}
12:16:15.381 [scenario7-other-events-listener-0-C-1] DEBUG o.a.k.c.consumer.internals.ConsumerCoordinator - [Consumer clientId=consumer-slow-consumer-group-2, groupId=slow-consumer-group] Executing onJoinComplete with generation 19 and memberId consumer-slow-consumer-group-2-929996d7-6dc3-4dab-8232-48c527a6ef79
12:16:15.381 [scenario7-slow-events-listener-0-C-1] DEBUG o.a.k.c.consumer.internals.ConsumerCoordinator - [Consumer clientId=consumer-slow-consumer-group-1, groupId=slow-consumer-group] Received successful SyncGroup response: SyncGroupResponseData(throttleTimeMs=0, errorCode=0, protocolType='consumer', protocolName='range', assignment=[0, 3, 0, 0, 0, 1, 0, 11, 115, 108, 111, 119, 45, 101, 118, 101, 110, 116, 115, 0, 0, 0, 3, 0, 0, 0, 0, 0, 0, 0, 1, 0, 0, 0, 2, -1, -1, -1, -1])
12:16:15.381 [scenario7-other-events-listener-0-C-1] INFO  o.a.k.c.consumer.internals.ConsumerCoordinator - [Consumer clientId=consumer-slow-consumer-group-2, groupId=slow-consumer-group] Notifying assignor about the new Assignment(partitions=[other-events-0, other-events-1, other-events-2])
12:16:15.381 [scenario7-other-events-listener-0-C-1] INFO  o.a.k.c.c.i.ConsumerRebalanceListenerInvoker - [Consumer clientId=consumer-slow-consumer-group-2, groupId=slow-consumer-group] Adding newly assigned partitions: [other-events-0, other-events-1, other-events-2]
12:16:15.381 [scenario7-other-events-listener-0-C-1] DEBUG o.a.k.c.consumer.internals.ConsumerCoordinator - [Consumer clientId=consumer-slow-consumer-group-2, groupId=slow-consumer-group] Fetching committed offsets for partitions: [other-events-0, other-events-1, other-events-2]
12:16:15.382 [scenario7-slow-events-listener-0-C-1] INFO  o.a.k.c.consumer.internals.ConsumerCoordinator - [Consumer clientId=consumer-slow-consumer-group-1, groupId=slow-consumer-group] Successfully synced group in generation Generation{generationId=19, memberId='consumer-slow-consumer-group-1-ab17c09c-b9fa-4a38-be9a-74019bebe023', protocol='range'}
12:16:15.382 [scenario7-slow-events-listener-0-C-1] DEBUG o.a.k.c.consumer.internals.ConsumerCoordinator - [Consumer clientId=consumer-slow-consumer-group-1, groupId=slow-consumer-group] Executing onJoinComplete with generation 19 and memberId consumer-slow-consumer-group-1-ab17c09c-b9fa-4a38-be9a-74019bebe023
12:16:15.382 [scenario7-slow-events-listener-0-C-1] INFO  o.a.k.c.consumer.internals.ConsumerCoordinator - [Consumer clientId=consumer-slow-consumer-group-1, groupId=slow-consumer-group] Notifying assignor about the new Assignment(partitions=[slow-events-0, slow-events-1, slow-events-2])
12:16:15.382 [scenario7-slow-events-listener-0-C-1] INFO  o.a.k.c.c.i.ConsumerRebalanceListenerInvoker - [Consumer clientId=consumer-slow-consumer-group-1, groupId=slow-consumer-group] Adding newly assigned partitions: [slow-events-0, slow-events-1, slow-events-2]
12:16:15.382 [scenario7-slow-events-listener-0-C-1] DEBUG o.a.k.c.consumer.internals.ConsumerCoordinator - [Consumer clientId=consumer-slow-consumer-group-1, groupId=slow-consumer-group] Fetching committed offsets for partitions: [slow-events-2, slow-events-1, slow-events-0]
12:16:15.385 [scenario7-other-events-listener-0-C-1] INFO  o.a.k.c.consumer.internals.ConsumerCoordinator - [Consumer clientId=consumer-slow-consumer-group-2, groupId=slow-consumer-group] Found no committed offset for partition other-events-0
12:16:15.385 [scenario7-other-events-listener-0-C-1] INFO  o.a.k.c.consumer.internals.ConsumerCoordinator - [Consumer clientId=consumer-slow-consumer-group-2, groupId=slow-consumer-group] Found no committed offset for partition other-events-1
12:16:15.385 [scenario7-other-events-listener-0-C-1] INFO  o.a.kafka.clients.consumer.internals.ConsumerUtils - Setting offset for partition other-events-2 to the committed offset FetchPosition{offset=60, offsetEpoch=Optional.empty, currentLeader=LeaderAndEpoch{leader=Optional[localhost:9092 (id: 1 rack: null isFenced: false)], epoch=0}}
12:16:15.387 [scenario7-slow-events-listener-0-C-1] INFO  o.a.k.c.consumer.internals.ConsumerCoordinator - [Consumer clientId=consumer-slow-consumer-group-1, groupId=slow-consumer-group] Found no committed offset for partition slow-events-2
12:16:15.387 [scenario7-slow-events-listener-0-C-1] INFO  o.a.k.c.consumer.internals.ConsumerCoordinator - [Consumer clientId=consumer-slow-consumer-group-1, groupId=slow-consumer-group] Found no committed offset for partition slow-events-1
12:16:15.387 [scenario7-slow-events-listener-0-C-1] INFO  o.a.k.c.consumer.internals.ConsumerCoordinator - [Consumer clientId=consumer-slow-consumer-group-1, groupId=slow-consumer-group] Found no committed offset for partition slow-events-0
12:16:15.390 [scenario7-slow-events-listener-0-C-1] INFO  o.a.k.clients.consumer.internals.SubscriptionState - [Consumer clientId=consumer-slow-consumer-group-1, groupId=slow-consumer-group] Resetting offset for partition slow-events-2 to position FetchPosition{offset=0, offsetEpoch=Optional.empty, currentLeader=LeaderAndEpoch{leader=Optional[localhost:9092 (id: 1 rack: null isFenced: false)], epoch=0}}.
12:16:15.390 [scenario7-other-events-listener-0-C-1] INFO  o.a.k.clients.consumer.internals.SubscriptionState - [Consumer clientId=consumer-slow-consumer-group-2, groupId=slow-consumer-group] Resetting offset for partition other-events-0 to position FetchPosition{offset=0, offsetEpoch=Optional.empty, currentLeader=LeaderAndEpoch{leader=Optional[localhost:9092 (id: 1 rack: null isFenced: false)], epoch=0}}.
12:16:15.390 [scenario7-slow-events-listener-0-C-1] INFO  o.a.k.clients.consumer.internals.SubscriptionState - [Consumer clientId=consumer-slow-consumer-group-1, groupId=slow-consumer-group] Resetting offset for partition slow-events-1 to position FetchPosition{offset=0, offsetEpoch=Optional.empty, currentLeader=LeaderAndEpoch{leader=Optional[localhost:9092 (id: 1 rack: null isFenced: false)], epoch=0}}.
12:16:15.390 [scenario7-other-events-listener-0-C-1] INFO  o.a.k.clients.consumer.internals.SubscriptionState - [Consumer clientId=consumer-slow-consumer-group-2, groupId=slow-consumer-group] Resetting offset for partition other-events-1 to position FetchPosition{offset=0, offsetEpoch=Optional.empty, currentLeader=LeaderAndEpoch{leader=Optional[localhost:9092 (id: 1 rack: null isFenced: false)], epoch=0}}.
12:16:15.390 [scenario7-slow-events-listener-0-C-1] INFO  o.a.k.clients.consumer.internals.SubscriptionState - [Consumer clientId=consumer-slow-consumer-group-1, groupId=slow-consumer-group] Resetting offset for partition slow-events-0 to position FetchPosition{offset=0, offsetEpoch=Optional.empty, currentLeader=LeaderAndEpoch{leader=Optional[localhost:9092 (id: 1 rack: null isFenced: false)], epoch=0}}.
12:16:15.390 [scenario7-other-events-listener-0-C-1] INFO  o.s.kafka.listener.KafkaMessageListenerContainer - slow-consumer-group: partitions assigned: [other-events-0, other-events-1, other-events-2]
12:16:15.390 [scenario7-slow-events-listener-0-C-1] INFO  o.s.kafka.listener.KafkaMessageListenerContainer - slow-consumer-group: partitions assigned: [slow-events-0, slow-events-1, slow-events-2]
12:16:15.397 [scenario7-slow-events-listener-0-C-1] DEBUG o.s.kafka.listener.KafkaMessageListenerContainer - Received: 1 records
12:16:15.397 [scenario7-slow-events-listener-0-C-1] DEBUG o.s.k.l.a.RecordMessagingMessageListenerAdapter - Processing [GenericMessage [payload=DemoEvent(id=a2554d8b-b469-4e3d-92e9-a76cdcb66fe1, payload=demo-event-0, slow=true, retryTrigger=false, flaky=false, createdAt=2026-08-27T04:14:28.388135Z), headers={kafka_offset=0, kafka_consumer=org.springframework.kafka.core.DefaultKafkaConsumerFactory$ExtendedKafkaConsumer@c4c7cb2, kafka_timestampType=CREATE_TIME, kafka_receivedPartitionId=2, kafka_receivedMessageKey=0, kafka_receivedTopic=slow-events, kafka_receivedTimestamp=1787804068401, kafka_acknowledgment=Acknowledgment for slow-events-2@0, kafka_groupId=slow-consumer-group}]]
12:16:15.397 [scenario7-slow-events-listener-0-C-1] INFO  c.e.k.listener.SplitTopicRebalanceListener - [slow-events] 收到消息 id=a2554d8b-b469-4e3d-92e9-a76cdcb66fe1 partition=2 slow=true
12:16:15.397 [scenario7-slow-events-listener-0-C-1] WARN  c.e.k.listener.SplitTopicRebalanceListener - [slow-events] 模拟慢处理开始：id=a2554d8b-b469-4e3d-92e9-a76cdcb66fe1 将阻塞 10000ms（超过 max.poll.interval.ms，预期触发该 consumer 的 rebalance）
12:16:18.047 [kafka-coordinator-heartbeat-thread | slow-consumer-group] DEBUG o.a.k.c.consumer.internals.ConsumerCoordinator - [Consumer clientId=consumer-slow-consumer-group-2, groupId=slow-consumer-group] Sending Heartbeat request with generation 19 and member id consumer-slow-consumer-group-2-929996d7-6dc3-4dab-8232-48c527a6ef79 to coordinator localhost:9092 (id: 2147483646 rack: null isFenced: false)
12:16:18.048 [scenario7-other-events-listener-0-C-1] DEBUG o.a.k.c.consumer.internals.ConsumerCoordinator - [Consumer clientId=consumer-slow-consumer-group-2, groupId=slow-consumer-group] Received successful Heartbeat response
12:16:18.068 [kafka-coordinator-heartbeat-thread | slow-consumer-group] DEBUG o.a.k.c.consumer.internals.ConsumerCoordinator - [Consumer clientId=consumer-slow-consumer-group-1, groupId=slow-consumer-group] Sending Heartbeat request with generation 19 and member id consumer-slow-consumer-group-1-ab17c09c-b9fa-4a38-be9a-74019bebe023 to coordinator localhost:9092 (id: 2147483646 rack: null isFenced: false)
12:16:18.171 [kafka-coordinator-heartbeat-thread | slow-consumer-group] DEBUG o.a.k.c.consumer.internals.ConsumerCoordinator - [Consumer clientId=consumer-slow-consumer-group-1, groupId=slow-consumer-group] Received successful Heartbeat response
12:16:18.515 [scenario7-other-events-listener-0-C-1] DEBUG o.s.kafka.listener.KafkaMessageListenerContainer - Received: 0 records
