> Task :checkKotlinGradlePluginConfigurationErrors SKIPPED
> Task :compileKotlin UP-TO-DATE
> Task :compileJava NO-SOURCE
> Task :processResources
> Task :classes
> Task :resolveMainClassName
> Task :bootRun

  .   ____          _            __ _ _
 /\\ / ___'_ __ _ _(_)_ __  __ _ \ \ \ \
( ( )\___ | '_ | '_| | '_ \/ _` | \ \ \ \
 \\/  ___)| |_)| | | | | || (_| |  ) ) ) )
  '  |____| .__|_| |_|_| |_\__, | / / / /
 =========|_|==============|___/=/_/_/_/

 :: Spring Boot ::                (v4.0.4)

11:43:59.329 [main] INFO  c.e.kafkarebalance.KafkaRebalanceDemoApplicationKt - Starting KafkaRebalanceDemoApplicationKt using Java 25.0.2 with PID 31795 (/Users/yudong/Workspace/learn/springboot-kafka-test/build/classes/kotlin/main started by yudong in /Users/yudong/Workspace/learn/springboot-kafka-test)
11:43:59.329 [main] DEBUG c.e.kafkarebalance.KafkaRebalanceDemoApplicationKt - Running with Spring Boot v4.0.4, Spring v7.0.6
11:43:59.329 [main] INFO  c.e.kafkarebalance.KafkaRebalanceDemoApplicationKt - The following 1 profile is active: "scenario6"
11:43:59.720 [main] INFO  org.apache.kafka.common.config.AbstractConfig - AdminClientConfig values: 
	bootstrap.controllers = []
	bootstrap.servers = [localhost:9092]
	client.dns.lookup = use_all_dns_ips
	client.id = kafka-rebalance-demo-admin-0
	connections.max.idle.ms = 300000
	default.api.timeout.ms = 60000
	enable.metrics.push = false
	metadata.max.age.ms = 300000
	metadata.recovery.rebootstrap.trigger.ms = 300000
	metadata.recovery.strategy = rebootstrap
	metric.reporters = [org.apache.kafka.common.metrics.JmxReporter]
	metrics.num.samples = 2
	metrics.recording.level = INFO
	metrics.sample.window.ms = 30000
	receive.buffer.bytes = 65536
	reconnect.backoff.max.ms = 1000
	reconnect.backoff.ms = 50
	request.timeout.ms = 30000
	retries = 2147483647
	retry.backoff.max.ms = 1000
	retry.backoff.ms = 100
	sasl.client.callback.handler.class = null
	sasl.jaas.config = null
	sasl.kerberos.kinit.cmd = /usr/bin/kinit
	sasl.kerberos.min.time.before.relogin = 60000
	sasl.kerberos.service.name = null
	sasl.kerberos.ticket.renew.jitter = 0.05
	sasl.kerberos.ticket.renew.window.factor = 0.8
	sasl.login.callback.handler.class = null
	sasl.login.class = null
	sasl.login.connect.timeout.ms = null
	sasl.login.read.timeout.ms = null
	sasl.login.refresh.buffer.seconds = 300
	sasl.login.refresh.min.period.seconds = 60
	sasl.login.refresh.window.factor = 0.8
	sasl.login.refresh.window.jitter = 0.05
	sasl.login.retry.backoff.max.ms = 10000
	sasl.login.retry.backoff.ms = 100
	sasl.mechanism = GSSAPI
	sasl.oauthbearer.assertion.algorithm = RS256
	sasl.oauthbearer.assertion.claim.aud = null
	sasl.oauthbearer.assertion.claim.exp.seconds = 300
	sasl.oauthbearer.assertion.claim.iss = null
	sasl.oauthbearer.assertion.claim.jti.include = false
	sasl.oauthbearer.assertion.claim.nbf.seconds = 60
	sasl.oauthbearer.assertion.claim.sub = null
	sasl.oauthbearer.assertion.file = null
	sasl.oauthbearer.assertion.private.key.file = null
	sasl.oauthbearer.assertion.private.key.passphrase = null
	sasl.oauthbearer.assertion.template.file = null
	sasl.oauthbearer.client.credentials.client.id = null
	sasl.oauthbearer.client.credentials.client.secret = null
	sasl.oauthbearer.clock.skew.seconds = 30
	sasl.oauthbearer.expected.audience = null
	sasl.oauthbearer.expected.issuer = null
	sasl.oauthbearer.header.urlencode = false
	sasl.oauthbearer.jwks.endpoint.refresh.ms = 3600000
	sasl.oauthbearer.jwks.endpoint.retry.backoff.max.ms = 10000
	sasl.oauthbearer.jwks.endpoint.retry.backoff.ms = 100
	sasl.oauthbearer.jwks.endpoint.url = null
	sasl.oauthbearer.jwt.retriever.class = class org.apache.kafka.common.security.oauthbearer.DefaultJwtRetriever
	sasl.oauthbearer.jwt.validator.class = class org.apache.kafka.common.security.oauthbearer.DefaultJwtValidator
	sasl.oauthbearer.scope = null
	sasl.oauthbearer.scope.claim.name = scope
	sasl.oauthbearer.sub.claim.name = sub
	sasl.oauthbearer.token.endpoint.url = null
	security.protocol = PLAINTEXT
	security.providers = null
	send.buffer.bytes = 131072
	socket.connection.setup.timeout.max.ms = 30000
	socket.connection.setup.timeout.ms = 10000
	ssl.cipher.suites = null
	ssl.enabled.protocols = [TLSv1.2, TLSv1.3]
	ssl.endpoint.identification.algorithm = https
	ssl.engine.factory.class = null
	ssl.key.password = null
	ssl.keymanager.algorithm = SunX509
	ssl.keystore.certificate.chain = null
	ssl.keystore.key = null
	ssl.keystore.location = null
	ssl.keystore.password = null
	ssl.keystore.type = JKS
	ssl.protocol = TLSv1.3
	ssl.provider = null
	ssl.secure.random.implementation = null
	ssl.trustmanager.algorithm = PKIX
	ssl.truststore.certificates = null
	ssl.truststore.location = null
	ssl.truststore.password = null
	ssl.truststore.type = JKS

11:43:59.776 [main] INFO  org.apache.kafka.common.utils.AppInfoParser - Kafka version: 4.1.2
11:43:59.776 [main] INFO  org.apache.kafka.common.utils.AppInfoParser - Kafka commitId: c82fd9b934b4c1e6
11:43:59.776 [main] INFO  org.apache.kafka.common.utils.AppInfoParser - Kafka startTimeMs: 1787802239775
11:43:59.941 [main] INFO  org.apache.kafka.common.metrics.Metrics - Metrics scheduler closed
11:43:59.941 [main] INFO  org.apache.kafka.common.metrics.Metrics - Closing reporter org.apache.kafka.common.metrics.JmxReporter
11:43:59.941 [main] INFO  org.apache.kafka.common.metrics.Metrics - Metrics reporters closed
11:43:59.941 [kafka-admin-client-thread | kafka-rebalance-demo-admin-0] INFO  org.apache.kafka.common.utils.AppInfoParser - App info kafka.admin.client for kafka-rebalance-demo-admin-0 unregistered
11:43:59.943 [kafka-admin-client-thread | kafka-rebalance-demo-admin-0] INFO  org.apache.kafka.common.metrics.Metrics - Metrics scheduler closed
11:43:59.943 [kafka-admin-client-thread | kafka-rebalance-demo-admin-0] INFO  org.apache.kafka.common.metrics.Metrics - Closing reporter org.apache.kafka.common.metrics.JmxReporter
11:43:59.943 [kafka-admin-client-thread | kafka-rebalance-demo-admin-0] INFO  org.apache.kafka.common.metrics.Metrics - Metrics reporters closed
11:43:59.955 [main] INFO  org.apache.kafka.common.config.AbstractConfig - ConsumerConfig values: 
	allow.auto.create.topics = true
	auto.commit.interval.ms = 5000
	auto.offset.reset = earliest
	bootstrap.servers = [localhost:9092]
	check.crcs = true
	client.dns.lookup = use_all_dns_ips
	client.id = consumer-slow-consumer-group-1
	client.rack = 
	connections.max.idle.ms = 540000
	default.api.timeout.ms = 60000
	enable.auto.commit = false
	enable.metrics.push = true
	exclude.internal.topics = true
	fetch.max.bytes = 52428800
	fetch.max.wait.ms = 500
	fetch.min.bytes = 1
	group.id = slow-consumer-group
	group.instance.id = null
	group.protocol = classic
	group.remote.assignor = null
	heartbeat.interval.ms = 3000
	interceptor.classes = []
	internal.leave.group.on.close = true
	internal.throw.on.fetch.stable.offset.unsupported = false
	isolation.level = read_uncommitted
	key.deserializer = class org.apache.kafka.common.serialization.StringDeserializer
	max.partition.fetch.bytes = 1048576
	max.poll.interval.ms = 6000
	max.poll.records = 1
	metadata.max.age.ms = 300000
	metadata.recovery.rebootstrap.trigger.ms = 300000
	metadata.recovery.strategy = rebootstrap
	metric.reporters = [org.apache.kafka.common.metrics.JmxReporter]
	metrics.num.samples = 2
	metrics.recording.level = INFO
	metrics.sample.window.ms = 30000
	partition.assignment.strategy = [class org.apache.kafka.clients.consumer.RangeAssignor, class org.apache.kafka.clients.consumer.CooperativeStickyAssignor]
	receive.buffer.bytes = 65536
	reconnect.backoff.max.ms = 1000
	reconnect.backoff.ms = 50
	request.timeout.ms = 30000
	retry.backoff.max.ms = 1000
	retry.backoff.ms = 100
	sasl.client.callback.handler.class = null
	sasl.jaas.config = null
	sasl.kerberos.kinit.cmd = /usr/bin/kinit
	sasl.kerberos.min.time.before.relogin = 60000
	sasl.kerberos.service.name = null
	sasl.kerberos.ticket.renew.jitter = 0.05
	sasl.kerberos.ticket.renew.window.factor = 0.8
	sasl.login.callback.handler.class = null
	sasl.login.class = null
	sasl.login.connect.timeout.ms = null
	sasl.login.read.timeout.ms = null
	sasl.login.refresh.buffer.seconds = 300
	sasl.login.refresh.min.period.seconds = 60
	sasl.login.refresh.window.factor = 0.8
	sasl.login.refresh.window.jitter = 0.05
	sasl.login.retry.backoff.max.ms = 10000
	sasl.login.retry.backoff.ms = 100
	sasl.mechanism = GSSAPI
	sasl.oauthbearer.assertion.algorithm = RS256
	sasl.oauthbearer.assertion.claim.aud = null
	sasl.oauthbearer.assertion.claim.exp.seconds = 300
	sasl.oauthbearer.assertion.claim.iss = null
	sasl.oauthbearer.assertion.claim.jti.include = false
	sasl.oauthbearer.assertion.claim.nbf.seconds = 60
	sasl.oauthbearer.assertion.claim.sub = null
	sasl.oauthbearer.assertion.file = null
	sasl.oauthbearer.assertion.private.key.file = null
	sasl.oauthbearer.assertion.private.key.passphrase = null
	sasl.oauthbearer.assertion.template.file = null
	sasl.oauthbearer.client.credentials.client.id = null
	sasl.oauthbearer.client.credentials.client.secret = null
	sasl.oauthbearer.clock.skew.seconds = 30
	sasl.oauthbearer.expected.audience = null
	sasl.oauthbearer.expected.issuer = null
	sasl.oauthbearer.header.urlencode = false
	sasl.oauthbearer.jwks.endpoint.refresh.ms = 3600000
	sasl.oauthbearer.jwks.endpoint.retry.backoff.max.ms = 10000
	sasl.oauthbearer.jwks.endpoint.retry.backoff.ms = 100
	sasl.oauthbearer.jwks.endpoint.url = null
	sasl.oauthbearer.jwt.retriever.class = class org.apache.kafka.common.security.oauthbearer.DefaultJwtRetriever
	sasl.oauthbearer.jwt.validator.class = class org.apache.kafka.common.security.oauthbearer.DefaultJwtValidator
	sasl.oauthbearer.scope = null
	sasl.oauthbearer.scope.claim.name = scope
	sasl.oauthbearer.sub.claim.name = sub
	sasl.oauthbearer.token.endpoint.url = null
	security.protocol = PLAINTEXT
	security.providers = null
	send.buffer.bytes = 131072
	session.timeout.ms = 10000
	share.acknowledgement.mode = implicit
	socket.connection.setup.timeout.max.ms = 30000
	socket.connection.setup.timeout.ms = 10000
	ssl.cipher.suites = null
	ssl.enabled.protocols = [TLSv1.2, TLSv1.3]
	ssl.endpoint.identification.algorithm = https
	ssl.engine.factory.class = null
	ssl.key.password = null
	ssl.keymanager.algorithm = SunX509
	ssl.keystore.certificate.chain = null
	ssl.keystore.key = null
	ssl.keystore.location = null
	ssl.keystore.password = null
	ssl.keystore.type = JKS
	ssl.protocol = TLSv1.3
	ssl.provider = null
	ssl.secure.random.implementation = null
	ssl.trustmanager.algorithm = PKIX
	ssl.truststore.certificates = null
	ssl.truststore.location = null
	ssl.truststore.password = null
	ssl.truststore.type = JKS
	value.deserializer = class org.springframework.kafka.support.serializer.JsonDeserializer

11:43:59.971 [main] INFO  o.a.k.c.telemetry.internals.KafkaMetricsCollector - initializing Kafka metrics collector
11:44:00.014 [main] INFO  org.apache.kafka.common.utils.AppInfoParser - Kafka version: 4.1.2
11:44:00.014 [main] INFO  org.apache.kafka.common.utils.AppInfoParser - Kafka commitId: c82fd9b934b4c1e6
11:44:00.014 [main] INFO  org.apache.kafka.common.utils.AppInfoParser - Kafka startTimeMs: 1787802240014
11:44:00.015 [main] INFO  o.a.k.c.consumer.internals.ClassicKafkaConsumer - [Consumer clientId=consumer-slow-consumer-group-1, groupId=slow-consumer-group] Subscribed to topic(s): slow-events, other-events
11:44:00.019 [org.springframework.kafka.KafkaListenerEndpointContainer#0-0-C-1] DEBUG o.a.k.c.consumer.internals.ConsumerCoordinator - [Consumer clientId=consumer-slow-consumer-group-1, groupId=slow-consumer-group] Sending FindCoordinator request to broker localhost:9092 (id: -1 rack: null isFenced: false)
11:44:00.019 [main] INFO  c.e.kafkarebalance.KafkaRebalanceDemoApplicationKt - Started KafkaRebalanceDemoApplicationKt in 0.846 seconds (process running for 0.958)
11:44:00.027 [org.springframework.kafka.KafkaListenerEndpointContainer#0-0-C-1] INFO  org.apache.kafka.clients.Metadata - [Consumer clientId=consumer-slow-consumer-group-1, groupId=slow-consumer-group] Cluster ID: MkU3OEVBNTcwNTJENDM2Qk
11:44:00.031 [org.springframework.kafka.KafkaListenerEndpointContainer#0-0-C-1] DEBUG o.a.k.c.consumer.internals.ConsumerCoordinator - [Consumer clientId=consumer-slow-consumer-group-1, groupId=slow-consumer-group] Received FindCoordinator response ClientResponse(receivedTimeMs=1787802240029, latencyMs=10, disconnected=false, timedOut=false, requestHeader=RequestHeader(apiKey=FIND_COORDINATOR, apiVersion=6, clientId=consumer-slow-consumer-group-1, correlationId=0, headerVersion=2), responseBody=FindCoordinatorResponseData(throttleTimeMs=0, errorCode=0, errorMessage='', nodeId=0, host='', port=0, coordinators=[Coordinator(key='slow-consumer-group', nodeId=-1, host='', port=-1, errorCode=15, errorMessage='')]))
11:44:00.031 [org.springframework.kafka.KafkaListenerEndpointContainer#0-0-C-1] DEBUG o.a.k.c.consumer.internals.ConsumerCoordinator - [Consumer clientId=consumer-slow-consumer-group-1, groupId=slow-consumer-group] Group coordinator lookup failed: 
11:44:00.031 [org.springframework.kafka.KafkaListenerEndpointContainer#0-0-C-1] DEBUG o.a.k.c.consumer.internals.ConsumerCoordinator - [Consumer clientId=consumer-slow-consumer-group-1, groupId=slow-consumer-group] Coordinator discovery failed, refreshing metadata
org.apache.kafka.common.errors.CoordinatorNotAvailableException: The coordinator is not available.
11:44:00.159 [org.springframework.kafka.KafkaListenerEndpointContainer#0-0-C-1] DEBUG o.a.k.c.consumer.internals.ConsumerCoordinator - [Consumer clientId=consumer-slow-consumer-group-1, groupId=slow-consumer-group] Sending FindCoordinator request to broker localhost:9092 (id: 1 rack: null isFenced: false)
11:44:00.160 [org.springframework.kafka.KafkaListenerEndpointContainer#0-0-C-1] DEBUG o.a.k.c.consumer.internals.ConsumerCoordinator - [Consumer clientId=consumer-slow-consumer-group-1, groupId=slow-consumer-group] Received FindCoordinator response ClientResponse(receivedTimeMs=1787802240160, latencyMs=1, disconnected=false, timedOut=false, requestHeader=RequestHeader(apiKey=FIND_COORDINATOR, apiVersion=6, clientId=consumer-slow-consumer-group-1, correlationId=6, headerVersion=2), responseBody=FindCoordinatorResponseData(throttleTimeMs=0, errorCode=0, errorMessage='', nodeId=0, host='', port=0, coordinators=[Coordinator(key='slow-consumer-group', nodeId=1, host='localhost', port=9092, errorCode=0, errorMessage='')]))
11:44:00.160 [org.springframework.kafka.KafkaListenerEndpointContainer#0-0-C-1] INFO  o.a.k.c.consumer.internals.ConsumerCoordinator - [Consumer clientId=consumer-slow-consumer-group-1, groupId=slow-consumer-group] Discovered group coordinator localhost:9092 (id: 2147483646 rack: null isFenced: false)
11:44:00.161 [kafka-coordinator-heartbeat-thread | slow-consumer-group] DEBUG o.a.k.c.consumer.internals.ConsumerCoordinator - [Consumer clientId=consumer-slow-consumer-group-1, groupId=slow-consumer-group] Heartbeat thread started
11:44:00.161 [org.springframework.kafka.KafkaListenerEndpointContainer#0-0-C-1] DEBUG o.a.k.c.consumer.internals.ConsumerCoordinator - [Consumer clientId=consumer-slow-consumer-group-1, groupId=slow-consumer-group] Executing onJoinPrepare with generation -1 and memberId 
11:44:00.161 [org.springframework.kafka.KafkaListenerEndpointContainer#0-0-C-1] INFO  o.a.k.c.consumer.internals.ConsumerCoordinator - [Consumer clientId=consumer-slow-consumer-group-1, groupId=slow-consumer-group] (Re-)joining group
11:44:00.162 [org.springframework.kafka.KafkaListenerEndpointContainer#0-0-C-1] DEBUG o.a.k.c.consumer.internals.ConsumerCoordinator - [Consumer clientId=consumer-slow-consumer-group-1, groupId=slow-consumer-group] Joining group with current subscription: [slow-events, other-events]
11:44:00.164 [org.springframework.kafka.KafkaListenerEndpointContainer#0-0-C-1] DEBUG o.a.k.c.consumer.internals.ConsumerCoordinator - [Consumer clientId=consumer-slow-consumer-group-1, groupId=slow-consumer-group] Sending JoinGroup (JoinGroupRequestData(groupId='slow-consumer-group', sessionTimeoutMs=10000, rebalanceTimeoutMs=6000, memberId='', groupInstanceId=null, protocolType='consumer', protocols=[JoinGroupRequestProtocol(name='range', metadata=[0, 3, 0, 0, 0, 2, 0, 12, 111, 116, 104, 101, 114, 45, 101, 118, 101, 110, 116, 115, 0, 11, 115, 108, 111, 119, 45, 101, 118, 101, 110, 116, 115, -1, -1, -1, -1, 0, 0, 0, 0, -1, -1, -1, -1, -1, -1]), JoinGroupRequestProtocol(name='cooperative-sticky', metadata=[0, 3, 0, 0, 0, 2, 0, 12, 111, 116, 104, 101, 114, 45, 101, 118, 101, 110, 116, 115, 0, 11, 115, 108, 111, 119, 45, 101, 118, 101, 110, 116, 115, 0, 0, 0, 4, -1, -1, -1, -1, 0, 0, 0, 0, -1, -1, -1, -1, -1, -1])], reason='')) to coordinator localhost:9092 (id: 2147483646 rack: null isFenced: false)
11:44:00.172 [org.springframework.kafka.KafkaListenerEndpointContainer#0-0-C-1] INFO  o.a.k.c.consumer.internals.ConsumerCoordinator - [Consumer clientId=consumer-slow-consumer-group-1, groupId=slow-consumer-group] Group coordinator localhost:9092 (id: 2147483646 rack: null isFenced: false) is unavailable or invalid due to cause: error response NOT_COORDINATOR. isDisconnected: false. Rediscovery will be attempted.
11:44:00.172 [org.springframework.kafka.KafkaListenerEndpointContainer#0-0-C-1] INFO  o.a.k.c.consumer.internals.ConsumerCoordinator - [Consumer clientId=consumer-slow-consumer-group-1, groupId=slow-consumer-group] Requesting disconnect from last known coordinator localhost:9092 (id: 2147483646 rack: null isFenced: false)
11:44:00.172 [org.springframework.kafka.KafkaListenerEndpointContainer#0-0-C-1] INFO  o.a.k.c.consumer.internals.ConsumerCoordinator - [Consumer clientId=consumer-slow-consumer-group-1, groupId=slow-consumer-group] JoinGroup failed: This is not the correct coordinator. Marking coordinator unknown. Sent generation was Generation{generationId=-1, memberId='', protocol='null'}
11:44:00.172 [org.springframework.kafka.KafkaListenerEndpointContainer#0-0-C-1] DEBUG o.a.k.c.consumer.internals.ConsumerCoordinator - [Consumer clientId=consumer-slow-consumer-group-1, groupId=slow-consumer-group] Sending FindCoordinator request to broker localhost:9092 (id: 1 rack: null isFenced: false)
11:44:00.172 [org.springframework.kafka.KafkaListenerEndpointContainer#0-0-C-1] INFO  org.apache.kafka.clients.NetworkClient - [Consumer clientId=consumer-slow-consumer-group-1, groupId=slow-consumer-group] Client requested disconnect from node 2147483646
11:44:00.174 [org.springframework.kafka.KafkaListenerEndpointContainer#0-0-C-1] DEBUG o.a.k.c.consumer.internals.ConsumerCoordinator - [Consumer clientId=consumer-slow-consumer-group-1, groupId=slow-consumer-group] Received FindCoordinator response ClientResponse(receivedTimeMs=1787802240174, latencyMs=2, disconnected=false, timedOut=false, requestHeader=RequestHeader(apiKey=FIND_COORDINATOR, apiVersion=6, clientId=consumer-slow-consumer-group-1, correlationId=9, headerVersion=2), responseBody=FindCoordinatorResponseData(throttleTimeMs=0, errorCode=0, errorMessage='', nodeId=0, host='', port=0, coordinators=[Coordinator(key='slow-consumer-group', nodeId=1, host='localhost', port=9092, errorCode=0, errorMessage='')]))
11:44:00.174 [org.springframework.kafka.KafkaListenerEndpointContainer#0-0-C-1] INFO  o.a.k.c.consumer.internals.ConsumerCoordinator - [Consumer clientId=consumer-slow-consumer-group-1, groupId=slow-consumer-group] Discovered group coordinator localhost:9092 (id: 2147483646 rack: null isFenced: false)
11:44:00.174 [org.springframework.kafka.KafkaListenerEndpointContainer#0-0-C-1] INFO  o.a.k.c.consumer.internals.ConsumerCoordinator - [Consumer clientId=consumer-slow-consumer-group-1, groupId=slow-consumer-group] Group coordinator localhost:9092 (id: 2147483646 rack: null isFenced: false) is unavailable or invalid due to cause: coordinator unavailable. isDisconnected: false. Rediscovery will be attempted.
11:44:00.174 [org.springframework.kafka.KafkaListenerEndpointContainer#0-0-C-1] INFO  o.a.k.c.consumer.internals.ConsumerCoordinator - [Consumer clientId=consumer-slow-consumer-group-1, groupId=slow-consumer-group] Requesting disconnect from last known coordinator localhost:9092 (id: 2147483646 rack: null isFenced: false)
11:44:00.290 [org.springframework.kafka.KafkaListenerEndpointContainer#0-0-C-1] DEBUG o.a.k.c.consumer.internals.ConsumerCoordinator - [Consumer clientId=consumer-slow-consumer-group-1, groupId=slow-consumer-group] Sending FindCoordinator request to broker localhost:9092 (id: 1 rack: null isFenced: false)
11:44:00.292 [org.springframework.kafka.KafkaListenerEndpointContainer#0-0-C-1] DEBUG o.a.k.c.consumer.internals.ConsumerCoordinator - [Consumer clientId=consumer-slow-consumer-group-1, groupId=slow-consumer-group] Received FindCoordinator response ClientResponse(receivedTimeMs=1787802240292, latencyMs=1, disconnected=false, timedOut=false, requestHeader=RequestHeader(apiKey=FIND_COORDINATOR, apiVersion=6, clientId=consumer-slow-consumer-group-1, correlationId=10, headerVersion=2), responseBody=FindCoordinatorResponseData(throttleTimeMs=0, errorCode=0, errorMessage='', nodeId=0, host='', port=0, coordinators=[Coordinator(key='slow-consumer-group', nodeId=1, host='localhost', port=9092, errorCode=0, errorMessage='')]))
11:44:00.293 [org.springframework.kafka.KafkaListenerEndpointContainer#0-0-C-1] INFO  o.a.k.c.consumer.internals.ConsumerCoordinator - [Consumer clientId=consumer-slow-consumer-group-1, groupId=slow-consumer-group] Discovered group coordinator localhost:9092 (id: 2147483646 rack: null isFenced: false)
11:44:00.293 [org.springframework.kafka.KafkaListenerEndpointContainer#0-0-C-1] INFO  o.a.k.c.consumer.internals.ConsumerCoordinator - [Consumer clientId=consumer-slow-consumer-group-1, groupId=slow-consumer-group] Request joining group due to: rebalance failed due to 'This is not the correct coordinator.' (NotCoordinatorException)
11:44:00.293 [org.springframework.kafka.KafkaListenerEndpointContainer#0-0-C-1] INFO  o.a.k.c.consumer.internals.ConsumerCoordinator - [Consumer clientId=consumer-slow-consumer-group-1, groupId=slow-consumer-group] (Re-)joining group
11:44:00.293 [org.springframework.kafka.KafkaListenerEndpointContainer#0-0-C-1] DEBUG o.a.k.c.consumer.internals.ConsumerCoordinator - [Consumer clientId=consumer-slow-consumer-group-1, groupId=slow-consumer-group] Joining group with current subscription: [slow-events, other-events]
11:44:00.293 [org.springframework.kafka.KafkaListenerEndpointContainer#0-0-C-1] DEBUG o.a.k.c.consumer.internals.ConsumerCoordinator - [Consumer clientId=consumer-slow-consumer-group-1, groupId=slow-consumer-group] Sending JoinGroup (JoinGroupRequestData(groupId='slow-consumer-group', sessionTimeoutMs=10000, rebalanceTimeoutMs=6000, memberId='', groupInstanceId=null, protocolType='consumer', protocols=[JoinGroupRequestProtocol(name='range', metadata=[0, 3, 0, 0, 0, 2, 0, 12, 111, 116, 104, 101, 114, 45, 101, 118, 101, 110, 116, 115, 0, 11, 115, 108, 111, 119, 45, 101, 118, 101, 110, 116, 115, -1, -1, -1, -1, 0, 0, 0, 0, -1, -1, -1, -1, -1, -1]), JoinGroupRequestProtocol(name='cooperative-sticky', metadata=[0, 3, 0, 0, 0, 2, 0, 12, 111, 116, 104, 101, 114, 45, 101, 118, 101, 110, 116, 115, 0, 11, 115, 108, 111, 119, 45, 101, 118, 101, 110, 116, 115, 0, 0, 0, 4, -1, -1, -1, -1, 0, 0, 0, 0, -1, -1, -1, -1, -1, -1])], reason='rebalance failed due to NotCoordinatorException')) to coordinator localhost:9092 (id: 2147483646 rack: null isFenced: false)
11:44:00.298 [org.springframework.kafka.KafkaListenerEndpointContainer#0-0-C-1] DEBUG o.a.k.c.consumer.internals.ConsumerCoordinator - [Consumer clientId=consumer-slow-consumer-group-1, groupId=slow-consumer-group] JoinGroup failed due to non-fatal error: MEMBER_ID_REQUIRED. Will set the member id as consumer-slow-consumer-group-1-5dfa3e0d-0c4a-43c6-bb5b-28dced6dca7f and then rejoin. Sent generation was Generation{generationId=-1, memberId='', protocol='null'}
11:44:00.298 [org.springframework.kafka.KafkaListenerEndpointContainer#0-0-C-1] INFO  o.a.k.c.consumer.internals.ConsumerCoordinator - [Consumer clientId=consumer-slow-consumer-group-1, groupId=slow-consumer-group] Request joining group due to: need to re-join with the given member-id: consumer-slow-consumer-group-1-5dfa3e0d-0c4a-43c6-bb5b-28dced6dca7f
11:44:00.298 [org.springframework.kafka.KafkaListenerEndpointContainer#0-0-C-1] INFO  o.a.k.c.consumer.internals.ConsumerCoordinator - [Consumer clientId=consumer-slow-consumer-group-1, groupId=slow-consumer-group] (Re-)joining group
11:44:00.298 [org.springframework.kafka.KafkaListenerEndpointContainer#0-0-C-1] DEBUG o.a.k.c.consumer.internals.ConsumerCoordinator - [Consumer clientId=consumer-slow-consumer-group-1, groupId=slow-consumer-group] Joining group with current subscription: [slow-events, other-events]
11:44:00.298 [org.springframework.kafka.KafkaListenerEndpointContainer#0-0-C-1] DEBUG o.a.k.c.consumer.internals.ConsumerCoordinator - [Consumer clientId=consumer-slow-consumer-group-1, groupId=slow-consumer-group] Sending JoinGroup (JoinGroupRequestData(groupId='slow-consumer-group', sessionTimeoutMs=10000, rebalanceTimeoutMs=6000, memberId='consumer-slow-consumer-group-1-5dfa3e0d-0c4a-43c6-bb5b-28dced6dca7f', groupInstanceId=null, protocolType='consumer', protocols=[JoinGroupRequestProtocol(name='range', metadata=[0, 3, 0, 0, 0, 2, 0, 12, 111, 116, 104, 101, 114, 45, 101, 118, 101, 110, 116, 115, 0, 11, 115, 108, 111, 119, 45, 101, 118, 101, 110, 116, 115, -1, -1, -1, -1, 0, 0, 0, 0, -1, -1, -1, -1, -1, -1]), JoinGroupRequestProtocol(name='cooperative-sticky', metadata=[0, 3, 0, 0, 0, 2, 0, 12, 111, 116, 104, 101, 114, 45, 101, 118, 101, 110, 116, 115, 0, 11, 115, 108, 111, 119, 45, 101, 118, 101, 110, 116, 115, 0, 0, 0, 4, -1, -1, -1, -1, 0, 0, 0, 0, -1, -1, -1, -1, -1, -1])], reason='need to re-join with the given member-id: consumer-slow-consumer-group-1-5dfa3e0d-0c4a-43c6-bb5b-28dced6dca7f')) to coordinator localhost:9092 (id: 2147483646 rack: null isFenced: false)
11:44:00.303 [org.springframework.kafka.KafkaListenerEndpointContainer#0-0-C-1] DEBUG o.a.k.c.consumer.internals.ConsumerCoordinator - [Consumer clientId=consumer-slow-consumer-group-1, groupId=slow-consumer-group] Received successful JoinGroup response: JoinGroupResponseData(throttleTimeMs=0, errorCode=0, generationId=1, protocolType='consumer', protocolName='range', leader='consumer-slow-consumer-group-1-5dfa3e0d-0c4a-43c6-bb5b-28dced6dca7f', skipAssignment=false, memberId='consumer-slow-consumer-group-1-5dfa3e0d-0c4a-43c6-bb5b-28dced6dca7f', members=[JoinGroupResponseMember(memberId='consumer-slow-consumer-group-1-5dfa3e0d-0c4a-43c6-bb5b-28dced6dca7f', groupInstanceId=null, metadata=[0, 3, 0, 0, 0, 2, 0, 12, 111, 116, 104, 101, 114, 45, 101, 118, 101, 110, 116, 115, 0, 11, 115, 108, 111, 119, 45, 101, 118, 101, 110, 116, 115, -1, -1, -1, -1, 0, 0, 0, 0, -1, -1, -1, -1, -1, -1])])
11:44:00.303 [org.springframework.kafka.KafkaListenerEndpointContainer#0-0-C-1] DEBUG o.a.k.c.consumer.internals.ConsumerCoordinator - [Consumer clientId=consumer-slow-consumer-group-1, groupId=slow-consumer-group] Enabling heartbeat thread
11:44:00.303 [org.springframework.kafka.KafkaListenerEndpointContainer#0-0-C-1] INFO  o.a.k.c.consumer.internals.ConsumerCoordinator - [Consumer clientId=consumer-slow-consumer-group-1, groupId=slow-consumer-group] Successfully joined group with generation Generation{generationId=1, memberId='consumer-slow-consumer-group-1-5dfa3e0d-0c4a-43c6-bb5b-28dced6dca7f', protocol='range'}
11:44:00.304 [org.springframework.kafka.KafkaListenerEndpointContainer#0-0-C-1] DEBUG o.a.k.c.consumer.internals.ConsumerCoordinator - [Consumer clientId=consumer-slow-consumer-group-1, groupId=slow-consumer-group] Performing assignment using strategy range with subscriptions {consumer-slow-consumer-group-1-5dfa3e0d-0c4a-43c6-bb5b-28dced6dca7f=Subscription(topics=[other-events, slow-events], ownedPartitions=[], groupInstanceId=null, generationId=-1, rackId=null)}
11:44:00.306 [org.springframework.kafka.KafkaListenerEndpointContainer#0-0-C-1] INFO  o.a.k.c.consumer.internals.ConsumerCoordinator - [Consumer clientId=consumer-slow-consumer-group-1, groupId=slow-consumer-group] Finished assignment for group at generation 1: {consumer-slow-consumer-group-1-5dfa3e0d-0c4a-43c6-bb5b-28dced6dca7f=Assignment(partitions=[other-events-0, other-events-1, other-events-2, slow-events-0, slow-events-1, slow-events-2])}
11:44:00.308 [org.springframework.kafka.KafkaListenerEndpointContainer#0-0-C-1] DEBUG o.a.k.c.consumer.internals.ConsumerCoordinator - [Consumer clientId=consumer-slow-consumer-group-1, groupId=slow-consumer-group] Sending leader SyncGroup to coordinator localhost:9092 (id: 2147483646 rack: null isFenced: false): SyncGroupRequestData(groupId='slow-consumer-group', generationId=1, memberId='consumer-slow-consumer-group-1-5dfa3e0d-0c4a-43c6-bb5b-28dced6dca7f', groupInstanceId=null, protocolType='consumer', protocolName='range', assignments=[SyncGroupRequestAssignment(memberId='consumer-slow-consumer-group-1-5dfa3e0d-0c4a-43c6-bb5b-28dced6dca7f', assignment=[0, 3, 0, 0, 0, 2, 0, 12, 111, 116, 104, 101, 114, 45, 101, 118, 101, 110, 116, 115, 0, 0, 0, 3, 0, 0, 0, 0, 0, 0, 0, 1, 0, 0, 0, 2, 0, 11, 115, 108, 111, 119, 45, 101, 118, 101, 110, 116, 115, 0, 0, 0, 3, 0, 0, 0, 0, 0, 0, 0, 1, 0, 0, 0, 2, -1, -1, -1, -1])])
11:44:00.312 [org.springframework.kafka.KafkaListenerEndpointContainer#0-0-C-1] DEBUG o.a.k.c.consumer.internals.ConsumerCoordinator - [Consumer clientId=consumer-slow-consumer-group-1, groupId=slow-consumer-group] Received successful SyncGroup response: SyncGroupResponseData(throttleTimeMs=0, errorCode=0, protocolType='consumer', protocolName='range', assignment=[0, 3, 0, 0, 0, 2, 0, 12, 111, 116, 104, 101, 114, 45, 101, 118, 101, 110, 116, 115, 0, 0, 0, 3, 0, 0, 0, 0, 0, 0, 0, 1, 0, 0, 0, 2, 0, 11, 115, 108, 111, 119, 45, 101, 118, 101, 110, 116, 115, 0, 0, 0, 3, 0, 0, 0, 0, 0, 0, 0, 1, 0, 0, 0, 2, -1, -1, -1, -1])
11:44:00.312 [org.springframework.kafka.KafkaListenerEndpointContainer#0-0-C-1] INFO  o.a.k.c.consumer.internals.ConsumerCoordinator - [Consumer clientId=consumer-slow-consumer-group-1, groupId=slow-consumer-group] Successfully synced group in generation Generation{generationId=1, memberId='consumer-slow-consumer-group-1-5dfa3e0d-0c4a-43c6-bb5b-28dced6dca7f', protocol='range'}
11:44:00.312 [org.springframework.kafka.KafkaListenerEndpointContainer#0-0-C-1] DEBUG o.a.k.c.consumer.internals.ConsumerCoordinator - [Consumer clientId=consumer-slow-consumer-group-1, groupId=slow-consumer-group] Executing onJoinComplete with generation 1 and memberId consumer-slow-consumer-group-1-5dfa3e0d-0c4a-43c6-bb5b-28dced6dca7f
11:44:00.312 [org.springframework.kafka.KafkaListenerEndpointContainer#0-0-C-1] INFO  o.a.k.c.consumer.internals.ConsumerCoordinator - [Consumer clientId=consumer-slow-consumer-group-1, groupId=slow-consumer-group] Notifying assignor about the new Assignment(partitions=[other-events-0, other-events-1, other-events-2, slow-events-0, slow-events-1, slow-events-2])
11:44:00.313 [org.springframework.kafka.KafkaListenerEndpointContainer#0-0-C-1] INFO  o.a.k.c.c.i.ConsumerRebalanceListenerInvoker - [Consumer clientId=consumer-slow-consumer-group-1, groupId=slow-consumer-group] Adding newly assigned partitions: [other-events-0, other-events-1, other-events-2, slow-events-0, slow-events-1, slow-events-2]
11:44:00.314 [org.springframework.kafka.KafkaListenerEndpointContainer#0-0-C-1] DEBUG o.a.k.c.consumer.internals.ConsumerCoordinator - [Consumer clientId=consumer-slow-consumer-group-1, groupId=slow-consumer-group] Fetching committed offsets for partitions: [other-events-0, slow-events-2, other-events-1, slow-events-1, other-events-2, slow-events-0]
11:44:00.317 [org.springframework.kafka.KafkaListenerEndpointContainer#0-0-C-1] INFO  o.a.k.c.consumer.internals.ConsumerCoordinator - [Consumer clientId=consumer-slow-consumer-group-1, groupId=slow-consumer-group] Found no committed offset for partition slow-events-2
11:44:00.317 [org.springframework.kafka.KafkaListenerEndpointContainer#0-0-C-1] INFO  o.a.k.c.consumer.internals.ConsumerCoordinator - [Consumer clientId=consumer-slow-consumer-group-1, groupId=slow-consumer-group] Found no committed offset for partition slow-events-1
11:44:00.317 [org.springframework.kafka.KafkaListenerEndpointContainer#0-0-C-1] INFO  o.a.k.c.consumer.internals.ConsumerCoordinator - [Consumer clientId=consumer-slow-consumer-group-1, groupId=slow-consumer-group] Found no committed offset for partition slow-events-0
11:44:00.317 [org.springframework.kafka.KafkaListenerEndpointContainer#0-0-C-1] INFO  o.a.k.c.consumer.internals.ConsumerCoordinator - [Consumer clientId=consumer-slow-consumer-group-1, groupId=slow-consumer-group] Found no committed offset for partition other-events-0
11:44:00.317 [org.springframework.kafka.KafkaListenerEndpointContainer#0-0-C-1] INFO  o.a.k.c.consumer.internals.ConsumerCoordinator - [Consumer clientId=consumer-slow-consumer-group-1, groupId=slow-consumer-group] Found no committed offset for partition other-events-1
11:44:00.317 [org.springframework.kafka.KafkaListenerEndpointContainer#0-0-C-1] INFO  o.a.k.c.consumer.internals.ConsumerCoordinator - [Consumer clientId=consumer-slow-consumer-group-1, groupId=slow-consumer-group] Found no committed offset for partition other-events-2
11:44:00.323 [org.springframework.kafka.KafkaListenerEndpointContainer#0-0-C-1] INFO  o.a.k.clients.consumer.internals.SubscriptionState - [Consumer clientId=consumer-slow-consumer-group-1, groupId=slow-consumer-group] Resetting offset for partition other-events-0 to position FetchPosition{offset=0, offsetEpoch=Optional.empty, currentLeader=LeaderAndEpoch{leader=Optional[localhost:9092 (id: 1 rack: null isFenced: false)], epoch=0}}.
11:44:00.323 [org.springframework.kafka.KafkaListenerEndpointContainer#0-0-C-1] INFO  o.a.k.clients.consumer.internals.SubscriptionState - [Consumer clientId=consumer-slow-consumer-group-1, groupId=slow-consumer-group] Resetting offset for partition slow-events-2 to position FetchPosition{offset=0, offsetEpoch=Optional.empty, currentLeader=LeaderAndEpoch{leader=Optional[localhost:9092 (id: 1 rack: null isFenced: false)], epoch=0}}.
11:44:00.323 [org.springframework.kafka.KafkaListenerEndpointContainer#0-0-C-1] INFO  o.a.k.clients.consumer.internals.SubscriptionState - [Consumer clientId=consumer-slow-consumer-group-1, groupId=slow-consumer-group] Resetting offset for partition other-events-1 to position FetchPosition{offset=0, offsetEpoch=Optional.empty, currentLeader=LeaderAndEpoch{leader=Optional[localhost:9092 (id: 1 rack: null isFenced: false)], epoch=0}}.
11:44:00.323 [org.springframework.kafka.KafkaListenerEndpointContainer#0-0-C-1] INFO  o.a.k.clients.consumer.internals.SubscriptionState - [Consumer clientId=consumer-slow-consumer-group-1, groupId=slow-consumer-group] Resetting offset for partition slow-events-1 to position FetchPosition{offset=0, offsetEpoch=Optional.empty, currentLeader=LeaderAndEpoch{leader=Optional[localhost:9092 (id: 1 rack: null isFenced: false)], epoch=0}}.
11:44:00.323 [org.springframework.kafka.KafkaListenerEndpointContainer#0-0-C-1] INFO  o.a.k.clients.consumer.internals.SubscriptionState - [Consumer clientId=consumer-slow-consumer-group-1, groupId=slow-consumer-group] Resetting offset for partition other-events-2 to position FetchPosition{offset=0, offsetEpoch=Optional.empty, currentLeader=LeaderAndEpoch{leader=Optional[localhost:9092 (id: 1 rack: null isFenced: false)], epoch=0}}.
11:44:00.323 [org.springframework.kafka.KafkaListenerEndpointContainer#0-0-C-1] INFO  o.a.k.clients.consumer.internals.SubscriptionState - [Consumer clientId=consumer-slow-consumer-group-1, groupId=slow-consumer-group] Resetting offset for partition slow-events-0 to position FetchPosition{offset=0, offsetEpoch=Optional.empty, currentLeader=LeaderAndEpoch{leader=Optional[localhost:9092 (id: 1 rack: null isFenced: false)], epoch=0}}.
11:44:00.324 [org.springframework.kafka.KafkaListenerEndpointContainer#0-0-C-1] INFO  o.s.kafka.listener.KafkaMessageListenerContainer - slow-consumer-group: partitions assigned: [other-events-0, other-events-1, other-events-2, slow-events-0, slow-events-1, slow-events-2]
11:44:03.025 [demo-event-producer] INFO  c.e.kafkarebalance.producer.DemoEventProducer - [scenario6] 开始向 other-events 持续发送正常消息（每 500ms 一条，持续 30000ms），并计划在 5000ms 后向 slow-events 发送一条 slow=true 消息以触发 rebalance
11:44:03.047 [scenario6-other-events-producer] INFO  org.apache.kafka.common.config.AbstractConfig - ProducerConfig values: 
	acks = -1
	batch.size = 16384
	bootstrap.servers = [localhost:9092]
	buffer.memory = 33554432
	client.dns.lookup = use_all_dns_ips
	client.id = kafka-rebalance-demo-producer-1
	compression.gzip.level = -1
	compression.lz4.level = 9
	compression.type = none
	compression.zstd.level = 3
	connections.max.idle.ms = 540000
	delivery.timeout.ms = 120000
	enable.idempotence = true
	enable.metrics.push = true
	interceptor.classes = []
	key.serializer = class org.apache.kafka.common.serialization.StringSerializer
	linger.ms = 5
	max.block.ms = 60000
	max.in.flight.requests.per.connection = 5
	max.request.size = 1048576
	metadata.max.age.ms = 300000
	metadata.max.idle.ms = 300000
	metadata.recovery.rebootstrap.trigger.ms = 300000
	metadata.recovery.strategy = rebootstrap
	metric.reporters = [org.apache.kafka.common.metrics.JmxReporter]
	metrics.num.samples = 2
	metrics.recording.level = INFO
	metrics.sample.window.ms = 30000
	partitioner.adaptive.partitioning.enable = true
	partitioner.availability.timeout.ms = 0
	partitioner.class = null
	partitioner.ignore.keys = false
	receive.buffer.bytes = 32768
	reconnect.backoff.max.ms = 1000
	reconnect.backoff.ms = 50
	request.timeout.ms = 30000
	retries = 2147483647
	retry.backoff.max.ms = 1000
	retry.backoff.ms = 100
	sasl.client.callback.handler.class = null
	sasl.jaas.config = null
	sasl.kerberos.kinit.cmd = /usr/bin/kinit
	sasl.kerberos.min.time.before.relogin = 60000
	sasl.kerberos.service.name = null
	sasl.kerberos.ticket.renew.jitter = 0.05
	sasl.kerberos.ticket.renew.window.factor = 0.8
	sasl.login.callback.handler.class = null
	sasl.login.class = null
	sasl.login.connect.timeout.ms = null
	sasl.login.read.timeout.ms = null
	sasl.login.refresh.buffer.seconds = 300
	sasl.login.refresh.min.period.seconds = 60
	sasl.login.refresh.window.factor = 0.8
	sasl.login.refresh.window.jitter = 0.05
	sasl.login.retry.backoff.max.ms = 10000
	sasl.login.retry.backoff.ms = 100
	sasl.mechanism = GSSAPI
	sasl.oauthbearer.assertion.algorithm = RS256
	sasl.oauthbearer.assertion.claim.aud = null
	sasl.oauthbearer.assertion.claim.exp.seconds = 300
	sasl.oauthbearer.assertion.claim.iss = null
	sasl.oauthbearer.assertion.claim.jti.include = false
	sasl.oauthbearer.assertion.claim.nbf.seconds = 60
	sasl.oauthbearer.assertion.claim.sub = null
	sasl.oauthbearer.assertion.file = null
	sasl.oauthbearer.assertion.private.key.file = null
	sasl.oauthbearer.assertion.private.key.passphrase = null
	sasl.oauthbearer.assertion.template.file = null
	sasl.oauthbearer.client.credentials.client.id = null
	sasl.oauthbearer.client.credentials.client.secret = null
	sasl.oauthbearer.clock.skew.seconds = 30
	sasl.oauthbearer.expected.audience = null
	sasl.oauthbearer.expected.issuer = null
	sasl.oauthbearer.header.urlencode = false
	sasl.oauthbearer.jwks.endpoint.refresh.ms = 3600000
	sasl.oauthbearer.jwks.endpoint.retry.backoff.max.ms = 10000
	sasl.oauthbearer.jwks.endpoint.retry.backoff.ms = 100
	sasl.oauthbearer.jwks.endpoint.url = null
	sasl.oauthbearer.jwt.retriever.class = class org.apache.kafka.common.security.oauthbearer.DefaultJwtRetriever
	sasl.oauthbearer.jwt.validator.class = class org.apache.kafka.common.security.oauthbearer.DefaultJwtValidator
	sasl.oauthbearer.scope = null
	sasl.oauthbearer.scope.claim.name = scope
	sasl.oauthbearer.sub.claim.name = sub
	sasl.oauthbearer.token.endpoint.url = null
	security.protocol = PLAINTEXT
	security.providers = null
	send.buffer.bytes = 131072
	socket.connection.setup.timeout.max.ms = 30000
	socket.connection.setup.timeout.ms = 10000
	ssl.cipher.suites = null
	ssl.enabled.protocols = [TLSv1.2, TLSv1.3]
	ssl.endpoint.identification.algorithm = https
	ssl.engine.factory.class = null
	ssl.key.password = null
	ssl.keymanager.algorithm = SunX509
	ssl.keystore.certificate.chain = null
	ssl.keystore.key = null
	ssl.keystore.location = null
	ssl.keystore.password = null
	ssl.keystore.type = JKS
	ssl.protocol = TLSv1.3
	ssl.provider = null
	ssl.secure.random.implementation = null
	ssl.trustmanager.algorithm = PKIX
	ssl.truststore.certificates = null
	ssl.truststore.location = null
	ssl.truststore.password = null
	ssl.truststore.type = JKS
	transaction.timeout.ms = 60000
	transaction.two.phase.commit.enable = false
	transactional.id = null
	value.serializer = class org.springframework.kafka.support.serializer.JsonSerializer

11:44:03.048 [scenario6-other-events-producer] INFO  o.a.k.c.telemetry.internals.KafkaMetricsCollector - initializing Kafka metrics collector
11:44:03.058 [scenario6-other-events-producer] INFO  org.apache.kafka.clients.producer.KafkaProducer - [Producer clientId=kafka-rebalance-demo-producer-1] Instantiated an idempotent producer.
11:44:03.065 [scenario6-other-events-producer] INFO  org.apache.kafka.common.utils.AppInfoParser - Kafka version: 4.1.2
11:44:03.065 [scenario6-other-events-producer] INFO  org.apache.kafka.common.utils.AppInfoParser - Kafka commitId: c82fd9b934b4c1e6
11:44:03.065 [scenario6-other-events-producer] INFO  org.apache.kafka.common.utils.AppInfoParser - Kafka startTimeMs: 1787802243065
11:44:03.070 [kafka-producer-network-thread | kafka-rebalance-demo-producer-1] INFO  org.apache.kafka.clients.Metadata - [Producer clientId=kafka-rebalance-demo-producer-1] Cluster ID: MkU3OEVBNTcwNTJENDM2Qk
11:44:03.087 [scenario6-other-events-producer] INFO  c.e.kafkarebalance.producer.DemoEventProducer - 已发送消息 id=01fa7f98-1f19-4174-a66f-ff82c6f11f22 topic=other-events key=0 slow=false retryTrigger=false flaky=false
11:44:03.182 [kafka-producer-network-thread | kafka-rebalance-demo-producer-1] INFO  o.a.k.c.producer.internals.TransactionManager - [Producer clientId=kafka-rebalance-demo-producer-1] ProducerId set to 0 with epoch 0
11:44:03.214 [org.springframework.kafka.KafkaListenerEndpointContainer#0-0-C-1] DEBUG o.s.kafka.listener.KafkaMessageListenerContainer - Received: 1 records
11:44:03.216 [org.springframework.kafka.KafkaListenerEndpointContainer#0-0-C-1] DEBUG o.s.k.l.a.RecordMessagingMessageListenerAdapter - Processing [GenericMessage [payload=DemoEvent(id=01fa7f98-1f19-4174-a66f-ff82c6f11f22, payload=demo-event-0, slow=false, retryTrigger=false, flaky=false, createdAt=2026-08-27T03:44:03.027934Z), headers={kafka_offset=0, kafka_consumer=org.springframework.kafka.core.DefaultKafkaConsumerFactory$ExtendedKafkaConsumer@75fd7ccc, kafka_timestampType=CREATE_TIME, kafka_receivedPartitionId=2, kafka_receivedMessageKey=0, kafka_receivedTopic=other-events, kafka_receivedTimestamp=1787802243070, kafka_acknowledgment=Acknowledgment for other-events-2@0, kafka_groupId=slow-consumer-group}]]
11:44:03.219 [org.springframework.kafka.KafkaListenerEndpointContainer#0-0-C-1] INFO  c.e.k.listener.MultiTopicRebalanceListener - 收到消息 id=01fa7f98-1f19-4174-a66f-ff82c6f11f22 topic=other-events partition=2 slow=false
11:44:03.304 [kafka-coordinator-heartbeat-thread | slow-consumer-group] DEBUG o.a.k.c.consumer.internals.ConsumerCoordinator - [Consumer clientId=consumer-slow-consumer-group-1, groupId=slow-consumer-group] Sending Heartbeat request with generation 1 and member id consumer-slow-consumer-group-1-5dfa3e0d-0c4a-43c6-bb5b-28dced6dca7f to coordinator localhost:9092 (id: 2147483646 rack: null isFenced: false)
11:44:03.321 [org.springframework.kafka.KafkaListenerEndpointContainer#0-0-C-1] DEBUG o.s.kafka.listener.KafkaMessageListenerContainer - Committing: {other-events-2=OffsetAndMetadata{offset=1, leaderEpoch=null, metadata=''}}
11:44:03.322 [org.springframework.kafka.KafkaListenerEndpointContainer#0-0-C-1] DEBUG o.a.k.c.consumer.internals.ConsumerCoordinator - [Consumer clientId=consumer-slow-consumer-group-1, groupId=slow-consumer-group] Received successful Heartbeat response
11:44:03.336 [org.springframework.kafka.KafkaListenerEndpointContainer#0-0-C-1] DEBUG o.a.k.c.consumer.internals.ConsumerCoordinator - [Consumer clientId=consumer-slow-consumer-group-1, groupId=slow-consumer-group] Committed offset 1 for partition other-events-2
11:44:03.336 [org.springframework.kafka.KafkaListenerEndpointContainer#0-0-C-1] INFO  c.e.k.listener.MultiTopicRebalanceListener - 消息处理完成并已提交 offset id=01fa7f98-1f19-4174-a66f-ff82c6f11f22 topic=other-events
11:44:03.595 [scenario6-other-events-producer] INFO  c.e.kafkarebalance.producer.DemoEventProducer - 已发送消息 id=3d534665-e102-4138-b577-631ffcbf5498 topic=other-events key=0 slow=false retryTrigger=false flaky=false
11:44:03.614 [org.springframework.kafka.KafkaListenerEndpointContainer#0-0-C-1] DEBUG o.s.kafka.listener.KafkaMessageListenerContainer - Received: 1 records
11:44:03.614 [org.springframework.kafka.KafkaListenerEndpointContainer#0-0-C-1] DEBUG o.s.k.l.a.RecordMessagingMessageListenerAdapter - Processing [GenericMessage [payload=DemoEvent(id=3d534665-e102-4138-b577-631ffcbf5498, payload=demo-event-1, slow=false, retryTrigger=false, flaky=false, createdAt=2026-08-27T03:44:03.592786Z), headers={kafka_offset=1, kafka_consumer=org.springframework.kafka.core.DefaultKafkaConsumerFactory$ExtendedKafkaConsumer@75fd7ccc, kafka_timestampType=CREATE_TIME, kafka_receivedPartitionId=2, kafka_receivedMessageKey=0, kafka_receivedTopic=other-events, kafka_receivedTimestamp=1787802243593, kafka_acknowledgment=Acknowledgment for other-events-2@1, kafka_groupId=slow-consumer-group}]]
11:44:03.614 [org.springframework.kafka.KafkaListenerEndpointContainer#0-0-C-1] INFO  c.e.k.listener.MultiTopicRebalanceListener - 收到消息 id=3d534665-e102-4138-b577-631ffcbf5498 topic=other-events partition=2 slow=false
11:44:03.718 [org.springframework.kafka.KafkaListenerEndpointContainer#0-0-C-1] DEBUG o.s.kafka.listener.KafkaMessageListenerContainer - Committing: {other-events-2=OffsetAndMetadata{offset=2, leaderEpoch=null, metadata=''}}
11:44:03.730 [org.springframework.kafka.KafkaListenerEndpointContainer#0-0-C-1] DEBUG o.a.k.c.consumer.internals.ConsumerCoordinator - [Consumer clientId=consumer-slow-consumer-group-1, groupId=slow-consumer-group] Committed offset 2 for partition other-events-2
11:44:03.730 [org.springframework.kafka.KafkaListenerEndpointContainer#0-0-C-1] INFO  c.e.k.listener.MultiTopicRebalanceListener - 消息处理完成并已提交 offset id=3d534665-e102-4138-b577-631ffcbf5498 topic=other-events
11:44:04.100 [scenario6-other-events-producer] INFO  c.e.kafkarebalance.producer.DemoEventProducer - 已发送消息 id=31c1a36f-6541-46a9-a060-d7893ab3754f topic=other-events key=0 slow=false retryTrigger=false flaky=false
11:44:04.114 [org.springframework.kafka.KafkaListenerEndpointContainer#0-0-C-1] DEBUG o.s.kafka.listener.KafkaMessageListenerContainer - Received: 1 records
11:44:04.114 [org.springframework.kafka.KafkaListenerEndpointContainer#0-0-C-1] DEBUG o.s.k.l.a.RecordMessagingMessageListenerAdapter - Processing [GenericMessage [payload=DemoEvent(id=31c1a36f-6541-46a9-a060-d7893ab3754f, payload=demo-event-2, slow=false, retryTrigger=false, flaky=false, createdAt=2026-08-27T03:44:04.099053Z), headers={kafka_offset=2, kafka_consumer=org.springframework.kafka.core.DefaultKafkaConsumerFactory$ExtendedKafkaConsumer@75fd7ccc, kafka_timestampType=CREATE_TIME, kafka_receivedPartitionId=2, kafka_receivedMessageKey=0, kafka_receivedTopic=other-events, kafka_receivedTimestamp=1787802244099, kafka_acknowledgment=Acknowledgment for other-events-2@2, kafka_groupId=slow-consumer-group}]]
11:44:04.114 [org.springframework.kafka.KafkaListenerEndpointContainer#0-0-C-1] INFO  c.e.k.listener.MultiTopicRebalanceListener - 收到消息 id=31c1a36f-6541-46a9-a060-d7893ab3754f topic=other-events partition=2 slow=false
11:44:04.219 [org.springframework.kafka.KafkaListenerEndpointContainer#0-0-C-1] DEBUG o.s.kafka.listener.KafkaMessageListenerContainer - Committing: {other-events-2=OffsetAndMetadata{offset=3, leaderEpoch=null, metadata=''}}
11:44:04.228 [org.springframework.kafka.KafkaListenerEndpointContainer#0-0-C-1] DEBUG o.a.k.c.consumer.internals.ConsumerCoordinator - [Consumer clientId=consumer-slow-consumer-group-1, groupId=slow-consumer-group] Committed offset 3 for partition other-events-2
11:44:04.228 [org.springframework.kafka.KafkaListenerEndpointContainer#0-0-C-1] INFO  c.e.k.listener.MultiTopicRebalanceListener - 消息处理完成并已提交 offset id=31c1a36f-6541-46a9-a060-d7893ab3754f topic=other-events
11:44:04.607 [scenario6-other-events-producer] INFO  c.e.kafkarebalance.producer.DemoEventProducer - 已发送消息 id=cf8b2f5e-40d9-4183-817e-ea267c4f917d topic=other-events key=0 slow=false retryTrigger=false flaky=false
11:44:04.624 [org.springframework.kafka.KafkaListenerEndpointContainer#0-0-C-1] DEBUG o.s.kafka.listener.KafkaMessageListenerContainer - Received: 1 records
11:44:04.624 [org.springframework.kafka.KafkaListenerEndpointContainer#0-0-C-1] DEBUG o.s.k.l.a.RecordMessagingMessageListenerAdapter - Processing [GenericMessage [payload=DemoEvent(id=cf8b2f5e-40d9-4183-817e-ea267c4f917d, payload=demo-event-3, slow=false, retryTrigger=false, flaky=false, createdAt=2026-08-27T03:44:04.606250Z), headers={kafka_offset=3, kafka_consumer=org.springframework.kafka.core.DefaultKafkaConsumerFactory$ExtendedKafkaConsumer@75fd7ccc, kafka_timestampType=CREATE_TIME, kafka_receivedPartitionId=2, kafka_receivedMessageKey=0, kafka_receivedTopic=other-events, kafka_receivedTimestamp=1787802244606, kafka_acknowledgment=Acknowledgment for other-events-2@3, kafka_groupId=slow-consumer-group}]]
11:44:04.625 [org.springframework.kafka.KafkaListenerEndpointContainer#0-0-C-1] INFO  c.e.k.listener.MultiTopicRebalanceListener - 收到消息 id=cf8b2f5e-40d9-4183-817e-ea267c4f917d topic=other-events partition=2 slow=false
11:44:04.726 [org.springframework.kafka.KafkaListenerEndpointContainer#0-0-C-1] DEBUG o.s.kafka.listener.KafkaMessageListenerContainer - Committing: {other-events-2=OffsetAndMetadata{offset=4, leaderEpoch=null, metadata=''}}
11:44:04.730 [org.springframework.kafka.KafkaListenerEndpointContainer#0-0-C-1] DEBUG o.a.k.c.consumer.internals.ConsumerCoordinator - [Consumer clientId=consumer-slow-consumer-group-1, groupId=slow-consumer-group] Committed offset 4 for partition other-events-2
11:44:04.730 [org.springframework.kafka.KafkaListenerEndpointContainer#0-0-C-1] INFO  c.e.k.listener.MultiTopicRebalanceListener - 消息处理完成并已提交 offset id=cf8b2f5e-40d9-4183-817e-ea267c4f917d topic=other-events
11:44:05.112 [scenario6-other-events-producer] INFO  c.e.kafkarebalance.producer.DemoEventProducer - 已发送消息 id=898a61e0-f16a-4828-8686-789e93c41784 topic=other-events key=0 slow=false retryTrigger=false flaky=false
11:44:05.130 [org.springframework.kafka.KafkaListenerEndpointContainer#0-0-C-1] DEBUG o.s.kafka.listener.KafkaMessageListenerContainer - Received: 1 records
11:44:05.130 [org.springframework.kafka.KafkaListenerEndpointContainer#0-0-C-1] DEBUG o.s.k.l.a.RecordMessagingMessageListenerAdapter - Processing [GenericMessage [payload=DemoEvent(id=898a61e0-f16a-4828-8686-789e93c41784, payload=demo-event-4, slow=false, retryTrigger=false, flaky=false, createdAt=2026-08-27T03:44:05.112149Z), headers={kafka_offset=4, kafka_consumer=org.springframework.kafka.core.DefaultKafkaConsumerFactory$ExtendedKafkaConsumer@75fd7ccc, kafka_timestampType=CREATE_TIME, kafka_receivedPartitionId=2, kafka_receivedMessageKey=0, kafka_receivedTopic=other-events, kafka_receivedTimestamp=1787802245112, kafka_acknowledgment=Acknowledgment for other-events-2@4, kafka_groupId=slow-consumer-group}]]
11:44:05.131 [org.springframework.kafka.KafkaListenerEndpointContainer#0-0-C-1] INFO  c.e.k.listener.MultiTopicRebalanceListener - 收到消息 id=898a61e0-f16a-4828-8686-789e93c41784 topic=other-events partition=2 slow=false
11:44:05.235 [org.springframework.kafka.KafkaListenerEndpointContainer#0-0-C-1] DEBUG o.s.kafka.listener.KafkaMessageListenerContainer - Committing: {other-events-2=OffsetAndMetadata{offset=5, leaderEpoch=null, metadata=''}}
11:44:05.245 [org.springframework.kafka.KafkaListenerEndpointContainer#0-0-C-1] DEBUG o.a.k.c.consumer.internals.ConsumerCoordinator - [Consumer clientId=consumer-slow-consumer-group-1, groupId=slow-consumer-group] Committed offset 5 for partition other-events-2
11:44:05.246 [org.springframework.kafka.KafkaListenerEndpointContainer#0-0-C-1] INFO  c.e.k.listener.MultiTopicRebalanceListener - 消息处理完成并已提交 offset id=898a61e0-f16a-4828-8686-789e93c41784 topic=other-events
11:44:05.618 [scenario6-other-events-producer] INFO  c.e.kafkarebalance.producer.DemoEventProducer - 已发送消息 id=39b95a42-bdb1-4cc2-ad60-39c73ac8edbd topic=other-events key=0 slow=false retryTrigger=false flaky=false
11:44:05.636 [org.springframework.kafka.KafkaListenerEndpointContainer#0-0-C-1] DEBUG o.s.kafka.listener.KafkaMessageListenerContainer - Received: 1 records
11:44:05.637 [org.springframework.kafka.KafkaListenerEndpointContainer#0-0-C-1] DEBUG o.s.k.l.a.RecordMessagingMessageListenerAdapter - Processing [GenericMessage [payload=DemoEvent(id=39b95a42-bdb1-4cc2-ad60-39c73ac8edbd, payload=demo-event-5, slow=false, retryTrigger=false, flaky=false, createdAt=2026-08-27T03:44:05.617069Z), headers={kafka_offset=5, kafka_consumer=org.springframework.kafka.core.DefaultKafkaConsumerFactory$ExtendedKafkaConsumer@75fd7ccc, kafka_timestampType=CREATE_TIME, kafka_receivedPartitionId=2, kafka_receivedMessageKey=0, kafka_receivedTopic=other-events, kafka_receivedTimestamp=1787802245617, kafka_acknowledgment=Acknowledgment for other-events-2@5, kafka_groupId=slow-consumer-group}]]
11:44:05.637 [org.springframework.kafka.KafkaListenerEndpointContainer#0-0-C-1] INFO  c.e.k.listener.MultiTopicRebalanceListener - 收到消息 id=39b95a42-bdb1-4cc2-ad60-39c73ac8edbd topic=other-events partition=2 slow=false
11:44:05.739 [org.springframework.kafka.KafkaListenerEndpointContainer#0-0-C-1] DEBUG o.s.kafka.listener.KafkaMessageListenerContainer - Committing: {other-events-2=OffsetAndMetadata{offset=6, leaderEpoch=null, metadata=''}}
11:44:05.745 [org.springframework.kafka.KafkaListenerEndpointContainer#0-0-C-1] DEBUG o.a.k.c.consumer.internals.ConsumerCoordinator - [Consumer clientId=consumer-slow-consumer-group-1, groupId=slow-consumer-group] Committed offset 6 for partition other-events-2
11:44:05.745 [org.springframework.kafka.KafkaListenerEndpointContainer#0-0-C-1] INFO  c.e.k.listener.MultiTopicRebalanceListener - 消息处理完成并已提交 offset id=39b95a42-bdb1-4cc2-ad60-39c73ac8edbd topic=other-events
11:44:06.124 [scenario6-other-events-producer] INFO  c.e.kafkarebalance.producer.DemoEventProducer - 已发送消息 id=720eafab-4148-43de-8ca0-5f4a70c7002f topic=other-events key=0 slow=false retryTrigger=false flaky=false
11:44:06.141 [org.springframework.kafka.KafkaListenerEndpointContainer#0-0-C-1] DEBUG o.s.kafka.listener.KafkaMessageListenerContainer - Received: 1 records
11:44:06.142 [org.springframework.kafka.KafkaListenerEndpointContainer#0-0-C-1] DEBUG o.s.k.l.a.RecordMessagingMessageListenerAdapter - Processing [GenericMessage [payload=DemoEvent(id=720eafab-4148-43de-8ca0-5f4a70c7002f, payload=demo-event-6, slow=false, retryTrigger=false, flaky=false, createdAt=2026-08-27T03:44:06.123413Z), headers={kafka_offset=6, kafka_consumer=org.springframework.kafka.core.DefaultKafkaConsumerFactory$ExtendedKafkaConsumer@75fd7ccc, kafka_timestampType=CREATE_TIME, kafka_receivedPartitionId=2, kafka_receivedMessageKey=0, kafka_receivedTopic=other-events, kafka_receivedTimestamp=1787802246123, kafka_acknowledgment=Acknowledgment for other-events-2@6, kafka_groupId=slow-consumer-group}]]
11:44:06.142 [org.springframework.kafka.KafkaListenerEndpointContainer#0-0-C-1] INFO  c.e.k.listener.MultiTopicRebalanceListener - 收到消息 id=720eafab-4148-43de-8ca0-5f4a70c7002f topic=other-events partition=2 slow=false
11:44:06.248 [org.springframework.kafka.KafkaListenerEndpointContainer#0-0-C-1] DEBUG o.s.kafka.listener.KafkaMessageListenerContainer - Committing: {other-events-2=OffsetAndMetadata{offset=7, leaderEpoch=null, metadata=''}}
11:44:06.256 [org.springframework.kafka.KafkaListenerEndpointContainer#0-0-C-1] DEBUG o.a.k.c.consumer.internals.ConsumerCoordinator - [Consumer clientId=consumer-slow-consumer-group-1, groupId=slow-consumer-group] Committed offset 7 for partition other-events-2
11:44:06.256 [org.springframework.kafka.KafkaListenerEndpointContainer#0-0-C-1] INFO  c.e.k.listener.MultiTopicRebalanceListener - 消息处理完成并已提交 offset id=720eafab-4148-43de-8ca0-5f4a70c7002f topic=other-events
11:44:06.306 [kafka-coordinator-heartbeat-thread | slow-consumer-group] DEBUG o.a.k.c.consumer.internals.ConsumerCoordinator - [Consumer clientId=consumer-slow-consumer-group-1, groupId=slow-consumer-group] Sending Heartbeat request with generation 1 and member id consumer-slow-consumer-group-1-5dfa3e0d-0c4a-43c6-bb5b-28dced6dca7f to coordinator localhost:9092 (id: 2147483646 rack: null isFenced: false)
11:44:06.311 [org.springframework.kafka.KafkaListenerEndpointContainer#0-0-C-1] DEBUG o.a.k.c.consumer.internals.ConsumerCoordinator - [Consumer clientId=consumer-slow-consumer-group-1, groupId=slow-consumer-group] Received successful Heartbeat response
11:44:06.632 [scenario6-other-events-producer] INFO  c.e.kafkarebalance.producer.DemoEventProducer - 已发送消息 id=f855beaf-ca0e-4a32-9d80-73a89c433898 topic=other-events key=0 slow=false retryTrigger=false flaky=false
11:44:06.646 [org.springframework.kafka.KafkaListenerEndpointContainer#0-0-C-1] DEBUG o.s.kafka.listener.KafkaMessageListenerContainer - Received: 1 records
11:44:06.647 [org.springframework.kafka.KafkaListenerEndpointContainer#0-0-C-1] DEBUG o.s.k.l.a.RecordMessagingMessageListenerAdapter - Processing [GenericMessage [payload=DemoEvent(id=f855beaf-ca0e-4a32-9d80-73a89c433898, payload=demo-event-7, slow=false, retryTrigger=false, flaky=false, createdAt=2026-08-27T03:44:06.629976Z), headers={kafka_offset=7, kafka_consumer=org.springframework.kafka.core.DefaultKafkaConsumerFactory$ExtendedKafkaConsumer@75fd7ccc, kafka_timestampType=CREATE_TIME, kafka_receivedPartitionId=2, kafka_receivedMessageKey=0, kafka_receivedTopic=other-events, kafka_receivedTimestamp=1787802246630, kafka_acknowledgment=Acknowledgment for other-events-2@7, kafka_groupId=slow-consumer-group}]]
11:44:06.647 [org.springframework.kafka.KafkaListenerEndpointContainer#0-0-C-1] INFO  c.e.k.listener.MultiTopicRebalanceListener - 收到消息 id=f855beaf-ca0e-4a32-9d80-73a89c433898 topic=other-events partition=2 slow=false
11:44:06.750 [org.springframework.kafka.KafkaListenerEndpointContainer#0-0-C-1] DEBUG o.s.kafka.listener.KafkaMessageListenerContainer - Committing: {other-events-2=OffsetAndMetadata{offset=8, leaderEpoch=null, metadata=''}}
11:44:06.758 [org.springframework.kafka.KafkaListenerEndpointContainer#0-0-C-1] DEBUG o.a.k.c.consumer.internals.ConsumerCoordinator - [Consumer clientId=consumer-slow-consumer-group-1, groupId=slow-consumer-group] Committed offset 8 for partition other-events-2
11:44:06.758 [org.springframework.kafka.KafkaListenerEndpointContainer#0-0-C-1] INFO  c.e.k.listener.MultiTopicRebalanceListener - 消息处理完成并已提交 offset id=f855beaf-ca0e-4a32-9d80-73a89c433898 topic=other-events
11:44:07.136 [scenario6-other-events-producer] INFO  c.e.kafkarebalance.producer.DemoEventProducer - 已发送消息 id=edf03a52-35f6-4637-91ba-e0fd72a169b6 topic=other-events key=0 slow=false retryTrigger=false flaky=false
11:44:07.155 [org.springframework.kafka.KafkaListenerEndpointContainer#0-0-C-1] DEBUG o.s.kafka.listener.KafkaMessageListenerContainer - Received: 1 records
11:44:07.155 [org.springframework.kafka.KafkaListenerEndpointContainer#0-0-C-1] DEBUG o.s.k.l.a.RecordMessagingMessageListenerAdapter - Processing [GenericMessage [payload=DemoEvent(id=edf03a52-35f6-4637-91ba-e0fd72a169b6, payload=demo-event-8, slow=false, retryTrigger=false, flaky=false, createdAt=2026-08-27T03:44:07.136117Z), headers={kafka_offset=8, kafka_consumer=org.springframework.kafka.core.DefaultKafkaConsumerFactory$ExtendedKafkaConsumer@75fd7ccc, kafka_timestampType=CREATE_TIME, kafka_receivedPartitionId=2, kafka_receivedMessageKey=0, kafka_receivedTopic=other-events, kafka_receivedTimestamp=1787802247136, kafka_acknowledgment=Acknowledgment for other-events-2@8, kafka_groupId=slow-consumer-group}]]
11:44:07.155 [org.springframework.kafka.KafkaListenerEndpointContainer#0-0-C-1] INFO  c.e.k.listener.MultiTopicRebalanceListener - 收到消息 id=edf03a52-35f6-4637-91ba-e0fd72a169b6 topic=other-events partition=2 slow=false
11:44:07.260 [org.springframework.kafka.KafkaListenerEndpointContainer#0-0-C-1] DEBUG o.s.kafka.listener.KafkaMessageListenerContainer - Committing: {other-events-2=OffsetAndMetadata{offset=9, leaderEpoch=null, metadata=''}}
11:44:07.269 [org.springframework.kafka.KafkaListenerEndpointContainer#0-0-C-1] DEBUG o.a.k.c.consumer.internals.ConsumerCoordinator - [Consumer clientId=consumer-slow-consumer-group-1, groupId=slow-consumer-group] Committed offset 9 for partition other-events-2
11:44:07.269 [org.springframework.kafka.KafkaListenerEndpointContainer#0-0-C-1] INFO  c.e.k.listener.MultiTopicRebalanceListener - 消息处理完成并已提交 offset id=edf03a52-35f6-4637-91ba-e0fd72a169b6 topic=other-events
11:44:07.639 [scenario6-other-events-producer] INFO  c.e.kafkarebalance.producer.DemoEventProducer - 已发送消息 id=bdaad9fd-3e46-4ca8-8ea0-f19c0fb7eb31 topic=other-events key=0 slow=false retryTrigger=false flaky=false
11:44:07.657 [org.springframework.kafka.KafkaListenerEndpointContainer#0-0-C-1] DEBUG o.s.kafka.listener.KafkaMessageListenerContainer - Received: 1 records
11:44:07.657 [org.springframework.kafka.KafkaListenerEndpointContainer#0-0-C-1] DEBUG o.s.k.l.a.RecordMessagingMessageListenerAdapter - Processing [GenericMessage [payload=DemoEvent(id=bdaad9fd-3e46-4ca8-8ea0-f19c0fb7eb31, payload=demo-event-9, slow=false, retryTrigger=false, flaky=false, createdAt=2026-08-27T03:44:07.638407Z), headers={kafka_offset=9, kafka_consumer=org.springframework.kafka.core.DefaultKafkaConsumerFactory$ExtendedKafkaConsumer@75fd7ccc, kafka_timestampType=CREATE_TIME, kafka_receivedPartitionId=2, kafka_receivedMessageKey=0, kafka_receivedTopic=other-events, kafka_receivedTimestamp=1787802247638, kafka_acknowledgment=Acknowledgment for other-events-2@9, kafka_groupId=slow-consumer-group}]]
11:44:07.658 [org.springframework.kafka.KafkaListenerEndpointContainer#0-0-C-1] INFO  c.e.k.listener.MultiTopicRebalanceListener - 收到消息 id=bdaad9fd-3e46-4ca8-8ea0-f19c0fb7eb31 topic=other-events partition=2 slow=false
11:44:07.762 [org.springframework.kafka.KafkaListenerEndpointContainer#0-0-C-1] DEBUG o.s.kafka.listener.KafkaMessageListenerContainer - Committing: {other-events-2=OffsetAndMetadata{offset=10, leaderEpoch=null, metadata=''}}
11:44:07.771 [org.springframework.kafka.KafkaListenerEndpointContainer#0-0-C-1] DEBUG o.a.k.c.consumer.internals.ConsumerCoordinator - [Consumer clientId=consumer-slow-consumer-group-1, groupId=slow-consumer-group] Committed offset 10 for partition other-events-2
11:44:07.771 [org.springframework.kafka.KafkaListenerEndpointContainer#0-0-C-1] INFO  c.e.k.listener.MultiTopicRebalanceListener - 消息处理完成并已提交 offset id=bdaad9fd-3e46-4ca8-8ea0-f19c0fb7eb31 topic=other-events
11:44:08.034 [demo-event-producer] INFO  c.e.kafkarebalance.producer.DemoEventProducer - 已发送消息 id=9626ebdb-933a-4ed5-a697-a129cf64a008 topic=slow-events key=0 slow=true retryTrigger=false flaky=false
11:44:08.034 [demo-event-producer] INFO  c.e.kafkarebalance.producer.DemoEventProducer - [scenario6] 已向 slow-events 发送 1 条 slow=true 消息，预期将触发 rebalance
11:44:08.041 [org.springframework.kafka.KafkaListenerEndpointContainer#0-0-C-1] DEBUG o.s.kafka.listener.KafkaMessageListenerContainer - Received: 1 records
11:44:08.041 [org.springframework.kafka.KafkaListenerEndpointContainer#0-0-C-1] DEBUG o.s.k.l.a.RecordMessagingMessageListenerAdapter - Processing [GenericMessage [payload=DemoEvent(id=9626ebdb-933a-4ed5-a697-a129cf64a008, payload=demo-event-0, slow=true, retryTrigger=false, flaky=false, createdAt=2026-08-27T03:44:08.031207Z), headers={kafka_offset=0, kafka_consumer=org.springframework.kafka.core.DefaultKafkaConsumerFactory$ExtendedKafkaConsumer@75fd7ccc, kafka_timestampType=CREATE_TIME, kafka_receivedPartitionId=2, kafka_receivedMessageKey=0, kafka_receivedTopic=slow-events, kafka_receivedTimestamp=1787802248033, kafka_acknowledgment=Acknowledgment for slow-events-2@0, kafka_groupId=slow-consumer-group}]]
11:44:08.041 [org.springframework.kafka.KafkaListenerEndpointContainer#0-0-C-1] INFO  c.e.k.listener.MultiTopicRebalanceListener - 收到消息 id=9626ebdb-933a-4ed5-a697-a129cf64a008 topic=slow-events partition=2 slow=true
11:44:08.041 [org.springframework.kafka.KafkaListenerEndpointContainer#0-0-C-1] WARN  c.e.k.listener.MultiTopicRebalanceListener - 模拟慢处理开始：id=9626ebdb-933a-4ed5-a697-a129cf64a008 topic=slow-events 将阻塞 10000ms（超过 max.poll.interval.ms，预期触发 rebalance）
11:44:08.142 [scenario6-other-events-producer] INFO  c.e.kafkarebalance.producer.DemoEventProducer - 已发送消息 id=e1e5473d-cacf-4706-a460-910d72bd183d topic=other-events key=0 slow=false retryTrigger=false flaky=false
11:44:08.648 [scenario6-other-events-producer] INFO  c.e.kafkarebalance.producer.DemoEventProducer - 已发送消息 id=01ce4bc0-ae50-40b6-bf7f-a4081218f49b topic=other-events key=0 slow=false retryTrigger=false flaky=false
11:44:09.154 [scenario6-other-events-producer] INFO  c.e.kafkarebalance.producer.DemoEventProducer - 已发送消息 id=c8c3d4db-1c86-445e-b802-c5a963b46e28 topic=other-events key=0 slow=false retryTrigger=false flaky=false
11:44:09.401 [kafka-coordinator-heartbeat-thread | slow-consumer-group] DEBUG o.a.k.c.consumer.internals.ConsumerCoordinator - [Consumer clientId=consumer-slow-consumer-group-1, groupId=slow-consumer-group] Sending Heartbeat request with generation 1 and member id consumer-slow-consumer-group-1-5dfa3e0d-0c4a-43c6-bb5b-28dced6dca7f to coordinator localhost:9092 (id: 2147483646 rack: null isFenced: false)
11:44:09.505 [kafka-coordinator-heartbeat-thread | slow-consumer-group] DEBUG o.a.k.c.consumer.internals.ConsumerCoordinator - [Consumer clientId=consumer-slow-consumer-group-1, groupId=slow-consumer-group] Received successful Heartbeat response
11:44:09.660 [scenario6-other-events-producer] INFO  c.e.kafkarebalance.producer.DemoEventProducer - 已发送消息 id=3d2a5485-001f-4f8d-89e1-aea9ca69b19e topic=other-events key=0 slow=false retryTrigger=false flaky=false
11:44:10.166 [scenario6-other-events-producer] INFO  c.e.kafkarebalance.producer.DemoEventProducer - 已发送消息 id=74cf65b7-040f-4ca0-a222-7dae9b6ecca1 topic=other-events key=0 slow=false retryTrigger=false flaky=false
11:44:10.671 [scenario6-other-events-producer] INFO  c.e.kafkarebalance.producer.DemoEventProducer - 已发送消息 id=20d2e566-b52e-451d-a293-54f8c4fe0da7 topic=other-events key=0 slow=false retryTrigger=false flaky=false
11:44:11.174 [scenario6-other-events-producer] INFO  c.e.kafkarebalance.producer.DemoEventProducer - 已发送消息 id=ddd9a8f5-6cf8-426d-8a1c-35b4d670d7b8 topic=other-events key=0 slow=false retryTrigger=false flaky=false
11:44:11.677 [scenario6-other-events-producer] INFO  c.e.kafkarebalance.producer.DemoEventProducer - 已发送消息 id=dbd4d0e8-b644-4b2a-b84c-fc4fc7e87722 topic=other-events key=0 slow=false retryTrigger=false flaky=false
11:44:12.182 [scenario6-other-events-producer] INFO  c.e.kafkarebalance.producer.DemoEventProducer - 已发送消息 id=8b4cf119-c088-4953-8398-377573fc5f69 topic=other-events key=0 slow=false retryTrigger=false flaky=false
11:44:12.410 [kafka-coordinator-heartbeat-thread | slow-consumer-group] DEBUG o.a.k.c.consumer.internals.ConsumerCoordinator - [Consumer clientId=consumer-slow-consumer-group-1, groupId=slow-consumer-group] Sending Heartbeat request with generation 1 and member id consumer-slow-consumer-group-1-5dfa3e0d-0c4a-43c6-bb5b-28dced6dca7f to coordinator localhost:9092 (id: 2147483646 rack: null isFenced: false)
11:44:12.514 [kafka-coordinator-heartbeat-thread | slow-consumer-group] DEBUG o.a.k.c.consumer.internals.ConsumerCoordinator - [Consumer clientId=consumer-slow-consumer-group-1, groupId=slow-consumer-group] Received successful Heartbeat response
11:44:12.687 [scenario6-other-events-producer] INFO  c.e.kafkarebalance.producer.DemoEventProducer - 已发送消息 id=6366b2e6-b277-4c68-8201-1f6114e506b8 topic=other-events key=0 slow=false retryTrigger=false flaky=false
11:44:13.190 [scenario6-other-events-producer] INFO  c.e.kafkarebalance.producer.DemoEventProducer - 已发送消息 id=1996e046-2b02-4e82-8421-3a217db86cb7 topic=other-events key=0 slow=false retryTrigger=false flaky=false
11:44:13.696 [scenario6-other-events-producer] INFO  c.e.kafkarebalance.producer.DemoEventProducer - 已发送消息 id=58228bc6-74f1-4c18-8ade-8aee51dbe736 topic=other-events key=0 slow=false retryTrigger=false flaky=false
11:44:13.860 [kafka-coordinator-heartbeat-thread | slow-consumer-group] WARN  o.a.k.c.consumer.internals.ConsumerCoordinator - [Consumer clientId=consumer-slow-consumer-group-1, groupId=slow-consumer-group] consumer poll timeout has expired. This means the time between subsequent calls to poll() was longer than the configured max.poll.interval.ms, which typically implies that the poll loop is spending too much time processing messages. You can address this either by increasing max.poll.interval.ms or by reducing the maximum size of batches returned in poll() with max.poll.records.
11:44:13.861 [kafka-coordinator-heartbeat-thread | slow-consumer-group] INFO  o.a.k.c.consumer.internals.ConsumerCoordinator - [Consumer clientId=consumer-slow-consumer-group-1, groupId=slow-consumer-group] Member consumer-slow-consumer-group-1-5dfa3e0d-0c4a-43c6-bb5b-28dced6dca7f sending LeaveGroup request to coordinator localhost:9092 (id: 2147483646 rack: null isFenced: false) due to consumer poll timeout has expired.
11:44:13.863 [kafka-coordinator-heartbeat-thread | slow-consumer-group] INFO  o.a.k.c.consumer.internals.ConsumerCoordinator - [Consumer clientId=consumer-slow-consumer-group-1, groupId=slow-consumer-group] Resetting generation and member id due to: consumer pro-actively leaving the group
11:44:13.863 [kafka-coordinator-heartbeat-thread | slow-consumer-group] INFO  o.a.k.c.consumer.internals.ConsumerCoordinator - [Consumer clientId=consumer-slow-consumer-group-1, groupId=slow-consumer-group] Request joining group due to: consumer pro-actively leaving the group
11:44:14.201 [scenario6-other-events-producer] INFO  c.e.kafkarebalance.producer.DemoEventProducer - 已发送消息 id=d9756e8a-22e5-4e32-9788-f2cb48fa6690 topic=other-events key=0 slow=false retryTrigger=false flaky=false
11:44:14.707 [scenario6-other-events-producer] INFO  c.e.kafkarebalance.producer.DemoEventProducer - 已发送消息 id=1d94d25e-0fd0-48e3-bdbf-5ee2fea1631e topic=other-events key=0 slow=false retryTrigger=false flaky=false
11:44:15.213 [scenario6-other-events-producer] INFO  c.e.kafkarebalance.producer.DemoEventProducer - 已发送消息 id=96cde673-bddd-44fe-9e2e-86ca44909fe3 topic=other-events key=0 slow=false retryTrigger=false flaky=false
11:44:15.722 [scenario6-other-events-producer] INFO  c.e.kafkarebalance.producer.DemoEventProducer - 已发送消息 id=57fa43de-694e-4d83-a540-f3dacd7737f9 topic=other-events key=0 slow=false retryTrigger=false flaky=false
11:44:16.226 [scenario6-other-events-producer] INFO  c.e.kafkarebalance.producer.DemoEventProducer - 已发送消息 id=5435dfea-f0d2-4064-9f75-8f5f0184d96e topic=other-events key=0 slow=false retryTrigger=false flaky=false
11:44:16.730 [scenario6-other-events-producer] INFO  c.e.kafkarebalance.producer.DemoEventProducer - 已发送消息 id=51a6a9b0-935d-4ee9-9944-c0d954d10442 topic=other-events key=0 slow=false retryTrigger=false flaky=false
11:44:17.232 [scenario6-other-events-producer] INFO  c.e.kafkarebalance.producer.DemoEventProducer - 已发送消息 id=e6acbe8d-55fe-4c58-b8f6-bea247f9cfb3 topic=other-events key=0 slow=false retryTrigger=false flaky=false
11:44:17.737 [scenario6-other-events-producer] INFO  c.e.kafkarebalance.producer.DemoEventProducer - 已发送消息 id=6b0f6a1d-8bfa-40a5-b564-787a74272d85 topic=other-events key=0 slow=false retryTrigger=false flaky=false
11:44:18.043 [org.springframework.kafka.KafkaListenerEndpointContainer#0-0-C-1] DEBUG o.s.kafka.listener.KafkaMessageListenerContainer - Committing: {slow-events-2=OffsetAndMetadata{offset=1, leaderEpoch=null, metadata=''}}
11:44:18.044 [org.springframework.kafka.KafkaListenerEndpointContainer#0-0-C-1] INFO  o.a.k.c.consumer.internals.ConsumerCoordinator - [Consumer clientId=consumer-slow-consumer-group-1, groupId=slow-consumer-group] Failing OffsetCommit request since the consumer is not part of an active group
11:44:18.050 [org.springframework.kafka.KafkaListenerEndpointContainer#0-0-C-1] DEBUG o.a.k.c.consumer.internals.ConsumerCoordinator - [Consumer clientId=consumer-slow-consumer-group-1, groupId=slow-consumer-group] LeaveGroup response with Generation{generationId=1, memberId='consumer-slow-consumer-group-1-5dfa3e0d-0c4a-43c6-bb5b-28dced6dca7f', protocol='range'} returned successfully: ClientResponse(receivedTimeMs=1787802258045, latencyMs=4183, disconnected=false, timedOut=false, requestHeader=RequestHeader(apiKey=LEAVE_GROUP, apiVersion=5, clientId=consumer-slow-consumer-group-1, correlationId=47, headerVersion=2), responseBody=LeaveGroupResponseData(throttleTimeMs=0, errorCode=0, members=[MemberResponse(memberId='consumer-slow-consumer-group-1-5dfa3e0d-0c4a-43c6-bb5b-28dced6dca7f', groupInstanceId=null, errorCode=0)]))
11:44:18.050 [org.springframework.kafka.KafkaListenerEndpointContainer#0-0-C-1] WARN  c.e.k.listener.MultiTopicRebalanceListener - 提交 offset 失败，可能因 rebalance 导致该分区已被回收 id=9626ebdb-933a-4ed5-a697-a129cf64a008 topic=slow-events
org.apache.kafka.clients.consumer.CommitFailedException: Offset commit cannot be completed since the consumer is not part of an active group for auto partition assignment; it is likely that the consumer was kicked out of the group.
	at org.apache.kafka.clients.consumer.internals.ConsumerCoordinator.sendOffsetCommitRequest(ConsumerCoordinator.java:1320)
	at org.apache.kafka.clients.consumer.internals.ConsumerCoordinator.commitOffsetsSync(ConsumerCoordinator.java:1155)
	at org.apache.kafka.clients.consumer.internals.ClassicKafkaConsumer.commitSync(ClassicKafkaConsumer.java:747)
	at org.apache.kafka.clients.consumer.KafkaConsumer.commitSync(KafkaConsumer.java:1094)
	at org.springframework.kafka.listener.KafkaMessageListenerContainer$ListenerConsumer.doCommitSync(KafkaMessageListenerContainer.java:3474)
	at org.springframework.kafka.listener.KafkaMessageListenerContainer$ListenerConsumer.commitSync(KafkaMessageListenerContainer.java:3469)
	at org.springframework.kafka.listener.KafkaMessageListenerContainer$ListenerConsumer.commitOffsets(KafkaMessageListenerContainer.java:3452)
	at org.springframework.kafka.listener.KafkaMessageListenerContainer$ListenerConsumer.commitOffsetsInTransactions(KafkaMessageListenerContainer.java:3443)
	at org.springframework.kafka.listener.KafkaMessageListenerContainer$ListenerConsumer.ackImmediate(KafkaMessageListenerContainer.java:2187)
	at org.springframework.kafka.listener.KafkaMessageListenerContainer$ListenerConsumer.processAck(KafkaMessageListenerContainer.java:2082)
	at org.springframework.kafka.listener.KafkaMessageListenerContainer$ListenerConsumer.doAck(KafkaMessageListenerContainer.java:2062)
	at org.springframework.kafka.listener.KafkaMessageListenerContainer$ListenerConsumer$ConsumerAcknowledgment.acknowledge(KafkaMessageListenerContainer.java:3622)
	at com.example.kafkarebalance.listener.MultiTopicRebalanceListener.onMessage(MultiTopicRebalanceListener.kt:67)
	at java.base/jdk.internal.reflect.DirectMethodHandleAccessor.invoke(DirectMethodHandleAccessor.java:104)
	at java.base/java.lang.reflect.Method.invoke(Method.java:565)
	at org.springframework.messaging.handler.invocation.InvocableHandlerMethod.doInvoke(InvocableHandlerMethod.java:168)
	at org.springframework.kafka.listener.adapter.KotlinAwareInvocableHandlerMethod.doInvoke(KotlinAwareInvocableHandlerMethod.java:48)
	at org.springframework.messaging.handler.invocation.InvocableHandlerMethod.invoke(InvocableHandlerMethod.java:119)
	at org.springframework.kafka.listener.adapter.HandlerAdapter.invoke(HandlerAdapter.java:80)
	at org.springframework.kafka.listener.adapter.MessagingMessageListenerAdapter.invokeHandler(MessagingMessageListenerAdapter.java:488)
	at org.springframework.kafka.listener.adapter.MessagingMessageListenerAdapter.invoke(MessagingMessageListenerAdapter.java:425)
	at org.springframework.kafka.listener.adapter.RecordMessagingMessageListenerAdapter.onMessage(RecordMessagingMessageListenerAdapter.java:92)
	at org.springframework.kafka.listener.adapter.RecordMessagingMessageListenerAdapter.onMessage(RecordMessagingMessageListenerAdapter.java:52)
	at org.springframework.kafka.listener.KafkaMessageListenerContainer$ListenerConsumer.doInvokeOnMessage(KafkaMessageListenerContainer.java:2948)
	at org.springframework.kafka.listener.KafkaMessageListenerContainer$ListenerConsumer.invokeOnMessage(KafkaMessageListenerContainer.java:2927)
	at org.springframework.kafka.listener.KafkaMessageListenerContainer$ListenerConsumer.doInvokeRecordListener(KafkaMessageListenerContainer.java:2837)
	at org.springframework.kafka.listener.KafkaMessageListenerContainer$ListenerConsumer.doInvokeWithRecords(KafkaMessageListenerContainer.java:2679)
	at org.springframework.kafka.listener.KafkaMessageListenerContainer$ListenerConsumer.invokeRecordListener(KafkaMessageListenerContainer.java:2573)
	at org.springframework.kafka.listener.KafkaMessageListenerContainer$ListenerConsumer.invokeListener(KafkaMessageListenerContainer.java:2204)
	at org.springframework.kafka.listener.KafkaMessageListenerContainer$ListenerConsumer.invokeIfHaveRecords(KafkaMessageListenerContainer.java:1559)
	at org.springframework.kafka.listener.KafkaMessageListenerContainer$ListenerConsumer.pollAndInvoke(KafkaMessageListenerContainer.java:1499)
	at org.springframework.kafka.listener.KafkaMessageListenerContainer$ListenerConsumer.run(KafkaMessageListenerContainer.java:1368)
	at java.base/java.util.concurrent.CompletableFuture$AsyncRun.run(CompletableFuture.java:1825)
	at java.base/java.lang.Thread.run(Thread.java:1474)
11:44:18.051 [org.springframework.kafka.KafkaListenerEndpointContainer#0-0-C-1] DEBUG o.a.k.c.consumer.internals.ConsumerCoordinator - [Consumer clientId=consumer-slow-consumer-group-1, groupId=slow-consumer-group] Executing onJoinPrepare with generation -1 and memberId 
11:44:18.052 [org.springframework.kafka.KafkaListenerEndpointContainer#0-0-C-1] INFO  o.a.k.c.consumer.internals.ConsumerCoordinator - [Consumer clientId=consumer-slow-consumer-group-1, groupId=slow-consumer-group] Giving away all assigned partitions as lost since generation/memberID has been reset,indicating that consumer is in old state or no longer part of the group
11:44:18.052 [org.springframework.kafka.KafkaListenerEndpointContainer#0-0-C-1] INFO  o.a.k.c.c.i.ConsumerRebalanceListenerInvoker - [Consumer clientId=consumer-slow-consumer-group-1, groupId=slow-consumer-group] Lost previously assigned partitions [other-events-0, other-events-1, other-events-2, slow-events-0, slow-events-1, slow-events-2]
11:44:18.052 [org.springframework.kafka.KafkaListenerEndpointContainer#0-0-C-1] INFO  o.s.kafka.listener.KafkaMessageListenerContainer - slow-consumer-group: partitions lost: [other-events-0, other-events-1, other-events-2, slow-events-0, slow-events-1, slow-events-2]
11:44:18.053 [org.springframework.kafka.KafkaListenerEndpointContainer#0-0-C-1] INFO  o.s.kafka.listener.KafkaMessageListenerContainer - slow-consumer-group: partitions revoked: [other-events-0, other-events-1, other-events-2, slow-events-0, slow-events-1, slow-events-2]
11:44:18.053 [org.springframework.kafka.KafkaListenerEndpointContainer#0-0-C-1] INFO  o.a.k.c.consumer.internals.ConsumerCoordinator - [Consumer clientId=consumer-slow-consumer-group-1, groupId=slow-consumer-group] (Re-)joining group
11:44:18.053 [org.springframework.kafka.KafkaListenerEndpointContainer#0-0-C-1] DEBUG o.a.k.c.consumer.internals.ConsumerCoordinator - [Consumer clientId=consumer-slow-consumer-group-1, groupId=slow-consumer-group] Joining group with current subscription: [slow-events, other-events]
11:44:18.054 [org.springframework.kafka.KafkaListenerEndpointContainer#0-0-C-1] DEBUG o.a.k.c.consumer.internals.ConsumerCoordinator - [Consumer clientId=consumer-slow-consumer-group-1, groupId=slow-consumer-group] Sending JoinGroup (JoinGroupRequestData(groupId='slow-consumer-group', sessionTimeoutMs=10000, rebalanceTimeoutMs=6000, memberId='', groupInstanceId=null, protocolType='consumer', protocols=[JoinGroupRequestProtocol(name='range', metadata=[0, 3, 0, 0, 0, 2, 0, 12, 111, 116, 104, 101, 114, 45, 101, 118, 101, 110, 116, 115, 0, 11, 115, 108, 111, 119, 45, 101, 118, 101, 110, 116, 115, -1, -1, -1, -1, 0, 0, 0, 0, -1, -1, -1, -1, -1, -1]), JoinGroupRequestProtocol(name='cooperative-sticky', metadata=[0, 3, 0, 0, 0, 2, 0, 12, 111, 116, 104, 101, 114, 45, 101, 118, 101, 110, 116, 115, 0, 11, 115, 108, 111, 119, 45, 101, 118, 101, 110, 116, 115, 0, 0, 0, 4, -1, -1, -1, -1, 0, 0, 0, 0, -1, -1, -1, -1, -1, -1])], reason='consumer pro-actively leaving the group')) to coordinator localhost:9092 (id: 2147483646 rack: null isFenced: false)
11:44:18.059 [org.springframework.kafka.KafkaListenerEndpointContainer#0-0-C-1] DEBUG o.a.k.c.consumer.internals.ConsumerCoordinator - [Consumer clientId=consumer-slow-consumer-group-1, groupId=slow-consumer-group] JoinGroup failed due to non-fatal error: MEMBER_ID_REQUIRED. Will set the member id as consumer-slow-consumer-group-1-084683af-6f27-48bf-8b1f-025555a2f5c7 and then rejoin. Sent generation was Generation{generationId=-1, memberId='', protocol='null'}
11:44:18.059 [org.springframework.kafka.KafkaListenerEndpointContainer#0-0-C-1] INFO  o.a.k.c.consumer.internals.ConsumerCoordinator - [Consumer clientId=consumer-slow-consumer-group-1, groupId=slow-consumer-group] Request joining group due to: need to re-join with the given member-id: consumer-slow-consumer-group-1-084683af-6f27-48bf-8b1f-025555a2f5c7
11:44:18.060 [org.springframework.kafka.KafkaListenerEndpointContainer#0-0-C-1] INFO  o.a.k.c.consumer.internals.ConsumerCoordinator - [Consumer clientId=consumer-slow-consumer-group-1, groupId=slow-consumer-group] (Re-)joining group
11:44:18.060 [org.springframework.kafka.KafkaListenerEndpointContainer#0-0-C-1] DEBUG o.a.k.c.consumer.internals.ConsumerCoordinator - [Consumer clientId=consumer-slow-consumer-group-1, groupId=slow-consumer-group] Joining group with current subscription: [slow-events, other-events]
11:44:18.060 [org.springframework.kafka.KafkaListenerEndpointContainer#0-0-C-1] DEBUG o.a.k.c.consumer.internals.ConsumerCoordinator - [Consumer clientId=consumer-slow-consumer-group-1, groupId=slow-consumer-group] Sending JoinGroup (JoinGroupRequestData(groupId='slow-consumer-group', sessionTimeoutMs=10000, rebalanceTimeoutMs=6000, memberId='consumer-slow-consumer-group-1-084683af-6f27-48bf-8b1f-025555a2f5c7', groupInstanceId=null, protocolType='consumer', protocols=[JoinGroupRequestProtocol(name='range', metadata=[0, 3, 0, 0, 0, 2, 0, 12, 111, 116, 104, 101, 114, 45, 101, 118, 101, 110, 116, 115, 0, 11, 115, 108, 111, 119, 45, 101, 118, 101, 110, 116, 115, -1, -1, -1, -1, 0, 0, 0, 0, -1, -1, -1, -1, -1, -1]), JoinGroupRequestProtocol(name='cooperative-sticky', metadata=[0, 3, 0, 0, 0, 2, 0, 12, 111, 116, 104, 101, 114, 45, 101, 118, 101, 110, 116, 115, 0, 11, 115, 108, 111, 119, 45, 101, 118, 101, 110, 116, 115, 0, 0, 0, 4, -1, -1, -1, -1, 0, 0, 0, 0, -1, -1, -1, -1, -1, -1])], reason='need to re-join with the given member-id: consumer-slow-consumer-group-1-084683af-6f27-48bf-8b1f-025555a2f5c7')) to coordinator localhost:9092 (id: 2147483646 rack: null isFenced: false)
11:44:18.065 [org.springframework.kafka.KafkaListenerEndpointContainer#0-0-C-1] DEBUG o.a.k.c.consumer.internals.ConsumerCoordinator - [Consumer clientId=consumer-slow-consumer-group-1, groupId=slow-consumer-group] Received successful JoinGroup response: JoinGroupResponseData(throttleTimeMs=0, errorCode=0, generationId=3, protocolType='consumer', protocolName='range', leader='consumer-slow-consumer-group-1-084683af-6f27-48bf-8b1f-025555a2f5c7', skipAssignment=false, memberId='consumer-slow-consumer-group-1-084683af-6f27-48bf-8b1f-025555a2f5c7', members=[JoinGroupResponseMember(memberId='consumer-slow-consumer-group-1-084683af-6f27-48bf-8b1f-025555a2f5c7', groupInstanceId=null, metadata=[0, 3, 0, 0, 0, 2, 0, 12, 111, 116, 104, 101, 114, 45, 101, 118, 101, 110, 116, 115, 0, 11, 115, 108, 111, 119, 45, 101, 118, 101, 110, 116, 115, -1, -1, -1, -1, 0, 0, 0, 0, -1, -1, -1, -1, -1, -1])])
11:44:18.065 [org.springframework.kafka.KafkaListenerEndpointContainer#0-0-C-1] DEBUG o.a.k.c.consumer.internals.ConsumerCoordinator - [Consumer clientId=consumer-slow-consumer-group-1, groupId=slow-consumer-group] Enabling heartbeat thread
11:44:18.065 [org.springframework.kafka.KafkaListenerEndpointContainer#0-0-C-1] INFO  o.a.k.c.consumer.internals.ConsumerCoordinator - [Consumer clientId=consumer-slow-consumer-group-1, groupId=slow-consumer-group] Successfully joined group with generation Generation{generationId=3, memberId='consumer-slow-consumer-group-1-084683af-6f27-48bf-8b1f-025555a2f5c7', protocol='range'}
11:44:18.066 [org.springframework.kafka.KafkaListenerEndpointContainer#0-0-C-1] DEBUG o.a.k.c.consumer.internals.ConsumerCoordinator - [Consumer clientId=consumer-slow-consumer-group-1, groupId=slow-consumer-group] Performing assignment using strategy range with subscriptions {consumer-slow-consumer-group-1-084683af-6f27-48bf-8b1f-025555a2f5c7=Subscription(topics=[other-events, slow-events], ownedPartitions=[], groupInstanceId=null, generationId=-1, rackId=null)}
11:44:18.066 [org.springframework.kafka.KafkaListenerEndpointContainer#0-0-C-1] INFO  o.a.k.c.consumer.internals.ConsumerCoordinator - [Consumer clientId=consumer-slow-consumer-group-1, groupId=slow-consumer-group] Finished assignment for group at generation 3: {consumer-slow-consumer-group-1-084683af-6f27-48bf-8b1f-025555a2f5c7=Assignment(partitions=[other-events-0, other-events-1, other-events-2, slow-events-0, slow-events-1, slow-events-2])}
11:44:18.066 [org.springframework.kafka.KafkaListenerEndpointContainer#0-0-C-1] DEBUG o.a.k.c.consumer.internals.ConsumerCoordinator - [Consumer clientId=consumer-slow-consumer-group-1, groupId=slow-consumer-group] Sending leader SyncGroup to coordinator localhost:9092 (id: 2147483646 rack: null isFenced: false): SyncGroupRequestData(groupId='slow-consumer-group', generationId=3, memberId='consumer-slow-consumer-group-1-084683af-6f27-48bf-8b1f-025555a2f5c7', groupInstanceId=null, protocolType='consumer', protocolName='range', assignments=[SyncGroupRequestAssignment(memberId='consumer-slow-consumer-group-1-084683af-6f27-48bf-8b1f-025555a2f5c7', assignment=[0, 3, 0, 0, 0, 2, 0, 12, 111, 116, 104, 101, 114, 45, 101, 118, 101, 110, 116, 115, 0, 0, 0, 3, 0, 0, 0, 0, 0, 0, 0, 1, 0, 0, 0, 2, 0, 11, 115, 108, 111, 119, 45, 101, 118, 101, 110, 116, 115, 0, 0, 0, 3, 0, 0, 0, 0, 0, 0, 0, 1, 0, 0, 0, 2, -1, -1, -1, -1])])
11:44:18.071 [org.springframework.kafka.KafkaListenerEndpointContainer#0-0-C-1] DEBUG o.a.k.c.consumer.internals.ConsumerCoordinator - [Consumer clientId=consumer-slow-consumer-group-1, groupId=slow-consumer-group] Received successful SyncGroup response: SyncGroupResponseData(throttleTimeMs=0, errorCode=0, protocolType='consumer', protocolName='range', assignment=[0, 3, 0, 0, 0, 2, 0, 12, 111, 116, 104, 101, 114, 45, 101, 118, 101, 110, 116, 115, 0, 0, 0, 3, 0, 0, 0, 0, 0, 0, 0, 1, 0, 0, 0, 2, 0, 11, 115, 108, 111, 119, 45, 101, 118, 101, 110, 116, 115, 0, 0, 0, 3, 0, 0, 0, 0, 0, 0, 0, 1, 0, 0, 0, 2, -1, -1, -1, -1])
11:44:18.071 [org.springframework.kafka.KafkaListenerEndpointContainer#0-0-C-1] INFO  o.a.k.c.consumer.internals.ConsumerCoordinator - [Consumer clientId=consumer-slow-consumer-group-1, groupId=slow-consumer-group] Successfully synced group in generation Generation{generationId=3, memberId='consumer-slow-consumer-group-1-084683af-6f27-48bf-8b1f-025555a2f5c7', protocol='range'}
11:44:18.071 [org.springframework.kafka.KafkaListenerEndpointContainer#0-0-C-1] DEBUG o.a.k.c.consumer.internals.ConsumerCoordinator - [Consumer clientId=consumer-slow-consumer-group-1, groupId=slow-consumer-group] Executing onJoinComplete with generation 3 and memberId consumer-slow-consumer-group-1-084683af-6f27-48bf-8b1f-025555a2f5c7
11:44:18.071 [org.springframework.kafka.KafkaListenerEndpointContainer#0-0-C-1] INFO  o.a.k.c.consumer.internals.ConsumerCoordinator - [Consumer clientId=consumer-slow-consumer-group-1, groupId=slow-consumer-group] Notifying assignor about the new Assignment(partitions=[other-events-0, other-events-1, other-events-2, slow-events-0, slow-events-1, slow-events-2])
11:44:18.071 [org.springframework.kafka.KafkaListenerEndpointContainer#0-0-C-1] INFO  o.a.k.c.c.i.ConsumerRebalanceListenerInvoker - [Consumer clientId=consumer-slow-consumer-group-1, groupId=slow-consumer-group] Adding newly assigned partitions: [other-events-0, other-events-1, other-events-2, slow-events-0, slow-events-1, slow-events-2]
11:44:18.072 [org.springframework.kafka.KafkaListenerEndpointContainer#0-0-C-1] DEBUG o.a.k.c.consumer.internals.ConsumerCoordinator - [Consumer clientId=consumer-slow-consumer-group-1, groupId=slow-consumer-group] Fetching committed offsets for partitions: [other-events-0, slow-events-2, other-events-1, slow-events-1, other-events-2, slow-events-0]
11:44:18.074 [org.springframework.kafka.KafkaListenerEndpointContainer#0-0-C-1] INFO  o.a.k.c.consumer.internals.ConsumerCoordinator - [Consumer clientId=consumer-slow-consumer-group-1, groupId=slow-consumer-group] Found no committed offset for partition slow-events-2
11:44:18.074 [org.springframework.kafka.KafkaListenerEndpointContainer#0-0-C-1] INFO  o.a.k.c.consumer.internals.ConsumerCoordinator - [Consumer clientId=consumer-slow-consumer-group-1, groupId=slow-consumer-group] Found no committed offset for partition slow-events-1
11:44:18.074 [org.springframework.kafka.KafkaListenerEndpointContainer#0-0-C-1] INFO  o.a.k.c.consumer.internals.ConsumerCoordinator - [Consumer clientId=consumer-slow-consumer-group-1, groupId=slow-consumer-group] Found no committed offset for partition slow-events-0
11:44:18.074 [org.springframework.kafka.KafkaListenerEndpointContainer#0-0-C-1] INFO  o.a.k.c.consumer.internals.ConsumerCoordinator - [Consumer clientId=consumer-slow-consumer-group-1, groupId=slow-consumer-group] Found no committed offset for partition other-events-0
11:44:18.074 [org.springframework.kafka.KafkaListenerEndpointContainer#0-0-C-1] INFO  o.a.k.c.consumer.internals.ConsumerCoordinator - [Consumer clientId=consumer-slow-consumer-group-1, groupId=slow-consumer-group] Found no committed offset for partition other-events-1
11:44:18.074 [org.springframework.kafka.KafkaListenerEndpointContainer#0-0-C-1] INFO  o.a.kafka.clients.consumer.internals.ConsumerUtils - Setting offset for partition other-events-2 to the committed offset FetchPosition{offset=10, offsetEpoch=Optional.empty, currentLeader=LeaderAndEpoch{leader=Optional[localhost:9092 (id: 1 rack: null isFenced: false)], epoch=0}}
11:44:18.077 [org.springframework.kafka.KafkaListenerEndpointContainer#0-0-C-1] INFO  o.a.k.clients.consumer.internals.SubscriptionState - [Consumer clientId=consumer-slow-consumer-group-1, groupId=slow-consumer-group] Resetting offset for partition other-events-0 to position FetchPosition{offset=0, offsetEpoch=Optional.empty, currentLeader=LeaderAndEpoch{leader=Optional[localhost:9092 (id: 1 rack: null isFenced: false)], epoch=0}}.
11:44:18.077 [org.springframework.kafka.KafkaListenerEndpointContainer#0-0-C-1] INFO  o.a.k.clients.consumer.internals.SubscriptionState - [Consumer clientId=consumer-slow-consumer-group-1, groupId=slow-consumer-group] Resetting offset for partition slow-events-2 to position FetchPosition{offset=0, offsetEpoch=Optional.empty, currentLeader=LeaderAndEpoch{leader=Optional[localhost:9092 (id: 1 rack: null isFenced: false)], epoch=0}}.
11:44:18.077 [org.springframework.kafka.KafkaListenerEndpointContainer#0-0-C-1] INFO  o.a.k.clients.consumer.internals.SubscriptionState - [Consumer clientId=consumer-slow-consumer-group-1, groupId=slow-consumer-group] Resetting offset for partition other-events-1 to position FetchPosition{offset=0, offsetEpoch=Optional.empty, currentLeader=LeaderAndEpoch{leader=Optional[localhost:9092 (id: 1 rack: null isFenced: false)], epoch=0}}.
11:44:18.077 [org.springframework.kafka.KafkaListenerEndpointContainer#0-0-C-1] INFO  o.a.k.clients.consumer.internals.SubscriptionState - [Consumer clientId=consumer-slow-consumer-group-1, groupId=slow-consumer-group] Resetting offset for partition slow-events-1 to position FetchPosition{offset=0, offsetEpoch=Optional.empty, currentLeader=LeaderAndEpoch{leader=Optional[localhost:9092 (id: 1 rack: null isFenced: false)], epoch=0}}.
11:44:18.077 [org.springframework.kafka.KafkaListenerEndpointContainer#0-0-C-1] INFO  o.a.k.clients.consumer.internals.SubscriptionState - [Consumer clientId=consumer-slow-consumer-group-1, groupId=slow-consumer-group] Resetting offset for partition slow-events-0 to position FetchPosition{offset=0, offsetEpoch=Optional.empty, currentLeader=LeaderAndEpoch{leader=Optional[localhost:9092 (id: 1 rack: null isFenced: false)], epoch=0}}.
11:44:18.077 [org.springframework.kafka.KafkaListenerEndpointContainer#0-0-C-1] INFO  o.s.kafka.listener.KafkaMessageListenerContainer - slow-consumer-group: partitions assigned: [other-events-0, other-events-1, other-events-2, slow-events-0, slow-events-1, slow-events-2]
11:44:18.082 [org.springframework.kafka.KafkaListenerEndpointContainer#0-0-C-1] DEBUG o.s.kafka.listener.KafkaMessageListenerContainer - Received: 1 records
11:44:18.082 [org.springframework.kafka.KafkaListenerEndpointContainer#0-0-C-1] DEBUG o.s.k.l.a.RecordMessagingMessageListenerAdapter - Processing [GenericMessage [payload=DemoEvent(id=e1e5473d-cacf-4706-a460-910d72bd183d, payload=demo-event-10, slow=false, retryTrigger=false, flaky=false, createdAt=2026-08-27T03:44:08.141176Z), headers={kafka_offset=10, kafka_consumer=org.springframework.kafka.core.DefaultKafkaConsumerFactory$ExtendedKafkaConsumer@75fd7ccc, kafka_timestampType=CREATE_TIME, kafka_receivedPartitionId=2, kafka_receivedMessageKey=0, kafka_receivedTopic=other-events, kafka_receivedTimestamp=1787802248141, kafka_acknowledgment=Acknowledgment for other-events-2@10, kafka_groupId=slow-consumer-group}]]
11:44:18.082 [org.springframework.kafka.KafkaListenerEndpointContainer#0-0-C-1] INFO  c.e.k.listener.MultiTopicRebalanceListener - 收到消息 id=e1e5473d-cacf-4706-a460-910d72bd183d topic=other-events partition=2 slow=false
11:44:18.182 [org.springframework.kafka.KafkaListenerEndpointContainer#0-0-C-1] DEBUG o.s.kafka.listener.KafkaMessageListenerContainer - Committing: {other-events-2=OffsetAndMetadata{offset=11, leaderEpoch=null, metadata=''}}
11:44:18.185 [org.springframework.kafka.KafkaListenerEndpointContainer#0-0-C-1] DEBUG o.a.k.c.consumer.internals.ConsumerCoordinator - [Consumer clientId=consumer-slow-consumer-group-1, groupId=slow-consumer-group] Committed offset 11 for partition other-events-2
11:44:18.185 [org.springframework.kafka.KafkaListenerEndpointContainer#0-0-C-1] INFO  c.e.k.listener.MultiTopicRebalanceListener - 消息处理完成并已提交 offset id=e1e5473d-cacf-4706-a460-910d72bd183d topic=other-events
11:44:18.185 [org.springframework.kafka.KafkaListenerEndpointContainer#0-0-C-1] DEBUG o.s.kafka.listener.KafkaMessageListenerContainer - Received: 1 records
11:44:18.185 [org.springframework.kafka.KafkaListenerEndpointContainer#0-0-C-1] DEBUG o.s.k.l.a.RecordMessagingMessageListenerAdapter - Processing [GenericMessage [payload=DemoEvent(id=01ce4bc0-ae50-40b6-bf7f-a4081218f49b, payload=demo-event-11, slow=false, retryTrigger=false, flaky=false, createdAt=2026-08-27T03:44:08.647623Z), headers={kafka_offset=11, kafka_consumer=org.springframework.kafka.core.DefaultKafkaConsumerFactory$ExtendedKafkaConsumer@75fd7ccc, kafka_timestampType=CREATE_TIME, kafka_receivedPartitionId=2, kafka_receivedMessageKey=0, kafka_receivedTopic=other-events, kafka_receivedTimestamp=1787802248647, kafka_acknowledgment=Acknowledgment for other-events-2@11, kafka_groupId=slow-consumer-group}]]
11:44:18.186 [org.springframework.kafka.KafkaListenerEndpointContainer#0-0-C-1] INFO  c.e.k.listener.MultiTopicRebalanceListener - 收到消息 id=01ce4bc0-ae50-40b6-bf7f-a4081218f49b topic=other-events partition=2 slow=false
11:44:18.240 [scenario6-other-events-producer] INFO  c.e.kafkarebalance.producer.DemoEventProducer - 已发送消息 id=55f682b5-a82c-426a-b6f2-0240b0eecd49 topic=other-events key=0 slow=false retryTrigger=false flaky=false
11:44:18.291 [org.springframework.kafka.KafkaListenerEndpointContainer#0-0-C-1] DEBUG o.s.kafka.listener.KafkaMessageListenerContainer - Committing: {other-events-2=OffsetAndMetadata{offset=12, leaderEpoch=null, metadata=''}}
11:44:18.292 [org.springframework.kafka.KafkaListenerEndpointContainer#0-0-C-1] DEBUG o.a.k.c.consumer.internals.ConsumerCoordinator - [Consumer clientId=consumer-slow-consumer-group-1, groupId=slow-consumer-group] Committed offset 12 for partition other-events-2
11:44:18.292 [org.springframework.kafka.KafkaListenerEndpointContainer#0-0-C-1] INFO  c.e.k.listener.MultiTopicRebalanceListener - 消息处理完成并已提交 offset id=01ce4bc0-ae50-40b6-bf7f-a4081218f49b topic=other-events
11:44:18.292 [org.springframework.kafka.KafkaListenerEndpointContainer#0-0-C-1] DEBUG o.s.kafka.listener.KafkaMessageListenerContainer - Received: 1 records
11:44:18.293 [org.springframework.kafka.KafkaListenerEndpointContainer#0-0-C-1] DEBUG o.s.k.l.a.RecordMessagingMessageListenerAdapter - Processing [GenericMessage [payload=DemoEvent(id=c8c3d4db-1c86-445e-b802-c5a963b46e28, payload=demo-event-12, slow=false, retryTrigger=false, flaky=false, createdAt=2026-08-27T03:44:09.153386Z), headers={kafka_offset=12, kafka_consumer=org.springframework.kafka.core.DefaultKafkaConsumerFactory$ExtendedKafkaConsumer@75fd7ccc, kafka_timestampType=CREATE_TIME, kafka_receivedPartitionId=2, kafka_receivedMessageKey=0, kafka_receivedTopic=other-events, kafka_receivedTimestamp=1787802249153, kafka_acknowledgment=Acknowledgment for other-events-2@12, kafka_groupId=slow-consumer-group}]]
11:44:18.293 [org.springframework.kafka.KafkaListenerEndpointContainer#0-0-C-1] INFO  c.e.k.listener.MultiTopicRebalanceListener - 收到消息 id=c8c3d4db-1c86-445e-b802-c5a963b46e28 topic=other-events partition=2 slow=false
11:44:18.395 [org.springframework.kafka.KafkaListenerEndpointContainer#0-0-C-1] DEBUG o.s.kafka.listener.KafkaMessageListenerContainer - Committing: {other-events-2=OffsetAndMetadata{offset=13, leaderEpoch=null, metadata=''}}
11:44:18.398 [org.springframework.kafka.KafkaListenerEndpointContainer#0-0-C-1] DEBUG o.a.k.c.consumer.internals.ConsumerCoordinator - [Consumer clientId=consumer-slow-consumer-group-1, groupId=slow-consumer-group] Committed offset 13 for partition other-events-2
11:44:18.398 [org.springframework.kafka.KafkaListenerEndpointContainer#0-0-C-1] INFO  c.e.k.listener.MultiTopicRebalanceListener - 消息处理完成并已提交 offset id=c8c3d4db-1c86-445e-b802-c5a963b46e28 topic=other-events
11:44:18.399 [org.springframework.kafka.KafkaListenerEndpointContainer#0-0-C-1] DEBUG o.s.kafka.listener.KafkaMessageListenerContainer - Received: 1 records
11:44:18.399 [org.springframework.kafka.KafkaListenerEndpointContainer#0-0-C-1] DEBUG o.s.k.l.a.RecordMessagingMessageListenerAdapter - Processing [GenericMessage [payload=DemoEvent(id=3d2a5485-001f-4f8d-89e1-aea9ca69b19e, payload=demo-event-13, slow=false, retryTrigger=false, flaky=false, createdAt=2026-08-27T03:44:09.659829Z), headers={kafka_offset=13, kafka_consumer=org.springframework.kafka.core.DefaultKafkaConsumerFactory$ExtendedKafkaConsumer@75fd7ccc, kafka_timestampType=CREATE_TIME, kafka_receivedPartitionId=2, kafka_receivedMessageKey=0, kafka_receivedTopic=other-events, kafka_receivedTimestamp=1787802249659, kafka_acknowledgment=Acknowledgment for other-events-2@13, kafka_groupId=slow-consumer-group}]]
11:44:18.399 [org.springframework.kafka.KafkaListenerEndpointContainer#0-0-C-1] INFO  c.e.k.listener.MultiTopicRebalanceListener - 收到消息 id=3d2a5485-001f-4f8d-89e1-aea9ca69b19e topic=other-events partition=2 slow=false
11:44:18.504 [org.springframework.kafka.KafkaListenerEndpointContainer#0-0-C-1] DEBUG o.s.kafka.listener.KafkaMessageListenerContainer - Committing: {other-events-2=OffsetAndMetadata{offset=14, leaderEpoch=null, metadata=''}}
11:44:18.511 [org.springframework.kafka.KafkaListenerEndpointContainer#0-0-C-1] DEBUG o.a.k.c.consumer.internals.ConsumerCoordinator - [Consumer clientId=consumer-slow-consumer-group-1, groupId=slow-consumer-group] Committed offset 14 for partition other-events-2
11:44:18.511 [org.springframework.kafka.KafkaListenerEndpointContainer#0-0-C-1] INFO  c.e.k.listener.MultiTopicRebalanceListener - 消息处理完成并已提交 offset id=3d2a5485-001f-4f8d-89e1-aea9ca69b19e topic=other-events
11:44:18.512 [org.springframework.kafka.KafkaListenerEndpointContainer#0-0-C-1] DEBUG o.s.kafka.listener.KafkaMessageListenerContainer - Received: 1 records
11:44:18.512 [org.springframework.kafka.KafkaListenerEndpointContainer#0-0-C-1] DEBUG o.s.k.l.a.RecordMessagingMessageListenerAdapter - Processing [GenericMessage [payload=DemoEvent(id=74cf65b7-040f-4ca0-a222-7dae9b6ecca1, payload=demo-event-14, slow=false, retryTrigger=false, flaky=false, createdAt=2026-08-27T03:44:10.165462Z), headers={kafka_offset=14, kafka_consumer=org.springframework.kafka.core.DefaultKafkaConsumerFactory$ExtendedKafkaConsumer@75fd7ccc, kafka_timestampType=CREATE_TIME, kafka_receivedPartitionId=2, kafka_receivedMessageKey=0, kafka_receivedTopic=other-events, kafka_receivedTimestamp=1787802250165, kafka_acknowledgment=Acknowledgment for other-events-2@14, kafka_groupId=slow-consumer-group}]]
11:44:18.512 [org.springframework.kafka.KafkaListenerEndpointContainer#0-0-C-1] INFO  c.e.k.listener.MultiTopicRebalanceListener - 收到消息 id=74cf65b7-040f-4ca0-a222-7dae9b6ecca1 topic=other-events partition=2 slow=false
11:44:18.613 [org.springframework.kafka.KafkaListenerEndpointContainer#0-0-C-1] DEBUG o.s.kafka.listener.KafkaMessageListenerContainer - Committing: {other-events-2=OffsetAndMetadata{offset=15, leaderEpoch=null, metadata=''}}
11:44:18.621 [org.springframework.kafka.KafkaListenerEndpointContainer#0-0-C-1] DEBUG o.a.k.c.consumer.internals.ConsumerCoordinator - [Consumer clientId=consumer-slow-consumer-group-1, groupId=slow-consumer-group] Committed offset 15 for partition other-events-2
11:44:18.621 [org.springframework.kafka.KafkaListenerEndpointContainer#0-0-C-1] INFO  c.e.k.listener.MultiTopicRebalanceListener - 消息处理完成并已提交 offset id=74cf65b7-040f-4ca0-a222-7dae9b6ecca1 topic=other-events
11:44:18.623 [org.springframework.kafka.KafkaListenerEndpointContainer#0-0-C-1] DEBUG o.s.kafka.listener.KafkaMessageListenerContainer - Received: 1 records
11:44:18.623 [org.springframework.kafka.KafkaListenerEndpointContainer#0-0-C-1] DEBUG o.s.k.l.a.RecordMessagingMessageListenerAdapter - Processing [GenericMessage [payload=DemoEvent(id=20d2e566-b52e-451d-a293-54f8c4fe0da7, payload=demo-event-15, slow=false, retryTrigger=false, flaky=false, createdAt=2026-08-27T03:44:10.670409Z), headers={kafka_offset=15, kafka_consumer=org.springframework.kafka.core.DefaultKafkaConsumerFactory$ExtendedKafkaConsumer@75fd7ccc, kafka_timestampType=CREATE_TIME, kafka_receivedPartitionId=2, kafka_receivedMessageKey=0, kafka_receivedTopic=other-events, kafka_receivedTimestamp=1787802250670, kafka_acknowledgment=Acknowledgment for other-events-2@15, kafka_groupId=slow-consumer-group}]]
11:44:18.624 [org.springframework.kafka.KafkaListenerEndpointContainer#0-0-C-1] INFO  c.e.k.listener.MultiTopicRebalanceListener - 收到消息 id=20d2e566-b52e-451d-a293-54f8c4fe0da7 topic=other-events partition=2 slow=false
11:44:18.728 [org.springframework.kafka.KafkaListenerEndpointContainer#0-0-C-1] DEBUG o.s.kafka.listener.KafkaMessageListenerContainer - Committing: {other-events-2=OffsetAndMetadata{offset=16, leaderEpoch=null, metadata=''}}
11:44:18.732 [org.springframework.kafka.KafkaListenerEndpointContainer#0-0-C-1] DEBUG o.a.k.c.consumer.internals.ConsumerCoordinator - [Consumer clientId=consumer-slow-consumer-group-1, groupId=slow-consumer-group] Committed offset 16 for partition other-events-2
11:44:18.732 [org.springframework.kafka.KafkaListenerEndpointContainer#0-0-C-1] INFO  c.e.k.listener.MultiTopicRebalanceListener - 消息处理完成并已提交 offset id=20d2e566-b52e-451d-a293-54f8c4fe0da7 topic=other-events
11:44:18.733 [org.springframework.kafka.KafkaListenerEndpointContainer#0-0-C-1] DEBUG o.s.kafka.listener.KafkaMessageListenerContainer - Received: 1 records
11:44:18.733 [org.springframework.kafka.KafkaListenerEndpointContainer#0-0-C-1] DEBUG o.s.k.l.a.RecordMessagingMessageListenerAdapter - Processing [GenericMessage [payload=DemoEvent(id=ddd9a8f5-6cf8-426d-8a1c-35b4d670d7b8, payload=demo-event-16, slow=false, retryTrigger=false, flaky=false, createdAt=2026-08-27T03:44:11.173983Z), headers={kafka_offset=16, kafka_consumer=org.springframework.kafka.core.DefaultKafkaConsumerFactory$ExtendedKafkaConsumer@75fd7ccc, kafka_timestampType=CREATE_TIME, kafka_receivedPartitionId=2, kafka_receivedMessageKey=0, kafka_receivedTopic=other-events, kafka_receivedTimestamp=1787802251174, kafka_acknowledgment=Acknowledgment for other-events-2@16, kafka_groupId=slow-consumer-group}]]
11:44:18.734 [org.springframework.kafka.KafkaListenerEndpointContainer#0-0-C-1] INFO  c.e.k.listener.MultiTopicRebalanceListener - 收到消息 id=ddd9a8f5-6cf8-426d-8a1c-35b4d670d7b8 topic=other-events partition=2 slow=false
11:44:18.744 [scenario6-other-events-producer] INFO  c.e.kafkarebalance.producer.DemoEventProducer - 已发送消息 id=cc35c4eb-84c5-4fe0-a7f7-caf8b1a430ba topic=other-events key=0 slow=false retryTrigger=false flaky=false
11:44:18.839 [org.springframework.kafka.KafkaListenerEndpointContainer#0-0-C-1] DEBUG o.s.kafka.listener.KafkaMessageListenerContainer - Committing: {other-events-2=OffsetAndMetadata{offset=17, leaderEpoch=null, metadata=''}}
11:44:18.846 [org.springframework.kafka.KafkaListenerEndpointContainer#0-0-C-1] DEBUG o.a.k.c.consumer.internals.ConsumerCoordinator - [Consumer clientId=consumer-slow-consumer-group-1, groupId=slow-consumer-group] Committed offset 17 for partition other-events-2
11:44:18.846 [org.springframework.kafka.KafkaListenerEndpointContainer#0-0-C-1] INFO  c.e.k.listener.MultiTopicRebalanceListener - 消息处理完成并已提交 offset id=ddd9a8f5-6cf8-426d-8a1c-35b4d670d7b8 topic=other-events
11:44:18.849 [org.springframework.kafka.KafkaListenerEndpointContainer#0-0-C-1] DEBUG o.s.kafka.listener.KafkaMessageListenerContainer - Received: 1 records
11:44:18.850 [org.springframework.kafka.KafkaListenerEndpointContainer#0-0-C-1] DEBUG o.s.k.l.a.RecordMessagingMessageListenerAdapter - Processing [GenericMessage [payload=DemoEvent(id=dbd4d0e8-b644-4b2a-b84c-fc4fc7e87722, payload=demo-event-17, slow=false, retryTrigger=false, flaky=false, createdAt=2026-08-27T03:44:11.676839Z), headers={kafka_offset=17, kafka_consumer=org.springframework.kafka.core.DefaultKafkaConsumerFactory$ExtendedKafkaConsumer@75fd7ccc, kafka_timestampType=CREATE_TIME, kafka_receivedPartitionId=2, kafka_receivedMessageKey=0, kafka_receivedTopic=other-events, kafka_receivedTimestamp=1787802251677, kafka_acknowledgment=Acknowledgment for other-events-2@17, kafka_groupId=slow-consumer-group}]]
11:44:18.850 [org.springframework.kafka.KafkaListenerEndpointContainer#0-0-C-1] INFO  c.e.k.listener.MultiTopicRebalanceListener - 收到消息 id=dbd4d0e8-b644-4b2a-b84c-fc4fc7e87722 topic=other-events partition=2 slow=false
11:44:18.955 [org.springframework.kafka.KafkaListenerEndpointContainer#0-0-C-1] DEBUG o.s.kafka.listener.KafkaMessageListenerContainer - Committing: {other-events-2=OffsetAndMetadata{offset=18, leaderEpoch=null, metadata=''}}
11:44:18.966 [org.springframework.kafka.KafkaListenerEndpointContainer#0-0-C-1] DEBUG o.a.k.c.consumer.internals.ConsumerCoordinator - [Consumer clientId=consumer-slow-consumer-group-1, groupId=slow-consumer-group] Committed offset 18 for partition other-events-2
11:44:18.967 [org.springframework.kafka.KafkaListenerEndpointContainer#0-0-C-1] INFO  c.e.k.listener.MultiTopicRebalanceListener - 消息处理完成并已提交 offset id=dbd4d0e8-b644-4b2a-b84c-fc4fc7e87722 topic=other-events
11:44:18.968 [org.springframework.kafka.KafkaListenerEndpointContainer#0-0-C-1] DEBUG o.s.kafka.listener.KafkaMessageListenerContainer - Received: 1 records
11:44:18.969 [org.springframework.kafka.KafkaListenerEndpointContainer#0-0-C-1] DEBUG o.s.k.l.a.RecordMessagingMessageListenerAdapter - Processing [GenericMessage [payload=DemoEvent(id=8b4cf119-c088-4953-8398-377573fc5f69, payload=demo-event-18, slow=false, retryTrigger=false, flaky=false, createdAt=2026-08-27T03:44:12.182012Z), headers={kafka_offset=18, kafka_consumer=org.springframework.kafka.core.DefaultKafkaConsumerFactory$ExtendedKafkaConsumer@75fd7ccc, kafka_timestampType=CREATE_TIME, kafka_receivedPartitionId=2, kafka_receivedMessageKey=0, kafka_receivedTopic=other-events, kafka_receivedTimestamp=1787802252182, kafka_acknowledgment=Acknowledgment for other-events-2@18, kafka_groupId=slow-consumer-group}]]
11:44:18.969 [org.springframework.kafka.KafkaListenerEndpointContainer#0-0-C-1] INFO  c.e.k.listener.MultiTopicRebalanceListener - 收到消息 id=8b4cf119-c088-4953-8398-377573fc5f69 topic=other-events partition=2 slow=false
11:44:19.073 [org.springframework.kafka.KafkaListenerEndpointContainer#0-0-C-1] DEBUG o.s.kafka.listener.KafkaMessageListenerContainer - Committing: {other-events-2=OffsetAndMetadata{offset=19, leaderEpoch=null, metadata=''}}
11:44:19.082 [org.springframework.kafka.KafkaListenerEndpointContainer#0-0-C-1] DEBUG o.a.k.c.consumer.internals.ConsumerCoordinator - [Consumer clientId=consumer-slow-consumer-group-1, groupId=slow-consumer-group] Committed offset 19 for partition other-events-2
11:44:19.082 [org.springframework.kafka.KafkaListenerEndpointContainer#0-0-C-1] INFO  c.e.k.listener.MultiTopicRebalanceListener - 消息处理完成并已提交 offset id=8b4cf119-c088-4953-8398-377573fc5f69 topic=other-events
11:44:19.084 [org.springframework.kafka.KafkaListenerEndpointContainer#0-0-C-1] DEBUG o.s.kafka.listener.KafkaMessageListenerContainer - Received: 1 records
11:44:19.085 [org.springframework.kafka.KafkaListenerEndpointContainer#0-0-C-1] DEBUG o.s.k.l.a.RecordMessagingMessageListenerAdapter - Processing [GenericMessage [payload=DemoEvent(id=6366b2e6-b277-4c68-8201-1f6114e506b8, payload=demo-event-19, slow=false, retryTrigger=false, flaky=false, createdAt=2026-08-27T03:44:12.686121Z), headers={kafka_offset=19, kafka_consumer=org.springframework.kafka.core.DefaultKafkaConsumerFactory$ExtendedKafkaConsumer@75fd7ccc, kafka_timestampType=CREATE_TIME, kafka_receivedPartitionId=2, kafka_receivedMessageKey=0, kafka_receivedTopic=other-events, kafka_receivedTimestamp=1787802252686, kafka_acknowledgment=Acknowledgment for other-events-2@19, kafka_groupId=slow-consumer-group}]]
11:44:19.085 [org.springframework.kafka.KafkaListenerEndpointContainer#0-0-C-1] INFO  c.e.k.listener.MultiTopicRebalanceListener - 收到消息 id=6366b2e6-b277-4c68-8201-1f6114e506b8 topic=other-events partition=2 slow=false
11:44:19.191 [org.springframework.kafka.KafkaListenerEndpointContainer#0-0-C-1] DEBUG o.s.kafka.listener.KafkaMessageListenerContainer - Committing: {other-events-2=OffsetAndMetadata{offset=20, leaderEpoch=null, metadata=''}}
11:44:19.199 [org.springframework.kafka.KafkaListenerEndpointContainer#0-0-C-1] DEBUG o.a.k.c.consumer.internals.ConsumerCoordinator - [Consumer clientId=consumer-slow-consumer-group-1, groupId=slow-consumer-group] Committed offset 20 for partition other-events-2
11:44:19.199 [org.springframework.kafka.KafkaListenerEndpointContainer#0-0-C-1] INFO  c.e.k.listener.MultiTopicRebalanceListener - 消息处理完成并已提交 offset id=6366b2e6-b277-4c68-8201-1f6114e506b8 topic=other-events
11:44:19.201 [org.springframework.kafka.KafkaListenerEndpointContainer#0-0-C-1] DEBUG o.s.kafka.listener.KafkaMessageListenerContainer - Received: 1 records
11:44:19.202 [org.springframework.kafka.KafkaListenerEndpointContainer#0-0-C-1] DEBUG o.s.k.l.a.RecordMessagingMessageListenerAdapter - Processing [GenericMessage [payload=DemoEvent(id=1996e046-2b02-4e82-8421-3a217db86cb7, payload=demo-event-20, slow=false, retryTrigger=false, flaky=false, createdAt=2026-08-27T03:44:13.190116Z), headers={kafka_offset=20, kafka_consumer=org.springframework.kafka.core.DefaultKafkaConsumerFactory$ExtendedKafkaConsumer@75fd7ccc, kafka_timestampType=CREATE_TIME, kafka_receivedPartitionId=2, kafka_receivedMessageKey=0, kafka_receivedTopic=other-events, kafka_receivedTimestamp=1787802253190, kafka_acknowledgment=Acknowledgment for other-events-2@20, kafka_groupId=slow-consumer-group}]]
11:44:19.202 [org.springframework.kafka.KafkaListenerEndpointContainer#0-0-C-1] INFO  c.e.k.listener.MultiTopicRebalanceListener - 收到消息 id=1996e046-2b02-4e82-8421-3a217db86cb7 topic=other-events partition=2 slow=false
11:44:19.248 [scenario6-other-events-producer] INFO  c.e.kafkarebalance.producer.DemoEventProducer - 已发送消息 id=e35f3f85-7964-47c3-8df2-46ad22e1f442 topic=other-events key=0 slow=false retryTrigger=false flaky=false
11:44:19.306 [org.springframework.kafka.KafkaListenerEndpointContainer#0-0-C-1] DEBUG o.s.kafka.listener.KafkaMessageListenerContainer - Committing: {other-events-2=OffsetAndMetadata{offset=21, leaderEpoch=null, metadata=''}}
11:44:19.314 [org.springframework.kafka.KafkaListenerEndpointContainer#0-0-C-1] DEBUG o.a.k.c.consumer.internals.ConsumerCoordinator - [Consumer clientId=consumer-slow-consumer-group-1, groupId=slow-consumer-group] Committed offset 21 for partition other-events-2
11:44:19.314 [org.springframework.kafka.KafkaListenerEndpointContainer#0-0-C-1] INFO  c.e.k.listener.MultiTopicRebalanceListener - 消息处理完成并已提交 offset id=1996e046-2b02-4e82-8421-3a217db86cb7 topic=other-events
11:44:19.315 [org.springframework.kafka.KafkaListenerEndpointContainer#0-0-C-1] DEBUG o.s.kafka.listener.KafkaMessageListenerContainer - Received: 1 records
11:44:19.316 [org.springframework.kafka.KafkaListenerEndpointContainer#0-0-C-1] DEBUG o.s.k.l.a.RecordMessagingMessageListenerAdapter - Processing [GenericMessage [payload=DemoEvent(id=58228bc6-74f1-4c18-8ade-8aee51dbe736, payload=demo-event-21, slow=false, retryTrigger=false, flaky=false, createdAt=2026-08-27T03:44:13.694539Z), headers={kafka_offset=21, kafka_consumer=org.springframework.kafka.core.DefaultKafkaConsumerFactory$ExtendedKafkaConsumer@75fd7ccc, kafka_timestampType=CREATE_TIME, kafka_receivedPartitionId=2, kafka_receivedMessageKey=0, kafka_receivedTopic=other-events, kafka_receivedTimestamp=1787802253695, kafka_acknowledgment=Acknowledgment for other-events-2@21, kafka_groupId=slow-consumer-group}]]
11:44:19.316 [org.springframework.kafka.KafkaListenerEndpointContainer#0-0-C-1] INFO  c.e.k.listener.MultiTopicRebalanceListener - 收到消息 id=58228bc6-74f1-4c18-8ade-8aee51dbe736 topic=other-events partition=2 slow=false
11:44:19.420 [org.springframework.kafka.KafkaListenerEndpointContainer#0-0-C-1] DEBUG o.s.kafka.listener.KafkaMessageListenerContainer - Committing: {other-events-2=OffsetAndMetadata{offset=22, leaderEpoch=null, metadata=''}}
11:44:19.428 [org.springframework.kafka.KafkaListenerEndpointContainer#0-0-C-1] DEBUG o.a.k.c.consumer.internals.ConsumerCoordinator - [Consumer clientId=consumer-slow-consumer-group-1, groupId=slow-consumer-group] Committed offset 22 for partition other-events-2
11:44:19.428 [org.springframework.kafka.KafkaListenerEndpointContainer#0-0-C-1] INFO  c.e.k.listener.MultiTopicRebalanceListener - 消息处理完成并已提交 offset id=58228bc6-74f1-4c18-8ade-8aee51dbe736 topic=other-events
11:44:19.430 [org.springframework.kafka.KafkaListenerEndpointContainer#0-0-C-1] DEBUG o.s.kafka.listener.KafkaMessageListenerContainer - Received: 1 records
11:44:19.430 [org.springframework.kafka.KafkaListenerEndpointContainer#0-0-C-1] DEBUG o.s.k.l.a.RecordMessagingMessageListenerAdapter - Processing [GenericMessage [payload=DemoEvent(id=d9756e8a-22e5-4e32-9788-f2cb48fa6690, payload=demo-event-22, slow=false, retryTrigger=false, flaky=false, createdAt=2026-08-27T03:44:14.200614Z), headers={kafka_offset=22, kafka_consumer=org.springframework.kafka.core.DefaultKafkaConsumerFactory$ExtendedKafkaConsumer@75fd7ccc, kafka_timestampType=CREATE_TIME, kafka_receivedPartitionId=2, kafka_receivedMessageKey=0, kafka_receivedTopic=other-events, kafka_receivedTimestamp=1787802254200, kafka_acknowledgment=Acknowledgment for other-events-2@22, kafka_groupId=slow-consumer-group}]]
11:44:19.430 [org.springframework.kafka.KafkaListenerEndpointContainer#0-0-C-1] INFO  c.e.k.listener.MultiTopicRebalanceListener - 收到消息 id=d9756e8a-22e5-4e32-9788-f2cb48fa6690 topic=other-events partition=2 slow=false
11:44:19.535 [org.springframework.kafka.KafkaListenerEndpointContainer#0-0-C-1] DEBUG o.s.kafka.listener.KafkaMessageListenerContainer - Committing: {other-events-2=OffsetAndMetadata{offset=23, leaderEpoch=null, metadata=''}}
11:44:19.542 [org.springframework.kafka.KafkaListenerEndpointContainer#0-0-C-1] DEBUG o.a.k.c.consumer.internals.ConsumerCoordinator - [Consumer clientId=consumer-slow-consumer-group-1, groupId=slow-consumer-group] Committed offset 23 for partition other-events-2
11:44:19.542 [org.springframework.kafka.KafkaListenerEndpointContainer#0-0-C-1] INFO  c.e.k.listener.MultiTopicRebalanceListener - 消息处理完成并已提交 offset id=d9756e8a-22e5-4e32-9788-f2cb48fa6690 topic=other-events
11:44:19.544 [org.springframework.kafka.KafkaListenerEndpointContainer#0-0-C-1] DEBUG o.s.kafka.listener.KafkaMessageListenerContainer - Received: 1 records
11:44:19.545 [org.springframework.kafka.KafkaListenerEndpointContainer#0-0-C-1] DEBUG o.s.k.l.a.RecordMessagingMessageListenerAdapter - Processing [GenericMessage [payload=DemoEvent(id=1d94d25e-0fd0-48e3-bdbf-5ee2fea1631e, payload=demo-event-23, slow=false, retryTrigger=false, flaky=false, createdAt=2026-08-27T03:44:14.706504Z), headers={kafka_offset=23, kafka_consumer=org.springframework.kafka.core.DefaultKafkaConsumerFactory$ExtendedKafkaConsumer@75fd7ccc, kafka_timestampType=CREATE_TIME, kafka_receivedPartitionId=2, kafka_receivedMessageKey=0, kafka_receivedTopic=other-events, kafka_receivedTimestamp=1787802254706, kafka_acknowledgment=Acknowledgment for other-events-2@23, kafka_groupId=slow-consumer-group}]]
11:44:19.545 [org.springframework.kafka.KafkaListenerEndpointContainer#0-0-C-1] INFO  c.e.k.listener.MultiTopicRebalanceListener - 收到消息 id=1d94d25e-0fd0-48e3-bdbf-5ee2fea1631e topic=other-events partition=2 slow=false
11:44:19.646 [org.springframework.kafka.KafkaListenerEndpointContainer#0-0-C-1] DEBUG o.s.kafka.listener.KafkaMessageListenerContainer - Committing: {other-events-2=OffsetAndMetadata{offset=24, leaderEpoch=null, metadata=''}}
11:44:19.655 [org.springframework.kafka.KafkaListenerEndpointContainer#0-0-C-1] DEBUG o.a.k.c.consumer.internals.ConsumerCoordinator - [Consumer clientId=consumer-slow-consumer-group-1, groupId=slow-consumer-group] Committed offset 24 for partition other-events-2
11:44:19.655 [org.springframework.kafka.KafkaListenerEndpointContainer#0-0-C-1] INFO  c.e.k.listener.MultiTopicRebalanceListener - 消息处理完成并已提交 offset id=1d94d25e-0fd0-48e3-bdbf-5ee2fea1631e topic=other-events
11:44:19.657 [org.springframework.kafka.KafkaListenerEndpointContainer#0-0-C-1] DEBUG o.s.kafka.listener.KafkaMessageListenerContainer - Received: 1 records
11:44:19.657 [org.springframework.kafka.KafkaListenerEndpointContainer#0-0-C-1] DEBUG o.s.k.l.a.RecordMessagingMessageListenerAdapter - Processing [GenericMessage [payload=DemoEvent(id=96cde673-bddd-44fe-9e2e-86ca44909fe3, payload=demo-event-24, slow=false, retryTrigger=false, flaky=false, createdAt=2026-08-27T03:44:15.211937Z), headers={kafka_offset=24, kafka_consumer=org.springframework.kafka.core.DefaultKafkaConsumerFactory$ExtendedKafkaConsumer@75fd7ccc, kafka_timestampType=CREATE_TIME, kafka_receivedPartitionId=2, kafka_receivedMessageKey=0, kafka_receivedTopic=other-events, kafka_receivedTimestamp=1787802255212, kafka_acknowledgment=Acknowledgment for other-events-2@24, kafka_groupId=slow-consumer-group}]]
11:44:19.658 [org.springframework.kafka.KafkaListenerEndpointContainer#0-0-C-1] INFO  c.e.k.listener.MultiTopicRebalanceListener - 收到消息 id=96cde673-bddd-44fe-9e2e-86ca44909fe3 topic=other-events partition=2 slow=false
11:44:19.753 [scenario6-other-events-producer] INFO  c.e.kafkarebalance.producer.DemoEventProducer - 已发送消息 id=16fc8939-1992-4e3f-8cfb-b9c208b1d6e6 topic=other-events key=0 slow=false retryTrigger=false flaky=false
11:44:19.760 [org.springframework.kafka.KafkaListenerEndpointContainer#0-0-C-1] DEBUG o.s.kafka.listener.KafkaMessageListenerContainer - Committing: {other-events-2=OffsetAndMetadata{offset=25, leaderEpoch=null, metadata=''}}
11:44:19.768 [org.springframework.kafka.KafkaListenerEndpointContainer#0-0-C-1] DEBUG o.a.k.c.consumer.internals.ConsumerCoordinator - [Consumer clientId=consumer-slow-consumer-group-1, groupId=slow-consumer-group] Committed offset 25 for partition other-events-2
11:44:19.768 [org.springframework.kafka.KafkaListenerEndpointContainer#0-0-C-1] INFO  c.e.k.listener.MultiTopicRebalanceListener - 消息处理完成并已提交 offset id=96cde673-bddd-44fe-9e2e-86ca44909fe3 topic=other-events
11:44:19.771 [org.springframework.kafka.KafkaListenerEndpointContainer#0-0-C-1] DEBUG o.s.kafka.listener.KafkaMessageListenerContainer - Received: 1 records
11:44:19.771 [org.springframework.kafka.KafkaListenerEndpointContainer#0-0-C-1] DEBUG o.s.k.l.a.RecordMessagingMessageListenerAdapter - Processing [GenericMessage [payload=DemoEvent(id=57fa43de-694e-4d83-a540-f3dacd7737f9, payload=demo-event-25, slow=false, retryTrigger=false, flaky=false, createdAt=2026-08-27T03:44:15.721025Z), headers={kafka_offset=25, kafka_consumer=org.springframework.kafka.core.DefaultKafkaConsumerFactory$ExtendedKafkaConsumer@75fd7ccc, kafka_timestampType=CREATE_TIME, kafka_receivedPartitionId=2, kafka_receivedMessageKey=0, kafka_receivedTopic=other-events, kafka_receivedTimestamp=1787802255721, kafka_acknowledgment=Acknowledgment for other-events-2@25, kafka_groupId=slow-consumer-group}]]
11:44:19.771 [org.springframework.kafka.KafkaListenerEndpointContainer#0-0-C-1] INFO  c.e.k.listener.MultiTopicRebalanceListener - 收到消息 id=57fa43de-694e-4d83-a540-f3dacd7737f9 topic=other-events partition=2 slow=false
11:44:19.874 [org.springframework.kafka.KafkaListenerEndpointContainer#0-0-C-1] DEBUG o.s.kafka.listener.KafkaMessageListenerContainer - Committing: {other-events-2=OffsetAndMetadata{offset=26, leaderEpoch=null, metadata=''}}
11:44:19.884 [org.springframework.kafka.KafkaListenerEndpointContainer#0-0-C-1] DEBUG o.a.k.c.consumer.internals.ConsumerCoordinator - [Consumer clientId=consumer-slow-consumer-group-1, groupId=slow-consumer-group] Committed offset 26 for partition other-events-2
11:44:19.884 [org.springframework.kafka.KafkaListenerEndpointContainer#0-0-C-1] INFO  c.e.k.listener.MultiTopicRebalanceListener - 消息处理完成并已提交 offset id=57fa43de-694e-4d83-a540-f3dacd7737f9 topic=other-events
11:44:19.886 [org.springframework.kafka.KafkaListenerEndpointContainer#0-0-C-1] DEBUG o.s.kafka.listener.KafkaMessageListenerContainer - Received: 1 records
11:44:19.886 [org.springframework.kafka.KafkaListenerEndpointContainer#0-0-C-1] DEBUG o.s.k.l.a.RecordMessagingMessageListenerAdapter - Processing [GenericMessage [payload=DemoEvent(id=5435dfea-f0d2-4064-9f75-8f5f0184d96e, payload=demo-event-26, slow=false, retryTrigger=false, flaky=false, createdAt=2026-08-27T03:44:16.225902Z), headers={kafka_offset=26, kafka_consumer=org.springframework.kafka.core.DefaultKafkaConsumerFactory$ExtendedKafkaConsumer@75fd7ccc, kafka_timestampType=CREATE_TIME, kafka_receivedPartitionId=2, kafka_receivedMessageKey=0, kafka_receivedTopic=other-events, kafka_receivedTimestamp=1787802256226, kafka_acknowledgment=Acknowledgment for other-events-2@26, kafka_groupId=slow-consumer-group}]]
11:44:19.886 [org.springframework.kafka.KafkaListenerEndpointContainer#0-0-C-1] INFO  c.e.k.listener.MultiTopicRebalanceListener - 收到消息 id=5435dfea-f0d2-4064-9f75-8f5f0184d96e topic=other-events partition=2 slow=false
11:44:19.989 [org.springframework.kafka.KafkaListenerEndpointContainer#0-0-C-1] DEBUG o.s.kafka.listener.KafkaMessageListenerContainer - Committing: {other-events-2=OffsetAndMetadata{offset=27, leaderEpoch=null, metadata=''}}
11:44:19.996 [org.springframework.kafka.KafkaListenerEndpointContainer#0-0-C-1] DEBUG o.a.k.c.consumer.internals.ConsumerCoordinator - [Consumer clientId=consumer-slow-consumer-group-1, groupId=slow-consumer-group] Committed offset 27 for partition other-events-2
11:44:19.996 [org.springframework.kafka.KafkaListenerEndpointContainer#0-0-C-1] INFO  c.e.k.listener.MultiTopicRebalanceListener - 消息处理完成并已提交 offset id=5435dfea-f0d2-4064-9f75-8f5f0184d96e topic=other-events
11:44:19.997 [org.springframework.kafka.KafkaListenerEndpointContainer#0-0-C-1] DEBUG o.s.kafka.listener.KafkaMessageListenerContainer - Received: 1 records
11:44:19.998 [org.springframework.kafka.KafkaListenerEndpointContainer#0-0-C-1] DEBUG o.s.k.l.a.RecordMessagingMessageListenerAdapter - Processing [GenericMessage [payload=DemoEvent(id=51a6a9b0-935d-4ee9-9944-c0d954d10442, payload=demo-event-27, slow=false, retryTrigger=false, flaky=false, createdAt=2026-08-27T03:44:16.730118Z), headers={kafka_offset=27, kafka_consumer=org.springframework.kafka.core.DefaultKafkaConsumerFactory$ExtendedKafkaConsumer@75fd7ccc, kafka_timestampType=CREATE_TIME, kafka_receivedPartitionId=2, kafka_receivedMessageKey=0, kafka_receivedTopic=other-events, kafka_receivedTimestamp=1787802256730, kafka_acknowledgment=Acknowledgment for other-events-2@27, kafka_groupId=slow-consumer-group}]]
11:44:19.998 [org.springframework.kafka.KafkaListenerEndpointContainer#0-0-C-1] INFO  c.e.k.listener.MultiTopicRebalanceListener - 收到消息 id=51a6a9b0-935d-4ee9-9944-c0d954d10442 topic=other-events partition=2 slow=false
11:44:20.100 [org.springframework.kafka.KafkaListenerEndpointContainer#0-0-C-1] DEBUG o.s.kafka.listener.KafkaMessageListenerContainer - Committing: {other-events-2=OffsetAndMetadata{offset=28, leaderEpoch=null, metadata=''}}
11:44:20.108 [org.springframework.kafka.KafkaListenerEndpointContainer#0-0-C-1] DEBUG o.a.k.c.consumer.internals.ConsumerCoordinator - [Consumer clientId=consumer-slow-consumer-group-1, groupId=slow-consumer-group] Committed offset 28 for partition other-events-2
11:44:20.108 [org.springframework.kafka.KafkaListenerEndpointContainer#0-0-C-1] INFO  c.e.k.listener.MultiTopicRebalanceListener - 消息处理完成并已提交 offset id=51a6a9b0-935d-4ee9-9944-c0d954d10442 topic=other-events
11:44:20.110 [org.springframework.kafka.KafkaListenerEndpointContainer#0-0-C-1] DEBUG o.s.kafka.listener.KafkaMessageListenerContainer - Received: 1 records
11:44:20.110 [org.springframework.kafka.KafkaListenerEndpointContainer#0-0-C-1] DEBUG o.s.k.l.a.RecordMessagingMessageListenerAdapter - Processing [GenericMessage [payload=DemoEvent(id=e6acbe8d-55fe-4c58-b8f6-bea247f9cfb3, payload=demo-event-28, slow=false, retryTrigger=false, flaky=false, createdAt=2026-08-27T03:44:17.231529Z), headers={kafka_offset=28, kafka_consumer=org.springframework.kafka.core.DefaultKafkaConsumerFactory$ExtendedKafkaConsumer@75fd7ccc, kafka_timestampType=CREATE_TIME, kafka_receivedPartitionId=2, kafka_receivedMessageKey=0, kafka_receivedTopic=other-events, kafka_receivedTimestamp=1787802257231, kafka_acknowledgment=Acknowledgment for other-events-2@28, kafka_groupId=slow-consumer-group}]]
11:44:20.110 [org.springframework.kafka.KafkaListenerEndpointContainer#0-0-C-1] INFO  c.e.k.listener.MultiTopicRebalanceListener - 收到消息 id=e6acbe8d-55fe-4c58-b8f6-bea247f9cfb3 topic=other-events partition=2 slow=false
11:44:20.216 [org.springframework.kafka.KafkaListenerEndpointContainer#0-0-C-1] DEBUG o.s.kafka.listener.KafkaMessageListenerContainer - Committing: {other-events-2=OffsetAndMetadata{offset=29, leaderEpoch=null, metadata=''}}
11:44:20.225 [org.springframework.kafka.KafkaListenerEndpointContainer#0-0-C-1] DEBUG o.a.k.c.consumer.internals.ConsumerCoordinator - [Consumer clientId=consumer-slow-consumer-group-1, groupId=slow-consumer-group] Committed offset 29 for partition other-events-2
11:44:20.225 [org.springframework.kafka.KafkaListenerEndpointContainer#0-0-C-1] INFO  c.e.k.listener.MultiTopicRebalanceListener - 消息处理完成并已提交 offset id=e6acbe8d-55fe-4c58-b8f6-bea247f9cfb3 topic=other-events
11:44:20.227 [org.springframework.kafka.KafkaListenerEndpointContainer#0-0-C-1] DEBUG o.s.kafka.listener.KafkaMessageListenerContainer - Received: 1 records
11:44:20.227 [org.springframework.kafka.KafkaListenerEndpointContainer#0-0-C-1] DEBUG o.s.k.l.a.RecordMessagingMessageListenerAdapter - Processing [GenericMessage [payload=DemoEvent(id=6b0f6a1d-8bfa-40a5-b564-787a74272d85, payload=demo-event-29, slow=false, retryTrigger=false, flaky=false, createdAt=2026-08-27T03:44:17.737256Z), headers={kafka_offset=29, kafka_consumer=org.springframework.kafka.core.DefaultKafkaConsumerFactory$ExtendedKafkaConsumer@75fd7ccc, kafka_timestampType=CREATE_TIME, kafka_receivedPartitionId=2, kafka_receivedMessageKey=0, kafka_receivedTopic=other-events, kafka_receivedTimestamp=1787802257737, kafka_acknowledgment=Acknowledgment for other-events-2@29, kafka_groupId=slow-consumer-group}]]
11:44:20.227 [org.springframework.kafka.KafkaListenerEndpointContainer#0-0-C-1] INFO  c.e.k.listener.MultiTopicRebalanceListener - 收到消息 id=6b0f6a1d-8bfa-40a5-b564-787a74272d85 topic=other-events partition=2 slow=false
11:44:20.257 [scenario6-other-events-producer] INFO  c.e.kafkarebalance.producer.DemoEventProducer - 已发送消息 id=aa123186-36be-449e-87cd-85873cc17a47 topic=other-events key=0 slow=false retryTrigger=false flaky=false
11:44:20.333 [org.springframework.kafka.KafkaListenerEndpointContainer#0-0-C-1] DEBUG o.s.kafka.listener.KafkaMessageListenerContainer - Committing: {other-events-2=OffsetAndMetadata{offset=30, leaderEpoch=null, metadata=''}}
11:44:20.344 [org.springframework.kafka.KafkaListenerEndpointContainer#0-0-C-1] DEBUG o.a.k.c.consumer.internals.ConsumerCoordinator - [Consumer clientId=consumer-slow-consumer-group-1, groupId=slow-consumer-group] Committed offset 30 for partition other-events-2
11:44:20.344 [org.springframework.kafka.KafkaListenerEndpointContainer#0-0-C-1] INFO  c.e.k.listener.MultiTopicRebalanceListener - 消息处理完成并已提交 offset id=6b0f6a1d-8bfa-40a5-b564-787a74272d85 topic=other-events
11:44:20.346 [org.springframework.kafka.KafkaListenerEndpointContainer#0-0-C-1] DEBUG o.s.kafka.listener.KafkaMessageListenerContainer - Received: 1 records
11:44:20.347 [org.springframework.kafka.KafkaListenerEndpointContainer#0-0-C-1] DEBUG o.s.k.l.a.RecordMessagingMessageListenerAdapter - Processing [GenericMessage [payload=DemoEvent(id=9626ebdb-933a-4ed5-a697-a129cf64a008, payload=demo-event-0, slow=true, retryTrigger=false, flaky=false, createdAt=2026-08-27T03:44:08.031207Z), headers={kafka_offset=0, kafka_consumer=org.springframework.kafka.core.DefaultKafkaConsumerFactory$ExtendedKafkaConsumer@75fd7ccc, kafka_timestampType=CREATE_TIME, kafka_receivedPartitionId=2, kafka_receivedMessageKey=0, kafka_receivedTopic=slow-events, kafka_receivedTimestamp=1787802248033, kafka_acknowledgment=Acknowledgment for slow-events-2@0, kafka_groupId=slow-consumer-group}]]
11:44:20.347 [org.springframework.kafka.KafkaListenerEndpointContainer#0-0-C-1] INFO  c.e.k.listener.MultiTopicRebalanceListener - 收到消息 id=9626ebdb-933a-4ed5-a697-a129cf64a008 topic=slow-events partition=2 slow=true
11:44:20.347 [org.springframework.kafka.KafkaListenerEndpointContainer#0-0-C-1] WARN  c.e.k.listener.MultiTopicRebalanceListener - 模拟慢处理开始：id=9626ebdb-933a-4ed5-a697-a129cf64a008 topic=slow-events 将阻塞 10000ms（超过 max.poll.interval.ms，预期触发 rebalance）
11:44:20.763 [scenario6-other-events-producer] INFO  c.e.kafkarebalance.producer.DemoEventProducer - 已发送消息 id=84582a56-33ad-41b3-8573-3bf5d0588da0 topic=other-events key=0 slow=false retryTrigger=false flaky=false
11:44:21.070 [kafka-coordinator-heartbeat-thread | slow-consumer-group] DEBUG o.a.k.c.consumer.internals.ConsumerCoordinator - [Consumer clientId=consumer-slow-consumer-group-1, groupId=slow-consumer-group] Sending Heartbeat request with generation 3 and member id consumer-slow-consumer-group-1-084683af-6f27-48bf-8b1f-025555a2f5c7 to coordinator localhost:9092 (id: 2147483646 rack: null isFenced: false)
11:44:21.177 [kafka-coordinator-heartbeat-thread | slow-consumer-group] DEBUG o.a.k.c.consumer.internals.ConsumerCoordinator - [Consumer clientId=consumer-slow-consumer-group-1, groupId=slow-consumer-group] Received successful Heartbeat response
11:44:21.266 [scenario6-other-events-producer] INFO  c.e.kafkarebalance.producer.DemoEventProducer - 已发送消息 id=b6d8b8d4-63d4-4fd1-8367-2dcb864cb1ad topic=other-events key=0 slow=false retryTrigger=false flaky=false
11:44:21.772 [scenario6-other-events-producer] INFO  c.e.kafkarebalance.producer.DemoEventProducer - 已发送消息 id=dfad6762-5eed-456d-8148-980ba616c9a8 topic=other-events key=0 slow=false retryTrigger=false flaky=false
11:44:22.276 [scenario6-other-events-producer] INFO  c.e.kafkarebalance.producer.DemoEventProducer - 已发送消息 id=325e827d-b83d-440d-8f51-ef07c9a97714 topic=other-events key=0 slow=false retryTrigger=false flaky=false
11:44:22.781 [scenario6-other-events-producer] INFO  c.e.kafkarebalance.producer.DemoEventProducer - 已发送消息 id=5c68b7aa-3962-4815-9557-b9b4754c9fec topic=other-events key=0 slow=false retryTrigger=false flaky=false
11:44:23.283 [scenario6-other-events-producer] INFO  c.e.kafkarebalance.producer.DemoEventProducer - 已发送消息 id=3eab38a9-81b9-4c5b-b427-31bcd735ed91 topic=other-events key=0 slow=false retryTrigger=false flaky=false
11:44:23.785 [scenario6-other-events-producer] INFO  c.e.kafkarebalance.producer.DemoEventProducer - 已发送消息 id=82f4e474-2e18-4239-9e72-59919bf16aaf topic=other-events key=0 slow=false retryTrigger=false flaky=false
11:44:24.074 [kafka-coordinator-heartbeat-thread | slow-consumer-group] DEBUG o.a.k.c.consumer.internals.ConsumerCoordinator - [Consumer clientId=consumer-slow-consumer-group-1, groupId=slow-consumer-group] Sending Heartbeat request with generation 3 and member id consumer-slow-consumer-group-1-084683af-6f27-48bf-8b1f-025555a2f5c7 to coordinator localhost:9092 (id: 2147483646 rack: null isFenced: false)
11:44:24.181 [kafka-coordinator-heartbeat-thread | slow-consumer-group] DEBUG o.a.k.c.consumer.internals.ConsumerCoordinator - [Consumer clientId=consumer-slow-consumer-group-1, groupId=slow-consumer-group] Received successful Heartbeat response
11:44:24.292 [scenario6-other-events-producer] INFO  c.e.kafkarebalance.producer.DemoEventProducer - 已发送消息 id=0f70c251-174f-4fa9-b01d-35c76b22d7b9 topic=other-events key=0 slow=false retryTrigger=false flaky=false
11:44:24.797 [scenario6-other-events-producer] INFO  c.e.kafkarebalance.producer.DemoEventProducer - 已发送消息 id=257073cb-0710-4220-89ea-cfbb31429b1d topic=other-events key=0 slow=false retryTrigger=false flaky=false
11:44:25.302 [scenario6-other-events-producer] INFO  c.e.kafkarebalance.producer.DemoEventProducer - 已发送消息 id=535f5287-3cb1-4ee9-983d-0346325affa8 topic=other-events key=0 slow=false retryTrigger=false flaky=false
11:44:25.807 [scenario6-other-events-producer] INFO  c.e.kafkarebalance.producer.DemoEventProducer - 已发送消息 id=66b8f1e6-5f45-4beb-98ea-7fcda5d6f5c3 topic=other-events key=0 slow=false retryTrigger=false flaky=false
11:44:26.311 [scenario6-other-events-producer] INFO  c.e.kafkarebalance.producer.DemoEventProducer - 已发送消息 id=4bd15a3b-c1e1-4f40-ad2a-2e327074bcbf topic=other-events key=0 slow=false retryTrigger=false flaky=false
11:44:26.348 [kafka-coordinator-heartbeat-thread | slow-consumer-group] WARN  o.a.k.c.consumer.internals.ConsumerCoordinator - [Consumer clientId=consumer-slow-consumer-group-1, groupId=slow-consumer-group] consumer poll timeout has expired. This means the time between subsequent calls to poll() was longer than the configured max.poll.interval.ms, which typically implies that the poll loop is spending too much time processing messages. You can address this either by increasing max.poll.interval.ms or by reducing the maximum size of batches returned in poll() with max.poll.records.
11:44:26.348 [kafka-coordinator-heartbeat-thread | slow-consumer-group] INFO  o.a.k.c.consumer.internals.ConsumerCoordinator - [Consumer clientId=consumer-slow-consumer-group-1, groupId=slow-consumer-group] Member consumer-slow-consumer-group-1-084683af-6f27-48bf-8b1f-025555a2f5c7 sending LeaveGroup request to coordinator localhost:9092 (id: 2147483646 rack: null isFenced: false) due to consumer poll timeout has expired.
11:44:26.349 [kafka-coordinator-heartbeat-thread | slow-consumer-group] INFO  o.a.k.c.consumer.internals.ConsumerCoordinator - [Consumer clientId=consumer-slow-consumer-group-1, groupId=slow-consumer-group] Resetting generation and member id due to: consumer pro-actively leaving the group
11:44:26.349 [kafka-coordinator-heartbeat-thread | slow-consumer-group] INFO  o.a.k.c.consumer.internals.ConsumerCoordinator - [Consumer clientId=consumer-slow-consumer-group-1, groupId=slow-consumer-group] Request joining group due to: consumer pro-actively leaving the group
11:44:26.815 [scenario6-other-events-producer] INFO  c.e.kafkarebalance.producer.DemoEventProducer - 已发送消息 id=3cb1acb6-257d-4789-9620-450d549df9e0 topic=other-events key=0 slow=false retryTrigger=false flaky=false
11:44:27.322 [scenario6-other-events-producer] INFO  c.e.kafkarebalance.producer.DemoEventProducer - 已发送消息 id=7c741474-652c-4d98-a5ea-547bb189710d topic=other-events key=0 slow=false retryTrigger=false flaky=false
11:44:27.828 [scenario6-other-events-producer] INFO  c.e.kafkarebalance.producer.DemoEventProducer - 已发送消息 id=12052594-edfb-49dc-84a2-e59553e9d0b3 topic=other-events key=0 slow=false retryTrigger=false flaky=false
11:44:28.334 [scenario6-other-events-producer] INFO  c.e.kafkarebalance.producer.DemoEventProducer - 已发送消息 id=2f0a251a-5745-4dfe-8dbc-97c3131fdf8f topic=other-events key=0 slow=false retryTrigger=false flaky=false
11:44:28.840 [scenario6-other-events-producer] INFO  c.e.kafkarebalance.producer.DemoEventProducer - 已发送消息 id=f5645089-20e7-46c6-bed0-02bdc1d5c58e topic=other-events key=0 slow=false retryTrigger=false flaky=false
11:44:29.345 [scenario6-other-events-producer] INFO  c.e.kafkarebalance.producer.DemoEventProducer - 已发送消息 id=47e85dc0-11f3-4b56-8a48-a145a5f54bba topic=other-events key=0 slow=false retryTrigger=false flaky=false
11:44:29.846 [scenario6-other-events-producer] INFO  c.e.kafkarebalance.producer.DemoEventProducer - 已发送消息 id=cc48994b-84bf-4328-9965-66ba5dc6f2f6 topic=other-events key=0 slow=false retryTrigger=false flaky=false
11:44:30.350 [scenario6-other-events-producer] INFO  c.e.kafkarebalance.producer.DemoEventProducer - 已发送消息 id=fa776535-4d4e-445a-829a-f9f13de18eed topic=other-events key=0 slow=false retryTrigger=false flaky=false
11:44:30.351 [org.springframework.kafka.KafkaListenerEndpointContainer#0-0-C-1] DEBUG o.s.kafka.listener.KafkaMessageListenerContainer - Committing: {slow-events-2=OffsetAndMetadata{offset=1, leaderEpoch=null, metadata=''}}
11:44:30.351 [org.springframework.kafka.KafkaListenerEndpointContainer#0-0-C-1] INFO  o.a.k.c.consumer.internals.ConsumerCoordinator - [Consumer clientId=consumer-slow-consumer-group-1, groupId=slow-consumer-group] Failing OffsetCommit request since the consumer is not part of an active group
11:44:30.352 [org.springframework.kafka.KafkaListenerEndpointContainer#0-0-C-1] DEBUG o.a.k.c.consumer.internals.ConsumerCoordinator - [Consumer clientId=consumer-slow-consumer-group-1, groupId=slow-consumer-group] LeaveGroup response with Generation{generationId=3, memberId='consumer-slow-consumer-group-1-084683af-6f27-48bf-8b1f-025555a2f5c7', protocol='range'} returned successfully: ClientResponse(receivedTimeMs=1787802270351, latencyMs=4003, disconnected=false, timedOut=false, requestHeader=RequestHeader(apiKey=LEAVE_GROUP, apiVersion=5, clientId=consumer-slow-consumer-group-1, correlationId=76, headerVersion=2), responseBody=LeaveGroupResponseData(throttleTimeMs=0, errorCode=0, members=[MemberResponse(memberId='consumer-slow-consumer-group-1-084683af-6f27-48bf-8b1f-025555a2f5c7', groupInstanceId=null, errorCode=0)]))
11:44:30.352 [org.springframework.kafka.KafkaListenerEndpointContainer#0-0-C-1] WARN  c.e.k.listener.MultiTopicRebalanceListener - 提交 offset 失败，可能因 rebalance 导致该分区已被回收 id=9626ebdb-933a-4ed5-a697-a129cf64a008 topic=slow-events
org.apache.kafka.clients.consumer.CommitFailedException: Offset commit cannot be completed since the consumer is not part of an active group for auto partition assignment; it is likely that the consumer was kicked out of the group.
	at org.apache.kafka.clients.consumer.internals.ConsumerCoordinator.sendOffsetCommitRequest(ConsumerCoordinator.java:1320)
	at org.apache.kafka.clients.consumer.internals.ConsumerCoordinator.commitOffsetsSync(ConsumerCoordinator.java:1155)
	at org.apache.kafka.clients.consumer.internals.ClassicKafkaConsumer.commitSync(ClassicKafkaConsumer.java:747)
	at org.apache.kafka.clients.consumer.KafkaConsumer.commitSync(KafkaConsumer.java:1094)
	at org.springframework.kafka.listener.KafkaMessageListenerContainer$ListenerConsumer.doCommitSync(KafkaMessageListenerContainer.java:3474)
	at org.springframework.kafka.listener.KafkaMessageListenerContainer$ListenerConsumer.commitSync(KafkaMessageListenerContainer.java:3469)
	at org.springframework.kafka.listener.KafkaMessageListenerContainer$ListenerConsumer.commitOffsets(KafkaMessageListenerContainer.java:3452)
	at org.springframework.kafka.listener.KafkaMessageListenerContainer$ListenerConsumer.commitOffsetsInTransactions(KafkaMessageListenerContainer.java:3443)
	at org.springframework.kafka.listener.KafkaMessageListenerContainer$ListenerConsumer.ackImmediate(KafkaMessageListenerContainer.java:2187)
	at org.springframework.kafka.listener.KafkaMessageListenerContainer$ListenerConsumer.processAck(KafkaMessageListenerContainer.java:2082)
	at org.springframework.kafka.listener.KafkaMessageListenerContainer$ListenerConsumer.doAck(KafkaMessageListenerContainer.java:2062)
	at org.springframework.kafka.listener.KafkaMessageListenerContainer$ListenerConsumer$ConsumerAcknowledgment.acknowledge(KafkaMessageListenerContainer.java:3622)
	at com.example.kafkarebalance.listener.MultiTopicRebalanceListener.onMessage(MultiTopicRebalanceListener.kt:67)
	at java.base/jdk.internal.reflect.DirectMethodHandleAccessor.invoke(DirectMethodHandleAccessor.java:104)
	at java.base/java.lang.reflect.Method.invoke(Method.java:565)
	at org.springframework.messaging.handler.invocation.InvocableHandlerMethod.doInvoke(InvocableHandlerMethod.java:168)
	at org.springframework.kafka.listener.adapter.KotlinAwareInvocableHandlerMethod.doInvoke(KotlinAwareInvocableHandlerMethod.java:48)
	at org.springframework.messaging.handler.invocation.InvocableHandlerMethod.invoke(InvocableHandlerMethod.java:119)
	at org.springframework.kafka.listener.adapter.HandlerAdapter.invoke(HandlerAdapter.java:80)
	at org.springframework.kafka.listener.adapter.MessagingMessageListenerAdapter.invokeHandler(MessagingMessageListenerAdapter.java:488)
	at org.springframework.kafka.listener.adapter.MessagingMessageListenerAdapter.invoke(MessagingMessageListenerAdapter.java:425)
	at org.springframework.kafka.listener.adapter.RecordMessagingMessageListenerAdapter.onMessage(RecordMessagingMessageListenerAdapter.java:92)
	at org.springframework.kafka.listener.adapter.RecordMessagingMessageListenerAdapter.onMessage(RecordMessagingMessageListenerAdapter.java:52)
	at org.springframework.kafka.listener.KafkaMessageListenerContainer$ListenerConsumer.doInvokeOnMessage(KafkaMessageListenerContainer.java:2948)
	at org.springframework.kafka.listener.KafkaMessageListenerContainer$ListenerConsumer.invokeOnMessage(KafkaMessageListenerContainer.java:2927)
	at org.springframework.kafka.listener.KafkaMessageListenerContainer$ListenerConsumer.doInvokeRecordListener(KafkaMessageListenerContainer.java:2837)
	at org.springframework.kafka.listener.KafkaMessageListenerContainer$ListenerConsumer.doInvokeWithRecords(KafkaMessageListenerContainer.java:2679)
	at org.springframework.kafka.listener.KafkaMessageListenerContainer$ListenerConsumer.invokeRecordListener(KafkaMessageListenerContainer.java:2573)
	at org.springframework.kafka.listener.KafkaMessageListenerContainer$ListenerConsumer.invokeListener(KafkaMessageListenerContainer.java:2204)
	at org.springframework.kafka.listener.KafkaMessageListenerContainer$ListenerConsumer.invokeIfHaveRecords(KafkaMessageListenerContainer.java:1559)
	at org.springframework.kafka.listener.KafkaMessageListenerContainer$ListenerConsumer.pollAndInvoke(KafkaMessageListenerContainer.java:1499)
	at org.springframework.kafka.listener.KafkaMessageListenerContainer$ListenerConsumer.run(KafkaMessageListenerContainer.java:1368)
	at java.base/java.util.concurrent.CompletableFuture$AsyncRun.run(CompletableFuture.java:1825)
	at java.base/java.lang.Thread.run(Thread.java:1474)
11:44:30.353 [org.springframework.kafka.KafkaListenerEndpointContainer#0-0-C-1] DEBUG o.a.k.c.consumer.internals.ConsumerCoordinator - [Consumer clientId=consumer-slow-consumer-group-1, groupId=slow-consumer-group] Executing onJoinPrepare with generation -1 and memberId 
11:44:30.353 [org.springframework.kafka.KafkaListenerEndpointContainer#0-0-C-1] INFO  o.a.k.c.consumer.internals.ConsumerCoordinator - [Consumer clientId=consumer-slow-consumer-group-1, groupId=slow-consumer-group] Giving away all assigned partitions as lost since generation/memberID has been reset,indicating that consumer is in old state or no longer part of the group
11:44:30.353 [org.springframework.kafka.KafkaListenerEndpointContainer#0-0-C-1] INFO  o.a.k.c.c.i.ConsumerRebalanceListenerInvoker - [Consumer clientId=consumer-slow-consumer-group-1, groupId=slow-consumer-group] Lost previously assigned partitions [other-events-0, other-events-1, other-events-2, slow-events-0, slow-events-1, slow-events-2]
11:44:30.353 [org.springframework.kafka.KafkaListenerEndpointContainer#0-0-C-1] INFO  o.s.kafka.listener.KafkaMessageListenerContainer - slow-consumer-group: partitions lost: [other-events-0, other-events-1, other-events-2, slow-events-0, slow-events-1, slow-events-2]
11:44:30.353 [org.springframework.kafka.KafkaListenerEndpointContainer#0-0-C-1] INFO  o.s.kafka.listener.KafkaMessageListenerContainer - slow-consumer-group: partitions revoked: [other-events-0, other-events-1, other-events-2, slow-events-0, slow-events-1, slow-events-2]
11:44:30.353 [org.springframework.kafka.KafkaListenerEndpointContainer#0-0-C-1] INFO  o.a.k.c.consumer.internals.ConsumerCoordinator - [Consumer clientId=consumer-slow-consumer-group-1, groupId=slow-consumer-group] (Re-)joining group
11:44:30.353 [org.springframework.kafka.KafkaListenerEndpointContainer#0-0-C-1] DEBUG o.a.k.c.consumer.internals.ConsumerCoordinator - [Consumer clientId=consumer-slow-consumer-group-1, groupId=slow-consumer-group] Joining group with current subscription: [slow-events, other-events]
11:44:30.354 [org.springframework.kafka.KafkaListenerEndpointContainer#0-0-C-1] DEBUG o.a.k.c.consumer.internals.ConsumerCoordinator - [Consumer clientId=consumer-slow-consumer-group-1, groupId=slow-consumer-group] Sending JoinGroup (JoinGroupRequestData(groupId='slow-consumer-group', sessionTimeoutMs=10000, rebalanceTimeoutMs=6000, memberId='', groupInstanceId=null, protocolType='consumer', protocols=[JoinGroupRequestProtocol(name='range', metadata=[0, 3, 0, 0, 0, 2, 0, 12, 111, 116, 104, 101, 114, 45, 101, 118, 101, 110, 116, 115, 0, 11, 115, 108, 111, 119, 45, 101, 118, 101, 110, 116, 115, -1, -1, -1, -1, 0, 0, 0, 0, -1, -1, -1, -1, -1, -1]), JoinGroupRequestProtocol(name='cooperative-sticky', metadata=[0, 3, 0, 0, 0, 2, 0, 12, 111, 116, 104, 101, 114, 45, 101, 118, 101, 110, 116, 115, 0, 11, 115, 108, 111, 119, 45, 101, 118, 101, 110, 116, 115, 0, 0, 0, 4, -1, -1, -1, -1, 0, 0, 0, 0, -1, -1, -1, -1, -1, -1])], reason='consumer pro-actively leaving the group')) to coordinator localhost:9092 (id: 2147483646 rack: null isFenced: false)
11:44:30.363 [org.springframework.kafka.KafkaListenerEndpointContainer#0-0-C-1] DEBUG o.a.k.c.consumer.internals.ConsumerCoordinator - [Consumer clientId=consumer-slow-consumer-group-1, groupId=slow-consumer-group] JoinGroup failed due to non-fatal error: MEMBER_ID_REQUIRED. Will set the member id as consumer-slow-consumer-group-1-64e1a8bd-7ae3-4be1-8688-0219c46948ff and then rejoin. Sent generation was Generation{generationId=-1, memberId='', protocol='null'}
11:44:30.363 [org.springframework.kafka.KafkaListenerEndpointContainer#0-0-C-1] INFO  o.a.k.c.consumer.internals.ConsumerCoordinator - [Consumer clientId=consumer-slow-consumer-group-1, groupId=slow-consumer-group] Request joining group due to: need to re-join with the given member-id: consumer-slow-consumer-group-1-64e1a8bd-7ae3-4be1-8688-0219c46948ff
11:44:30.364 [org.springframework.kafka.KafkaListenerEndpointContainer#0-0-C-1] INFO  o.a.k.c.consumer.internals.ConsumerCoordinator - [Consumer clientId=consumer-slow-consumer-group-1, groupId=slow-consumer-group] (Re-)joining group
11:44:30.364 [org.springframework.kafka.KafkaListenerEndpointContainer#0-0-C-1] DEBUG o.a.k.c.consumer.internals.ConsumerCoordinator - [Consumer clientId=consumer-slow-consumer-group-1, groupId=slow-consumer-group] Joining group with current subscription: [slow-events, other-events]
11:44:30.364 [org.springframework.kafka.KafkaListenerEndpointContainer#0-0-C-1] DEBUG o.a.k.c.consumer.internals.ConsumerCoordinator - [Consumer clientId=consumer-slow-consumer-group-1, groupId=slow-consumer-group] Sending JoinGroup (JoinGroupRequestData(groupId='slow-consumer-group', sessionTimeoutMs=10000, rebalanceTimeoutMs=6000, memberId='consumer-slow-consumer-group-1-64e1a8bd-7ae3-4be1-8688-0219c46948ff', groupInstanceId=null, protocolType='consumer', protocols=[JoinGroupRequestProtocol(name='range', metadata=[0, 3, 0, 0, 0, 2, 0, 12, 111, 116, 104, 101, 114, 45, 101, 118, 101, 110, 116, 115, 0, 11, 115, 108, 111, 119, 45, 101, 118, 101, 110, 116, 115, -1, -1, -1, -1, 0, 0, 0, 0, -1, -1, -1, -1, -1, -1]), JoinGroupRequestProtocol(name='cooperative-sticky', metadata=[0, 3, 0, 0, 0, 2, 0, 12, 111, 116, 104, 101, 114, 45, 101, 118, 101, 110, 116, 115, 0, 11, 115, 108, 111, 119, 45, 101, 118, 101, 110, 116, 115, 0, 0, 0, 4, -1, -1, -1, -1, 0, 0, 0, 0, -1, -1, -1, -1, -1, -1])], reason='need to re-join with the given member-id: consumer-slow-consumer-group-1-64e1a8bd-7ae3-4be1-8688-0219c46948ff')) to coordinator localhost:9092 (id: 2147483646 rack: null isFenced: false)
11:44:30.368 [org.springframework.kafka.KafkaListenerEndpointContainer#0-0-C-1] DEBUG o.a.k.c.consumer.internals.ConsumerCoordinator - [Consumer clientId=consumer-slow-consumer-group-1, groupId=slow-consumer-group] Received successful JoinGroup response: JoinGroupResponseData(throttleTimeMs=0, errorCode=0, generationId=5, protocolType='consumer', protocolName='range', leader='consumer-slow-consumer-group-1-64e1a8bd-7ae3-4be1-8688-0219c46948ff', skipAssignment=false, memberId='consumer-slow-consumer-group-1-64e1a8bd-7ae3-4be1-8688-0219c46948ff', members=[JoinGroupResponseMember(memberId='consumer-slow-consumer-group-1-64e1a8bd-7ae3-4be1-8688-0219c46948ff', groupInstanceId=null, metadata=[0, 3, 0, 0, 0, 2, 0, 12, 111, 116, 104, 101, 114, 45, 101, 118, 101, 110, 116, 115, 0, 11, 115, 108, 111, 119, 45, 101, 118, 101, 110, 116, 115, -1, -1, -1, -1, 0, 0, 0, 0, -1, -1, -1, -1, -1, -1])])
11:44:30.369 [org.springframework.kafka.KafkaListenerEndpointContainer#0-0-C-1] DEBUG o.a.k.c.consumer.internals.ConsumerCoordinator - [Consumer clientId=consumer-slow-consumer-group-1, groupId=slow-consumer-group] Enabling heartbeat thread
11:44:30.369 [org.springframework.kafka.KafkaListenerEndpointContainer#0-0-C-1] INFO  o.a.k.c.consumer.internals.ConsumerCoordinator - [Consumer clientId=consumer-slow-consumer-group-1, groupId=slow-consumer-group] Successfully joined group with generation Generation{generationId=5, memberId='consumer-slow-consumer-group-1-64e1a8bd-7ae3-4be1-8688-0219c46948ff', protocol='range'}
11:44:30.369 [org.springframework.kafka.KafkaListenerEndpointContainer#0-0-C-1] DEBUG o.a.k.c.consumer.internals.ConsumerCoordinator - [Consumer clientId=consumer-slow-consumer-group-1, groupId=slow-consumer-group] Performing assignment using strategy range with subscriptions {consumer-slow-consumer-group-1-64e1a8bd-7ae3-4be1-8688-0219c46948ff=Subscription(topics=[other-events, slow-events], ownedPartitions=[], groupInstanceId=null, generationId=-1, rackId=null)}
11:44:30.369 [org.springframework.kafka.KafkaListenerEndpointContainer#0-0-C-1] INFO  o.a.k.c.consumer.internals.ConsumerCoordinator - [Consumer clientId=consumer-slow-consumer-group-1, groupId=slow-consumer-group] Finished assignment for group at generation 5: {consumer-slow-consumer-group-1-64e1a8bd-7ae3-4be1-8688-0219c46948ff=Assignment(partitions=[other-events-0, other-events-1, other-events-2, slow-events-0, slow-events-1, slow-events-2])}
11:44:30.369 [org.springframework.kafka.KafkaListenerEndpointContainer#0-0-C-1] DEBUG o.a.k.c.consumer.internals.ConsumerCoordinator - [Consumer clientId=consumer-slow-consumer-group-1, groupId=slow-consumer-group] Sending leader SyncGroup to coordinator localhost:9092 (id: 2147483646 rack: null isFenced: false): SyncGroupRequestData(groupId='slow-consumer-group', generationId=5, memberId='consumer-slow-consumer-group-1-64e1a8bd-7ae3-4be1-8688-0219c46948ff', groupInstanceId=null, protocolType='consumer', protocolName='range', assignments=[SyncGroupRequestAssignment(memberId='consumer-slow-consumer-group-1-64e1a8bd-7ae3-4be1-8688-0219c46948ff', assignment=[0, 3, 0, 0, 0, 2, 0, 12, 111, 116, 104, 101, 114, 45, 101, 118, 101, 110, 116, 115, 0, 0, 0, 3, 0, 0, 0, 0, 0, 0, 0, 1, 0, 0, 0, 2, 0, 11, 115, 108, 111, 119, 45, 101, 118, 101, 110, 116, 115, 0, 0, 0, 3, 0, 0, 0, 0, 0, 0, 0, 1, 0, 0, 0, 2, -1, -1, -1, -1])])
11:44:30.374 [org.springframework.kafka.KafkaListenerEndpointContainer#0-0-C-1] DEBUG o.a.k.c.consumer.internals.ConsumerCoordinator - [Consumer clientId=consumer-slow-consumer-group-1, groupId=slow-consumer-group] Received successful SyncGroup response: SyncGroupResponseData(throttleTimeMs=0, errorCode=0, protocolType='consumer', protocolName='range', assignment=[0, 3, 0, 0, 0, 2, 0, 12, 111, 116, 104, 101, 114, 45, 101, 118, 101, 110, 116, 115, 0, 0, 0, 3, 0, 0, 0, 0, 0, 0, 0, 1, 0, 0, 0, 2, 0, 11, 115, 108, 111, 119, 45, 101, 118, 101, 110, 116, 115, 0, 0, 0, 3, 0, 0, 0, 0, 0, 0, 0, 1, 0, 0, 0, 2, -1, -1, -1, -1])
11:44:30.375 [org.springframework.kafka.KafkaListenerEndpointContainer#0-0-C-1] INFO  o.a.k.c.consumer.internals.ConsumerCoordinator - [Consumer clientId=consumer-slow-consumer-group-1, groupId=slow-consumer-group] Successfully synced group in generation Generation{generationId=5, memberId='consumer-slow-consumer-group-1-64e1a8bd-7ae3-4be1-8688-0219c46948ff', protocol='range'}
11:44:30.375 [org.springframework.kafka.KafkaListenerEndpointContainer#0-0-C-1] DEBUG o.a.k.c.consumer.internals.ConsumerCoordinator - [Consumer clientId=consumer-slow-consumer-group-1, groupId=slow-consumer-group] Executing onJoinComplete with generation 5 and memberId consumer-slow-consumer-group-1-64e1a8bd-7ae3-4be1-8688-0219c46948ff
11:44:30.375 [org.springframework.kafka.KafkaListenerEndpointContainer#0-0-C-1] INFO  o.a.k.c.consumer.internals.ConsumerCoordinator - [Consumer clientId=consumer-slow-consumer-group-1, groupId=slow-consumer-group] Notifying assignor about the new Assignment(partitions=[other-events-0, other-events-1, other-events-2, slow-events-0, slow-events-1, slow-events-2])
11:44:30.375 [org.springframework.kafka.KafkaListenerEndpointContainer#0-0-C-1] INFO  o.a.k.c.c.i.ConsumerRebalanceListenerInvoker - [Consumer clientId=consumer-slow-consumer-group-1, groupId=slow-consumer-group] Adding newly assigned partitions: [other-events-0, other-events-1, other-events-2, slow-events-0, slow-events-1, slow-events-2]
11:44:30.375 [org.springframework.kafka.KafkaListenerEndpointContainer#0-0-C-1] DEBUG o.a.k.c.consumer.internals.ConsumerCoordinator - [Consumer clientId=consumer-slow-consumer-group-1, groupId=slow-consumer-group] Fetching committed offsets for partitions: [other-events-0, slow-events-2, other-events-1, slow-events-1, other-events-2, slow-events-0]
11:44:30.377 [org.springframework.kafka.KafkaListenerEndpointContainer#0-0-C-1] INFO  o.a.k.c.consumer.internals.ConsumerCoordinator - [Consumer clientId=consumer-slow-consumer-group-1, groupId=slow-consumer-group] Found no committed offset for partition slow-events-2
11:44:30.377 [org.springframework.kafka.KafkaListenerEndpointContainer#0-0-C-1] INFO  o.a.k.c.consumer.internals.ConsumerCoordinator - [Consumer clientId=consumer-slow-consumer-group-1, groupId=slow-consumer-group] Found no committed offset for partition slow-events-1
11:44:30.377 [org.springframework.kafka.KafkaListenerEndpointContainer#0-0-C-1] INFO  o.a.k.c.consumer.internals.ConsumerCoordinator - [Consumer clientId=consumer-slow-consumer-group-1, groupId=slow-consumer-group] Found no committed offset for partition slow-events-0
11:44:30.377 [org.springframework.kafka.KafkaListenerEndpointContainer#0-0-C-1] INFO  o.a.k.c.consumer.internals.ConsumerCoordinator - [Consumer clientId=consumer-slow-consumer-group-1, groupId=slow-consumer-group] Found no committed offset for partition other-events-0
11:44:30.377 [org.springframework.kafka.KafkaListenerEndpointContainer#0-0-C-1] INFO  o.a.k.c.consumer.internals.ConsumerCoordinator - [Consumer clientId=consumer-slow-consumer-group-1, groupId=slow-consumer-group] Found no committed offset for partition other-events-1
11:44:30.378 [org.springframework.kafka.KafkaListenerEndpointContainer#0-0-C-1] INFO  o.a.kafka.clients.consumer.internals.ConsumerUtils - Setting offset for partition other-events-2 to the committed offset FetchPosition{offset=30, offsetEpoch=Optional.empty, currentLeader=LeaderAndEpoch{leader=Optional[localhost:9092 (id: 1 rack: null isFenced: false)], epoch=0}}
11:44:30.380 [org.springframework.kafka.KafkaListenerEndpointContainer#0-0-C-1] INFO  o.a.k.clients.consumer.internals.SubscriptionState - [Consumer clientId=consumer-slow-consumer-group-1, groupId=slow-consumer-group] Resetting offset for partition other-events-0 to position FetchPosition{offset=0, offsetEpoch=Optional.empty, currentLeader=LeaderAndEpoch{leader=Optional[localhost:9092 (id: 1 rack: null isFenced: false)], epoch=0}}.
11:44:30.380 [org.springframework.kafka.KafkaListenerEndpointContainer#0-0-C-1] INFO  o.a.k.clients.consumer.internals.SubscriptionState - [Consumer clientId=consumer-slow-consumer-group-1, groupId=slow-consumer-group] Resetting offset for partition slow-events-2 to position FetchPosition{offset=0, offsetEpoch=Optional.empty, currentLeader=LeaderAndEpoch{leader=Optional[localhost:9092 (id: 1 rack: null isFenced: false)], epoch=0}}.
11:44:30.380 [org.springframework.kafka.KafkaListenerEndpointContainer#0-0-C-1] INFO  o.a.k.clients.consumer.internals.SubscriptionState - [Consumer clientId=consumer-slow-consumer-group-1, groupId=slow-consumer-group] Resetting offset for partition other-events-1 to position FetchPosition{offset=0, offsetEpoch=Optional.empty, currentLeader=LeaderAndEpoch{leader=Optional[localhost:9092 (id: 1 rack: null isFenced: false)], epoch=0}}.
11:44:30.380 [org.springframework.kafka.KafkaListenerEndpointContainer#0-0-C-1] INFO  o.a.k.clients.consumer.internals.SubscriptionState - [Consumer clientId=consumer-slow-consumer-group-1, groupId=slow-consumer-group] Resetting offset for partition slow-events-1 to position FetchPosition{offset=0, offsetEpoch=Optional.empty, currentLeader=LeaderAndEpoch{leader=Optional[localhost:9092 (id: 1 rack: null isFenced: false)], epoch=0}}.
11:44:30.380 [org.springframework.kafka.KafkaListenerEndpointContainer#0-0-C-1] INFO  o.a.k.clients.consumer.internals.SubscriptionState - [Consumer clientId=consumer-slow-consumer-group-1, groupId=slow-consumer-group] Resetting offset for partition slow-events-0 to position FetchPosition{offset=0, offsetEpoch=Optional.empty, currentLeader=LeaderAndEpoch{leader=Optional[localhost:9092 (id: 1 rack: null isFenced: false)], epoch=0}}.
11:44:30.380 [org.springframework.kafka.KafkaListenerEndpointContainer#0-0-C-1] INFO  o.s.kafka.listener.KafkaMessageListenerContainer - slow-consumer-group: partitions assigned: [other-events-0, other-events-1, other-events-2, slow-events-0, slow-events-1, slow-events-2]
11:44:30.383 [org.springframework.kafka.KafkaListenerEndpointContainer#0-0-C-1] DEBUG o.s.kafka.listener.KafkaMessageListenerContainer - Received: 1 records
11:44:30.383 [org.springframework.kafka.KafkaListenerEndpointContainer#0-0-C-1] DEBUG o.s.k.l.a.RecordMessagingMessageListenerAdapter - Processing [GenericMessage [payload=DemoEvent(id=55f682b5-a82c-426a-b6f2-0240b0eecd49, payload=demo-event-30, slow=false, retryTrigger=false, flaky=false, createdAt=2026-08-27T03:44:18.240042Z), headers={kafka_offset=30, kafka_consumer=org.springframework.kafka.core.DefaultKafkaConsumerFactory$ExtendedKafkaConsumer@75fd7ccc, kafka_timestampType=CREATE_TIME, kafka_receivedPartitionId=2, kafka_receivedMessageKey=0, kafka_receivedTopic=other-events, kafka_receivedTimestamp=1787802258240, kafka_acknowledgment=Acknowledgment for other-events-2@30, kafka_groupId=slow-consumer-group}]]
11:44:30.383 [org.springframework.kafka.KafkaListenerEndpointContainer#0-0-C-1] INFO  c.e.k.listener.MultiTopicRebalanceListener - 收到消息 id=55f682b5-a82c-426a-b6f2-0240b0eecd49 topic=other-events partition=2 slow=false
11:44:30.488 [org.springframework.kafka.KafkaListenerEndpointContainer#0-0-C-1] DEBUG o.s.kafka.listener.KafkaMessageListenerContainer - Committing: {other-events-2=OffsetAndMetadata{offset=31, leaderEpoch=null, metadata=''}}
11:44:30.496 [org.springframework.kafka.KafkaListenerEndpointContainer#0-0-C-1] DEBUG o.a.k.c.consumer.internals.ConsumerCoordinator - [Consumer clientId=consumer-slow-consumer-group-1, groupId=slow-consumer-group] Committed offset 31 for partition other-events-2
11:44:30.496 [org.springframework.kafka.KafkaListenerEndpointContainer#0-0-C-1] INFO  c.e.k.listener.MultiTopicRebalanceListener - 消息处理完成并已提交 offset id=55f682b5-a82c-426a-b6f2-0240b0eecd49 topic=other-events
11:44:30.498 [org.springframework.kafka.KafkaListenerEndpointContainer#0-0-C-1] DEBUG o.s.kafka.listener.KafkaMessageListenerContainer - Received: 1 records
11:44:30.499 [org.springframework.kafka.KafkaListenerEndpointContainer#0-0-C-1] DEBUG o.s.k.l.a.RecordMessagingMessageListenerAdapter - Processing [GenericMessage [payload=DemoEvent(id=cc35c4eb-84c5-4fe0-a7f7-caf8b1a430ba, payload=demo-event-31, slow=false, retryTrigger=false, flaky=false, createdAt=2026-08-27T03:44:18.744104Z), headers={kafka_offset=31, kafka_consumer=org.springframework.kafka.core.DefaultKafkaConsumerFactory$ExtendedKafkaConsumer@75fd7ccc, kafka_timestampType=CREATE_TIME, kafka_receivedPartitionId=2, kafka_receivedMessageKey=0, kafka_receivedTopic=other-events, kafka_receivedTimestamp=1787802258744, kafka_acknowledgment=Acknowledgment for other-events-2@31, kafka_groupId=slow-consumer-group}]]
11:44:30.499 [org.springframework.kafka.KafkaListenerEndpointContainer#0-0-C-1] INFO  c.e.k.listener.MultiTopicRebalanceListener - 收到消息 id=cc35c4eb-84c5-4fe0-a7f7-caf8b1a430ba topic=other-events partition=2 slow=false
11:44:30.603 [org.springframework.kafka.KafkaListenerEndpointContainer#0-0-C-1] DEBUG o.s.kafka.listener.KafkaMessageListenerContainer - Committing: {other-events-2=OffsetAndMetadata{offset=32, leaderEpoch=null, metadata=''}}
11:44:30.609 [org.springframework.kafka.KafkaListenerEndpointContainer#0-0-C-1] DEBUG o.a.k.c.consumer.internals.ConsumerCoordinator - [Consumer clientId=consumer-slow-consumer-group-1, groupId=slow-consumer-group] Committed offset 32 for partition other-events-2
11:44:30.609 [org.springframework.kafka.KafkaListenerEndpointContainer#0-0-C-1] INFO  c.e.k.listener.MultiTopicRebalanceListener - 消息处理完成并已提交 offset id=cc35c4eb-84c5-4fe0-a7f7-caf8b1a430ba topic=other-events
11:44:30.611 [org.springframework.kafka.KafkaListenerEndpointContainer#0-0-C-1] DEBUG o.s.kafka.listener.KafkaMessageListenerContainer - Received: 1 records
11:44:30.611 [org.springframework.kafka.KafkaListenerEndpointContainer#0-0-C-1] DEBUG o.s.k.l.a.RecordMessagingMessageListenerAdapter - Processing [GenericMessage [payload=DemoEvent(id=e35f3f85-7964-47c3-8df2-46ad22e1f442, payload=demo-event-32, slow=false, retryTrigger=false, flaky=false, createdAt=2026-08-27T03:44:19.247046Z), headers={kafka_offset=32, kafka_consumer=org.springframework.kafka.core.DefaultKafkaConsumerFactory$ExtendedKafkaConsumer@75fd7ccc, kafka_timestampType=CREATE_TIME, kafka_receivedPartitionId=2, kafka_receivedMessageKey=0, kafka_receivedTopic=other-events, kafka_receivedTimestamp=1787802259247, kafka_acknowledgment=Acknowledgment for other-events-2@32, kafka_groupId=slow-consumer-group}]]
11:44:30.611 [org.springframework.kafka.KafkaListenerEndpointContainer#0-0-C-1] INFO  c.e.k.listener.MultiTopicRebalanceListener - 收到消息 id=e35f3f85-7964-47c3-8df2-46ad22e1f442 topic=other-events partition=2 slow=false
11:44:30.716 [org.springframework.kafka.KafkaListenerEndpointContainer#0-0-C-1] DEBUG o.s.kafka.listener.KafkaMessageListenerContainer - Committing: {other-events-2=OffsetAndMetadata{offset=33, leaderEpoch=null, metadata=''}}
11:44:30.724 [org.springframework.kafka.KafkaListenerEndpointContainer#0-0-C-1] DEBUG o.a.k.c.consumer.internals.ConsumerCoordinator - [Consumer clientId=consumer-slow-consumer-group-1, groupId=slow-consumer-group] Committed offset 33 for partition other-events-2
11:44:30.725 [org.springframework.kafka.KafkaListenerEndpointContainer#0-0-C-1] INFO  c.e.k.listener.MultiTopicRebalanceListener - 消息处理完成并已提交 offset id=e35f3f85-7964-47c3-8df2-46ad22e1f442 topic=other-events
11:44:30.727 [org.springframework.kafka.KafkaListenerEndpointContainer#0-0-C-1] DEBUG o.s.kafka.listener.KafkaMessageListenerContainer - Received: 1 records
11:44:30.727 [org.springframework.kafka.KafkaListenerEndpointContainer#0-0-C-1] DEBUG o.s.k.l.a.RecordMessagingMessageListenerAdapter - Processing [GenericMessage [payload=DemoEvent(id=16fc8939-1992-4e3f-8cfb-b9c208b1d6e6, payload=demo-event-33, slow=false, retryTrigger=false, flaky=false, createdAt=2026-08-27T03:44:19.752802Z), headers={kafka_offset=33, kafka_consumer=org.springframework.kafka.core.DefaultKafkaConsumerFactory$ExtendedKafkaConsumer@75fd7ccc, kafka_timestampType=CREATE_TIME, kafka_receivedPartitionId=2, kafka_receivedMessageKey=0, kafka_receivedTopic=other-events, kafka_receivedTimestamp=1787802259752, kafka_acknowledgment=Acknowledgment for other-events-2@33, kafka_groupId=slow-consumer-group}]]
11:44:30.727 [org.springframework.kafka.KafkaListenerEndpointContainer#0-0-C-1] INFO  c.e.k.listener.MultiTopicRebalanceListener - 收到消息 id=16fc8939-1992-4e3f-8cfb-b9c208b1d6e6 topic=other-events partition=2 slow=false
11:44:30.831 [org.springframework.kafka.KafkaListenerEndpointContainer#0-0-C-1] DEBUG o.s.kafka.listener.KafkaMessageListenerContainer - Committing: {other-events-2=OffsetAndMetadata{offset=34, leaderEpoch=null, metadata=''}}
11:44:30.838 [org.springframework.kafka.KafkaListenerEndpointContainer#0-0-C-1] DEBUG o.a.k.c.consumer.internals.ConsumerCoordinator - [Consumer clientId=consumer-slow-consumer-group-1, groupId=slow-consumer-group] Committed offset 34 for partition other-events-2
11:44:30.838 [org.springframework.kafka.KafkaListenerEndpointContainer#0-0-C-1] INFO  c.e.k.listener.MultiTopicRebalanceListener - 消息处理完成并已提交 offset id=16fc8939-1992-4e3f-8cfb-b9c208b1d6e6 topic=other-events
11:44:30.840 [org.springframework.kafka.KafkaListenerEndpointContainer#0-0-C-1] DEBUG o.s.kafka.listener.KafkaMessageListenerContainer - Received: 1 records
11:44:30.840 [org.springframework.kafka.KafkaListenerEndpointContainer#0-0-C-1] DEBUG o.s.k.l.a.RecordMessagingMessageListenerAdapter - Processing [GenericMessage [payload=DemoEvent(id=aa123186-36be-449e-87cd-85873cc17a47, payload=demo-event-34, slow=false, retryTrigger=false, flaky=false, createdAt=2026-08-27T03:44:20.256636Z), headers={kafka_offset=34, kafka_consumer=org.springframework.kafka.core.DefaultKafkaConsumerFactory$ExtendedKafkaConsumer@75fd7ccc, kafka_timestampType=CREATE_TIME, kafka_receivedPartitionId=2, kafka_receivedMessageKey=0, kafka_receivedTopic=other-events, kafka_receivedTimestamp=1787802260256, kafka_acknowledgment=Acknowledgment for other-events-2@34, kafka_groupId=slow-consumer-group}]]
11:44:30.840 [org.springframework.kafka.KafkaListenerEndpointContainer#0-0-C-1] INFO  c.e.k.listener.MultiTopicRebalanceListener - 收到消息 id=aa123186-36be-449e-87cd-85873cc17a47 topic=other-events partition=2 slow=false
11:44:30.855 [scenario6-other-events-producer] INFO  c.e.kafkarebalance.producer.DemoEventProducer - 已发送消息 id=34e1f352-8f60-411f-8120-d870db9ca32e topic=other-events key=0 slow=false retryTrigger=false flaky=false
11:44:30.944 [org.springframework.kafka.KafkaListenerEndpointContainer#0-0-C-1] DEBUG o.s.kafka.listener.KafkaMessageListenerContainer - Committing: {other-events-2=OffsetAndMetadata{offset=35, leaderEpoch=null, metadata=''}}
11:44:30.952 [org.springframework.kafka.KafkaListenerEndpointContainer#0-0-C-1] DEBUG o.a.k.c.consumer.internals.ConsumerCoordinator - [Consumer clientId=consumer-slow-consumer-group-1, groupId=slow-consumer-group] Committed offset 35 for partition other-events-2
11:44:30.952 [org.springframework.kafka.KafkaListenerEndpointContainer#0-0-C-1] INFO  c.e.k.listener.MultiTopicRebalanceListener - 消息处理完成并已提交 offset id=aa123186-36be-449e-87cd-85873cc17a47 topic=other-events
11:44:30.954 [org.springframework.kafka.KafkaListenerEndpointContainer#0-0-C-1] DEBUG o.s.kafka.listener.KafkaMessageListenerContainer - Received: 1 records
11:44:30.954 [org.springframework.kafka.KafkaListenerEndpointContainer#0-0-C-1] DEBUG o.s.k.l.a.RecordMessagingMessageListenerAdapter - Processing [GenericMessage [payload=DemoEvent(id=84582a56-33ad-41b3-8573-3bf5d0588da0, payload=demo-event-35, slow=false, retryTrigger=false, flaky=false, createdAt=2026-08-27T03:44:20.762313Z), headers={kafka_offset=35, kafka_consumer=org.springframework.kafka.core.DefaultKafkaConsumerFactory$ExtendedKafkaConsumer@75fd7ccc, kafka_timestampType=CREATE_TIME, kafka_receivedPartitionId=2, kafka_receivedMessageKey=0, kafka_receivedTopic=other-events, kafka_receivedTimestamp=1787802260762, kafka_acknowledgment=Acknowledgment for other-events-2@35, kafka_groupId=slow-consumer-group}]]
11:44:30.955 [org.springframework.kafka.KafkaListenerEndpointContainer#0-0-C-1] INFO  c.e.k.listener.MultiTopicRebalanceListener - 收到消息 id=84582a56-33ad-41b3-8573-3bf5d0588da0 topic=other-events partition=2 slow=false
11:44:31.056 [org.springframework.kafka.KafkaListenerEndpointContainer#0-0-C-1] DEBUG o.s.kafka.listener.KafkaMessageListenerContainer - Committing: {other-events-2=OffsetAndMetadata{offset=36, leaderEpoch=null, metadata=''}}
11:44:31.064 [org.springframework.kafka.KafkaListenerEndpointContainer#0-0-C-1] DEBUG o.a.k.c.consumer.internals.ConsumerCoordinator - [Consumer clientId=consumer-slow-consumer-group-1, groupId=slow-consumer-group] Committed offset 36 for partition other-events-2
11:44:31.064 [org.springframework.kafka.KafkaListenerEndpointContainer#0-0-C-1] INFO  c.e.k.listener.MultiTopicRebalanceListener - 消息处理完成并已提交 offset id=84582a56-33ad-41b3-8573-3bf5d0588da0 topic=other-events
11:44:31.065 [org.springframework.kafka.KafkaListenerEndpointContainer#0-0-C-1] DEBUG o.s.kafka.listener.KafkaMessageListenerContainer - Received: 1 records
11:44:31.066 [org.springframework.kafka.KafkaListenerEndpointContainer#0-0-C-1] DEBUG o.s.k.l.a.RecordMessagingMessageListenerAdapter - Processing [GenericMessage [payload=DemoEvent(id=b6d8b8d4-63d4-4fd1-8367-2dcb864cb1ad, payload=demo-event-36, slow=false, retryTrigger=false, flaky=false, createdAt=2026-08-27T03:44:21.265592Z), headers={kafka_offset=36, kafka_consumer=org.springframework.kafka.core.DefaultKafkaConsumerFactory$ExtendedKafkaConsumer@75fd7ccc, kafka_timestampType=CREATE_TIME, kafka_receivedPartitionId=2, kafka_receivedMessageKey=0, kafka_receivedTopic=other-events, kafka_receivedTimestamp=1787802261265, kafka_acknowledgment=Acknowledgment for other-events-2@36, kafka_groupId=slow-consumer-group}]]
11:44:31.066 [org.springframework.kafka.KafkaListenerEndpointContainer#0-0-C-1] INFO  c.e.k.listener.MultiTopicRebalanceListener - 收到消息 id=b6d8b8d4-63d4-4fd1-8367-2dcb864cb1ad topic=other-events partition=2 slow=false
11:44:31.169 [org.springframework.kafka.KafkaListenerEndpointContainer#0-0-C-1] DEBUG o.s.kafka.listener.KafkaMessageListenerContainer - Committing: {other-events-2=OffsetAndMetadata{offset=37, leaderEpoch=null, metadata=''}}
11:44:31.176 [org.springframework.kafka.KafkaListenerEndpointContainer#0-0-C-1] DEBUG o.a.k.c.consumer.internals.ConsumerCoordinator - [Consumer clientId=consumer-slow-consumer-group-1, groupId=slow-consumer-group] Committed offset 37 for partition other-events-2
11:44:31.176 [org.springframework.kafka.KafkaListenerEndpointContainer#0-0-C-1] INFO  c.e.k.listener.MultiTopicRebalanceListener - 消息处理完成并已提交 offset id=b6d8b8d4-63d4-4fd1-8367-2dcb864cb1ad topic=other-events
11:44:31.177 [org.springframework.kafka.KafkaListenerEndpointContainer#0-0-C-1] DEBUG o.s.kafka.listener.KafkaMessageListenerContainer - Received: 1 records
11:44:31.178 [org.springframework.kafka.KafkaListenerEndpointContainer#0-0-C-1] DEBUG o.s.k.l.a.RecordMessagingMessageListenerAdapter - Processing [GenericMessage [payload=DemoEvent(id=dfad6762-5eed-456d-8148-980ba616c9a8, payload=demo-event-37, slow=false, retryTrigger=false, flaky=false, createdAt=2026-08-27T03:44:21.771218Z), headers={kafka_offset=37, kafka_consumer=org.springframework.kafka.core.DefaultKafkaConsumerFactory$ExtendedKafkaConsumer@75fd7ccc, kafka_timestampType=CREATE_TIME, kafka_receivedPartitionId=2, kafka_receivedMessageKey=0, kafka_receivedTopic=other-events, kafka_receivedTimestamp=1787802261771, kafka_acknowledgment=Acknowledgment for other-events-2@37, kafka_groupId=slow-consumer-group}]]
11:44:31.178 [org.springframework.kafka.KafkaListenerEndpointContainer#0-0-C-1] INFO  c.e.k.listener.MultiTopicRebalanceListener - 收到消息 id=dfad6762-5eed-456d-8148-980ba616c9a8 topic=other-events partition=2 slow=false
11:44:31.283 [org.springframework.kafka.KafkaListenerEndpointContainer#0-0-C-1] DEBUG o.s.kafka.listener.KafkaMessageListenerContainer - Committing: {other-events-2=OffsetAndMetadata{offset=38, leaderEpoch=null, metadata=''}}
11:44:31.290 [org.springframework.kafka.KafkaListenerEndpointContainer#0-0-C-1] DEBUG o.a.k.c.consumer.internals.ConsumerCoordinator - [Consumer clientId=consumer-slow-consumer-group-1, groupId=slow-consumer-group] Committed offset 38 for partition other-events-2
11:44:31.290 [org.springframework.kafka.KafkaListenerEndpointContainer#0-0-C-1] INFO  c.e.k.listener.MultiTopicRebalanceListener - 消息处理完成并已提交 offset id=dfad6762-5eed-456d-8148-980ba616c9a8 topic=other-events
11:44:31.292 [org.springframework.kafka.KafkaListenerEndpointContainer#0-0-C-1] DEBUG o.s.kafka.listener.KafkaMessageListenerContainer - Received: 1 records
11:44:31.292 [org.springframework.kafka.KafkaListenerEndpointContainer#0-0-C-1] DEBUG o.s.k.l.a.RecordMessagingMessageListenerAdapter - Processing [GenericMessage [payload=DemoEvent(id=325e827d-b83d-440d-8f51-ef07c9a97714, payload=demo-event-38, slow=false, retryTrigger=false, flaky=false, createdAt=2026-08-27T03:44:22.275700Z), headers={kafka_offset=38, kafka_consumer=org.springframework.kafka.core.DefaultKafkaConsumerFactory$ExtendedKafkaConsumer@75fd7ccc, kafka_timestampType=CREATE_TIME, kafka_receivedPartitionId=2, kafka_receivedMessageKey=0, kafka_receivedTopic=other-events, kafka_receivedTimestamp=1787802262275, kafka_acknowledgment=Acknowledgment for other-events-2@38, kafka_groupId=slow-consumer-group}]]
11:44:31.292 [org.springframework.kafka.KafkaListenerEndpointContainer#0-0-C-1] INFO  c.e.k.listener.MultiTopicRebalanceListener - 收到消息 id=325e827d-b83d-440d-8f51-ef07c9a97714 topic=other-events partition=2 slow=false
11:44:31.361 [scenario6-other-events-producer] INFO  c.e.kafkarebalance.producer.DemoEventProducer - 已发送消息 id=6308f259-02bf-42b0-806d-cfb959afc2cb topic=other-events key=0 slow=false retryTrigger=false flaky=false
11:44:31.396 [org.springframework.kafka.KafkaListenerEndpointContainer#0-0-C-1] DEBUG o.s.kafka.listener.KafkaMessageListenerContainer - Committing: {other-events-2=OffsetAndMetadata{offset=39, leaderEpoch=null, metadata=''}}
11:44:31.402 [org.springframework.kafka.KafkaListenerEndpointContainer#0-0-C-1] DEBUG o.a.k.c.consumer.internals.ConsumerCoordinator - [Consumer clientId=consumer-slow-consumer-group-1, groupId=slow-consumer-group] Committed offset 39 for partition other-events-2
11:44:31.403 [org.springframework.kafka.KafkaListenerEndpointContainer#0-0-C-1] INFO  c.e.k.listener.MultiTopicRebalanceListener - 消息处理完成并已提交 offset id=325e827d-b83d-440d-8f51-ef07c9a97714 topic=other-events
11:44:31.404 [org.springframework.kafka.KafkaListenerEndpointContainer#0-0-C-1] DEBUG o.s.kafka.listener.KafkaMessageListenerContainer - Received: 1 records
11:44:31.404 [org.springframework.kafka.KafkaListenerEndpointContainer#0-0-C-1] DEBUG o.s.k.l.a.RecordMessagingMessageListenerAdapter - Processing [GenericMessage [payload=DemoEvent(id=5c68b7aa-3962-4815-9557-b9b4754c9fec, payload=demo-event-39, slow=false, retryTrigger=false, flaky=false, createdAt=2026-08-27T03:44:22.780803Z), headers={kafka_offset=39, kafka_consumer=org.springframework.kafka.core.DefaultKafkaConsumerFactory$ExtendedKafkaConsumer@75fd7ccc, kafka_timestampType=CREATE_TIME, kafka_receivedPartitionId=2, kafka_receivedMessageKey=0, kafka_receivedTopic=other-events, kafka_receivedTimestamp=1787802262780, kafka_acknowledgment=Acknowledgment for other-events-2@39, kafka_groupId=slow-consumer-group}]]
11:44:31.405 [org.springframework.kafka.KafkaListenerEndpointContainer#0-0-C-1] INFO  c.e.k.listener.MultiTopicRebalanceListener - 收到消息 id=5c68b7aa-3962-4815-9557-b9b4754c9fec topic=other-events partition=2 slow=false
11:44:31.510 [org.springframework.kafka.KafkaListenerEndpointContainer#0-0-C-1] DEBUG o.s.kafka.listener.KafkaMessageListenerContainer - Committing: {other-events-2=OffsetAndMetadata{offset=40, leaderEpoch=null, metadata=''}}
11:44:31.523 [org.springframework.kafka.KafkaListenerEndpointContainer#0-0-C-1] DEBUG o.a.k.c.consumer.internals.ConsumerCoordinator - [Consumer clientId=consumer-slow-consumer-group-1, groupId=slow-consumer-group] Committed offset 40 for partition other-events-2
11:44:31.523 [org.springframework.kafka.KafkaListenerEndpointContainer#0-0-C-1] INFO  c.e.k.listener.MultiTopicRebalanceListener - 消息处理完成并已提交 offset id=5c68b7aa-3962-4815-9557-b9b4754c9fec topic=other-events
11:44:31.524 [org.springframework.kafka.KafkaListenerEndpointContainer#0-0-C-1] DEBUG o.s.kafka.listener.KafkaMessageListenerContainer - Received: 1 records
11:44:31.525 [org.springframework.kafka.KafkaListenerEndpointContainer#0-0-C-1] DEBUG o.s.k.l.a.RecordMessagingMessageListenerAdapter - Processing [GenericMessage [payload=DemoEvent(id=3eab38a9-81b9-4c5b-b427-31bcd735ed91, payload=demo-event-40, slow=false, retryTrigger=false, flaky=false, createdAt=2026-08-27T03:44:23.283239Z), headers={kafka_offset=40, kafka_consumer=org.springframework.kafka.core.DefaultKafkaConsumerFactory$ExtendedKafkaConsumer@75fd7ccc, kafka_timestampType=CREATE_TIME, kafka_receivedPartitionId=2, kafka_receivedMessageKey=0, kafka_receivedTopic=other-events, kafka_receivedTimestamp=1787802263283, kafka_acknowledgment=Acknowledgment for other-events-2@40, kafka_groupId=slow-consumer-group}]]
11:44:31.526 [org.springframework.kafka.KafkaListenerEndpointContainer#0-0-C-1] INFO  c.e.k.listener.MultiTopicRebalanceListener - 收到消息 id=3eab38a9-81b9-4c5b-b427-31bcd735ed91 topic=other-events partition=2 slow=false
11:44:31.630 [org.springframework.kafka.KafkaListenerEndpointContainer#0-0-C-1] DEBUG o.s.kafka.listener.KafkaMessageListenerContainer - Committing: {other-events-2=OffsetAndMetadata{offset=41, leaderEpoch=null, metadata=''}}
11:44:31.637 [org.springframework.kafka.KafkaListenerEndpointContainer#0-0-C-1] DEBUG o.a.k.c.consumer.internals.ConsumerCoordinator - [Consumer clientId=consumer-slow-consumer-group-1, groupId=slow-consumer-group] Committed offset 41 for partition other-events-2
11:44:31.637 [org.springframework.kafka.KafkaListenerEndpointContainer#0-0-C-1] INFO  c.e.k.listener.MultiTopicRebalanceListener - 消息处理完成并已提交 offset id=3eab38a9-81b9-4c5b-b427-31bcd735ed91 topic=other-events
11:44:31.639 [org.springframework.kafka.KafkaListenerEndpointContainer#0-0-C-1] DEBUG o.s.kafka.listener.KafkaMessageListenerContainer - Received: 1 records
11:44:31.639 [org.springframework.kafka.KafkaListenerEndpointContainer#0-0-C-1] DEBUG o.s.k.l.a.RecordMessagingMessageListenerAdapter - Processing [GenericMessage [payload=DemoEvent(id=82f4e474-2e18-4239-9e72-59919bf16aaf, payload=demo-event-41, slow=false, retryTrigger=false, flaky=false, createdAt=2026-08-27T03:44:23.784540Z), headers={kafka_offset=41, kafka_consumer=org.springframework.kafka.core.DefaultKafkaConsumerFactory$ExtendedKafkaConsumer@75fd7ccc, kafka_timestampType=CREATE_TIME, kafka_receivedPartitionId=2, kafka_receivedMessageKey=0, kafka_receivedTopic=other-events, kafka_receivedTimestamp=1787802263784, kafka_acknowledgment=Acknowledgment for other-events-2@41, kafka_groupId=slow-consumer-group}]]
11:44:31.640 [org.springframework.kafka.KafkaListenerEndpointContainer#0-0-C-1] INFO  c.e.k.listener.MultiTopicRebalanceListener - 收到消息 id=82f4e474-2e18-4239-9e72-59919bf16aaf topic=other-events partition=2 slow=false
11:44:31.745 [org.springframework.kafka.KafkaListenerEndpointContainer#0-0-C-1] DEBUG o.s.kafka.listener.KafkaMessageListenerContainer - Committing: {other-events-2=OffsetAndMetadata{offset=42, leaderEpoch=null, metadata=''}}
11:44:31.751 [org.springframework.kafka.KafkaListenerEndpointContainer#0-0-C-1] DEBUG o.a.k.c.consumer.internals.ConsumerCoordinator - [Consumer clientId=consumer-slow-consumer-group-1, groupId=slow-consumer-group] Committed offset 42 for partition other-events-2
11:44:31.751 [org.springframework.kafka.KafkaListenerEndpointContainer#0-0-C-1] INFO  c.e.k.listener.MultiTopicRebalanceListener - 消息处理完成并已提交 offset id=82f4e474-2e18-4239-9e72-59919bf16aaf topic=other-events
11:44:31.752 [org.springframework.kafka.KafkaListenerEndpointContainer#0-0-C-1] DEBUG o.s.kafka.listener.KafkaMessageListenerContainer - Received: 1 records
11:44:31.752 [org.springframework.kafka.KafkaListenerEndpointContainer#0-0-C-1] DEBUG o.s.k.l.a.RecordMessagingMessageListenerAdapter - Processing [GenericMessage [payload=DemoEvent(id=0f70c251-174f-4fa9-b01d-35c76b22d7b9, payload=demo-event-42, slow=false, retryTrigger=false, flaky=false, createdAt=2026-08-27T03:44:24.290955Z), headers={kafka_offset=42, kafka_consumer=org.springframework.kafka.core.DefaultKafkaConsumerFactory$ExtendedKafkaConsumer@75fd7ccc, kafka_timestampType=CREATE_TIME, kafka_receivedPartitionId=2, kafka_receivedMessageKey=0, kafka_receivedTopic=other-events, kafka_receivedTimestamp=1787802264291, kafka_acknowledgment=Acknowledgment for other-events-2@42, kafka_groupId=slow-consumer-group}]]
11:44:31.752 [org.springframework.kafka.KafkaListenerEndpointContainer#0-0-C-1] INFO  c.e.k.listener.MultiTopicRebalanceListener - 收到消息 id=0f70c251-174f-4fa9-b01d-35c76b22d7b9 topic=other-events partition=2 slow=false
11:44:31.857 [org.springframework.kafka.KafkaListenerEndpointContainer#0-0-C-1] DEBUG o.s.kafka.listener.KafkaMessageListenerContainer - Committing: {other-events-2=OffsetAndMetadata{offset=43, leaderEpoch=null, metadata=''}}
11:44:31.865 [org.springframework.kafka.KafkaListenerEndpointContainer#0-0-C-1] DEBUG o.a.k.c.consumer.internals.ConsumerCoordinator - [Consumer clientId=consumer-slow-consumer-group-1, groupId=slow-consumer-group] Committed offset 43 for partition other-events-2
11:44:31.865 [org.springframework.kafka.KafkaListenerEndpointContainer#0-0-C-1] INFO  c.e.k.listener.MultiTopicRebalanceListener - 消息处理完成并已提交 offset id=0f70c251-174f-4fa9-b01d-35c76b22d7b9 topic=other-events
11:44:31.866 [scenario6-other-events-producer] INFO  c.e.kafkarebalance.producer.DemoEventProducer - 已发送消息 id=1b030c7b-77ae-49e6-ac49-8d1a76c2a067 topic=other-events key=0 slow=false retryTrigger=false flaky=false
11:44:31.866 [org.springframework.kafka.KafkaListenerEndpointContainer#0-0-C-1] DEBUG o.s.kafka.listener.KafkaMessageListenerContainer - Received: 1 records
11:44:31.867 [org.springframework.kafka.KafkaListenerEndpointContainer#0-0-C-1] DEBUG o.s.k.l.a.RecordMessagingMessageListenerAdapter - Processing [GenericMessage [payload=DemoEvent(id=257073cb-0710-4220-89ea-cfbb31429b1d, payload=demo-event-43, slow=false, retryTrigger=false, flaky=false, createdAt=2026-08-27T03:44:24.796204Z), headers={kafka_offset=43, kafka_consumer=org.springframework.kafka.core.DefaultKafkaConsumerFactory$ExtendedKafkaConsumer@75fd7ccc, kafka_timestampType=CREATE_TIME, kafka_receivedPartitionId=2, kafka_receivedMessageKey=0, kafka_receivedTopic=other-events, kafka_receivedTimestamp=1787802264796, kafka_acknowledgment=Acknowledgment for other-events-2@43, kafka_groupId=slow-consumer-group}]]
11:44:31.867 [org.springframework.kafka.KafkaListenerEndpointContainer#0-0-C-1] INFO  c.e.k.listener.MultiTopicRebalanceListener - 收到消息 id=257073cb-0710-4220-89ea-cfbb31429b1d topic=other-events partition=2 slow=false
11:44:31.971 [org.springframework.kafka.KafkaListenerEndpointContainer#0-0-C-1] DEBUG o.s.kafka.listener.KafkaMessageListenerContainer - Committing: {other-events-2=OffsetAndMetadata{offset=44, leaderEpoch=null, metadata=''}}
11:44:31.979 [org.springframework.kafka.KafkaListenerEndpointContainer#0-0-C-1] DEBUG o.a.k.c.consumer.internals.ConsumerCoordinator - [Consumer clientId=consumer-slow-consumer-group-1, groupId=slow-consumer-group] Committed offset 44 for partition other-events-2
11:44:31.979 [org.springframework.kafka.KafkaListenerEndpointContainer#0-0-C-1] INFO  c.e.k.listener.MultiTopicRebalanceListener - 消息处理完成并已提交 offset id=257073cb-0710-4220-89ea-cfbb31429b1d topic=other-events
11:44:31.980 [org.springframework.kafka.KafkaListenerEndpointContainer#0-0-C-1] DEBUG o.s.kafka.listener.KafkaMessageListenerContainer - Received: 1 records
11:44:31.980 [org.springframework.kafka.KafkaListenerEndpointContainer#0-0-C-1] DEBUG o.s.k.l.a.RecordMessagingMessageListenerAdapter - Processing [GenericMessage [payload=DemoEvent(id=535f5287-3cb1-4ee9-983d-0346325affa8, payload=demo-event-44, slow=false, retryTrigger=false, flaky=false, createdAt=2026-08-27T03:44:25.302233Z), headers={kafka_offset=44, kafka_consumer=org.springframework.kafka.core.DefaultKafkaConsumerFactory$ExtendedKafkaConsumer@75fd7ccc, kafka_timestampType=CREATE_TIME, kafka_receivedPartitionId=2, kafka_receivedMessageKey=0, kafka_receivedTopic=other-events, kafka_receivedTimestamp=1787802265302, kafka_acknowledgment=Acknowledgment for other-events-2@44, kafka_groupId=slow-consumer-group}]]
11:44:31.981 [org.springframework.kafka.KafkaListenerEndpointContainer#0-0-C-1] INFO  c.e.k.listener.MultiTopicRebalanceListener - 收到消息 id=535f5287-3cb1-4ee9-983d-0346325affa8 topic=other-events partition=2 slow=false
11:44:32.085 [org.springframework.kafka.KafkaListenerEndpointContainer#0-0-C-1] DEBUG o.s.kafka.listener.KafkaMessageListenerContainer - Committing: {other-events-2=OffsetAndMetadata{offset=45, leaderEpoch=null, metadata=''}}
11:44:32.093 [org.springframework.kafka.KafkaListenerEndpointContainer#0-0-C-1] DEBUG o.a.k.c.consumer.internals.ConsumerCoordinator - [Consumer clientId=consumer-slow-consumer-group-1, groupId=slow-consumer-group] Committed offset 45 for partition other-events-2
11:44:32.093 [org.springframework.kafka.KafkaListenerEndpointContainer#0-0-C-1] INFO  c.e.k.listener.MultiTopicRebalanceListener - 消息处理完成并已提交 offset id=535f5287-3cb1-4ee9-983d-0346325affa8 topic=other-events
11:44:32.094 [org.springframework.kafka.KafkaListenerEndpointContainer#0-0-C-1] DEBUG o.s.kafka.listener.KafkaMessageListenerContainer - Received: 1 records
11:44:32.095 [org.springframework.kafka.KafkaListenerEndpointContainer#0-0-C-1] DEBUG o.s.k.l.a.RecordMessagingMessageListenerAdapter - Processing [GenericMessage [payload=DemoEvent(id=66b8f1e6-5f45-4beb-98ea-7fcda5d6f5c3, payload=demo-event-45, slow=false, retryTrigger=false, flaky=false, createdAt=2026-08-27T03:44:25.806181Z), headers={kafka_offset=45, kafka_consumer=org.springframework.kafka.core.DefaultKafkaConsumerFactory$ExtendedKafkaConsumer@75fd7ccc, kafka_timestampType=CREATE_TIME, kafka_receivedPartitionId=2, kafka_receivedMessageKey=0, kafka_receivedTopic=other-events, kafka_receivedTimestamp=1787802265806, kafka_acknowledgment=Acknowledgment for other-events-2@45, kafka_groupId=slow-consumer-group}]]
11:44:32.095 [org.springframework.kafka.KafkaListenerEndpointContainer#0-0-C-1] INFO  c.e.k.listener.MultiTopicRebalanceListener - 收到消息 id=66b8f1e6-5f45-4beb-98ea-7fcda5d6f5c3 topic=other-events partition=2 slow=false
11:44:32.199 [org.springframework.kafka.KafkaListenerEndpointContainer#0-0-C-1] DEBUG o.s.kafka.listener.KafkaMessageListenerContainer - Committing: {other-events-2=OffsetAndMetadata{offset=46, leaderEpoch=null, metadata=''}}
11:44:32.207 [org.springframework.kafka.KafkaListenerEndpointContainer#0-0-C-1] DEBUG o.a.k.c.consumer.internals.ConsumerCoordinator - [Consumer clientId=consumer-slow-consumer-group-1, groupId=slow-consumer-group] Committed offset 46 for partition other-events-2
11:44:32.207 [org.springframework.kafka.KafkaListenerEndpointContainer#0-0-C-1] INFO  c.e.k.listener.MultiTopicRebalanceListener - 消息处理完成并已提交 offset id=66b8f1e6-5f45-4beb-98ea-7fcda5d6f5c3 topic=other-events
11:44:32.209 [org.springframework.kafka.KafkaListenerEndpointContainer#0-0-C-1] DEBUG o.s.kafka.listener.KafkaMessageListenerContainer - Received: 1 records
11:44:32.209 [org.springframework.kafka.KafkaListenerEndpointContainer#0-0-C-1] DEBUG o.s.k.l.a.RecordMessagingMessageListenerAdapter - Processing [GenericMessage [payload=DemoEvent(id=4bd15a3b-c1e1-4f40-ad2a-2e327074bcbf, payload=demo-event-46, slow=false, retryTrigger=false, flaky=false, createdAt=2026-08-27T03:44:26.309928Z), headers={kafka_offset=46, kafka_consumer=org.springframework.kafka.core.DefaultKafkaConsumerFactory$ExtendedKafkaConsumer@75fd7ccc, kafka_timestampType=CREATE_TIME, kafka_receivedPartitionId=2, kafka_receivedMessageKey=0, kafka_receivedTopic=other-events, kafka_receivedTimestamp=1787802266310, kafka_acknowledgment=Acknowledgment for other-events-2@46, kafka_groupId=slow-consumer-group}]]
11:44:32.209 [org.springframework.kafka.KafkaListenerEndpointContainer#0-0-C-1] INFO  c.e.k.listener.MultiTopicRebalanceListener - 收到消息 id=4bd15a3b-c1e1-4f40-ad2a-2e327074bcbf topic=other-events partition=2 slow=false
11:44:32.314 [org.springframework.kafka.KafkaListenerEndpointContainer#0-0-C-1] DEBUG o.s.kafka.listener.KafkaMessageListenerContainer - Committing: {other-events-2=OffsetAndMetadata{offset=47, leaderEpoch=null, metadata=''}}
11:44:32.321 [org.springframework.kafka.KafkaListenerEndpointContainer#0-0-C-1] DEBUG o.a.k.c.consumer.internals.ConsumerCoordinator - [Consumer clientId=consumer-slow-consumer-group-1, groupId=slow-consumer-group] Committed offset 47 for partition other-events-2
11:44:32.321 [org.springframework.kafka.KafkaListenerEndpointContainer#0-0-C-1] INFO  c.e.k.listener.MultiTopicRebalanceListener - 消息处理完成并已提交 offset id=4bd15a3b-c1e1-4f40-ad2a-2e327074bcbf topic=other-events
11:44:32.323 [org.springframework.kafka.KafkaListenerEndpointContainer#0-0-C-1] DEBUG o.s.kafka.listener.KafkaMessageListenerContainer - Received: 1 records
11:44:32.323 [org.springframework.kafka.KafkaListenerEndpointContainer#0-0-C-1] DEBUG o.s.k.l.a.RecordMessagingMessageListenerAdapter - Processing [GenericMessage [payload=DemoEvent(id=3cb1acb6-257d-4789-9620-450d549df9e0, payload=demo-event-47, slow=false, retryTrigger=false, flaky=false, createdAt=2026-08-27T03:44:26.814593Z), headers={kafka_offset=47, kafka_consumer=org.springframework.kafka.core.DefaultKafkaConsumerFactory$ExtendedKafkaConsumer@75fd7ccc, kafka_timestampType=CREATE_TIME, kafka_receivedPartitionId=2, kafka_receivedMessageKey=0, kafka_receivedTopic=other-events, kafka_receivedTimestamp=1787802266814, kafka_acknowledgment=Acknowledgment for other-events-2@47, kafka_groupId=slow-consumer-group}]]
11:44:32.323 [org.springframework.kafka.KafkaListenerEndpointContainer#0-0-C-1] INFO  c.e.k.listener.MultiTopicRebalanceListener - 收到消息 id=3cb1acb6-257d-4789-9620-450d549df9e0 topic=other-events partition=2 slow=false
11:44:32.369 [scenario6-other-events-producer] INFO  c.e.kafkarebalance.producer.DemoEventProducer - 已发送消息 id=2d9fc2a4-38a1-437e-907f-150d850cbd4f topic=other-events key=0 slow=false retryTrigger=false flaky=false
11:44:32.427 [org.springframework.kafka.KafkaListenerEndpointContainer#0-0-C-1] DEBUG o.s.kafka.listener.KafkaMessageListenerContainer - Committing: {other-events-2=OffsetAndMetadata{offset=48, leaderEpoch=null, metadata=''}}
11:44:32.434 [org.springframework.kafka.KafkaListenerEndpointContainer#0-0-C-1] DEBUG o.a.k.c.consumer.internals.ConsumerCoordinator - [Consumer clientId=consumer-slow-consumer-group-1, groupId=slow-consumer-group] Committed offset 48 for partition other-events-2
11:44:32.434 [org.springframework.kafka.KafkaListenerEndpointContainer#0-0-C-1] INFO  c.e.k.listener.MultiTopicRebalanceListener - 消息处理完成并已提交 offset id=3cb1acb6-257d-4789-9620-450d549df9e0 topic=other-events
11:44:32.436 [org.springframework.kafka.KafkaListenerEndpointContainer#0-0-C-1] DEBUG o.s.kafka.listener.KafkaMessageListenerContainer - Received: 1 records
11:44:32.436 [org.springframework.kafka.KafkaListenerEndpointContainer#0-0-C-1] DEBUG o.s.k.l.a.RecordMessagingMessageListenerAdapter - Processing [GenericMessage [payload=DemoEvent(id=7c741474-652c-4d98-a5ea-547bb189710d, payload=demo-event-48, slow=false, retryTrigger=false, flaky=false, createdAt=2026-08-27T03:44:27.321360Z), headers={kafka_offset=48, kafka_consumer=org.springframework.kafka.core.DefaultKafkaConsumerFactory$ExtendedKafkaConsumer@75fd7ccc, kafka_timestampType=CREATE_TIME, kafka_receivedPartitionId=2, kafka_receivedMessageKey=0, kafka_receivedTopic=other-events, kafka_receivedTimestamp=1787802267321, kafka_acknowledgment=Acknowledgment for other-events-2@48, kafka_groupId=slow-consumer-group}]]
11:44:32.436 [org.springframework.kafka.KafkaListenerEndpointContainer#0-0-C-1] INFO  c.e.k.listener.MultiTopicRebalanceListener - 收到消息 id=7c741474-652c-4d98-a5ea-547bb189710d topic=other-events partition=2 slow=false
11:44:32.539 [org.springframework.kafka.KafkaListenerEndpointContainer#0-0-C-1] DEBUG o.s.kafka.listener.KafkaMessageListenerContainer - Committing: {other-events-2=OffsetAndMetadata{offset=49, leaderEpoch=null, metadata=''}}
11:44:32.546 [org.springframework.kafka.KafkaListenerEndpointContainer#0-0-C-1] DEBUG o.a.k.c.consumer.internals.ConsumerCoordinator - [Consumer clientId=consumer-slow-consumer-group-1, groupId=slow-consumer-group] Committed offset 49 for partition other-events-2
11:44:32.546 [org.springframework.kafka.KafkaListenerEndpointContainer#0-0-C-1] INFO  c.e.k.listener.MultiTopicRebalanceListener - 消息处理完成并已提交 offset id=7c741474-652c-4d98-a5ea-547bb189710d topic=other-events
11:44:32.548 [org.springframework.kafka.KafkaListenerEndpointContainer#0-0-C-1] DEBUG o.s.kafka.listener.KafkaMessageListenerContainer - Received: 1 records
11:44:32.549 [org.springframework.kafka.KafkaListenerEndpointContainer#0-0-C-1] DEBUG o.s.k.l.a.RecordMessagingMessageListenerAdapter - Processing [GenericMessage [payload=DemoEvent(id=12052594-edfb-49dc-84a2-e59553e9d0b3, payload=demo-event-49, slow=false, retryTrigger=false, flaky=false, createdAt=2026-08-27T03:44:27.827574Z), headers={kafka_offset=49, kafka_consumer=org.springframework.kafka.core.DefaultKafkaConsumerFactory$ExtendedKafkaConsumer@75fd7ccc, kafka_timestampType=CREATE_TIME, kafka_receivedPartitionId=2, kafka_receivedMessageKey=0, kafka_receivedTopic=other-events, kafka_receivedTimestamp=1787802267827, kafka_acknowledgment=Acknowledgment for other-events-2@49, kafka_groupId=slow-consumer-group}]]
11:44:32.549 [org.springframework.kafka.KafkaListenerEndpointContainer#0-0-C-1] INFO  c.e.k.listener.MultiTopicRebalanceListener - 收到消息 id=12052594-edfb-49dc-84a2-e59553e9d0b3 topic=other-events partition=2 slow=false
11:44:32.652 [org.springframework.kafka.KafkaListenerEndpointContainer#0-0-C-1] DEBUG o.s.kafka.listener.KafkaMessageListenerContainer - Committing: {other-events-2=OffsetAndMetadata{offset=50, leaderEpoch=null, metadata=''}}
11:44:32.659 [org.springframework.kafka.KafkaListenerEndpointContainer#0-0-C-1] DEBUG o.a.k.c.consumer.internals.ConsumerCoordinator - [Consumer clientId=consumer-slow-consumer-group-1, groupId=slow-consumer-group] Committed offset 50 for partition other-events-2
11:44:32.659 [org.springframework.kafka.KafkaListenerEndpointContainer#0-0-C-1] INFO  c.e.k.listener.MultiTopicRebalanceListener - 消息处理完成并已提交 offset id=12052594-edfb-49dc-84a2-e59553e9d0b3 topic=other-events
11:44:32.661 [org.springframework.kafka.KafkaListenerEndpointContainer#0-0-C-1] DEBUG o.s.kafka.listener.KafkaMessageListenerContainer - Received: 1 records
11:44:32.661 [org.springframework.kafka.KafkaListenerEndpointContainer#0-0-C-1] DEBUG o.s.k.l.a.RecordMessagingMessageListenerAdapter - Processing [GenericMessage [payload=DemoEvent(id=2f0a251a-5745-4dfe-8dbc-97c3131fdf8f, payload=demo-event-50, slow=false, retryTrigger=false, flaky=false, createdAt=2026-08-27T03:44:28.333443Z), headers={kafka_offset=50, kafka_consumer=org.springframework.kafka.core.DefaultKafkaConsumerFactory$ExtendedKafkaConsumer@75fd7ccc, kafka_timestampType=CREATE_TIME, kafka_receivedPartitionId=2, kafka_receivedMessageKey=0, kafka_receivedTopic=other-events, kafka_receivedTimestamp=1787802268333, kafka_acknowledgment=Acknowledgment for other-events-2@50, kafka_groupId=slow-consumer-group}]]
11:44:32.661 [org.springframework.kafka.KafkaListenerEndpointContainer#0-0-C-1] INFO  c.e.k.listener.MultiTopicRebalanceListener - 收到消息 id=2f0a251a-5745-4dfe-8dbc-97c3131fdf8f topic=other-events partition=2 slow=false
11:44:32.764 [org.springframework.kafka.KafkaListenerEndpointContainer#0-0-C-1] DEBUG o.s.kafka.listener.KafkaMessageListenerContainer - Committing: {other-events-2=OffsetAndMetadata{offset=51, leaderEpoch=null, metadata=''}}
11:44:32.771 [org.springframework.kafka.KafkaListenerEndpointContainer#0-0-C-1] DEBUG o.a.k.c.consumer.internals.ConsumerCoordinator - [Consumer clientId=consumer-slow-consumer-group-1, groupId=slow-consumer-group] Committed offset 51 for partition other-events-2
11:44:32.772 [org.springframework.kafka.KafkaListenerEndpointContainer#0-0-C-1] INFO  c.e.k.listener.MultiTopicRebalanceListener - 消息处理完成并已提交 offset id=2f0a251a-5745-4dfe-8dbc-97c3131fdf8f topic=other-events
11:44:32.773 [org.springframework.kafka.KafkaListenerEndpointContainer#0-0-C-1] DEBUG o.s.kafka.listener.KafkaMessageListenerContainer - Received: 1 records
11:44:32.773 [org.springframework.kafka.KafkaListenerEndpointContainer#0-0-C-1] DEBUG o.s.k.l.a.RecordMessagingMessageListenerAdapter - Processing [GenericMessage [payload=DemoEvent(id=f5645089-20e7-46c6-bed0-02bdc1d5c58e, payload=demo-event-51, slow=false, retryTrigger=false, flaky=false, createdAt=2026-08-27T03:44:28.839448Z), headers={kafka_offset=51, kafka_consumer=org.springframework.kafka.core.DefaultKafkaConsumerFactory$ExtendedKafkaConsumer@75fd7ccc, kafka_timestampType=CREATE_TIME, kafka_receivedPartitionId=2, kafka_receivedMessageKey=0, kafka_receivedTopic=other-events, kafka_receivedTimestamp=1787802268839, kafka_acknowledgment=Acknowledgment for other-events-2@51, kafka_groupId=slow-consumer-group}]]
11:44:32.773 [org.springframework.kafka.KafkaListenerEndpointContainer#0-0-C-1] INFO  c.e.k.listener.MultiTopicRebalanceListener - 收到消息 id=f5645089-20e7-46c6-bed0-02bdc1d5c58e topic=other-events partition=2 slow=false
11:44:32.872 [scenario6-other-events-producer] INFO  c.e.kafkarebalance.producer.DemoEventProducer - 已发送消息 id=2ad57a9a-2364-4678-88ca-a729609c67b5 topic=other-events key=0 slow=false retryTrigger=false flaky=false
11:44:32.878 [org.springframework.kafka.KafkaListenerEndpointContainer#0-0-C-1] DEBUG o.s.kafka.listener.KafkaMessageListenerContainer - Committing: {other-events-2=OffsetAndMetadata{offset=52, leaderEpoch=null, metadata=''}}
11:44:32.885 [org.springframework.kafka.KafkaListenerEndpointContainer#0-0-C-1] DEBUG o.a.k.c.consumer.internals.ConsumerCoordinator - [Consumer clientId=consumer-slow-consumer-group-1, groupId=slow-consumer-group] Committed offset 52 for partition other-events-2
11:44:32.885 [org.springframework.kafka.KafkaListenerEndpointContainer#0-0-C-1] INFO  c.e.k.listener.MultiTopicRebalanceListener - 消息处理完成并已提交 offset id=f5645089-20e7-46c6-bed0-02bdc1d5c58e topic=other-events
11:44:32.886 [org.springframework.kafka.KafkaListenerEndpointContainer#0-0-C-1] DEBUG o.s.kafka.listener.KafkaMessageListenerContainer - Received: 1 records
11:44:32.887 [org.springframework.kafka.KafkaListenerEndpointContainer#0-0-C-1] DEBUG o.s.k.l.a.RecordMessagingMessageListenerAdapter - Processing [GenericMessage [payload=DemoEvent(id=47e85dc0-11f3-4b56-8a48-a145a5f54bba, payload=demo-event-52, slow=false, retryTrigger=false, flaky=false, createdAt=2026-08-27T03:44:29.344159Z), headers={kafka_offset=52, kafka_consumer=org.springframework.kafka.core.DefaultKafkaConsumerFactory$ExtendedKafkaConsumer@75fd7ccc, kafka_timestampType=CREATE_TIME, kafka_receivedPartitionId=2, kafka_receivedMessageKey=0, kafka_receivedTopic=other-events, kafka_receivedTimestamp=1787802269344, kafka_acknowledgment=Acknowledgment for other-events-2@52, kafka_groupId=slow-consumer-group}]]
11:44:32.887 [org.springframework.kafka.KafkaListenerEndpointContainer#0-0-C-1] INFO  c.e.k.listener.MultiTopicRebalanceListener - 收到消息 id=47e85dc0-11f3-4b56-8a48-a145a5f54bba topic=other-events partition=2 slow=false
11:44:32.991 [org.springframework.kafka.KafkaListenerEndpointContainer#0-0-C-1] DEBUG o.s.kafka.listener.KafkaMessageListenerContainer - Committing: {other-events-2=OffsetAndMetadata{offset=53, leaderEpoch=null, metadata=''}}
11:44:33.005 [org.springframework.kafka.KafkaListenerEndpointContainer#0-0-C-1] DEBUG o.a.k.c.consumer.internals.ConsumerCoordinator - [Consumer clientId=consumer-slow-consumer-group-1, groupId=slow-consumer-group] Committed offset 53 for partition other-events-2
11:44:33.005 [org.springframework.kafka.KafkaListenerEndpointContainer#0-0-C-1] INFO  c.e.k.listener.MultiTopicRebalanceListener - 消息处理完成并已提交 offset id=47e85dc0-11f3-4b56-8a48-a145a5f54bba topic=other-events
11:44:33.007 [org.springframework.kafka.KafkaListenerEndpointContainer#0-0-C-1] DEBUG o.s.kafka.listener.KafkaMessageListenerContainer - Received: 1 records
11:44:33.007 [org.springframework.kafka.KafkaListenerEndpointContainer#0-0-C-1] DEBUG o.s.k.l.a.RecordMessagingMessageListenerAdapter - Processing [GenericMessage [payload=DemoEvent(id=cc48994b-84bf-4328-9965-66ba5dc6f2f6, payload=demo-event-53, slow=false, retryTrigger=false, flaky=false, createdAt=2026-08-27T03:44:29.845799Z), headers={kafka_offset=53, kafka_consumer=org.springframework.kafka.core.DefaultKafkaConsumerFactory$ExtendedKafkaConsumer@75fd7ccc, kafka_timestampType=CREATE_TIME, kafka_receivedPartitionId=2, kafka_receivedMessageKey=0, kafka_receivedTopic=other-events, kafka_receivedTimestamp=1787802269846, kafka_acknowledgment=Acknowledgment for other-events-2@53, kafka_groupId=slow-consumer-group}]]
11:44:33.007 [org.springframework.kafka.KafkaListenerEndpointContainer#0-0-C-1] INFO  c.e.k.listener.MultiTopicRebalanceListener - 收到消息 id=cc48994b-84bf-4328-9965-66ba5dc6f2f6 topic=other-events partition=2 slow=false
11:44:33.110 [org.springframework.kafka.KafkaListenerEndpointContainer#0-0-C-1] DEBUG o.s.kafka.listener.KafkaMessageListenerContainer - Committing: {other-events-2=OffsetAndMetadata{offset=54, leaderEpoch=null, metadata=''}}
11:44:33.116 [org.springframework.kafka.KafkaListenerEndpointContainer#0-0-C-1] DEBUG o.a.k.c.consumer.internals.ConsumerCoordinator - [Consumer clientId=consumer-slow-consumer-group-1, groupId=slow-consumer-group] Committed offset 54 for partition other-events-2
11:44:33.116 [org.springframework.kafka.KafkaListenerEndpointContainer#0-0-C-1] INFO  c.e.k.listener.MultiTopicRebalanceListener - 消息处理完成并已提交 offset id=cc48994b-84bf-4328-9965-66ba5dc6f2f6 topic=other-events
11:44:33.118 [org.springframework.kafka.KafkaListenerEndpointContainer#0-0-C-1] DEBUG o.s.kafka.listener.KafkaMessageListenerContainer - Received: 1 records
11:44:33.118 [org.springframework.kafka.KafkaListenerEndpointContainer#0-0-C-1] DEBUG o.s.k.l.a.RecordMessagingMessageListenerAdapter - Processing [GenericMessage [payload=DemoEvent(id=fa776535-4d4e-445a-829a-f9f13de18eed, payload=demo-event-54, slow=false, retryTrigger=false, flaky=false, createdAt=2026-08-27T03:44:30.349224Z), headers={kafka_offset=54, kafka_consumer=org.springframework.kafka.core.DefaultKafkaConsumerFactory$ExtendedKafkaConsumer@75fd7ccc, kafka_timestampType=CREATE_TIME, kafka_receivedPartitionId=2, kafka_receivedMessageKey=0, kafka_receivedTopic=other-events, kafka_receivedTimestamp=1787802270349, kafka_acknowledgment=Acknowledgment for other-events-2@54, kafka_groupId=slow-consumer-group}]]
11:44:33.118 [org.springframework.kafka.KafkaListenerEndpointContainer#0-0-C-1] INFO  c.e.k.listener.MultiTopicRebalanceListener - 收到消息 id=fa776535-4d4e-445a-829a-f9f13de18eed topic=other-events partition=2 slow=false
11:44:33.223 [org.springframework.kafka.KafkaListenerEndpointContainer#0-0-C-1] DEBUG o.s.kafka.listener.KafkaMessageListenerContainer - Committing: {other-events-2=OffsetAndMetadata{offset=55, leaderEpoch=null, metadata=''}}
11:44:33.230 [org.springframework.kafka.KafkaListenerEndpointContainer#0-0-C-1] DEBUG o.a.k.c.consumer.internals.ConsumerCoordinator - [Consumer clientId=consumer-slow-consumer-group-1, groupId=slow-consumer-group] Committed offset 55 for partition other-events-2
11:44:33.230 [org.springframework.kafka.KafkaListenerEndpointContainer#0-0-C-1] INFO  c.e.k.listener.MultiTopicRebalanceListener - 消息处理完成并已提交 offset id=fa776535-4d4e-445a-829a-f9f13de18eed topic=other-events
11:44:33.234 [org.springframework.kafka.KafkaListenerEndpointContainer#0-0-C-1] DEBUG o.s.kafka.listener.KafkaMessageListenerContainer - Received: 1 records
11:44:33.234 [org.springframework.kafka.KafkaListenerEndpointContainer#0-0-C-1] DEBUG o.s.k.l.a.RecordMessagingMessageListenerAdapter - Processing [GenericMessage [payload=DemoEvent(id=9626ebdb-933a-4ed5-a697-a129cf64a008, payload=demo-event-0, slow=true, retryTrigger=false, flaky=false, createdAt=2026-08-27T03:44:08.031207Z), headers={kafka_offset=0, kafka_consumer=org.springframework.kafka.core.DefaultKafkaConsumerFactory$ExtendedKafkaConsumer@75fd7ccc, kafka_timestampType=CREATE_TIME, kafka_receivedPartitionId=2, kafka_receivedMessageKey=0, kafka_receivedTopic=slow-events, kafka_receivedTimestamp=1787802248033, kafka_acknowledgment=Acknowledgment for slow-events-2@0, kafka_groupId=slow-consumer-group}]]
11:44:33.234 [org.springframework.kafka.KafkaListenerEndpointContainer#0-0-C-1] INFO  c.e.k.listener.MultiTopicRebalanceListener - 收到消息 id=9626ebdb-933a-4ed5-a697-a129cf64a008 topic=slow-events partition=2 slow=true
11:44:33.234 [org.springframework.kafka.KafkaListenerEndpointContainer#0-0-C-1] WARN  c.e.k.listener.MultiTopicRebalanceListener - 模拟慢处理开始：id=9626ebdb-933a-4ed5-a697-a129cf64a008 topic=slow-events 将阻塞 10000ms（超过 max.poll.interval.ms，预期触发 rebalance）
11:44:33.377 [scenario6-other-events-producer] INFO  c.e.kafkarebalance.producer.DemoEventProducer - [scenario6] other-events 持续发送线程结束，共发送 60 条消息
11:44:33.377 [demo-event-producer] INFO  c.e.kafkarebalance.producer.DemoEventProducer - [scenario6] 全部演示消息发送完毕
11:44:33.390 [kafka-coordinator-heartbeat-thread | slow-consumer-group] DEBUG o.a.k.c.consumer.internals.ConsumerCoordinator - [Consumer clientId=consumer-slow-consumer-group-1, groupId=slow-consumer-group] Sending Heartbeat request with generation 5 and member id consumer-slow-consumer-group-1-64e1a8bd-7ae3-4be1-8688-0219c46948ff to coordinator localhost:9092 (id: 2147483646 rack: null isFenced: false)
11:44:33.495 [kafka-coordinator-heartbeat-thread | slow-consumer-group] DEBUG o.a.k.c.consumer.internals.ConsumerCoordinator - [Consumer clientId=consumer-slow-consumer-group-1, groupId=slow-consumer-group] Received successful Heartbeat response
11:44:36.393 [kafka-coordinator-heartbeat-thread | slow-consumer-group] DEBUG o.a.k.c.consumer.internals.ConsumerCoordinator - [Consumer clientId=consumer-slow-consumer-group-1, groupId=slow-consumer-group] Sending Heartbeat request with generation 5 and member id consumer-slow-consumer-group-1-64e1a8bd-7ae3-4be1-8688-0219c46948ff to coordinator localhost:9092 (id: 2147483646 rack: null isFenced: false)
11:44:36.499 [kafka-coordinator-heartbeat-thread | slow-consumer-group] DEBUG o.a.k.c.consumer.internals.ConsumerCoordinator - [Consumer clientId=consumer-slow-consumer-group-1, groupId=slow-consumer-group] Received successful Heartbeat response
11:44:39.315 [kafka-coordinator-heartbeat-thread | slow-consumer-group] WARN  o.a.k.c.consumer.internals.ConsumerCoordinator - [Consumer clientId=consumer-slow-consumer-group-1, groupId=slow-consumer-group] consumer poll timeout has expired. This means the time between subsequent calls to poll() was longer than the configured max.poll.interval.ms, which typically implies that the poll loop is spending too much time processing messages. You can address this either by increasing max.poll.interval.ms or by reducing the maximum size of batches returned in poll() with max.poll.records.
11:44:39.315 [kafka-coordinator-heartbeat-thread | slow-consumer-group] INFO  o.a.k.c.consumer.internals.ConsumerCoordinator - [Consumer clientId=consumer-slow-consumer-group-1, groupId=slow-consumer-group] Member consumer-slow-consumer-group-1-64e1a8bd-7ae3-4be1-8688-0219c46948ff sending LeaveGroup request to coordinator localhost:9092 (id: 2147483646 rack: null isFenced: false) due to consumer poll timeout has expired.
11:44:39.316 [kafka-coordinator-heartbeat-thread | slow-consumer-group] INFO  o.a.k.c.consumer.internals.ConsumerCoordinator - [Consumer clientId=consumer-slow-consumer-group-1, groupId=slow-consumer-group] Resetting generation and member id due to: consumer pro-actively leaving the group
11:44:39.316 [kafka-coordinator-heartbeat-thread | slow-consumer-group] INFO  o.a.k.c.consumer.internals.ConsumerCoordinator - [Consumer clientId=consumer-slow-consumer-group-1, groupId=slow-consumer-group] Request joining group due to: consumer pro-actively leaving the group
11:44:43.239 [org.springframework.kafka.KafkaListenerEndpointContainer#0-0-C-1] DEBUG o.s.kafka.listener.KafkaMessageListenerContainer - Committing: {slow-events-2=OffsetAndMetadata{offset=1, leaderEpoch=null, metadata=''}}
11:44:43.240 [org.springframework.kafka.KafkaListenerEndpointContainer#0-0-C-1] INFO  o.a.k.c.consumer.internals.ConsumerCoordinator - [Consumer clientId=consumer-slow-consumer-group-1, groupId=slow-consumer-group] Failing OffsetCommit request since the consumer is not part of an active group
11:44:43.240 [org.springframework.kafka.KafkaListenerEndpointContainer#0-0-C-1] DEBUG o.a.k.c.consumer.internals.ConsumerCoordinator - [Consumer clientId=consumer-slow-consumer-group-1, groupId=slow-consumer-group] LeaveGroup response with Generation{generationId=5, memberId='consumer-slow-consumer-group-1-64e1a8bd-7ae3-4be1-8688-0219c46948ff', protocol='range'} returned successfully: ClientResponse(receivedTimeMs=1787802283240, latencyMs=3925, disconnected=false, timedOut=false, requestHeader=RequestHeader(apiKey=LEAVE_GROUP, apiVersion=5, clientId=consumer-slow-consumer-group-1, correlationId=110, headerVersion=2), responseBody=LeaveGroupResponseData(throttleTimeMs=0, errorCode=0, members=[MemberResponse(memberId='consumer-slow-consumer-group-1-64e1a8bd-7ae3-4be1-8688-0219c46948ff', groupInstanceId=null, errorCode=0)]))
11:44:43.240 [org.springframework.kafka.KafkaListenerEndpointContainer#0-0-C-1] WARN  c.e.k.listener.MultiTopicRebalanceListener - 提交 offset 失败，可能因 rebalance 导致该分区已被回收 id=9626ebdb-933a-4ed5-a697-a129cf64a008 topic=slow-events
org.apache.kafka.clients.consumer.CommitFailedException: Offset commit cannot be completed since the consumer is not part of an active group for auto partition assignment; it is likely that the consumer was kicked out of the group.
	at org.apache.kafka.clients.consumer.internals.ConsumerCoordinator.sendOffsetCommitRequest(ConsumerCoordinator.java:1320)
	at org.apache.kafka.clients.consumer.internals.ConsumerCoordinator.commitOffsetsSync(ConsumerCoordinator.java:1155)
	at org.apache.kafka.clients.consumer.internals.ClassicKafkaConsumer.commitSync(ClassicKafkaConsumer.java:747)
	at org.apache.kafka.clients.consumer.KafkaConsumer.commitSync(KafkaConsumer.java:1094)
	at org.springframework.kafka.listener.KafkaMessageListenerContainer$ListenerConsumer.doCommitSync(KafkaMessageListenerContainer.java:3474)
	at org.springframework.kafka.listener.KafkaMessageListenerContainer$ListenerConsumer.commitSync(KafkaMessageListenerContainer.java:3469)
	at org.springframework.kafka.listener.KafkaMessageListenerContainer$ListenerConsumer.commitOffsets(KafkaMessageListenerContainer.java:3452)
	at org.springframework.kafka.listener.KafkaMessageListenerContainer$ListenerConsumer.commitOffsetsInTransactions(KafkaMessageListenerContainer.java:3443)
	at org.springframework.kafka.listener.KafkaMessageListenerContainer$ListenerConsumer.ackImmediate(KafkaMessageListenerContainer.java:2187)
	at org.springframework.kafka.listener.KafkaMessageListenerContainer$ListenerConsumer.processAck(KafkaMessageListenerContainer.java:2082)
	at org.springframework.kafka.listener.KafkaMessageListenerContainer$ListenerConsumer.doAck(KafkaMessageListenerContainer.java:2062)
	at org.springframework.kafka.listener.KafkaMessageListenerContainer$ListenerConsumer$ConsumerAcknowledgment.acknowledge(KafkaMessageListenerContainer.java:3622)
	at com.example.kafkarebalance.listener.MultiTopicRebalanceListener.onMessage(MultiTopicRebalanceListener.kt:67)
	at java.base/jdk.internal.reflect.DirectMethodHandleAccessor.invoke(DirectMethodHandleAccessor.java:104)
	at java.base/java.lang.reflect.Method.invoke(Method.java:565)
	at org.springframework.messaging.handler.invocation.InvocableHandlerMethod.doInvoke(InvocableHandlerMethod.java:168)
	at org.springframework.kafka.listener.adapter.KotlinAwareInvocableHandlerMethod.doInvoke(KotlinAwareInvocableHandlerMethod.java:48)
	at org.springframework.messaging.handler.invocation.InvocableHandlerMethod.invoke(InvocableHandlerMethod.java:119)
	at org.springframework.kafka.listener.adapter.HandlerAdapter.invoke(HandlerAdapter.java:80)
	at org.springframework.kafka.listener.adapter.MessagingMessageListenerAdapter.invokeHandler(MessagingMessageListenerAdapter.java:488)
	at org.springframework.kafka.listener.adapter.MessagingMessageListenerAdapter.invoke(MessagingMessageListenerAdapter.java:425)
	at org.springframework.kafka.listener.adapter.RecordMessagingMessageListenerAdapter.onMessage(RecordMessagingMessageListenerAdapter.java:92)
	at org.springframework.kafka.listener.adapter.RecordMessagingMessageListenerAdapter.onMessage(RecordMessagingMessageListenerAdapter.java:52)
	at org.springframework.kafka.listener.KafkaMessageListenerContainer$ListenerConsumer.doInvokeOnMessage(KafkaMessageListenerContainer.java:2948)
	at org.springframework.kafka.listener.KafkaMessageListenerContainer$ListenerConsumer.invokeOnMessage(KafkaMessageListenerContainer.java:2927)
	at org.springframework.kafka.listener.KafkaMessageListenerContainer$ListenerConsumer.doInvokeRecordListener(KafkaMessageListenerContainer.java:2837)
	at org.springframework.kafka.listener.KafkaMessageListenerContainer$ListenerConsumer.doInvokeWithRecords(KafkaMessageListenerContainer.java:2679)
	at org.springframework.kafka.listener.KafkaMessageListenerContainer$ListenerConsumer.invokeRecordListener(KafkaMessageListenerContainer.java:2573)
	at org.springframework.kafka.listener.KafkaMessageListenerContainer$ListenerConsumer.invokeListener(KafkaMessageListenerContainer.java:2204)
	at org.springframework.kafka.listener.KafkaMessageListenerContainer$ListenerConsumer.invokeIfHaveRecords(KafkaMessageListenerContainer.java:1559)
	at org.springframework.kafka.listener.KafkaMessageListenerContainer$ListenerConsumer.pollAndInvoke(KafkaMessageListenerContainer.java:1499)
	at org.springframework.kafka.listener.KafkaMessageListenerContainer$ListenerConsumer.run(KafkaMessageListenerContainer.java:1368)
	at java.base/java.util.concurrent.CompletableFuture$AsyncRun.run(CompletableFuture.java:1825)
	at java.base/java.lang.Thread.run(Thread.java:1474)
11:44:43.241 [org.springframework.kafka.KafkaListenerEndpointContainer#0-0-C-1] DEBUG o.a.k.c.consumer.internals.ConsumerCoordinator - [Consumer clientId=consumer-slow-consumer-group-1, groupId=slow-consumer-group] Executing onJoinPrepare with generation -1 and memberId 
11:44:43.241 [org.springframework.kafka.KafkaListenerEndpointContainer#0-0-C-1] INFO  o.a.k.c.consumer.internals.ConsumerCoordinator - [Consumer clientId=consumer-slow-consumer-group-1, groupId=slow-consumer-group] Giving away all assigned partitions as lost since generation/memberID has been reset,indicating that consumer is in old state or no longer part of the group
11:44:43.241 [org.springframework.kafka.KafkaListenerEndpointContainer#0-0-C-1] INFO  o.a.k.c.c.i.ConsumerRebalanceListenerInvoker - [Consumer clientId=consumer-slow-consumer-group-1, groupId=slow-consumer-group] Lost previously assigned partitions [other-events-0, other-events-1, other-events-2, slow-events-0, slow-events-1, slow-events-2]
11:44:43.241 [org.springframework.kafka.KafkaListenerEndpointContainer#0-0-C-1] INFO  o.s.kafka.listener.KafkaMessageListenerContainer - slow-consumer-group: partitions lost: [other-events-0, other-events-1, other-events-2, slow-events-0, slow-events-1, slow-events-2]
11:44:43.241 [org.springframework.kafka.KafkaListenerEndpointContainer#0-0-C-1] INFO  o.s.kafka.listener.KafkaMessageListenerContainer - slow-consumer-group: partitions revoked: [other-events-0, other-events-1, other-events-2, slow-events-0, slow-events-1, slow-events-2]
11:44:43.241 [org.springframework.kafka.KafkaListenerEndpointContainer#0-0-C-1] INFO  o.a.k.c.consumer.internals.ConsumerCoordinator - [Consumer clientId=consumer-slow-consumer-group-1, groupId=slow-consumer-group] (Re-)joining group
11:44:43.241 [org.springframework.kafka.KafkaListenerEndpointContainer#0-0-C-1] DEBUG o.a.k.c.consumer.internals.ConsumerCoordinator - [Consumer clientId=consumer-slow-consumer-group-1, groupId=slow-consumer-group] Joining group with current subscription: [slow-events, other-events]
11:44:43.242 [org.springframework.kafka.KafkaListenerEndpointContainer#0-0-C-1] DEBUG o.a.k.c.consumer.internals.ConsumerCoordinator - [Consumer clientId=consumer-slow-consumer-group-1, groupId=slow-consumer-group] Sending JoinGroup (JoinGroupRequestData(groupId='slow-consumer-group', sessionTimeoutMs=10000, rebalanceTimeoutMs=6000, memberId='', groupInstanceId=null, protocolType='consumer', protocols=[JoinGroupRequestProtocol(name='range', metadata=[0, 3, 0, 0, 0, 2, 0, 12, 111, 116, 104, 101, 114, 45, 101, 118, 101, 110, 116, 115, 0, 11, 115, 108, 111, 119, 45, 101, 118, 101, 110, 116, 115, -1, -1, -1, -1, 0, 0, 0, 0, -1, -1, -1, -1, -1, -1]), JoinGroupRequestProtocol(name='cooperative-sticky', metadata=[0, 3, 0, 0, 0, 2, 0, 12, 111, 116, 104, 101, 114, 45, 101, 118, 101, 110, 116, 115, 0, 11, 115, 108, 111, 119, 45, 101, 118, 101, 110, 116, 115, 0, 0, 0, 4, -1, -1, -1, -1, 0, 0, 0, 0, -1, -1, -1, -1, -1, -1])], reason='consumer pro-actively leaving the group')) to coordinator localhost:9092 (id: 2147483646 rack: null isFenced: false)
11:44:43.248 [org.springframework.kafka.KafkaListenerEndpointContainer#0-0-C-1] DEBUG o.a.k.c.consumer.internals.ConsumerCoordinator - [Consumer clientId=consumer-slow-consumer-group-1, groupId=slow-consumer-group] JoinGroup failed due to non-fatal error: MEMBER_ID_REQUIRED. Will set the member id as consumer-slow-consumer-group-1-47c7e519-a232-429c-a419-faa44bd5bbd1 and then rejoin. Sent generation was Generation{generationId=-1, memberId='', protocol='null'}
11:44:43.248 [org.springframework.kafka.KafkaListenerEndpointContainer#0-0-C-1] INFO  o.a.k.c.consumer.internals.ConsumerCoordinator - [Consumer clientId=consumer-slow-consumer-group-1, groupId=slow-consumer-group] Request joining group due to: need to re-join with the given member-id: consumer-slow-consumer-group-1-47c7e519-a232-429c-a419-faa44bd5bbd1
11:44:43.248 [org.springframework.kafka.KafkaListenerEndpointContainer#0-0-C-1] INFO  o.a.k.c.consumer.internals.ConsumerCoordinator - [Consumer clientId=consumer-slow-consumer-group-1, groupId=slow-consumer-group] (Re-)joining group
11:44:43.248 [org.springframework.kafka.KafkaListenerEndpointContainer#0-0-C-1] DEBUG o.a.k.c.consumer.internals.ConsumerCoordinator - [Consumer clientId=consumer-slow-consumer-group-1, groupId=slow-consumer-group] Joining group with current subscription: [slow-events, other-events]
11:44:43.248 [org.springframework.kafka.KafkaListenerEndpointContainer#0-0-C-1] DEBUG o.a.k.c.consumer.internals.ConsumerCoordinator - [Consumer clientId=consumer-slow-consumer-group-1, groupId=slow-consumer-group] Sending JoinGroup (JoinGroupRequestData(groupId='slow-consumer-group', sessionTimeoutMs=10000, rebalanceTimeoutMs=6000, memberId='consumer-slow-consumer-group-1-47c7e519-a232-429c-a419-faa44bd5bbd1', groupInstanceId=null, protocolType='consumer', protocols=[JoinGroupRequestProtocol(name='range', metadata=[0, 3, 0, 0, 0, 2, 0, 12, 111, 116, 104, 101, 114, 45, 101, 118, 101, 110, 116, 115, 0, 11, 115, 108, 111, 119, 45, 101, 118, 101, 110, 116, 115, -1, -1, -1, -1, 0, 0, 0, 0, -1, -1, -1, -1, -1, -1]), JoinGroupRequestProtocol(name='cooperative-sticky', metadata=[0, 3, 0, 0, 0, 2, 0, 12, 111, 116, 104, 101, 114, 45, 101, 118, 101, 110, 116, 115, 0, 11, 115, 108, 111, 119, 45, 101, 118, 101, 110, 116, 115, 0, 0, 0, 4, -1, -1, -1, -1, 0, 0, 0, 0, -1, -1, -1, -1, -1, -1])], reason='need to re-join with the given member-id: consumer-slow-consumer-group-1-47c7e519-a232-429c-a419-faa44bd5bbd1')) to coordinator localhost:9092 (id: 2147483646 rack: null isFenced: false)
11:44:43.252 [org.springframework.kafka.KafkaListenerEndpointContainer#0-0-C-1] DEBUG o.a.k.c.consumer.internals.ConsumerCoordinator - [Consumer clientId=consumer-slow-consumer-group-1, groupId=slow-consumer-group] Received successful JoinGroup response: JoinGroupResponseData(throttleTimeMs=0, errorCode=0, generationId=7, protocolType='consumer', protocolName='range', leader='consumer-slow-consumer-group-1-47c7e519-a232-429c-a419-faa44bd5bbd1', skipAssignment=false, memberId='consumer-slow-consumer-group-1-47c7e519-a232-429c-a419-faa44bd5bbd1', members=[JoinGroupResponseMember(memberId='consumer-slow-consumer-group-1-47c7e519-a232-429c-a419-faa44bd5bbd1', groupInstanceId=null, metadata=[0, 3, 0, 0, 0, 2, 0, 12, 111, 116, 104, 101, 114, 45, 101, 118, 101, 110, 116, 115, 0, 11, 115, 108, 111, 119, 45, 101, 118, 101, 110, 116, 115, -1, -1, -1, -1, 0, 0, 0, 0, -1, -1, -1, -1, -1, -1])])
11:44:43.252 [org.springframework.kafka.KafkaListenerEndpointContainer#0-0-C-1] DEBUG o.a.k.c.consumer.internals.ConsumerCoordinator - [Consumer clientId=consumer-slow-consumer-group-1, groupId=slow-consumer-group] Enabling heartbeat thread
11:44:43.252 [org.springframework.kafka.KafkaListenerEndpointContainer#0-0-C-1] INFO  o.a.k.c.consumer.internals.ConsumerCoordinator - [Consumer clientId=consumer-slow-consumer-group-1, groupId=slow-consumer-group] Successfully joined group with generation Generation{generationId=7, memberId='consumer-slow-consumer-group-1-47c7e519-a232-429c-a419-faa44bd5bbd1', protocol='range'}
11:44:43.252 [org.springframework.kafka.KafkaListenerEndpointContainer#0-0-C-1] DEBUG o.a.k.c.consumer.internals.ConsumerCoordinator - [Consumer clientId=consumer-slow-consumer-group-1, groupId=slow-consumer-group] Performing assignment using strategy range with subscriptions {consumer-slow-consumer-group-1-47c7e519-a232-429c-a419-faa44bd5bbd1=Subscription(topics=[other-events, slow-events], ownedPartitions=[], groupInstanceId=null, generationId=-1, rackId=null)}
11:44:43.253 [org.springframework.kafka.KafkaListenerEndpointContainer#0-0-C-1] INFO  o.a.k.c.consumer.internals.ConsumerCoordinator - [Consumer clientId=consumer-slow-consumer-group-1, groupId=slow-consumer-group] Finished assignment for group at generation 7: {consumer-slow-consumer-group-1-47c7e519-a232-429c-a419-faa44bd5bbd1=Assignment(partitions=[other-events-0, other-events-1, other-events-2, slow-events-0, slow-events-1, slow-events-2])}
11:44:43.253 [org.springframework.kafka.KafkaListenerEndpointContainer#0-0-C-1] DEBUG o.a.k.c.consumer.internals.ConsumerCoordinator - [Consumer clientId=consumer-slow-consumer-group-1, groupId=slow-consumer-group] Sending leader SyncGroup to coordinator localhost:9092 (id: 2147483646 rack: null isFenced: false): SyncGroupRequestData(groupId='slow-consumer-group', generationId=7, memberId='consumer-slow-consumer-group-1-47c7e519-a232-429c-a419-faa44bd5bbd1', groupInstanceId=null, protocolType='consumer', protocolName='range', assignments=[SyncGroupRequestAssignment(memberId='consumer-slow-consumer-group-1-47c7e519-a232-429c-a419-faa44bd5bbd1', assignment=[0, 3, 0, 0, 0, 2, 0, 12, 111, 116, 104, 101, 114, 45, 101, 118, 101, 110, 116, 115, 0, 0, 0, 3, 0, 0, 0, 0, 0, 0, 0, 1, 0, 0, 0, 2, 0, 11, 115, 108, 111, 119, 45, 101, 118, 101, 110, 116, 115, 0, 0, 0, 3, 0, 0, 0, 0, 0, 0, 0, 1, 0, 0, 0, 2, -1, -1, -1, -1])])
11:44:43.257 [org.springframework.kafka.KafkaListenerEndpointContainer#0-0-C-1] DEBUG o.a.k.c.consumer.internals.ConsumerCoordinator - [Consumer clientId=consumer-slow-consumer-group-1, groupId=slow-consumer-group] Received successful SyncGroup response: SyncGroupResponseData(throttleTimeMs=0, errorCode=0, protocolType='consumer', protocolName='range', assignment=[0, 3, 0, 0, 0, 2, 0, 12, 111, 116, 104, 101, 114, 45, 101, 118, 101, 110, 116, 115, 0, 0, 0, 3, 0, 0, 0, 0, 0, 0, 0, 1, 0, 0, 0, 2, 0, 11, 115, 108, 111, 119, 45, 101, 118, 101, 110, 116, 115, 0, 0, 0, 3, 0, 0, 0, 0, 0, 0, 0, 1, 0, 0, 0, 2, -1, -1, -1, -1])
11:44:43.257 [org.springframework.kafka.KafkaListenerEndpointContainer#0-0-C-1] INFO  o.a.k.c.consumer.internals.ConsumerCoordinator - [Consumer clientId=consumer-slow-consumer-group-1, groupId=slow-consumer-group] Successfully synced group in generation Generation{generationId=7, memberId='consumer-slow-consumer-group-1-47c7e519-a232-429c-a419-faa44bd5bbd1', protocol='range'}
11:44:43.258 [org.springframework.kafka.KafkaListenerEndpointContainer#0-0-C-1] DEBUG o.a.k.c.consumer.internals.ConsumerCoordinator - [Consumer clientId=consumer-slow-consumer-group-1, groupId=slow-consumer-group] Executing onJoinComplete with generation 7 and memberId consumer-slow-consumer-group-1-47c7e519-a232-429c-a419-faa44bd5bbd1
11:44:43.258 [org.springframework.kafka.KafkaListenerEndpointContainer#0-0-C-1] INFO  o.a.k.c.consumer.internals.ConsumerCoordinator - [Consumer clientId=consumer-slow-consumer-group-1, groupId=slow-consumer-group] Notifying assignor about the new Assignment(partitions=[other-events-0, other-events-1, other-events-2, slow-events-0, slow-events-1, slow-events-2])
11:44:43.258 [org.springframework.kafka.KafkaListenerEndpointContainer#0-0-C-1] INFO  o.a.k.c.c.i.ConsumerRebalanceListenerInvoker - [Consumer clientId=consumer-slow-consumer-group-1, groupId=slow-consumer-group] Adding newly assigned partitions: [other-events-0, other-events-1, other-events-2, slow-events-0, slow-events-1, slow-events-2]
11:44:43.258 [org.springframework.kafka.KafkaListenerEndpointContainer#0-0-C-1] DEBUG o.a.k.c.consumer.internals.ConsumerCoordinator - [Consumer clientId=consumer-slow-consumer-group-1, groupId=slow-consumer-group] Fetching committed offsets for partitions: [other-events-0, slow-events-2, other-events-1, slow-events-1, other-events-2, slow-events-0]
11:44:43.261 [org.springframework.kafka.KafkaListenerEndpointContainer#0-0-C-1] INFO  o.a.k.c.consumer.internals.ConsumerCoordinator - [Consumer clientId=consumer-slow-consumer-group-1, groupId=slow-consumer-group] Found no committed offset for partition slow-events-2
11:44:43.261 [org.springframework.kafka.KafkaListenerEndpointContainer#0-0-C-1] INFO  o.a.k.c.consumer.internals.ConsumerCoordinator - [Consumer clientId=consumer-slow-consumer-group-1, groupId=slow-consumer-group] Found no committed offset for partition slow-events-1
11:44:43.261 [org.springframework.kafka.KafkaListenerEndpointContainer#0-0-C-1] INFO  o.a.k.c.consumer.internals.ConsumerCoordinator - [Consumer clientId=consumer-slow-consumer-group-1, groupId=slow-consumer-group] Found no committed offset for partition slow-events-0
11:44:43.261 [org.springframework.kafka.KafkaListenerEndpointContainer#0-0-C-1] INFO  o.a.k.c.consumer.internals.ConsumerCoordinator - [Consumer clientId=consumer-slow-consumer-group-1, groupId=slow-consumer-group] Found no committed offset for partition other-events-0
11:44:43.261 [org.springframework.kafka.KafkaListenerEndpointContainer#0-0-C-1] INFO  o.a.k.c.consumer.internals.ConsumerCoordinator - [Consumer clientId=consumer-slow-consumer-group-1, groupId=slow-consumer-group] Found no committed offset for partition other-events-1
11:44:43.261 [org.springframework.kafka.KafkaListenerEndpointContainer#0-0-C-1] INFO  o.a.kafka.clients.consumer.internals.ConsumerUtils - Setting offset for partition other-events-2 to the committed offset FetchPosition{offset=55, offsetEpoch=Optional.empty, currentLeader=LeaderAndEpoch{leader=Optional[localhost:9092 (id: 1 rack: null isFenced: false)], epoch=0}}
11:44:43.264 [org.springframework.kafka.KafkaListenerEndpointContainer#0-0-C-1] INFO  o.a.k.clients.consumer.internals.SubscriptionState - [Consumer clientId=consumer-slow-consumer-group-1, groupId=slow-consumer-group] Resetting offset for partition other-events-0 to position FetchPosition{offset=0, offsetEpoch=Optional.empty, currentLeader=LeaderAndEpoch{leader=Optional[localhost:9092 (id: 1 rack: null isFenced: false)], epoch=0}}.
11:44:43.264 [org.springframework.kafka.KafkaListenerEndpointContainer#0-0-C-1] INFO  o.a.k.clients.consumer.internals.SubscriptionState - [Consumer clientId=consumer-slow-consumer-group-1, groupId=slow-consumer-group] Resetting offset for partition slow-events-2 to position FetchPosition{offset=0, offsetEpoch=Optional.empty, currentLeader=LeaderAndEpoch{leader=Optional[localhost:9092 (id: 1 rack: null isFenced: false)], epoch=0}}.
11:44:43.264 [org.springframework.kafka.KafkaListenerEndpointContainer#0-0-C-1] INFO  o.a.k.clients.consumer.internals.SubscriptionState - [Consumer clientId=consumer-slow-consumer-group-1, groupId=slow-consumer-group] Resetting offset for partition other-events-1 to position FetchPosition{offset=0, offsetEpoch=Optional.empty, currentLeader=LeaderAndEpoch{leader=Optional[localhost:9092 (id: 1 rack: null isFenced: false)], epoch=0}}.
11:44:43.264 [org.springframework.kafka.KafkaListenerEndpointContainer#0-0-C-1] INFO  o.a.k.clients.consumer.internals.SubscriptionState - [Consumer clientId=consumer-slow-consumer-group-1, groupId=slow-consumer-group] Resetting offset for partition slow-events-1 to position FetchPosition{offset=0, offsetEpoch=Optional.empty, currentLeader=LeaderAndEpoch{leader=Optional[localhost:9092 (id: 1 rack: null isFenced: false)], epoch=0}}.
11:44:43.264 [org.springframework.kafka.KafkaListenerEndpointContainer#0-0-C-1] INFO  o.a.k.clients.consumer.internals.SubscriptionState - [Consumer clientId=consumer-slow-consumer-group-1, groupId=slow-consumer-group] Resetting offset for partition slow-events-0 to position FetchPosition{offset=0, offsetEpoch=Optional.empty, currentLeader=LeaderAndEpoch{leader=Optional[localhost:9092 (id: 1 rack: null isFenced: false)], epoch=0}}.
11:44:43.264 [org.springframework.kafka.KafkaListenerEndpointContainer#0-0-C-1] INFO  o.s.kafka.listener.KafkaMessageListenerContainer - slow-consumer-group: partitions assigned: [other-events-0, other-events-1, other-events-2, slow-events-0, slow-events-1, slow-events-2]
11:44:43.269 [org.springframework.kafka.KafkaListenerEndpointContainer#0-0-C-1] DEBUG o.s.kafka.listener.KafkaMessageListenerContainer - Received: 1 records
11:44:43.270 [org.springframework.kafka.KafkaListenerEndpointContainer#0-0-C-1] DEBUG o.s.k.l.a.RecordMessagingMessageListenerAdapter - Processing [GenericMessage [payload=DemoEvent(id=34e1f352-8f60-411f-8120-d870db9ca32e, payload=demo-event-55, slow=false, retryTrigger=false, flaky=false, createdAt=2026-08-27T03:44:30.855095Z), headers={kafka_offset=55, kafka_consumer=org.springframework.kafka.core.DefaultKafkaConsumerFactory$ExtendedKafkaConsumer@75fd7ccc, kafka_timestampType=CREATE_TIME, kafka_receivedPartitionId=2, kafka_receivedMessageKey=0, kafka_receivedTopic=other-events, kafka_receivedTimestamp=1787802270855, kafka_acknowledgment=Acknowledgment for other-events-2@55, kafka_groupId=slow-consumer-group}]]
11:44:43.270 [org.springframework.kafka.KafkaListenerEndpointContainer#0-0-C-1] INFO  c.e.k.listener.MultiTopicRebalanceListener - 收到消息 id=34e1f352-8f60-411f-8120-d870db9ca32e topic=other-events partition=2 slow=false
11:44:43.374 [org.springframework.kafka.KafkaListenerEndpointContainer#0-0-C-1] DEBUG o.s.kafka.listener.KafkaMessageListenerContainer - Committing: {other-events-2=OffsetAndMetadata{offset=56, leaderEpoch=null, metadata=''}}
11:44:43.382 [org.springframework.kafka.KafkaListenerEndpointContainer#0-0-C-1] DEBUG o.a.k.c.consumer.internals.ConsumerCoordinator - [Consumer clientId=consumer-slow-consumer-group-1, groupId=slow-consumer-group] Committed offset 56 for partition other-events-2
11:44:43.383 [org.springframework.kafka.KafkaListenerEndpointContainer#0-0-C-1] INFO  c.e.k.listener.MultiTopicRebalanceListener - 消息处理完成并已提交 offset id=34e1f352-8f60-411f-8120-d870db9ca32e topic=other-events
11:44:43.385 [org.springframework.kafka.KafkaListenerEndpointContainer#0-0-C-1] DEBUG o.s.kafka.listener.KafkaMessageListenerContainer - Received: 1 records
11:44:43.385 [org.springframework.kafka.KafkaListenerEndpointContainer#0-0-C-1] DEBUG o.s.k.l.a.RecordMessagingMessageListenerAdapter - Processing [GenericMessage [payload=DemoEvent(id=6308f259-02bf-42b0-806d-cfb959afc2cb, payload=demo-event-56, slow=false, retryTrigger=false, flaky=false, createdAt=2026-08-27T03:44:31.361122Z), headers={kafka_offset=56, kafka_consumer=org.springframework.kafka.core.DefaultKafkaConsumerFactory$ExtendedKafkaConsumer@75fd7ccc, kafka_timestampType=CREATE_TIME, kafka_receivedPartitionId=2, kafka_receivedMessageKey=0, kafka_receivedTopic=other-events, kafka_receivedTimestamp=1787802271361, kafka_acknowledgment=Acknowledgment for other-events-2@56, kafka_groupId=slow-consumer-group}]]
11:44:43.385 [org.springframework.kafka.KafkaListenerEndpointContainer#0-0-C-1] INFO  c.e.k.listener.MultiTopicRebalanceListener - 收到消息 id=6308f259-02bf-42b0-806d-cfb959afc2cb topic=other-events partition=2 slow=false
11:44:43.485 [org.springframework.kafka.KafkaListenerEndpointContainer#0-0-C-1] DEBUG o.s.kafka.listener.KafkaMessageListenerContainer - Committing: {other-events-2=OffsetAndMetadata{offset=57, leaderEpoch=null, metadata=''}}
11:44:43.493 [org.springframework.kafka.KafkaListenerEndpointContainer#0-0-C-1] DEBUG o.a.k.c.consumer.internals.ConsumerCoordinator - [Consumer clientId=consumer-slow-consumer-group-1, groupId=slow-consumer-group] Committed offset 57 for partition other-events-2
11:44:43.493 [org.springframework.kafka.KafkaListenerEndpointContainer#0-0-C-1] INFO  c.e.k.listener.MultiTopicRebalanceListener - 消息处理完成并已提交 offset id=6308f259-02bf-42b0-806d-cfb959afc2cb topic=other-events
11:44:43.496 [org.springframework.kafka.KafkaListenerEndpointContainer#0-0-C-1] DEBUG o.s.kafka.listener.KafkaMessageListenerContainer - Received: 1 records
11:44:43.498 [org.springframework.kafka.KafkaListenerEndpointContainer#0-0-C-1] DEBUG o.s.k.l.a.RecordMessagingMessageListenerAdapter - Processing [GenericMessage [payload=DemoEvent(id=1b030c7b-77ae-49e6-ac49-8d1a76c2a067, payload=demo-event-57, slow=false, retryTrigger=false, flaky=false, createdAt=2026-08-27T03:44:31.865876Z), headers={kafka_offset=57, kafka_consumer=org.springframework.kafka.core.DefaultKafkaConsumerFactory$ExtendedKafkaConsumer@75fd7ccc, kafka_timestampType=CREATE_TIME, kafka_receivedPartitionId=2, kafka_receivedMessageKey=0, kafka_receivedTopic=other-events, kafka_receivedTimestamp=1787802271866, kafka_acknowledgment=Acknowledgment for other-events-2@57, kafka_groupId=slow-consumer-group}]]
11:44:43.498 [org.springframework.kafka.KafkaListenerEndpointContainer#0-0-C-1] INFO  c.e.k.listener.MultiTopicRebalanceListener - 收到消息 id=1b030c7b-77ae-49e6-ac49-8d1a76c2a067 topic=other-events partition=2 slow=false
11:44:43.602 [org.springframework.kafka.KafkaListenerEndpointContainer#0-0-C-1] DEBUG o.s.kafka.listener.KafkaMessageListenerContainer - Committing: {other-events-2=OffsetAndMetadata{offset=58, leaderEpoch=null, metadata=''}}
11:44:43.608 [org.springframework.kafka.KafkaListenerEndpointContainer#0-0-C-1] DEBUG o.a.k.c.consumer.internals.ConsumerCoordinator - [Consumer clientId=consumer-slow-consumer-group-1, groupId=slow-consumer-group] Committed offset 58 for partition other-events-2
11:44:43.608 [org.springframework.kafka.KafkaListenerEndpointContainer#0-0-C-1] INFO  c.e.k.listener.MultiTopicRebalanceListener - 消息处理完成并已提交 offset id=1b030c7b-77ae-49e6-ac49-8d1a76c2a067 topic=other-events
11:44:43.610 [org.springframework.kafka.KafkaListenerEndpointContainer#0-0-C-1] DEBUG o.s.kafka.listener.KafkaMessageListenerContainer - Received: 1 records
11:44:43.610 [org.springframework.kafka.KafkaListenerEndpointContainer#0-0-C-1] DEBUG o.s.k.l.a.RecordMessagingMessageListenerAdapter - Processing [GenericMessage [payload=DemoEvent(id=2d9fc2a4-38a1-437e-907f-150d850cbd4f, payload=demo-event-58, slow=false, retryTrigger=false, flaky=false, createdAt=2026-08-27T03:44:32.368617Z), headers={kafka_offset=58, kafka_consumer=org.springframework.kafka.core.DefaultKafkaConsumerFactory$ExtendedKafkaConsumer@75fd7ccc, kafka_timestampType=CREATE_TIME, kafka_receivedPartitionId=2, kafka_receivedMessageKey=0, kafka_receivedTopic=other-events, kafka_receivedTimestamp=1787802272368, kafka_acknowledgment=Acknowledgment for other-events-2@58, kafka_groupId=slow-consumer-group}]]
11:44:43.610 [org.springframework.kafka.KafkaListenerEndpointContainer#0-0-C-1] INFO  c.e.k.listener.MultiTopicRebalanceListener - 收到消息 id=2d9fc2a4-38a1-437e-907f-150d850cbd4f topic=other-events partition=2 slow=false
11:44:43.713 [org.springframework.kafka.KafkaListenerEndpointContainer#0-0-C-1] DEBUG o.s.kafka.listener.KafkaMessageListenerContainer - Committing: {other-events-2=OffsetAndMetadata{offset=59, leaderEpoch=null, metadata=''}}
11:44:43.721 [org.springframework.kafka.KafkaListenerEndpointContainer#0-0-C-1] DEBUG o.a.k.c.consumer.internals.ConsumerCoordinator - [Consumer clientId=consumer-slow-consumer-group-1, groupId=slow-consumer-group] Committed offset 59 for partition other-events-2
11:44:43.721 [org.springframework.kafka.KafkaListenerEndpointContainer#0-0-C-1] INFO  c.e.k.listener.MultiTopicRebalanceListener - 消息处理完成并已提交 offset id=2d9fc2a4-38a1-437e-907f-150d850cbd4f topic=other-events
11:44:43.725 [org.springframework.kafka.KafkaListenerEndpointContainer#0-0-C-1] DEBUG o.s.kafka.listener.KafkaMessageListenerContainer - Received: 1 records
11:44:43.725 [org.springframework.kafka.KafkaListenerEndpointContainer#0-0-C-1] DEBUG o.s.k.l.a.RecordMessagingMessageListenerAdapter - Processing [GenericMessage [payload=DemoEvent(id=2ad57a9a-2364-4678-88ca-a729609c67b5, payload=demo-event-59, slow=false, retryTrigger=false, flaky=false, createdAt=2026-08-27T03:44:32.871887Z), headers={kafka_offset=59, kafka_consumer=org.springframework.kafka.core.DefaultKafkaConsumerFactory$ExtendedKafkaConsumer@75fd7ccc, kafka_timestampType=CREATE_TIME, kafka_receivedPartitionId=2, kafka_receivedMessageKey=0, kafka_receivedTopic=other-events, kafka_receivedTimestamp=1787802272872, kafka_acknowledgment=Acknowledgment for other-events-2@59, kafka_groupId=slow-consumer-group}]]
11:44:43.725 [org.springframework.kafka.KafkaListenerEndpointContainer#0-0-C-1] INFO  c.e.k.listener.MultiTopicRebalanceListener - 收到消息 id=2ad57a9a-2364-4678-88ca-a729609c67b5 topic=other-events partition=2 slow=false
11:44:43.830 [org.springframework.kafka.KafkaListenerEndpointContainer#0-0-C-1] DEBUG o.s.kafka.listener.KafkaMessageListenerContainer - Committing: {other-events-2=OffsetAndMetadata{offset=60, leaderEpoch=null, metadata=''}}
11:44:43.840 [org.springframework.kafka.KafkaListenerEndpointContainer#0-0-C-1] DEBUG o.a.k.c.consumer.internals.ConsumerCoordinator - [Consumer clientId=consumer-slow-consumer-group-1, groupId=slow-consumer-group] Committed offset 60 for partition other-events-2
11:44:43.840 [org.springframework.kafka.KafkaListenerEndpointContainer#0-0-C-1] INFO  c.e.k.listener.MultiTopicRebalanceListener - 消息处理完成并已提交 offset id=2ad57a9a-2364-4678-88ca-a729609c67b5 topic=other-events
11:44:43.841 [org.springframework.kafka.KafkaListenerEndpointContainer#0-0-C-1] DEBUG o.s.kafka.listener.KafkaMessageListenerContainer - Received: 1 records
11:44:43.842 [org.springframework.kafka.KafkaListenerEndpointContainer#0-0-C-1] DEBUG o.s.k.l.a.RecordMessagingMessageListenerAdapter - Processing [GenericMessage [payload=DemoEvent(id=9626ebdb-933a-4ed5-a697-a129cf64a008, payload=demo-event-0, slow=true, retryTrigger=false, flaky=false, createdAt=2026-08-27T03:44:08.031207Z), headers={kafka_offset=0, kafka_consumer=org.springframework.kafka.core.DefaultKafkaConsumerFactory$ExtendedKafkaConsumer@75fd7ccc, kafka_timestampType=CREATE_TIME, kafka_receivedPartitionId=2, kafka_receivedMessageKey=0, kafka_receivedTopic=slow-events, kafka_receivedTimestamp=1787802248033, kafka_acknowledgment=Acknowledgment for slow-events-2@0, kafka_groupId=slow-consumer-group}]]
11:44:43.842 [org.springframework.kafka.KafkaListenerEndpointContainer#0-0-C-1] INFO  c.e.k.listener.MultiTopicRebalanceListener - 收到消息 id=9626ebdb-933a-4ed5-a697-a129cf64a008 topic=slow-events partition=2 slow=true
11:44:43.842 [org.springframework.kafka.KafkaListenerEndpointContainer#0-0-C-1] WARN  c.e.k.listener.MultiTopicRebalanceListener - 模拟慢处理开始：id=9626ebdb-933a-4ed5-a697-a129cf64a008 topic=slow-events 将阻塞 10000ms（超过 max.poll.interval.ms，预期触发 rebalance）
11:44:46.265 [kafka-coordinator-heartbeat-thread | slow-consumer-group] DEBUG o.a.k.c.consumer.internals.ConsumerCoordinator - [Consumer clientId=consumer-slow-consumer-group-1, groupId=slow-consumer-group] Sending Heartbeat request with generation 7 and member id consumer-slow-consumer-group-1-47c7e519-a232-429c-a419-faa44bd5bbd1 to coordinator localhost:9092 (id: 2147483646 rack: null isFenced: false)
11:44:46.371 [kafka-coordinator-heartbeat-thread | slow-consumer-group] DEBUG o.a.k.c.consumer.internals.ConsumerCoordinator - [Consumer clientId=consumer-slow-consumer-group-1, groupId=slow-consumer-group] Received successful Heartbeat response
11:44:49.366 [kafka-coordinator-heartbeat-thread | slow-consumer-group] DEBUG o.a.k.c.consumer.internals.ConsumerCoordinator - [Consumer clientId=consumer-slow-consumer-group-1, groupId=slow-consumer-group] Sending Heartbeat request with generation 7 and member id consumer-slow-consumer-group-1-47c7e519-a232-429c-a419-faa44bd5bbd1 to coordinator localhost:9092 (id: 2147483646 rack: null isFenced: false)
11:44:49.473 [kafka-coordinator-heartbeat-thread | slow-consumer-group] DEBUG o.a.k.c.consumer.internals.ConsumerCoordinator - [Consumer clientId=consumer-slow-consumer-group-1, groupId=slow-consumer-group] Received successful Heartbeat response
11:44:49.888 [kafka-coordinator-heartbeat-thread | slow-consumer-group] WARN  o.a.k.c.consumer.internals.ConsumerCoordinator - [Consumer clientId=consumer-slow-consumer-group-1, groupId=slow-consumer-group] consumer poll timeout has expired. This means the time between subsequent calls to poll() was longer than the configured max.poll.interval.ms, which typically implies that the poll loop is spending too much time processing messages. You can address this either by increasing max.poll.interval.ms or by reducing the maximum size of batches returned in poll() with max.poll.records.
11:44:49.889 [kafka-coordinator-heartbeat-thread | slow-consumer-group] INFO  o.a.k.c.consumer.internals.ConsumerCoordinator - [Consumer clientId=consumer-slow-consumer-group-1, groupId=slow-consumer-group] Member consumer-slow-consumer-group-1-47c7e519-a232-429c-a419-faa44bd5bbd1 sending LeaveGroup request to coordinator localhost:9092 (id: 2147483646 rack: null isFenced: false) due to consumer poll timeout has expired.
11:44:49.889 [kafka-coordinator-heartbeat-thread | slow-consumer-group] INFO  o.a.k.c.consumer.internals.ConsumerCoordinator - [Consumer clientId=consumer-slow-consumer-group-1, groupId=slow-consumer-group] Resetting generation and member id due to: consumer pro-actively leaving the group
11:44:49.889 [kafka-coordinator-heartbeat-thread | slow-consumer-group] INFO  o.a.k.c.consumer.internals.ConsumerCoordinator - [Consumer clientId=consumer-slow-consumer-group-1, groupId=slow-consumer-group] Request joining group due to: consumer pro-actively leaving the group
11:44:53.843 [org.springframework.kafka.KafkaListenerEndpointContainer#0-0-C-1] DEBUG o.s.kafka.listener.KafkaMessageListenerContainer - Committing: {slow-events-2=OffsetAndMetadata{offset=1, leaderEpoch=null, metadata=''}}
11:44:53.843 [org.springframework.kafka.KafkaListenerEndpointContainer#0-0-C-1] INFO  o.a.k.c.consumer.internals.ConsumerCoordinator - [Consumer clientId=consumer-slow-consumer-group-1, groupId=slow-consumer-group] Failing OffsetCommit request since the consumer is not part of an active group
11:44:53.843 [org.springframework.kafka.KafkaListenerEndpointContainer#0-0-C-1] DEBUG o.a.k.c.consumer.internals.ConsumerCoordinator - [Consumer clientId=consumer-slow-consumer-group-1, groupId=slow-consumer-group] LeaveGroup response with Generation{generationId=7, memberId='consumer-slow-consumer-group-1-47c7e519-a232-429c-a419-faa44bd5bbd1', protocol='range'} returned successfully: ClientResponse(receivedTimeMs=1787802293843, latencyMs=3954, disconnected=false, timedOut=false, requestHeader=RequestHeader(apiKey=LEAVE_GROUP, apiVersion=5, clientId=consumer-slow-consumer-group-1, correlationId=124, headerVersion=2), responseBody=LeaveGroupResponseData(throttleTimeMs=0, errorCode=0, members=[MemberResponse(memberId='consumer-slow-consumer-group-1-47c7e519-a232-429c-a419-faa44bd5bbd1', groupInstanceId=null, errorCode=0)]))
11:44:53.843 [org.springframework.kafka.KafkaListenerEndpointContainer#0-0-C-1] WARN  c.e.k.listener.MultiTopicRebalanceListener - 提交 offset 失败，可能因 rebalance 导致该分区已被回收 id=9626ebdb-933a-4ed5-a697-a129cf64a008 topic=slow-events
org.apache.kafka.clients.consumer.CommitFailedException: Offset commit cannot be completed since the consumer is not part of an active group for auto partition assignment; it is likely that the consumer was kicked out of the group.
	at org.apache.kafka.clients.consumer.internals.ConsumerCoordinator.sendOffsetCommitRequest(ConsumerCoordinator.java:1320)
	at org.apache.kafka.clients.consumer.internals.ConsumerCoordinator.commitOffsetsSync(ConsumerCoordinator.java:1155)
	at org.apache.kafka.clients.consumer.internals.ClassicKafkaConsumer.commitSync(ClassicKafkaConsumer.java:747)
	at org.apache.kafka.clients.consumer.KafkaConsumer.commitSync(KafkaConsumer.java:1094)
	at org.springframework.kafka.listener.KafkaMessageListenerContainer$ListenerConsumer.doCommitSync(KafkaMessageListenerContainer.java:3474)
	at org.springframework.kafka.listener.KafkaMessageListenerContainer$ListenerConsumer.commitSync(KafkaMessageListenerContainer.java:3469)
	at org.springframework.kafka.listener.KafkaMessageListenerContainer$ListenerConsumer.commitOffsets(KafkaMessageListenerContainer.java:3452)
	at org.springframework.kafka.listener.KafkaMessageListenerContainer$ListenerConsumer.commitOffsetsInTransactions(KafkaMessageListenerContainer.java:3443)
	at org.springframework.kafka.listener.KafkaMessageListenerContainer$ListenerConsumer.ackImmediate(KafkaMessageListenerContainer.java:2187)
	at org.springframework.kafka.listener.KafkaMessageListenerContainer$ListenerConsumer.processAck(KafkaMessageListenerContainer.java:2082)
	at org.springframework.kafka.listener.KafkaMessageListenerContainer$ListenerConsumer.doAck(KafkaMessageListenerContainer.java:2062)
	at org.springframework.kafka.listener.KafkaMessageListenerContainer$ListenerConsumer$ConsumerAcknowledgment.acknowledge(KafkaMessageListenerContainer.java:3622)
	at com.example.kafkarebalance.listener.MultiTopicRebalanceListener.onMessage(MultiTopicRebalanceListener.kt:67)
	at java.base/jdk.internal.reflect.DirectMethodHandleAccessor.invoke(DirectMethodHandleAccessor.java:104)
	at java.base/java.lang.reflect.Method.invoke(Method.java:565)
	at org.springframework.messaging.handler.invocation.InvocableHandlerMethod.doInvoke(InvocableHandlerMethod.java:168)
	at org.springframework.kafka.listener.adapter.KotlinAwareInvocableHandlerMethod.doInvoke(KotlinAwareInvocableHandlerMethod.java:48)
	at org.springframework.messaging.handler.invocation.InvocableHandlerMethod.invoke(InvocableHandlerMethod.java:119)
	at org.springframework.kafka.listener.adapter.HandlerAdapter.invoke(HandlerAdapter.java:80)
	at org.springframework.kafka.listener.adapter.MessagingMessageListenerAdapter.invokeHandler(MessagingMessageListenerAdapter.java:488)
	at org.springframework.kafka.listener.adapter.MessagingMessageListenerAdapter.invoke(MessagingMessageListenerAdapter.java:425)
	at org.springframework.kafka.listener.adapter.RecordMessagingMessageListenerAdapter.onMessage(RecordMessagingMessageListenerAdapter.java:92)
	at org.springframework.kafka.listener.adapter.RecordMessagingMessageListenerAdapter.onMessage(RecordMessagingMessageListenerAdapter.java:52)
	at org.springframework.kafka.listener.KafkaMessageListenerContainer$ListenerConsumer.doInvokeOnMessage(KafkaMessageListenerContainer.java:2948)
	at org.springframework.kafka.listener.KafkaMessageListenerContainer$ListenerConsumer.invokeOnMessage(KafkaMessageListenerContainer.java:2927)
	at org.springframework.kafka.listener.KafkaMessageListenerContainer$ListenerConsumer.doInvokeRecordListener(KafkaMessageListenerContainer.java:2837)
	at org.springframework.kafka.listener.KafkaMessageListenerContainer$ListenerConsumer.doInvokeWithRecords(KafkaMessageListenerContainer.java:2679)
	at org.springframework.kafka.listener.KafkaMessageListenerContainer$ListenerConsumer.invokeRecordListener(KafkaMessageListenerContainer.java:2573)
	at org.springframework.kafka.listener.KafkaMessageListenerContainer$ListenerConsumer.invokeListener(KafkaMessageListenerContainer.java:2204)
	at org.springframework.kafka.listener.KafkaMessageListenerContainer$ListenerConsumer.invokeIfHaveRecords(KafkaMessageListenerContainer.java:1559)
	at org.springframework.kafka.listener.KafkaMessageListenerContainer$ListenerConsumer.pollAndInvoke(KafkaMessageListenerContainer.java:1499)
	at org.springframework.kafka.listener.KafkaMessageListenerContainer$ListenerConsumer.run(KafkaMessageListenerContainer.java:1368)
	at java.base/java.util.concurrent.CompletableFuture$AsyncRun.run(CompletableFuture.java:1825)
	at java.base/java.lang.Thread.run(Thread.java:1474)
11:44:53.844 [org.springframework.kafka.KafkaListenerEndpointContainer#0-0-C-1] DEBUG o.a.k.c.consumer.internals.ConsumerCoordinator - [Consumer clientId=consumer-slow-consumer-group-1, groupId=slow-consumer-group] Executing onJoinPrepare with generation -1 and memberId 
11:44:53.844 [org.springframework.kafka.KafkaListenerEndpointContainer#0-0-C-1] INFO  o.a.k.c.consumer.internals.ConsumerCoordinator - [Consumer clientId=consumer-slow-consumer-group-1, groupId=slow-consumer-group] Giving away all assigned partitions as lost since generation/memberID has been reset,indicating that consumer is in old state or no longer part of the group
11:44:53.844 [org.springframework.kafka.KafkaListenerEndpointContainer#0-0-C-1] INFO  o.a.k.c.c.i.ConsumerRebalanceListenerInvoker - [Consumer clientId=consumer-slow-consumer-group-1, groupId=slow-consumer-group] Lost previously assigned partitions [other-events-0, other-events-1, other-events-2, slow-events-0, slow-events-1, slow-events-2]
11:44:53.844 [org.springframework.kafka.KafkaListenerEndpointContainer#0-0-C-1] INFO  o.s.kafka.listener.KafkaMessageListenerContainer - slow-consumer-group: partitions lost: [other-events-0, other-events-1, other-events-2, slow-events-0, slow-events-1, slow-events-2]
11:44:53.844 [org.springframework.kafka.KafkaListenerEndpointContainer#0-0-C-1] INFO  o.s.kafka.listener.KafkaMessageListenerContainer - slow-consumer-group: partitions revoked: [other-events-0, other-events-1, other-events-2, slow-events-0, slow-events-1, slow-events-2]
11:44:53.844 [org.springframework.kafka.KafkaListenerEndpointContainer#0-0-C-1] INFO  o.a.k.c.consumer.internals.ConsumerCoordinator - [Consumer clientId=consumer-slow-consumer-group-1, groupId=slow-consumer-group] (Re-)joining group
11:44:53.844 [org.springframework.kafka.KafkaListenerEndpointContainer#0-0-C-1] DEBUG o.a.k.c.consumer.internals.ConsumerCoordinator - [Consumer clientId=consumer-slow-consumer-group-1, groupId=slow-consumer-group] Joining group with current subscription: [slow-events, other-events]
11:44:53.844 [org.springframework.kafka.KafkaListenerEndpointContainer#0-0-C-1] DEBUG o.a.k.c.consumer.internals.ConsumerCoordinator - [Consumer clientId=consumer-slow-consumer-group-1, groupId=slow-consumer-group] Sending JoinGroup (JoinGroupRequestData(groupId='slow-consumer-group', sessionTimeoutMs=10000, rebalanceTimeoutMs=6000, memberId='', groupInstanceId=null, protocolType='consumer', protocols=[JoinGroupRequestProtocol(name='range', metadata=[0, 3, 0, 0, 0, 2, 0, 12, 111, 116, 104, 101, 114, 45, 101, 118, 101, 110, 116, 115, 0, 11, 115, 108, 111, 119, 45, 101, 118, 101, 110, 116, 115, -1, -1, -1, -1, 0, 0, 0, 0, -1, -1, -1, -1, -1, -1]), JoinGroupRequestProtocol(name='cooperative-sticky', metadata=[0, 3, 0, 0, 0, 2, 0, 12, 111, 116, 104, 101, 114, 45, 101, 118, 101, 110, 116, 115, 0, 11, 115, 108, 111, 119, 45, 101, 118, 101, 110, 116, 115, 0, 0, 0, 4, -1, -1, -1, -1, 0, 0, 0, 0, -1, -1, -1, -1, -1, -1])], reason='consumer pro-actively leaving the group')) to coordinator localhost:9092 (id: 2147483646 rack: null isFenced: false)
11:44:53.848 [org.springframework.kafka.KafkaListenerEndpointContainer#0-0-C-1] DEBUG o.a.k.c.consumer.internals.ConsumerCoordinator - [Consumer clientId=consumer-slow-consumer-group-1, groupId=slow-consumer-group] JoinGroup failed due to non-fatal error: MEMBER_ID_REQUIRED. Will set the member id as consumer-slow-consumer-group-1-1710b710-4c3b-4c2a-9ece-58f965011eea and then rejoin. Sent generation was Generation{generationId=-1, memberId='', protocol='null'}
11:44:53.848 [org.springframework.kafka.KafkaListenerEndpointContainer#0-0-C-1] INFO  o.a.k.c.consumer.internals.ConsumerCoordinator - [Consumer clientId=consumer-slow-consumer-group-1, groupId=slow-consumer-group] Request joining group due to: need to re-join with the given member-id: consumer-slow-consumer-group-1-1710b710-4c3b-4c2a-9ece-58f965011eea
11:44:53.848 [org.springframework.kafka.KafkaListenerEndpointContainer#0-0-C-1] INFO  o.a.k.c.consumer.internals.ConsumerCoordinator - [Consumer clientId=consumer-slow-consumer-group-1, groupId=slow-consumer-group] (Re-)joining group
11:44:53.848 [org.springframework.kafka.KafkaListenerEndpointContainer#0-0-C-1] DEBUG o.a.k.c.consumer.internals.ConsumerCoordinator - [Consumer clientId=consumer-slow-consumer-group-1, groupId=slow-consumer-group] Joining group with current subscription: [slow-events, other-events]
11:44:53.848 [org.springframework.kafka.KafkaListenerEndpointContainer#0-0-C-1] DEBUG o.a.k.c.consumer.internals.ConsumerCoordinator - [Consumer clientId=consumer-slow-consumer-group-1, groupId=slow-consumer-group] Sending JoinGroup (JoinGroupRequestData(groupId='slow-consumer-group', sessionTimeoutMs=10000, rebalanceTimeoutMs=6000, memberId='consumer-slow-consumer-group-1-1710b710-4c3b-4c2a-9ece-58f965011eea', groupInstanceId=null, protocolType='consumer', protocols=[JoinGroupRequestProtocol(name='range', metadata=[0, 3, 0, 0, 0, 2, 0, 12, 111, 116, 104, 101, 114, 45, 101, 118, 101, 110, 116, 115, 0, 11, 115, 108, 111, 119, 45, 101, 118, 101, 110, 116, 115, -1, -1, -1, -1, 0, 0, 0, 0, -1, -1, -1, -1, -1, -1]), JoinGroupRequestProtocol(name='cooperative-sticky', metadata=[0, 3, 0, 0, 0, 2, 0, 12, 111, 116, 104, 101, 114, 45, 101, 118, 101, 110, 116, 115, 0, 11, 115, 108, 111, 119, 45, 101, 118, 101, 110, 116, 115, 0, 0, 0, 4, -1, -1, -1, -1, 0, 0, 0, 0, -1, -1, -1, -1, -1, -1])], reason='need to re-join with the given member-id: consumer-slow-consumer-group-1-1710b710-4c3b-4c2a-9ece-58f965011eea')) to coordinator localhost:9092 (id: 2147483646 rack: null isFenced: false)
11:44:53.851 [org.springframework.kafka.KafkaListenerEndpointContainer#0-0-C-1] DEBUG o.a.k.c.consumer.internals.ConsumerCoordinator - [Consumer clientId=consumer-slow-consumer-group-1, groupId=slow-consumer-group] Received successful JoinGroup response: JoinGroupResponseData(throttleTimeMs=0, errorCode=0, generationId=9, protocolType='consumer', protocolName='range', leader='consumer-slow-consumer-group-1-1710b710-4c3b-4c2a-9ece-58f965011eea', skipAssignment=false, memberId='consumer-slow-consumer-group-1-1710b710-4c3b-4c2a-9ece-58f965011eea', members=[JoinGroupResponseMember(memberId='consumer-slow-consumer-group-1-1710b710-4c3b-4c2a-9ece-58f965011eea', groupInstanceId=null, metadata=[0, 3, 0, 0, 0, 2, 0, 12, 111, 116, 104, 101, 114, 45, 101, 118, 101, 110, 116, 115, 0, 11, 115, 108, 111, 119, 45, 101, 118, 101, 110, 116, 115, -1, -1, -1, -1, 0, 0, 0, 0, -1, -1, -1, -1, -1, -1])])
11:44:53.851 [org.springframework.kafka.KafkaListenerEndpointContainer#0-0-C-1] DEBUG o.a.k.c.consumer.internals.ConsumerCoordinator - [Consumer clientId=consumer-slow-consumer-group-1, groupId=slow-consumer-group] Enabling heartbeat thread
11:44:53.851 [org.springframework.kafka.KafkaListenerEndpointContainer#0-0-C-1] INFO  o.a.k.c.consumer.internals.ConsumerCoordinator - [Consumer clientId=consumer-slow-consumer-group-1, groupId=slow-consumer-group] Successfully joined group with generation Generation{generationId=9, memberId='consumer-slow-consumer-group-1-1710b710-4c3b-4c2a-9ece-58f965011eea', protocol='range'}
11:44:53.851 [org.springframework.kafka.KafkaListenerEndpointContainer#0-0-C-1] DEBUG o.a.k.c.consumer.internals.ConsumerCoordinator - [Consumer clientId=consumer-slow-consumer-group-1, groupId=slow-consumer-group] Performing assignment using strategy range with subscriptions {consumer-slow-consumer-group-1-1710b710-4c3b-4c2a-9ece-58f965011eea=Subscription(topics=[other-events, slow-events], ownedPartitions=[], groupInstanceId=null, generationId=-1, rackId=null)}
11:44:53.851 [org.springframework.kafka.KafkaListenerEndpointContainer#0-0-C-1] INFO  o.a.k.c.consumer.internals.ConsumerCoordinator - [Consumer clientId=consumer-slow-consumer-group-1, groupId=slow-consumer-group] Finished assignment for group at generation 9: {consumer-slow-consumer-group-1-1710b710-4c3b-4c2a-9ece-58f965011eea=Assignment(partitions=[other-events-0, other-events-1, other-events-2, slow-events-0, slow-events-1, slow-events-2])}
11:44:53.852 [org.springframework.kafka.KafkaListenerEndpointContainer#0-0-C-1] DEBUG o.a.k.c.consumer.internals.ConsumerCoordinator - [Consumer clientId=consumer-slow-consumer-group-1, groupId=slow-consumer-group] Sending leader SyncGroup to coordinator localhost:9092 (id: 2147483646 rack: null isFenced: false): SyncGroupRequestData(groupId='slow-consumer-group', generationId=9, memberId='consumer-slow-consumer-group-1-1710b710-4c3b-4c2a-9ece-58f965011eea', groupInstanceId=null, protocolType='consumer', protocolName='range', assignments=[SyncGroupRequestAssignment(memberId='consumer-slow-consumer-group-1-1710b710-4c3b-4c2a-9ece-58f965011eea', assignment=[0, 3, 0, 0, 0, 2, 0, 12, 111, 116, 104, 101, 114, 45, 101, 118, 101, 110, 116, 115, 0, 0, 0, 3, 0, 0, 0, 0, 0, 0, 0, 1, 0, 0, 0, 2, 0, 11, 115, 108, 111, 119, 45, 101, 118, 101, 110, 116, 115, 0, 0, 0, 3, 0, 0, 0, 0, 0, 0, 0, 1, 0, 0, 0, 2, -1, -1, -1, -1])])
11:44:53.854 [org.springframework.kafka.KafkaListenerEndpointContainer#0-0-C-1] DEBUG o.a.k.c.consumer.internals.ConsumerCoordinator - [Consumer clientId=consumer-slow-consumer-group-1, groupId=slow-consumer-group] Received successful SyncGroup response: SyncGroupResponseData(throttleTimeMs=0, errorCode=0, protocolType='consumer', protocolName='range', assignment=[0, 3, 0, 0, 0, 2, 0, 12, 111, 116, 104, 101, 114, 45, 101, 118, 101, 110, 116, 115, 0, 0, 0, 3, 0, 0, 0, 0, 0, 0, 0, 1, 0, 0, 0, 2, 0, 11, 115, 108, 111, 119, 45, 101, 118, 101, 110, 116, 115, 0, 0, 0, 3, 0, 0, 0, 0, 0, 0, 0, 1, 0, 0, 0, 2, -1, -1, -1, -1])
11:44:53.854 [org.springframework.kafka.KafkaListenerEndpointContainer#0-0-C-1] INFO  o.a.k.c.consumer.internals.ConsumerCoordinator - [Consumer clientId=consumer-slow-consumer-group-1, groupId=slow-consumer-group] Successfully synced group in generation Generation{generationId=9, memberId='consumer-slow-consumer-group-1-1710b710-4c3b-4c2a-9ece-58f965011eea', protocol='range'}
11:44:53.855 [org.springframework.kafka.KafkaListenerEndpointContainer#0-0-C-1] DEBUG o.a.k.c.consumer.internals.ConsumerCoordinator - [Consumer clientId=consumer-slow-consumer-group-1, groupId=slow-consumer-group] Executing onJoinComplete with generation 9 and memberId consumer-slow-consumer-group-1-1710b710-4c3b-4c2a-9ece-58f965011eea
11:44:53.855 [org.springframework.kafka.KafkaListenerEndpointContainer#0-0-C-1] INFO  o.a.k.c.consumer.internals.ConsumerCoordinator - [Consumer clientId=consumer-slow-consumer-group-1, groupId=slow-consumer-group] Notifying assignor about the new Assignment(partitions=[other-events-0, other-events-1, other-events-2, slow-events-0, slow-events-1, slow-events-2])
11:44:53.855 [org.springframework.kafka.KafkaListenerEndpointContainer#0-0-C-1] INFO  o.a.k.c.c.i.ConsumerRebalanceListenerInvoker - [Consumer clientId=consumer-slow-consumer-group-1, groupId=slow-consumer-group] Adding newly assigned partitions: [other-events-0, other-events-1, other-events-2, slow-events-0, slow-events-1, slow-events-2]
11:44:53.855 [org.springframework.kafka.KafkaListenerEndpointContainer#0-0-C-1] DEBUG o.a.k.c.consumer.internals.ConsumerCoordinator - [Consumer clientId=consumer-slow-consumer-group-1, groupId=slow-consumer-group] Fetching committed offsets for partitions: [other-events-0, slow-events-2, other-events-1, slow-events-1, other-events-2, slow-events-0]
11:44:53.857 [org.springframework.kafka.KafkaListenerEndpointContainer#0-0-C-1] INFO  o.a.k.c.consumer.internals.ConsumerCoordinator - [Consumer clientId=consumer-slow-consumer-group-1, groupId=slow-consumer-group] Found no committed offset for partition slow-events-2
11:44:53.857 [org.springframework.kafka.KafkaListenerEndpointContainer#0-0-C-1] INFO  o.a.k.c.consumer.internals.ConsumerCoordinator - [Consumer clientId=consumer-slow-consumer-group-1, groupId=slow-consumer-group] Found no committed offset for partition slow-events-1
11:44:53.857 [org.springframework.kafka.KafkaListenerEndpointContainer#0-0-C-1] INFO  o.a.k.c.consumer.internals.ConsumerCoordinator - [Consumer clientId=consumer-slow-consumer-group-1, groupId=slow-consumer-group] Found no committed offset for partition slow-events-0
11:44:53.857 [org.springframework.kafka.KafkaListenerEndpointContainer#0-0-C-1] INFO  o.a.k.c.consumer.internals.ConsumerCoordinator - [Consumer clientId=consumer-slow-consumer-group-1, groupId=slow-consumer-group] Found no committed offset for partition other-events-0
11:44:53.857 [org.springframework.kafka.KafkaListenerEndpointContainer#0-0-C-1] INFO  o.a.k.c.consumer.internals.ConsumerCoordinator - [Consumer clientId=consumer-slow-consumer-group-1, groupId=slow-consumer-group] Found no committed offset for partition other-events-1
11:44:53.857 [org.springframework.kafka.KafkaListenerEndpointContainer#0-0-C-1] INFO  o.a.kafka.clients.consumer.internals.ConsumerUtils - Setting offset for partition other-events-2 to the committed offset FetchPosition{offset=60, offsetEpoch=Optional.empty, currentLeader=LeaderAndEpoch{leader=Optional[localhost:9092 (id: 1 rack: null isFenced: false)], epoch=0}}
11:44:53.860 [org.springframework.kafka.KafkaListenerEndpointContainer#0-0-C-1] INFO  o.a.k.clients.consumer.internals.SubscriptionState - [Consumer clientId=consumer-slow-consumer-group-1, groupId=slow-consumer-group] Resetting offset for partition other-events-0 to position FetchPosition{offset=0, offsetEpoch=Optional.empty, currentLeader=LeaderAndEpoch{leader=Optional[localhost:9092 (id: 1 rack: null isFenced: false)], epoch=0}}.
11:44:53.860 [org.springframework.kafka.KafkaListenerEndpointContainer#0-0-C-1] INFO  o.a.k.clients.consumer.internals.SubscriptionState - [Consumer clientId=consumer-slow-consumer-group-1, groupId=slow-consumer-group] Resetting offset for partition slow-events-2 to position FetchPosition{offset=0, offsetEpoch=Optional.empty, currentLeader=LeaderAndEpoch{leader=Optional[localhost:9092 (id: 1 rack: null isFenced: false)], epoch=0}}.
11:44:53.860 [org.springframework.kafka.KafkaListenerEndpointContainer#0-0-C-1] INFO  o.a.k.clients.consumer.internals.SubscriptionState - [Consumer clientId=consumer-slow-consumer-group-1, groupId=slow-consumer-group] Resetting offset for partition other-events-1 to position FetchPosition{offset=0, offsetEpoch=Optional.empty, currentLeader=LeaderAndEpoch{leader=Optional[localhost:9092 (id: 1 rack: null isFenced: false)], epoch=0}}.
11:44:53.860 [org.springframework.kafka.KafkaListenerEndpointContainer#0-0-C-1] INFO  o.a.k.clients.consumer.internals.SubscriptionState - [Consumer clientId=consumer-slow-consumer-group-1, groupId=slow-consumer-group] Resetting offset for partition slow-events-1 to position FetchPosition{offset=0, offsetEpoch=Optional.empty, currentLeader=LeaderAndEpoch{leader=Optional[localhost:9092 (id: 1 rack: null isFenced: false)], epoch=0}}.
11:44:53.860 [org.springframework.kafka.KafkaListenerEndpointContainer#0-0-C-1] INFO  o.a.k.clients.consumer.internals.SubscriptionState - [Consumer clientId=consumer-slow-consumer-group-1, groupId=slow-consumer-group] Resetting offset for partition slow-events-0 to position FetchPosition{offset=0, offsetEpoch=Optional.empty, currentLeader=LeaderAndEpoch{leader=Optional[localhost:9092 (id: 1 rack: null isFenced: false)], epoch=0}}.
11:44:53.860 [org.springframework.kafka.KafkaListenerEndpointContainer#0-0-C-1] INFO  o.s.kafka.listener.KafkaMessageListenerContainer - slow-consumer-group: partitions assigned: [other-events-0, other-events-1, other-events-2, slow-events-0, slow-events-1, slow-events-2]
11:44:53.863 [org.springframework.kafka.KafkaListenerEndpointContainer#0-0-C-1] DEBUG o.s.kafka.listener.KafkaMessageListenerContainer - Received: 1 records
11:44:53.863 [org.springframework.kafka.KafkaListenerEndpointContainer#0-0-C-1] DEBUG o.s.k.l.a.RecordMessagingMessageListenerAdapter - Processing [GenericMessage [payload=DemoEvent(id=9626ebdb-933a-4ed5-a697-a129cf64a008, payload=demo-event-0, slow=true, retryTrigger=false, flaky=false, createdAt=2026-08-27T03:44:08.031207Z), headers={kafka_offset=0, kafka_consumer=org.springframework.kafka.core.DefaultKafkaConsumerFactory$ExtendedKafkaConsumer@75fd7ccc, kafka_timestampType=CREATE_TIME, kafka_receivedPartitionId=2, kafka_receivedMessageKey=0, kafka_receivedTopic=slow-events, kafka_receivedTimestamp=1787802248033, kafka_acknowledgment=Acknowledgment for slow-events-2@0, kafka_groupId=slow-consumer-group}]]
11:44:53.863 [org.springframework.kafka.KafkaListenerEndpointContainer#0-0-C-1] INFO  c.e.k.listener.MultiTopicRebalanceListener - 收到消息 id=9626ebdb-933a-4ed5-a697-a129cf64a008 topic=slow-events partition=2 slow=true
11:44:53.863 [org.springframework.kafka.KafkaListenerEndpointContainer#0-0-C-1] WARN  c.e.k.listener.MultiTopicRebalanceListener - 模拟慢处理开始：id=9626ebdb-933a-4ed5-a697-a129cf64a008 topic=slow-events 将阻塞 10000ms（超过 max.poll.interval.ms，预期触发 rebalance）
11:44:56.951 [kafka-coordinator-heartbeat-thread | slow-consumer-group] DEBUG o.a.k.c.consumer.internals.ConsumerCoordinator - [Consumer clientId=consumer-slow-consumer-group-1, groupId=slow-consumer-group] Sending Heartbeat request with generation 9 and member id consumer-slow-consumer-group-1-1710b710-4c3b-4c2a-9ece-58f965011eea to coordinator localhost:9092 (id: 2147483646 rack: null isFenced: false)
11:44:57.054 [kafka-coordinator-heartbeat-thread | slow-consumer-group] DEBUG o.a.k.c.consumer.internals.ConsumerCoordinator - [Consumer clientId=consumer-slow-consumer-group-1, groupId=slow-consumer-group] Received successful Heartbeat response
11:44:59.959 [kafka-coordinator-heartbeat-thread | slow-consumer-group] WARN  o.a.k.c.consumer.internals.ConsumerCoordinator - [Consumer clientId=consumer-slow-consumer-group-1, groupId=slow-consumer-group] consumer poll timeout has expired. This means the time between subsequent calls to poll() was longer than the configured max.poll.interval.ms, which typically implies that the poll loop is spending too much time processing messages. You can address this either by increasing max.poll.interval.ms or by reducing the maximum size of batches returned in poll() with max.poll.records.
11:44:59.959 [kafka-coordinator-heartbeat-thread | slow-consumer-group] INFO  o.a.k.c.consumer.internals.ConsumerCoordinator - [Consumer clientId=consumer-slow-consumer-group-1, groupId=slow-consumer-group] Member consumer-slow-consumer-group-1-1710b710-4c3b-4c2a-9ece-58f965011eea sending LeaveGroup request to coordinator localhost:9092 (id: 2147483646 rack: null isFenced: false) due to consumer poll timeout has expired.
11:44:59.959 [kafka-coordinator-heartbeat-thread | slow-consumer-group] INFO  o.a.k.c.consumer.internals.ConsumerCoordinator - [Consumer clientId=consumer-slow-consumer-group-1, groupId=slow-consumer-group] Resetting generation and member id due to: consumer pro-actively leaving the group
11:44:59.959 [kafka-coordinator-heartbeat-thread | slow-consumer-group] INFO  o.a.k.c.consumer.internals.ConsumerCoordinator - [Consumer clientId=consumer-slow-consumer-group-1, groupId=slow-consumer-group] Request joining group due to: consumer pro-actively leaving the group
11:45:03.865 [org.springframework.kafka.KafkaListenerEndpointContainer#0-0-C-1] DEBUG o.s.kafka.listener.KafkaMessageListenerContainer - Committing: {slow-events-2=OffsetAndMetadata{offset=1, leaderEpoch=null, metadata=''}}
11:45:03.865 [org.springframework.kafka.KafkaListenerEndpointContainer#0-0-C-1] INFO  o.a.k.c.consumer.internals.ConsumerCoordinator - [Consumer clientId=consumer-slow-consumer-group-1, groupId=slow-consumer-group] Failing OffsetCommit request since the consumer is not part of an active group
11:45:03.866 [org.springframework.kafka.KafkaListenerEndpointContainer#0-0-C-1] DEBUG o.a.k.c.consumer.internals.ConsumerCoordinator - [Consumer clientId=consumer-slow-consumer-group-1, groupId=slow-consumer-group] LeaveGroup response with Generation{generationId=9, memberId='consumer-slow-consumer-group-1-1710b710-4c3b-4c2a-9ece-58f965011eea', protocol='range'} returned successfully: ClientResponse(receivedTimeMs=1787802303865, latencyMs=3906, disconnected=false, timedOut=false, requestHeader=RequestHeader(apiKey=LEAVE_GROUP, apiVersion=5, clientId=consumer-slow-consumer-group-1, correlationId=132, headerVersion=2), responseBody=LeaveGroupResponseData(throttleTimeMs=0, errorCode=0, members=[MemberResponse(memberId='consumer-slow-consumer-group-1-1710b710-4c3b-4c2a-9ece-58f965011eea', groupInstanceId=null, errorCode=0)]))
11:45:03.866 [org.springframework.kafka.KafkaListenerEndpointContainer#0-0-C-1] WARN  c.e.k.listener.MultiTopicRebalanceListener - 提交 offset 失败，可能因 rebalance 导致该分区已被回收 id=9626ebdb-933a-4ed5-a697-a129cf64a008 topic=slow-events
org.apache.kafka.clients.consumer.CommitFailedException: Offset commit cannot be completed since the consumer is not part of an active group for auto partition assignment; it is likely that the consumer was kicked out of the group.
	at org.apache.kafka.clients.consumer.internals.ConsumerCoordinator.sendOffsetCommitRequest(ConsumerCoordinator.java:1320)
	at org.apache.kafka.clients.consumer.internals.ConsumerCoordinator.commitOffsetsSync(ConsumerCoordinator.java:1155)
	at org.apache.kafka.clients.consumer.internals.ClassicKafkaConsumer.commitSync(ClassicKafkaConsumer.java:747)
	at org.apache.kafka.clients.consumer.KafkaConsumer.commitSync(KafkaConsumer.java:1094)
	at org.springframework.kafka.listener.KafkaMessageListenerContainer$ListenerConsumer.doCommitSync(KafkaMessageListenerContainer.java:3474)
	at org.springframework.kafka.listener.KafkaMessageListenerContainer$ListenerConsumer.commitSync(KafkaMessageListenerContainer.java:3469)
	at org.springframework.kafka.listener.KafkaMessageListenerContainer$ListenerConsumer.commitOffsets(KafkaMessageListenerContainer.java:3452)
	at org.springframework.kafka.listener.KafkaMessageListenerContainer$ListenerConsumer.commitOffsetsInTransactions(KafkaMessageListenerContainer.java:3443)
	at org.springframework.kafka.listener.KafkaMessageListenerContainer$ListenerConsumer.ackImmediate(KafkaMessageListenerContainer.java:2187)
	at org.springframework.kafka.listener.KafkaMessageListenerContainer$ListenerConsumer.processAck(KafkaMessageListenerContainer.java:2082)
	at org.springframework.kafka.listener.KafkaMessageListenerContainer$ListenerConsumer.doAck(KafkaMessageListenerContainer.java:2062)
	at org.springframework.kafka.listener.KafkaMessageListenerContainer$ListenerConsumer$ConsumerAcknowledgment.acknowledge(KafkaMessageListenerContainer.java:3622)
	at com.example.kafkarebalance.listener.MultiTopicRebalanceListener.onMessage(MultiTopicRebalanceListener.kt:67)
	at java.base/jdk.internal.reflect.DirectMethodHandleAccessor.invoke(DirectMethodHandleAccessor.java:104)
	at java.base/java.lang.reflect.Method.invoke(Method.java:565)
	at org.springframework.messaging.handler.invocation.InvocableHandlerMethod.doInvoke(InvocableHandlerMethod.java:168)
	at org.springframework.kafka.listener.adapter.KotlinAwareInvocableHandlerMethod.doInvoke(KotlinAwareInvocableHandlerMethod.java:48)
	at org.springframework.messaging.handler.invocation.InvocableHandlerMethod.invoke(InvocableHandlerMethod.java:119)
	at org.springframework.kafka.listener.adapter.HandlerAdapter.invoke(HandlerAdapter.java:80)
	at org.springframework.kafka.listener.adapter.MessagingMessageListenerAdapter.invokeHandler(MessagingMessageListenerAdapter.java:488)
	at org.springframework.kafka.listener.adapter.MessagingMessageListenerAdapter.invoke(MessagingMessageListenerAdapter.java:425)
	at org.springframework.kafka.listener.adapter.RecordMessagingMessageListenerAdapter.onMessage(RecordMessagingMessageListenerAdapter.java:92)
	at org.springframework.kafka.listener.adapter.RecordMessagingMessageListenerAdapter.onMessage(RecordMessagingMessageListenerAdapter.java:52)
	at org.springframework.kafka.listener.KafkaMessageListenerContainer$ListenerConsumer.doInvokeOnMessage(KafkaMessageListenerContainer.java:2948)
	at org.springframework.kafka.listener.KafkaMessageListenerContainer$ListenerConsumer.invokeOnMessage(KafkaMessageListenerContainer.java:2927)
	at org.springframework.kafka.listener.KafkaMessageListenerContainer$ListenerConsumer.doInvokeRecordListener(KafkaMessageListenerContainer.java:2837)
	at org.springframework.kafka.listener.KafkaMessageListenerContainer$ListenerConsumer.doInvokeWithRecords(KafkaMessageListenerContainer.java:2679)
	at org.springframework.kafka.listener.KafkaMessageListenerContainer$ListenerConsumer.invokeRecordListener(KafkaMessageListenerContainer.java:2573)
	at org.springframework.kafka.listener.KafkaMessageListenerContainer$ListenerConsumer.invokeListener(KafkaMessageListenerContainer.java:2204)
	at org.springframework.kafka.listener.KafkaMessageListenerContainer$ListenerConsumer.invokeIfHaveRecords(KafkaMessageListenerContainer.java:1559)
	at org.springframework.kafka.listener.KafkaMessageListenerContainer$ListenerConsumer.pollAndInvoke(KafkaMessageListenerContainer.java:1499)
	at org.springframework.kafka.listener.KafkaMessageListenerContainer$ListenerConsumer.run(KafkaMessageListenerContainer.java:1368)
	at java.base/java.util.concurrent.CompletableFuture$AsyncRun.run(CompletableFuture.java:1825)
	at java.base/java.lang.Thread.run(Thread.java:1474)
11:45:03.866 [org.springframework.kafka.KafkaListenerEndpointContainer#0-0-C-1] DEBUG o.a.k.c.consumer.internals.ConsumerCoordinator - [Consumer clientId=consumer-slow-consumer-group-1, groupId=slow-consumer-group] Executing onJoinPrepare with generation -1 and memberId 
11:45:03.867 [org.springframework.kafka.KafkaListenerEndpointContainer#0-0-C-1] INFO  o.a.k.c.consumer.internals.ConsumerCoordinator - [Consumer clientId=consumer-slow-consumer-group-1, groupId=slow-consumer-group] Giving away all assigned partitions as lost since generation/memberID has been reset,indicating that consumer is in old state or no longer part of the group
11:45:03.867 [org.springframework.kafka.KafkaListenerEndpointContainer#0-0-C-1] INFO  o.a.k.c.c.i.ConsumerRebalanceListenerInvoker - [Consumer clientId=consumer-slow-consumer-group-1, groupId=slow-consumer-group] Lost previously assigned partitions [other-events-0, other-events-1, other-events-2, slow-events-0, slow-events-1, slow-events-2]
11:45:03.867 [org.springframework.kafka.KafkaListenerEndpointContainer#0-0-C-1] INFO  o.s.kafka.listener.KafkaMessageListenerContainer - slow-consumer-group: partitions lost: [other-events-0, other-events-1, other-events-2, slow-events-0, slow-events-1, slow-events-2]
11:45:03.867 [org.springframework.kafka.KafkaListenerEndpointContainer#0-0-C-1] INFO  o.s.kafka.listener.KafkaMessageListenerContainer - slow-consumer-group: partitions revoked: [other-events-0, other-events-1, other-events-2, slow-events-0, slow-events-1, slow-events-2]
11:45:03.867 [org.springframework.kafka.KafkaListenerEndpointContainer#0-0-C-1] INFO  o.a.k.c.consumer.internals.ConsumerCoordinator - [Consumer clientId=consumer-slow-consumer-group-1, groupId=slow-consumer-group] (Re-)joining group
11:45:03.867 [org.springframework.kafka.KafkaListenerEndpointContainer#0-0-C-1] DEBUG o.a.k.c.consumer.internals.ConsumerCoordinator - [Consumer clientId=consumer-slow-consumer-group-1, groupId=slow-consumer-group] Joining group with current subscription: [slow-events, other-events]
11:45:03.867 [org.springframework.kafka.KafkaListenerEndpointContainer#0-0-C-1] DEBUG o.a.k.c.consumer.internals.ConsumerCoordinator - [Consumer clientId=consumer-slow-consumer-group-1, groupId=slow-consumer-group] Sending JoinGroup (JoinGroupRequestData(groupId='slow-consumer-group', sessionTimeoutMs=10000, rebalanceTimeoutMs=6000, memberId='', groupInstanceId=null, protocolType='consumer', protocols=[JoinGroupRequestProtocol(name='range', metadata=[0, 3, 0, 0, 0, 2, 0, 12, 111, 116, 104, 101, 114, 45, 101, 118, 101, 110, 116, 115, 0, 11, 115, 108, 111, 119, 45, 101, 118, 101, 110, 116, 115, -1, -1, -1, -1, 0, 0, 0, 0, -1, -1, -1, -1, -1, -1]), JoinGroupRequestProtocol(name='cooperative-sticky', metadata=[0, 3, 0, 0, 0, 2, 0, 12, 111, 116, 104, 101, 114, 45, 101, 118, 101, 110, 116, 115, 0, 11, 115, 108, 111, 119, 45, 101, 118, 101, 110, 116, 115, 0, 0, 0, 4, -1, -1, -1, -1, 0, 0, 0, 0, -1, -1, -1, -1, -1, -1])], reason='consumer pro-actively leaving the group')) to coordinator localhost:9092 (id: 2147483646 rack: null isFenced: false)
11:45:03.873 [org.springframework.kafka.KafkaListenerEndpointContainer#0-0-C-1] DEBUG o.a.k.c.consumer.internals.ConsumerCoordinator - [Consumer clientId=consumer-slow-consumer-group-1, groupId=slow-consumer-group] JoinGroup failed due to non-fatal error: MEMBER_ID_REQUIRED. Will set the member id as consumer-slow-consumer-group-1-e308d489-26ac-4e47-8da6-d017e64d0b03 and then rejoin. Sent generation was Generation{generationId=-1, memberId='', protocol='null'}
11:45:03.873 [org.springframework.kafka.KafkaListenerEndpointContainer#0-0-C-1] INFO  o.a.k.c.consumer.internals.ConsumerCoordinator - [Consumer clientId=consumer-slow-consumer-group-1, groupId=slow-consumer-group] Request joining group due to: need to re-join with the given member-id: consumer-slow-consumer-group-1-e308d489-26ac-4e47-8da6-d017e64d0b03
11:45:03.873 [org.springframework.kafka.KafkaListenerEndpointContainer#0-0-C-1] INFO  o.a.k.c.consumer.internals.ConsumerCoordinator - [Consumer clientId=consumer-slow-consumer-group-1, groupId=slow-consumer-group] (Re-)joining group
11:45:03.873 [org.springframework.kafka.KafkaListenerEndpointContainer#0-0-C-1] DEBUG o.a.k.c.consumer.internals.ConsumerCoordinator - [Consumer clientId=consumer-slow-consumer-group-1, groupId=slow-consumer-group] Joining group with current subscription: [slow-events, other-events]
11:45:03.874 [org.springframework.kafka.KafkaListenerEndpointContainer#0-0-C-1] DEBUG o.a.k.c.consumer.internals.ConsumerCoordinator - [Consumer clientId=consumer-slow-consumer-group-1, groupId=slow-consumer-group] Sending JoinGroup (JoinGroupRequestData(groupId='slow-consumer-group', sessionTimeoutMs=10000, rebalanceTimeoutMs=6000, memberId='consumer-slow-consumer-group-1-e308d489-26ac-4e47-8da6-d017e64d0b03', groupInstanceId=null, protocolType='consumer', protocols=[JoinGroupRequestProtocol(name='range', metadata=[0, 3, 0, 0, 0, 2, 0, 12, 111, 116, 104, 101, 114, 45, 101, 118, 101, 110, 116, 115, 0, 11, 115, 108, 111, 119, 45, 101, 118, 101, 110, 116, 115, -1, -1, -1, -1, 0, 0, 0, 0, -1, -1, -1, -1, -1, -1]), JoinGroupRequestProtocol(name='cooperative-sticky', metadata=[0, 3, 0, 0, 0, 2, 0, 12, 111, 116, 104, 101, 114, 45, 101, 118, 101, 110, 116, 115, 0, 11, 115, 108, 111, 119, 45, 101, 118, 101, 110, 116, 115, 0, 0, 0, 4, -1, -1, -1, -1, 0, 0, 0, 0, -1, -1, -1, -1, -1, -1])], reason='need to re-join with the given member-id: consumer-slow-consumer-group-1-e308d489-26ac-4e47-8da6-d017e64d0b03')) to coordinator localhost:9092 (id: 2147483646 rack: null isFenced: false)
11:45:03.876 [org.springframework.kafka.KafkaListenerEndpointContainer#0-0-C-1] DEBUG o.a.k.c.consumer.internals.ConsumerCoordinator - [Consumer clientId=consumer-slow-consumer-group-1, groupId=slow-consumer-group] Received successful JoinGroup response: JoinGroupResponseData(throttleTimeMs=0, errorCode=0, generationId=11, protocolType='consumer', protocolName='range', leader='consumer-slow-consumer-group-1-e308d489-26ac-4e47-8da6-d017e64d0b03', skipAssignment=false, memberId='consumer-slow-consumer-group-1-e308d489-26ac-4e47-8da6-d017e64d0b03', members=[JoinGroupResponseMember(memberId='consumer-slow-consumer-group-1-e308d489-26ac-4e47-8da6-d017e64d0b03', groupInstanceId=null, metadata=[0, 3, 0, 0, 0, 2, 0, 12, 111, 116, 104, 101, 114, 45, 101, 118, 101, 110, 116, 115, 0, 11, 115, 108, 111, 119, 45, 101, 118, 101, 110, 116, 115, -1, -1, -1, -1, 0, 0, 0, 0, -1, -1, -1, -1, -1, -1])])
11:45:03.876 [org.springframework.kafka.KafkaListenerEndpointContainer#0-0-C-1] DEBUG o.a.k.c.consumer.internals.ConsumerCoordinator - [Consumer clientId=consumer-slow-consumer-group-1, groupId=slow-consumer-group] Enabling heartbeat thread
11:45:03.876 [org.springframework.kafka.KafkaListenerEndpointContainer#0-0-C-1] INFO  o.a.k.c.consumer.internals.ConsumerCoordinator - [Consumer clientId=consumer-slow-consumer-group-1, groupId=slow-consumer-group] Successfully joined group with generation Generation{generationId=11, memberId='consumer-slow-consumer-group-1-e308d489-26ac-4e47-8da6-d017e64d0b03', protocol='range'}
11:45:03.876 [org.springframework.kafka.KafkaListenerEndpointContainer#0-0-C-1] DEBUG o.a.k.c.consumer.internals.ConsumerCoordinator - [Consumer clientId=consumer-slow-consumer-group-1, groupId=slow-consumer-group] Performing assignment using strategy range with subscriptions {consumer-slow-consumer-group-1-e308d489-26ac-4e47-8da6-d017e64d0b03=Subscription(topics=[other-events, slow-events], ownedPartitions=[], groupInstanceId=null, generationId=-1, rackId=null)}
11:45:03.877 [org.springframework.kafka.KafkaListenerEndpointContainer#0-0-C-1] INFO  o.a.k.c.consumer.internals.ConsumerCoordinator - [Consumer clientId=consumer-slow-consumer-group-1, groupId=slow-consumer-group] Finished assignment for group at generation 11: {consumer-slow-consumer-group-1-e308d489-26ac-4e47-8da6-d017e64d0b03=Assignment(partitions=[other-events-0, other-events-1, other-events-2, slow-events-0, slow-events-1, slow-events-2])}
11:45:03.877 [org.springframework.kafka.KafkaListenerEndpointContainer#0-0-C-1] DEBUG o.a.k.c.consumer.internals.ConsumerCoordinator - [Consumer clientId=consumer-slow-consumer-group-1, groupId=slow-consumer-group] Sending leader SyncGroup to coordinator localhost:9092 (id: 2147483646 rack: null isFenced: false): SyncGroupRequestData(groupId='slow-consumer-group', generationId=11, memberId='consumer-slow-consumer-group-1-e308d489-26ac-4e47-8da6-d017e64d0b03', groupInstanceId=null, protocolType='consumer', protocolName='range', assignments=[SyncGroupRequestAssignment(memberId='consumer-slow-consumer-group-1-e308d489-26ac-4e47-8da6-d017e64d0b03', assignment=[0, 3, 0, 0, 0, 2, 0, 12, 111, 116, 104, 101, 114, 45, 101, 118, 101, 110, 116, 115, 0, 0, 0, 3, 0, 0, 0, 0, 0, 0, 0, 1, 0, 0, 0, 2, 0, 11, 115, 108, 111, 119, 45, 101, 118, 101, 110, 116, 115, 0, 0, 0, 3, 0, 0, 0, 0, 0, 0, 0, 1, 0, 0, 0, 2, -1, -1, -1, -1])])
11:45:03.880 [org.springframework.kafka.KafkaListenerEndpointContainer#0-0-C-1] DEBUG o.a.k.c.consumer.internals.ConsumerCoordinator - [Consumer clientId=consumer-slow-consumer-group-1, groupId=slow-consumer-group] Received successful SyncGroup response: SyncGroupResponseData(throttleTimeMs=0, errorCode=0, protocolType='consumer', protocolName='range', assignment=[0, 3, 0, 0, 0, 2, 0, 12, 111, 116, 104, 101, 114, 45, 101, 118, 101, 110, 116, 115, 0, 0, 0, 3, 0, 0, 0, 0, 0, 0, 0, 1, 0, 0, 0, 2, 0, 11, 115, 108, 111, 119, 45, 101, 118, 101, 110, 116, 115, 0, 0, 0, 3, 0, 0, 0, 0, 0, 0, 0, 1, 0, 0, 0, 2, -1, -1, -1, -1])
11:45:03.880 [org.springframework.kafka.KafkaListenerEndpointContainer#0-0-C-1] INFO  o.a.k.c.consumer.internals.ConsumerCoordinator - [Consumer clientId=consumer-slow-consumer-group-1, groupId=slow-consumer-group] Successfully synced group in generation Generation{generationId=11, memberId='consumer-slow-consumer-group-1-e308d489-26ac-4e47-8da6-d017e64d0b03', protocol='range'}
11:45:03.880 [org.springframework.kafka.KafkaListenerEndpointContainer#0-0-C-1] DEBUG o.a.k.c.consumer.internals.ConsumerCoordinator - [Consumer clientId=consumer-slow-consumer-group-1, groupId=slow-consumer-group] Executing onJoinComplete with generation 11 and memberId consumer-slow-consumer-group-1-e308d489-26ac-4e47-8da6-d017e64d0b03
11:45:03.880 [org.springframework.kafka.KafkaListenerEndpointContainer#0-0-C-1] INFO  o.a.k.c.consumer.internals.ConsumerCoordinator - [Consumer clientId=consumer-slow-consumer-group-1, groupId=slow-consumer-group] Notifying assignor about the new Assignment(partitions=[other-events-0, other-events-1, other-events-2, slow-events-0, slow-events-1, slow-events-2])
11:45:03.880 [org.springframework.kafka.KafkaListenerEndpointContainer#0-0-C-1] INFO  o.a.k.c.c.i.ConsumerRebalanceListenerInvoker - [Consumer clientId=consumer-slow-consumer-group-1, groupId=slow-consumer-group] Adding newly assigned partitions: [other-events-0, other-events-1, other-events-2, slow-events-0, slow-events-1, slow-events-2]
11:45:03.880 [org.springframework.kafka.KafkaListenerEndpointContainer#0-0-C-1] DEBUG o.a.k.c.consumer.internals.ConsumerCoordinator - [Consumer clientId=consumer-slow-consumer-group-1, groupId=slow-consumer-group] Fetching committed offsets for partitions: [other-events-0, slow-events-2, other-events-1, slow-events-1, other-events-2, slow-events-0]
11:45:03.881 [org.springframework.kafka.KafkaListenerEndpointContainer#0-0-C-1] INFO  o.a.k.c.consumer.internals.ConsumerCoordinator - [Consumer clientId=consumer-slow-consumer-group-1, groupId=slow-consumer-group] Found no committed offset for partition slow-events-2
11:45:03.882 [org.springframework.kafka.KafkaListenerEndpointContainer#0-0-C-1] INFO  o.a.k.c.consumer.internals.ConsumerCoordinator - [Consumer clientId=consumer-slow-consumer-group-1, groupId=slow-consumer-group] Found no committed offset for partition slow-events-1
11:45:03.882 [org.springframework.kafka.KafkaListenerEndpointContainer#0-0-C-1] INFO  o.a.k.c.consumer.internals.ConsumerCoordinator - [Consumer clientId=consumer-slow-consumer-group-1, groupId=slow-consumer-group] Found no committed offset for partition slow-events-0
11:45:03.882 [org.springframework.kafka.KafkaListenerEndpointContainer#0-0-C-1] INFO  o.a.k.c.consumer.internals.ConsumerCoordinator - [Consumer clientId=consumer-slow-consumer-group-1, groupId=slow-consumer-group] Found no committed offset for partition other-events-0
11:45:03.882 [org.springframework.kafka.KafkaListenerEndpointContainer#0-0-C-1] INFO  o.a.k.c.consumer.internals.ConsumerCoordinator - [Consumer clientId=consumer-slow-consumer-group-1, groupId=slow-consumer-group] Found no committed offset for partition other-events-1
11:45:03.882 [org.springframework.kafka.KafkaListenerEndpointContainer#0-0-C-1] INFO  o.a.kafka.clients.consumer.internals.ConsumerUtils - Setting offset for partition other-events-2 to the committed offset FetchPosition{offset=60, offsetEpoch=Optional.empty, currentLeader=LeaderAndEpoch{leader=Optional[localhost:9092 (id: 1 rack: null isFenced: false)], epoch=0}}
11:45:03.884 [org.springframework.kafka.KafkaListenerEndpointContainer#0-0-C-1] INFO  o.a.k.clients.consumer.internals.SubscriptionState - [Consumer clientId=consumer-slow-consumer-group-1, groupId=slow-consumer-group] Resetting offset for partition other-events-0 to position FetchPosition{offset=0, offsetEpoch=Optional.empty, currentLeader=LeaderAndEpoch{leader=Optional[localhost:9092 (id: 1 rack: null isFenced: false)], epoch=0}}.
11:45:03.884 [org.springframework.kafka.KafkaListenerEndpointContainer#0-0-C-1] INFO  o.a.k.clients.consumer.internals.SubscriptionState - [Consumer clientId=consumer-slow-consumer-group-1, groupId=slow-consumer-group] Resetting offset for partition slow-events-2 to position FetchPosition{offset=0, offsetEpoch=Optional.empty, currentLeader=LeaderAndEpoch{leader=Optional[localhost:9092 (id: 1 rack: null isFenced: false)], epoch=0}}.
11:45:03.884 [org.springframework.kafka.KafkaListenerEndpointContainer#0-0-C-1] INFO  o.a.k.clients.consumer.internals.SubscriptionState - [Consumer clientId=consumer-slow-consumer-group-1, groupId=slow-consumer-group] Resetting offset for partition other-events-1 to position FetchPosition{offset=0, offsetEpoch=Optional.empty, currentLeader=LeaderAndEpoch{leader=Optional[localhost:9092 (id: 1 rack: null isFenced: false)], epoch=0}}.
11:45:03.884 [org.springframework.kafka.KafkaListenerEndpointContainer#0-0-C-1] INFO  o.a.k.clients.consumer.internals.SubscriptionState - [Consumer clientId=consumer-slow-consumer-group-1, groupId=slow-consumer-group] Resetting offset for partition slow-events-1 to position FetchPosition{offset=0, offsetEpoch=Optional.empty, currentLeader=LeaderAndEpoch{leader=Optional[localhost:9092 (id: 1 rack: null isFenced: false)], epoch=0}}.
11:45:03.884 [org.springframework.kafka.KafkaListenerEndpointContainer#0-0-C-1] INFO  o.a.k.clients.consumer.internals.SubscriptionState - [Consumer clientId=consumer-slow-consumer-group-1, groupId=slow-consumer-group] Resetting offset for partition slow-events-0 to position FetchPosition{offset=0, offsetEpoch=Optional.empty, currentLeader=LeaderAndEpoch{leader=Optional[localhost:9092 (id: 1 rack: null isFenced: false)], epoch=0}}.
11:45:03.884 [org.springframework.kafka.KafkaListenerEndpointContainer#0-0-C-1] INFO  o.s.kafka.listener.KafkaMessageListenerContainer - slow-consumer-group: partitions assigned: [other-events-0, other-events-1, other-events-2, slow-events-0, slow-events-1, slow-events-2]
11:45:03.888 [org.springframework.kafka.KafkaListenerEndpointContainer#0-0-C-1] DEBUG o.s.kafka.listener.KafkaMessageListenerContainer - Received: 1 records
11:45:03.888 [org.springframework.kafka.KafkaListenerEndpointContainer#0-0-C-1] DEBUG o.s.k.l.a.RecordMessagingMessageListenerAdapter - Processing [GenericMessage [payload=DemoEvent(id=9626ebdb-933a-4ed5-a697-a129cf64a008, payload=demo-event-0, slow=true, retryTrigger=false, flaky=false, createdAt=2026-08-27T03:44:08.031207Z), headers={kafka_offset=0, kafka_consumer=org.springframework.kafka.core.DefaultKafkaConsumerFactory$ExtendedKafkaConsumer@75fd7ccc, kafka_timestampType=CREATE_TIME, kafka_receivedPartitionId=2, kafka_receivedMessageKey=0, kafka_receivedTopic=slow-events, kafka_receivedTimestamp=1787802248033, kafka_acknowledgment=Acknowledgment for slow-events-2@0, kafka_groupId=slow-consumer-group}]]
11:45:03.889 [org.springframework.kafka.KafkaListenerEndpointContainer#0-0-C-1] INFO  c.e.k.listener.MultiTopicRebalanceListener - 收到消息 id=9626ebdb-933a-4ed5-a697-a129cf64a008 topic=slow-events partition=2 slow=true
11:45:03.889 [org.springframework.kafka.KafkaListenerEndpointContainer#0-0-C-1] WARN  c.e.k.listener.MultiTopicRebalanceListener - 模拟慢处理开始：id=9626ebdb-933a-4ed5-a697-a129cf64a008 topic=slow-events 将阻塞 10000ms（超过 max.poll.interval.ms，预期触发 rebalance）
11:45:06.898 [kafka-coordinator-heartbeat-thread | slow-consumer-group] DEBUG o.a.k.c.consumer.internals.ConsumerCoordinator - [Consumer clientId=consumer-slow-consumer-group-1, groupId=slow-consumer-group] Sending Heartbeat request with generation 11 and member id consumer-slow-consumer-group-1-e308d489-26ac-4e47-8da6-d017e64d0b03 to coordinator localhost:9092 (id: 2147483646 rack: null isFenced: false)
11:45:07.000 [kafka-coordinator-heartbeat-thread | slow-consumer-group] DEBUG o.a.k.c.consumer.internals.ConsumerCoordinator - [Consumer clientId=consumer-slow-consumer-group-1, groupId=slow-consumer-group] Received successful Heartbeat response
11:45:09.902 [kafka-coordinator-heartbeat-thread | slow-consumer-group] WARN  o.a.k.c.consumer.internals.ConsumerCoordinator - [Consumer clientId=consumer-slow-consumer-group-1, groupId=slow-consumer-group] consumer poll timeout has expired. This means the time between subsequent calls to poll() was longer than the configured max.poll.interval.ms, which typically implies that the poll loop is spending too much time processing messages. You can address this either by increasing max.poll.interval.ms or by reducing the maximum size of batches returned in poll() with max.poll.records.
11:45:09.902 [kafka-coordinator-heartbeat-thread | slow-consumer-group] INFO  o.a.k.c.consumer.internals.ConsumerCoordinator - [Consumer clientId=consumer-slow-consumer-group-1, groupId=slow-consumer-group] Member consumer-slow-consumer-group-1-e308d489-26ac-4e47-8da6-d017e64d0b03 sending LeaveGroup request to coordinator localhost:9092 (id: 2147483646 rack: null isFenced: false) due to consumer poll timeout has expired.
11:45:09.902 [kafka-coordinator-heartbeat-thread | slow-consumer-group] INFO  o.a.k.c.consumer.internals.ConsumerCoordinator - [Consumer clientId=consumer-slow-consumer-group-1, groupId=slow-consumer-group] Resetting generation and member id due to: consumer pro-actively leaving the group
11:45:09.902 [kafka-coordinator-heartbeat-thread | slow-consumer-group] INFO  o.a.k.c.consumer.internals.ConsumerCoordinator - [Consumer clientId=consumer-slow-consumer-group-1, groupId=slow-consumer-group] Request joining group due to: consumer pro-actively leaving the group
11:45:13.892 [org.springframework.kafka.KafkaListenerEndpointContainer#0-0-C-1] DEBUG o.s.kafka.listener.KafkaMessageListenerContainer - Committing: {slow-events-2=OffsetAndMetadata{offset=1, leaderEpoch=null, metadata=''}}
11:45:13.892 [org.springframework.kafka.KafkaListenerEndpointContainer#0-0-C-1] INFO  o.a.k.c.consumer.internals.ConsumerCoordinator - [Consumer clientId=consumer-slow-consumer-group-1, groupId=slow-consumer-group] Failing OffsetCommit request since the consumer is not part of an active group
11:45:13.893 [org.springframework.kafka.KafkaListenerEndpointContainer#0-0-C-1] DEBUG o.a.k.c.consumer.internals.ConsumerCoordinator - [Consumer clientId=consumer-slow-consumer-group-1, groupId=slow-consumer-group] LeaveGroup response with Generation{generationId=11, memberId='consumer-slow-consumer-group-1-e308d489-26ac-4e47-8da6-d017e64d0b03', protocol='range'} returned successfully: ClientResponse(receivedTimeMs=1787802313893, latencyMs=3991, disconnected=false, timedOut=false, requestHeader=RequestHeader(apiKey=LEAVE_GROUP, apiVersion=5, clientId=consumer-slow-consumer-group-1, correlationId=140, headerVersion=2), responseBody=LeaveGroupResponseData(throttleTimeMs=0, errorCode=0, members=[MemberResponse(memberId='consumer-slow-consumer-group-1-e308d489-26ac-4e47-8da6-d017e64d0b03', groupInstanceId=null, errorCode=0)]))
11:45:13.893 [org.springframework.kafka.KafkaListenerEndpointContainer#0-0-C-1] WARN  c.e.k.listener.MultiTopicRebalanceListener - 提交 offset 失败，可能因 rebalance 导致该分区已被回收 id=9626ebdb-933a-4ed5-a697-a129cf64a008 topic=slow-events
org.apache.kafka.clients.consumer.CommitFailedException: Offset commit cannot be completed since the consumer is not part of an active group for auto partition assignment; it is likely that the consumer was kicked out of the group.
	at org.apache.kafka.clients.consumer.internals.ConsumerCoordinator.sendOffsetCommitRequest(ConsumerCoordinator.java:1320)
	at org.apache.kafka.clients.consumer.internals.ConsumerCoordinator.commitOffsetsSync(ConsumerCoordinator.java:1155)
	at org.apache.kafka.clients.consumer.internals.ClassicKafkaConsumer.commitSync(ClassicKafkaConsumer.java:747)
	at org.apache.kafka.clients.consumer.KafkaConsumer.commitSync(KafkaConsumer.java:1094)
	at org.springframework.kafka.listener.KafkaMessageListenerContainer$ListenerConsumer.doCommitSync(KafkaMessageListenerContainer.java:3474)
	at org.springframework.kafka.listener.KafkaMessageListenerContainer$ListenerConsumer.commitSync(KafkaMessageListenerContainer.java:3469)
	at org.springframework.kafka.listener.KafkaMessageListenerContainer$ListenerConsumer.commitOffsets(KafkaMessageListenerContainer.java:3452)
	at org.springframework.kafka.listener.KafkaMessageListenerContainer$ListenerConsumer.commitOffsetsInTransactions(KafkaMessageListenerContainer.java:3443)
	at org.springframework.kafka.listener.KafkaMessageListenerContainer$ListenerConsumer.ackImmediate(KafkaMessageListenerContainer.java:2187)
	at org.springframework.kafka.listener.KafkaMessageListenerContainer$ListenerConsumer.processAck(KafkaMessageListenerContainer.java:2082)
	at org.springframework.kafka.listener.KafkaMessageListenerContainer$ListenerConsumer.doAck(KafkaMessageListenerContainer.java:2062)
	at org.springframework.kafka.listener.KafkaMessageListenerContainer$ListenerConsumer$ConsumerAcknowledgment.acknowledge(KafkaMessageListenerContainer.java:3622)
	at com.example.kafkarebalance.listener.MultiTopicRebalanceListener.onMessage(MultiTopicRebalanceListener.kt:67)
	at java.base/jdk.internal.reflect.DirectMethodHandleAccessor.invoke(DirectMethodHandleAccessor.java:104)
	at java.base/java.lang.reflect.Method.invoke(Method.java:565)
	at org.springframework.messaging.handler.invocation.InvocableHandlerMethod.doInvoke(InvocableHandlerMethod.java:168)
	at org.springframework.kafka.listener.adapter.KotlinAwareInvocableHandlerMethod.doInvoke(KotlinAwareInvocableHandlerMethod.java:48)
	at org.springframework.messaging.handler.invocation.InvocableHandlerMethod.invoke(InvocableHandlerMethod.java:119)
	at org.springframework.kafka.listener.adapter.HandlerAdapter.invoke(HandlerAdapter.java:80)
	at org.springframework.kafka.listener.adapter.MessagingMessageListenerAdapter.invokeHandler(MessagingMessageListenerAdapter.java:488)
	at org.springframework.kafka.listener.adapter.MessagingMessageListenerAdapter.invoke(MessagingMessageListenerAdapter.java:425)
	at org.springframework.kafka.listener.adapter.RecordMessagingMessageListenerAdapter.onMessage(RecordMessagingMessageListenerAdapter.java:92)
	at org.springframework.kafka.listener.adapter.RecordMessagingMessageListenerAdapter.onMessage(RecordMessagingMessageListenerAdapter.java:52)
	at org.springframework.kafka.listener.KafkaMessageListenerContainer$ListenerConsumer.doInvokeOnMessage(KafkaMessageListenerContainer.java:2948)
	at org.springframework.kafka.listener.KafkaMessageListenerContainer$ListenerConsumer.invokeOnMessage(KafkaMessageListenerContainer.java:2927)
	at org.springframework.kafka.listener.KafkaMessageListenerContainer$ListenerConsumer.doInvokeRecordListener(KafkaMessageListenerContainer.java:2837)
	at org.springframework.kafka.listener.KafkaMessageListenerContainer$ListenerConsumer.doInvokeWithRecords(KafkaMessageListenerContainer.java:2679)
	at org.springframework.kafka.listener.KafkaMessageListenerContainer$ListenerConsumer.invokeRecordListener(KafkaMessageListenerContainer.java:2573)
	at org.springframework.kafka.listener.KafkaMessageListenerContainer$ListenerConsumer.invokeListener(KafkaMessageListenerContainer.java:2204)
	at org.springframework.kafka.listener.KafkaMessageListenerContainer$ListenerConsumer.invokeIfHaveRecords(KafkaMessageListenerContainer.java:1559)
	at org.springframework.kafka.listener.KafkaMessageListenerContainer$ListenerConsumer.pollAndInvoke(KafkaMessageListenerContainer.java:1499)
	at org.springframework.kafka.listener.KafkaMessageListenerContainer$ListenerConsumer.run(KafkaMessageListenerContainer.java:1368)
	at java.base/java.util.concurrent.CompletableFuture$AsyncRun.run(CompletableFuture.java:1825)
	at java.base/java.lang.Thread.run(Thread.java:1474)
11:45:13.894 [org.springframework.kafka.KafkaListenerEndpointContainer#0-0-C-1] DEBUG o.a.k.c.consumer.internals.ConsumerCoordinator - [Consumer clientId=consumer-slow-consumer-group-1, groupId=slow-consumer-group] Executing onJoinPrepare with generation -1 and memberId 
11:45:13.894 [org.springframework.kafka.KafkaListenerEndpointContainer#0-0-C-1] INFO  o.a.k.c.consumer.internals.ConsumerCoordinator - [Consumer clientId=consumer-slow-consumer-group-1, groupId=slow-consumer-group] Giving away all assigned partitions as lost since generation/memberID has been reset,indicating that consumer is in old state or no longer part of the group
11:45:13.894 [org.springframework.kafka.KafkaListenerEndpointContainer#0-0-C-1] INFO  o.a.k.c.c.i.ConsumerRebalanceListenerInvoker - [Consumer clientId=consumer-slow-consumer-group-1, groupId=slow-consumer-group] Lost previously assigned partitions [other-events-0, other-events-1, other-events-2, slow-events-0, slow-events-1, slow-events-2]
11:45:13.894 [org.springframework.kafka.KafkaListenerEndpointContainer#0-0-C-1] INFO  o.s.kafka.listener.KafkaMessageListenerContainer - slow-consumer-group: partitions lost: [other-events-0, other-events-1, other-events-2, slow-events-0, slow-events-1, slow-events-2]
11:45:13.894 [org.springframework.kafka.KafkaListenerEndpointContainer#0-0-C-1] INFO  o.s.kafka.listener.KafkaMessageListenerContainer - slow-consumer-group: partitions revoked: [other-events-0, other-events-1, other-events-2, slow-events-0, slow-events-1, slow-events-2]
11:45:13.894 [org.springframework.kafka.KafkaListenerEndpointContainer#0-0-C-1] INFO  o.a.k.c.consumer.internals.ConsumerCoordinator - [Consumer clientId=consumer-slow-consumer-group-1, groupId=slow-consumer-group] (Re-)joining group
11:45:13.894 [org.springframework.kafka.KafkaListenerEndpointContainer#0-0-C-1] DEBUG o.a.k.c.consumer.internals.ConsumerCoordinator - [Consumer clientId=consumer-slow-consumer-group-1, groupId=slow-consumer-group] Joining group with current subscription: [slow-events, other-events]
11:45:13.895 [org.springframework.kafka.KafkaListenerEndpointContainer#0-0-C-1] DEBUG o.a.k.c.consumer.internals.ConsumerCoordinator - [Consumer clientId=consumer-slow-consumer-group-1, groupId=slow-consumer-group] Sending JoinGroup (JoinGroupRequestData(groupId='slow-consumer-group', sessionTimeoutMs=10000, rebalanceTimeoutMs=6000, memberId='', groupInstanceId=null, protocolType='consumer', protocols=[JoinGroupRequestProtocol(name='range', metadata=[0, 3, 0, 0, 0, 2, 0, 12, 111, 116, 104, 101, 114, 45, 101, 118, 101, 110, 116, 115, 0, 11, 115, 108, 111, 119, 45, 101, 118, 101, 110, 116, 115, -1, -1, -1, -1, 0, 0, 0, 0, -1, -1, -1, -1, -1, -1]), JoinGroupRequestProtocol(name='cooperative-sticky', metadata=[0, 3, 0, 0, 0, 2, 0, 12, 111, 116, 104, 101, 114, 45, 101, 118, 101, 110, 116, 115, 0, 11, 115, 108, 111, 119, 45, 101, 118, 101, 110, 116, 115, 0, 0, 0, 4, -1, -1, -1, -1, 0, 0, 0, 0, -1, -1, -1, -1, -1, -1])], reason='consumer pro-actively leaving the group')) to coordinator localhost:9092 (id: 2147483646 rack: null isFenced: false)
11:45:13.901 [org.springframework.kafka.KafkaListenerEndpointContainer#0-0-C-1] DEBUG o.a.k.c.consumer.internals.ConsumerCoordinator - [Consumer clientId=consumer-slow-consumer-group-1, groupId=slow-consumer-group] JoinGroup failed due to non-fatal error: MEMBER_ID_REQUIRED. Will set the member id as consumer-slow-consumer-group-1-28af91a8-46ef-4416-83db-a68d89eec903 and then rejoin. Sent generation was Generation{generationId=-1, memberId='', protocol='null'}
11:45:13.901 [org.springframework.kafka.KafkaListenerEndpointContainer#0-0-C-1] INFO  o.a.k.c.consumer.internals.ConsumerCoordinator - [Consumer clientId=consumer-slow-consumer-group-1, groupId=slow-consumer-group] Request joining group due to: need to re-join with the given member-id: consumer-slow-consumer-group-1-28af91a8-46ef-4416-83db-a68d89eec903
11:45:13.901 [org.springframework.kafka.KafkaListenerEndpointContainer#0-0-C-1] INFO  o.a.k.c.consumer.internals.ConsumerCoordinator - [Consumer clientId=consumer-slow-consumer-group-1, groupId=slow-consumer-group] (Re-)joining group
11:45:13.901 [org.springframework.kafka.KafkaListenerEndpointContainer#0-0-C-1] DEBUG o.a.k.c.consumer.internals.ConsumerCoordinator - [Consumer clientId=consumer-slow-consumer-group-1, groupId=slow-consumer-group] Joining group with current subscription: [slow-events, other-events]
11:45:13.901 [org.springframework.kafka.KafkaListenerEndpointContainer#0-0-C-1] DEBUG o.a.k.c.consumer.internals.ConsumerCoordinator - [Consumer clientId=consumer-slow-consumer-group-1, groupId=slow-consumer-group] Sending JoinGroup (JoinGroupRequestData(groupId='slow-consumer-group', sessionTimeoutMs=10000, rebalanceTimeoutMs=6000, memberId='consumer-slow-consumer-group-1-28af91a8-46ef-4416-83db-a68d89eec903', groupInstanceId=null, protocolType='consumer', protocols=[JoinGroupRequestProtocol(name='range', metadata=[0, 3, 0, 0, 0, 2, 0, 12, 111, 116, 104, 101, 114, 45, 101, 118, 101, 110, 116, 115, 0, 11, 115, 108, 111, 119, 45, 101, 118, 101, 110, 116, 115, -1, -1, -1, -1, 0, 0, 0, 0, -1, -1, -1, -1, -1, -1]), JoinGroupRequestProtocol(name='cooperative-sticky', metadata=[0, 3, 0, 0, 0, 2, 0, 12, 111, 116, 104, 101, 114, 45, 101, 118, 101, 110, 116, 115, 0, 11, 115, 108, 111, 119, 45, 101, 118, 101, 110, 116, 115, 0, 0, 0, 4, -1, -1, -1, -1, 0, 0, 0, 0, -1, -1, -1, -1, -1, -1])], reason='need to re-join with the given member-id: consumer-slow-consumer-group-1-28af91a8-46ef-4416-83db-a68d89eec903')) to coordinator localhost:9092 (id: 2147483646 rack: null isFenced: false)
11:45:13.905 [org.springframework.kafka.KafkaListenerEndpointContainer#0-0-C-1] DEBUG o.a.k.c.consumer.internals.ConsumerCoordinator - [Consumer clientId=consumer-slow-consumer-group-1, groupId=slow-consumer-group] Received successful JoinGroup response: JoinGroupResponseData(throttleTimeMs=0, errorCode=0, generationId=13, protocolType='consumer', protocolName='range', leader='consumer-slow-consumer-group-1-28af91a8-46ef-4416-83db-a68d89eec903', skipAssignment=false, memberId='consumer-slow-consumer-group-1-28af91a8-46ef-4416-83db-a68d89eec903', members=[JoinGroupResponseMember(memberId='consumer-slow-consumer-group-1-28af91a8-46ef-4416-83db-a68d89eec903', groupInstanceId=null, metadata=[0, 3, 0, 0, 0, 2, 0, 12, 111, 116, 104, 101, 114, 45, 101, 118, 101, 110, 116, 115, 0, 11, 115, 108, 111, 119, 45, 101, 118, 101, 110, 116, 115, -1, -1, -1, -1, 0, 0, 0, 0, -1, -1, -1, -1, -1, -1])])
11:45:13.905 [org.springframework.kafka.KafkaListenerEndpointContainer#0-0-C-1] DEBUG o.a.k.c.consumer.internals.ConsumerCoordinator - [Consumer clientId=consumer-slow-consumer-group-1, groupId=slow-consumer-group] Enabling heartbeat thread
11:45:13.905 [org.springframework.kafka.KafkaListenerEndpointContainer#0-0-C-1] INFO  o.a.k.c.consumer.internals.ConsumerCoordinator - [Consumer clientId=consumer-slow-consumer-group-1, groupId=slow-consumer-group] Successfully joined group with generation Generation{generationId=13, memberId='consumer-slow-consumer-group-1-28af91a8-46ef-4416-83db-a68d89eec903', protocol='range'}
11:45:13.906 [org.springframework.kafka.KafkaListenerEndpointContainer#0-0-C-1] DEBUG o.a.k.c.consumer.internals.ConsumerCoordinator - [Consumer clientId=consumer-slow-consumer-group-1, groupId=slow-consumer-group] Performing assignment using strategy range with subscriptions {consumer-slow-consumer-group-1-28af91a8-46ef-4416-83db-a68d89eec903=Subscription(topics=[other-events, slow-events], ownedPartitions=[], groupInstanceId=null, generationId=-1, rackId=null)}
11:45:13.906 [org.springframework.kafka.KafkaListenerEndpointContainer#0-0-C-1] INFO  o.a.k.c.consumer.internals.ConsumerCoordinator - [Consumer clientId=consumer-slow-consumer-group-1, groupId=slow-consumer-group] Finished assignment for group at generation 13: {consumer-slow-consumer-group-1-28af91a8-46ef-4416-83db-a68d89eec903=Assignment(partitions=[other-events-0, other-events-1, other-events-2, slow-events-0, slow-events-1, slow-events-2])}
11:45:13.906 [org.springframework.kafka.KafkaListenerEndpointContainer#0-0-C-1] DEBUG o.a.k.c.consumer.internals.ConsumerCoordinator - [Consumer clientId=consumer-slow-consumer-group-1, groupId=slow-consumer-group] Sending leader SyncGroup to coordinator localhost:9092 (id: 2147483646 rack: null isFenced: false): SyncGroupRequestData(groupId='slow-consumer-group', generationId=13, memberId='consumer-slow-consumer-group-1-28af91a8-46ef-4416-83db-a68d89eec903', groupInstanceId=null, protocolType='consumer', protocolName='range', assignments=[SyncGroupRequestAssignment(memberId='consumer-slow-consumer-group-1-28af91a8-46ef-4416-83db-a68d89eec903', assignment=[0, 3, 0, 0, 0, 2, 0, 12, 111, 116, 104, 101, 114, 45, 101, 118, 101, 110, 116, 115, 0, 0, 0, 3, 0, 0, 0, 0, 0, 0, 0, 1, 0, 0, 0, 2, 0, 11, 115, 108, 111, 119, 45, 101, 118, 101, 110, 116, 115, 0, 0, 0, 3, 0, 0, 0, 0, 0, 0, 0, 1, 0, 0, 0, 2, -1, -1, -1, -1])])
11:45:13.910 [org.springframework.kafka.KafkaListenerEndpointContainer#0-0-C-1] DEBUG o.a.k.c.consumer.internals.ConsumerCoordinator - [Consumer clientId=consumer-slow-consumer-group-1, groupId=slow-consumer-group] Received successful SyncGroup response: SyncGroupResponseData(throttleTimeMs=0, errorCode=0, protocolType='consumer', protocolName='range', assignment=[0, 3, 0, 0, 0, 2, 0, 12, 111, 116, 104, 101, 114, 45, 101, 118, 101, 110, 116, 115, 0, 0, 0, 3, 0, 0, 0, 0, 0, 0, 0, 1, 0, 0, 0, 2, 0, 11, 115, 108, 111, 119, 45, 101, 118, 101, 110, 116, 115, 0, 0, 0, 3, 0, 0, 0, 0, 0, 0, 0, 1, 0, 0, 0, 2, -1, -1, -1, -1])
11:45:13.910 [org.springframework.kafka.KafkaListenerEndpointContainer#0-0-C-1] INFO  o.a.k.c.consumer.internals.ConsumerCoordinator - [Consumer clientId=consumer-slow-consumer-group-1, groupId=slow-consumer-group] Successfully synced group in generation Generation{generationId=13, memberId='consumer-slow-consumer-group-1-28af91a8-46ef-4416-83db-a68d89eec903', protocol='range'}
11:45:13.910 [org.springframework.kafka.KafkaListenerEndpointContainer#0-0-C-1] DEBUG o.a.k.c.consumer.internals.ConsumerCoordinator - [Consumer clientId=consumer-slow-consumer-group-1, groupId=slow-consumer-group] Executing onJoinComplete with generation 13 and memberId consumer-slow-consumer-group-1-28af91a8-46ef-4416-83db-a68d89eec903
11:45:13.911 [org.springframework.kafka.KafkaListenerEndpointContainer#0-0-C-1] INFO  o.a.k.c.consumer.internals.ConsumerCoordinator - [Consumer clientId=consumer-slow-consumer-group-1, groupId=slow-consumer-group] Notifying assignor about the new Assignment(partitions=[other-events-0, other-events-1, other-events-2, slow-events-0, slow-events-1, slow-events-2])
11:45:13.911 [org.springframework.kafka.KafkaListenerEndpointContainer#0-0-C-1] INFO  o.a.k.c.c.i.ConsumerRebalanceListenerInvoker - [Consumer clientId=consumer-slow-consumer-group-1, groupId=slow-consumer-group] Adding newly assigned partitions: [other-events-0, other-events-1, other-events-2, slow-events-0, slow-events-1, slow-events-2]
11:45:13.911 [org.springframework.kafka.KafkaListenerEndpointContainer#0-0-C-1] DEBUG o.a.k.c.consumer.internals.ConsumerCoordinator - [Consumer clientId=consumer-slow-consumer-group-1, groupId=slow-consumer-group] Fetching committed offsets for partitions: [other-events-0, slow-events-2, other-events-1, slow-events-1, other-events-2, slow-events-0]
11:45:13.913 [org.springframework.kafka.KafkaListenerEndpointContainer#0-0-C-1] INFO  o.a.k.c.consumer.internals.ConsumerCoordinator - [Consumer clientId=consumer-slow-consumer-group-1, groupId=slow-consumer-group] Found no committed offset for partition slow-events-2
11:45:13.913 [org.springframework.kafka.KafkaListenerEndpointContainer#0-0-C-1] INFO  o.a.k.c.consumer.internals.ConsumerCoordinator - [Consumer clientId=consumer-slow-consumer-group-1, groupId=slow-consumer-group] Found no committed offset for partition slow-events-1
11:45:13.913 [org.springframework.kafka.KafkaListenerEndpointContainer#0-0-C-1] INFO  o.a.k.c.consumer.internals.ConsumerCoordinator - [Consumer clientId=consumer-slow-consumer-group-1, groupId=slow-consumer-group] Found no committed offset for partition slow-events-0
11:45:13.913 [org.springframework.kafka.KafkaListenerEndpointContainer#0-0-C-1] INFO  o.a.k.c.consumer.internals.ConsumerCoordinator - [Consumer clientId=consumer-slow-consumer-group-1, groupId=slow-consumer-group] Found no committed offset for partition other-events-0
11:45:13.913 [org.springframework.kafka.KafkaListenerEndpointContainer#0-0-C-1] INFO  o.a.k.c.consumer.internals.ConsumerCoordinator - [Consumer clientId=consumer-slow-consumer-group-1, groupId=slow-consumer-group] Found no committed offset for partition other-events-1
11:45:13.913 [org.springframework.kafka.KafkaListenerEndpointContainer#0-0-C-1] INFO  o.a.kafka.clients.consumer.internals.ConsumerUtils - Setting offset for partition other-events-2 to the committed offset FetchPosition{offset=60, offsetEpoch=Optional.empty, currentLeader=LeaderAndEpoch{leader=Optional[localhost:9092 (id: 1 rack: null isFenced: false)], epoch=0}}
11:45:13.917 [org.springframework.kafka.KafkaListenerEndpointContainer#0-0-C-1] INFO  o.a.k.clients.consumer.internals.SubscriptionState - [Consumer clientId=consumer-slow-consumer-group-1, groupId=slow-consumer-group] Resetting offset for partition other-events-0 to position FetchPosition{offset=0, offsetEpoch=Optional.empty, currentLeader=LeaderAndEpoch{leader=Optional[localhost:9092 (id: 1 rack: null isFenced: false)], epoch=0}}.
11:45:13.917 [org.springframework.kafka.KafkaListenerEndpointContainer#0-0-C-1] INFO  o.a.k.clients.consumer.internals.SubscriptionState - [Consumer clientId=consumer-slow-consumer-group-1, groupId=slow-consumer-group] Resetting offset for partition slow-events-2 to position FetchPosition{offset=0, offsetEpoch=Optional.empty, currentLeader=LeaderAndEpoch{leader=Optional[localhost:9092 (id: 1 rack: null isFenced: false)], epoch=0}}.
11:45:13.917 [org.springframework.kafka.KafkaListenerEndpointContainer#0-0-C-1] INFO  o.a.k.clients.consumer.internals.SubscriptionState - [Consumer clientId=consumer-slow-consumer-group-1, groupId=slow-consumer-group] Resetting offset for partition other-events-1 to position FetchPosition{offset=0, offsetEpoch=Optional.empty, currentLeader=LeaderAndEpoch{leader=Optional[localhost:9092 (id: 1 rack: null isFenced: false)], epoch=0}}.
11:45:13.917 [org.springframework.kafka.KafkaListenerEndpointContainer#0-0-C-1] INFO  o.a.k.clients.consumer.internals.SubscriptionState - [Consumer clientId=consumer-slow-consumer-group-1, groupId=slow-consumer-group] Resetting offset for partition slow-events-1 to position FetchPosition{offset=0, offsetEpoch=Optional.empty, currentLeader=LeaderAndEpoch{leader=Optional[localhost:9092 (id: 1 rack: null isFenced: false)], epoch=0}}.
11:45:13.917 [org.springframework.kafka.KafkaListenerEndpointContainer#0-0-C-1] INFO  o.a.k.clients.consumer.internals.SubscriptionState - [Consumer clientId=consumer-slow-consumer-group-1, groupId=slow-consumer-group] Resetting offset for partition slow-events-0 to position FetchPosition{offset=0, offsetEpoch=Optional.empty, currentLeader=LeaderAndEpoch{leader=Optional[localhost:9092 (id: 1 rack: null isFenced: false)], epoch=0}}.
11:45:13.917 [org.springframework.kafka.KafkaListenerEndpointContainer#0-0-C-1] INFO  o.s.kafka.listener.KafkaMessageListenerContainer - slow-consumer-group: partitions assigned: [other-events-0, other-events-1, other-events-2, slow-events-0, slow-events-1, slow-events-2]
11:45:13.922 [org.springframework.kafka.KafkaListenerEndpointContainer#0-0-C-1] DEBUG o.s.kafka.listener.KafkaMessageListenerContainer - Received: 1 records
11:45:13.922 [org.springframework.kafka.KafkaListenerEndpointContainer#0-0-C-1] DEBUG o.s.k.l.a.RecordMessagingMessageListenerAdapter - Processing [GenericMessage [payload=DemoEvent(id=9626ebdb-933a-4ed5-a697-a129cf64a008, payload=demo-event-0, slow=true, retryTrigger=false, flaky=false, createdAt=2026-08-27T03:44:08.031207Z), headers={kafka_offset=0, kafka_consumer=org.springframework.kafka.core.DefaultKafkaConsumerFactory$ExtendedKafkaConsumer@75fd7ccc, kafka_timestampType=CREATE_TIME, kafka_receivedPartitionId=2, kafka_receivedMessageKey=0, kafka_receivedTopic=slow-events, kafka_receivedTimestamp=1787802248033, kafka_acknowledgment=Acknowledgment for slow-events-2@0, kafka_groupId=slow-consumer-group}]]
11:45:13.922 [org.springframework.kafka.KafkaListenerEndpointContainer#0-0-C-1] INFO  c.e.k.listener.MultiTopicRebalanceListener - 收到消息 id=9626ebdb-933a-4ed5-a697-a129cf64a008 topic=slow-events partition=2 slow=true
11:45:13.922 [org.springframework.kafka.KafkaListenerEndpointContainer#0-0-C-1] WARN  c.e.k.listener.MultiTopicRebalanceListener - 模拟慢处理开始：id=9626ebdb-933a-4ed5-a697-a129cf64a008 topic=slow-events 将阻塞 10000ms（超过 max.poll.interval.ms，预期触发 rebalance）
11:45:16.912 [kafka-coordinator-heartbeat-thread | slow-consumer-group] DEBUG o.a.k.c.consumer.internals.ConsumerCoordinator - [Consumer clientId=consumer-slow-consumer-group-1, groupId=slow-consumer-group] Sending Heartbeat request with generation 13 and member id consumer-slow-consumer-group-1-28af91a8-46ef-4416-83db-a68d89eec903 to coordinator localhost:9092 (id: 2147483646 rack: null isFenced: false)
11:45:17.016 [kafka-coordinator-heartbeat-thread | slow-consumer-group] DEBUG o.a.k.c.consumer.internals.ConsumerCoordinator - [Consumer clientId=consumer-slow-consumer-group-1, groupId=slow-consumer-group] Received successful Heartbeat response
11:45:20.011 [kafka-coordinator-heartbeat-thread | slow-consumer-group] WARN  o.a.k.c.consumer.internals.ConsumerCoordinator - [Consumer clientId=consumer-slow-consumer-group-1, groupId=slow-consumer-group] consumer poll timeout has expired. This means the time between subsequent calls to poll() was longer than the configured max.poll.interval.ms, which typically implies that the poll loop is spending too much time processing messages. You can address this either by increasing max.poll.interval.ms or by reducing the maximum size of batches returned in poll() with max.poll.records.
11:45:20.011 [kafka-coordinator-heartbeat-thread | slow-consumer-group] INFO  o.a.k.c.consumer.internals.ConsumerCoordinator - [Consumer clientId=consumer-slow-consumer-group-1, groupId=slow-consumer-group] Member consumer-slow-consumer-group-1-28af91a8-46ef-4416-83db-a68d89eec903 sending LeaveGroup request to coordinator localhost:9092 (id: 2147483646 rack: null isFenced: false) due to consumer poll timeout has expired.
11:45:20.011 [kafka-coordinator-heartbeat-thread | slow-consumer-group] INFO  o.a.k.c.consumer.internals.ConsumerCoordinator - [Consumer clientId=consumer-slow-consumer-group-1, groupId=slow-consumer-group] Resetting generation and member id due to: consumer pro-actively leaving the group
11:45:20.011 [kafka-coordinator-heartbeat-thread | slow-consumer-group] INFO  o.a.k.c.consumer.internals.ConsumerCoordinator - [Consumer clientId=consumer-slow-consumer-group-1, groupId=slow-consumer-group] Request joining group due to: consumer pro-actively leaving the group
11:45:23.927 [org.springframework.kafka.KafkaListenerEndpointContainer#0-0-C-1] DEBUG o.s.kafka.listener.KafkaMessageListenerContainer - Committing: {slow-events-2=OffsetAndMetadata{offset=1, leaderEpoch=null, metadata=''}}
11:45:23.928 [org.springframework.kafka.KafkaListenerEndpointContainer#0-0-C-1] INFO  o.a.k.c.consumer.internals.ConsumerCoordinator - [Consumer clientId=consumer-slow-consumer-group-1, groupId=slow-consumer-group] Failing OffsetCommit request since the consumer is not part of an active group
11:45:23.929 [org.springframework.kafka.KafkaListenerEndpointContainer#0-0-C-1] DEBUG o.a.k.c.consumer.internals.ConsumerCoordinator - [Consumer clientId=consumer-slow-consumer-group-1, groupId=slow-consumer-group] LeaveGroup response with Generation{generationId=13, memberId='consumer-slow-consumer-group-1-28af91a8-46ef-4416-83db-a68d89eec903', protocol='range'} returned successfully: ClientResponse(receivedTimeMs=1787802323928, latencyMs=3917, disconnected=false, timedOut=false, requestHeader=RequestHeader(apiKey=LEAVE_GROUP, apiVersion=5, clientId=consumer-slow-consumer-group-1, correlationId=148, headerVersion=2), responseBody=LeaveGroupResponseData(throttleTimeMs=0, errorCode=0, members=[MemberResponse(memberId='consumer-slow-consumer-group-1-28af91a8-46ef-4416-83db-a68d89eec903', groupInstanceId=null, errorCode=0)]))
11:45:23.929 [org.springframework.kafka.KafkaListenerEndpointContainer#0-0-C-1] WARN  c.e.k.listener.MultiTopicRebalanceListener - 提交 offset 失败，可能因 rebalance 导致该分区已被回收 id=9626ebdb-933a-4ed5-a697-a129cf64a008 topic=slow-events
org.apache.kafka.clients.consumer.CommitFailedException: Offset commit cannot be completed since the consumer is not part of an active group for auto partition assignment; it is likely that the consumer was kicked out of the group.
	at org.apache.kafka.clients.consumer.internals.ConsumerCoordinator.sendOffsetCommitRequest(ConsumerCoordinator.java:1320)
	at org.apache.kafka.clients.consumer.internals.ConsumerCoordinator.commitOffsetsSync(ConsumerCoordinator.java:1155)
	at org.apache.kafka.clients.consumer.internals.ClassicKafkaConsumer.commitSync(ClassicKafkaConsumer.java:747)
	at org.apache.kafka.clients.consumer.KafkaConsumer.commitSync(KafkaConsumer.java:1094)
	at org.springframework.kafka.listener.KafkaMessageListenerContainer$ListenerConsumer.doCommitSync(KafkaMessageListenerContainer.java:3474)
	at org.springframework.kafka.listener.KafkaMessageListenerContainer$ListenerConsumer.commitSync(KafkaMessageListenerContainer.java:3469)
	at org.springframework.kafka.listener.KafkaMessageListenerContainer$ListenerConsumer.commitOffsets(KafkaMessageListenerContainer.java:3452)
	at org.springframework.kafka.listener.KafkaMessageListenerContainer$ListenerConsumer.commitOffsetsInTransactions(KafkaMessageListenerContainer.java:3443)
	at org.springframework.kafka.listener.KafkaMessageListenerContainer$ListenerConsumer.ackImmediate(KafkaMessageListenerContainer.java:2187)
	at org.springframework.kafka.listener.KafkaMessageListenerContainer$ListenerConsumer.processAck(KafkaMessageListenerContainer.java:2082)
	at org.springframework.kafka.listener.KafkaMessageListenerContainer$ListenerConsumer.doAck(KafkaMessageListenerContainer.java:2062)
	at org.springframework.kafka.listener.KafkaMessageListenerContainer$ListenerConsumer$ConsumerAcknowledgment.acknowledge(KafkaMessageListenerContainer.java:3622)
	at com.example.kafkarebalance.listener.MultiTopicRebalanceListener.onMessage(MultiTopicRebalanceListener.kt:67)
	at java.base/jdk.internal.reflect.DirectMethodHandleAccessor.invoke(DirectMethodHandleAccessor.java:104)
	at java.base/java.lang.reflect.Method.invoke(Method.java:565)
	at org.springframework.messaging.handler.invocation.InvocableHandlerMethod.doInvoke(InvocableHandlerMethod.java:168)
	at org.springframework.kafka.listener.adapter.KotlinAwareInvocableHandlerMethod.doInvoke(KotlinAwareInvocableHandlerMethod.java:48)
	at org.springframework.messaging.handler.invocation.InvocableHandlerMethod.invoke(InvocableHandlerMethod.java:119)
	at org.springframework.kafka.listener.adapter.HandlerAdapter.invoke(HandlerAdapter.java:80)
	at org.springframework.kafka.listener.adapter.MessagingMessageListenerAdapter.invokeHandler(MessagingMessageListenerAdapter.java:488)
	at org.springframework.kafka.listener.adapter.MessagingMessageListenerAdapter.invoke(MessagingMessageListenerAdapter.java:425)
	at org.springframework.kafka.listener.adapter.RecordMessagingMessageListenerAdapter.onMessage(RecordMessagingMessageListenerAdapter.java:92)
	at org.springframework.kafka.listener.adapter.RecordMessagingMessageListenerAdapter.onMessage(RecordMessagingMessageListenerAdapter.java:52)
	at org.springframework.kafka.listener.KafkaMessageListenerContainer$ListenerConsumer.doInvokeOnMessage(KafkaMessageListenerContainer.java:2948)
	at org.springframework.kafka.listener.KafkaMessageListenerContainer$ListenerConsumer.invokeOnMessage(KafkaMessageListenerContainer.java:2927)
	at org.springframework.kafka.listener.KafkaMessageListenerContainer$ListenerConsumer.doInvokeRecordListener(KafkaMessageListenerContainer.java:2837)
	at org.springframework.kafka.listener.KafkaMessageListenerContainer$ListenerConsumer.doInvokeWithRecords(KafkaMessageListenerContainer.java:2679)
	at org.springframework.kafka.listener.KafkaMessageListenerContainer$ListenerConsumer.invokeRecordListener(KafkaMessageListenerContainer.java:2573)
	at org.springframework.kafka.listener.KafkaMessageListenerContainer$ListenerConsumer.invokeListener(KafkaMessageListenerContainer.java:2204)
	at org.springframework.kafka.listener.KafkaMessageListenerContainer$ListenerConsumer.invokeIfHaveRecords(KafkaMessageListenerContainer.java:1559)
	at org.springframework.kafka.listener.KafkaMessageListenerContainer$ListenerConsumer.pollAndInvoke(KafkaMessageListenerContainer.java:1499)
	at org.springframework.kafka.listener.KafkaMessageListenerContainer$ListenerConsumer.run(KafkaMessageListenerContainer.java:1368)
	at java.base/java.util.concurrent.CompletableFuture$AsyncRun.run(CompletableFuture.java:1825)
	at java.base/java.lang.Thread.run(Thread.java:1474)
11:45:23.930 [org.springframework.kafka.KafkaListenerEndpointContainer#0-0-C-1] DEBUG o.a.k.c.consumer.internals.ConsumerCoordinator - [Consumer clientId=consumer-slow-consumer-group-1, groupId=slow-consumer-group] Executing onJoinPrepare with generation -1 and memberId 
11:45:23.930 [org.springframework.kafka.KafkaListenerEndpointContainer#0-0-C-1] INFO  o.a.k.c.consumer.internals.ConsumerCoordinator - [Consumer clientId=consumer-slow-consumer-group-1, groupId=slow-consumer-group] Giving away all assigned partitions as lost since generation/memberID has been reset,indicating that consumer is in old state or no longer part of the group
11:45:23.930 [org.springframework.kafka.KafkaListenerEndpointContainer#0-0-C-1] INFO  o.a.k.c.c.i.ConsumerRebalanceListenerInvoker - [Consumer clientId=consumer-slow-consumer-group-1, groupId=slow-consumer-group] Lost previously assigned partitions [other-events-0, other-events-1, other-events-2, slow-events-0, slow-events-1, slow-events-2]
11:45:23.930 [org.springframework.kafka.KafkaListenerEndpointContainer#0-0-C-1] INFO  o.s.kafka.listener.KafkaMessageListenerContainer - slow-consumer-group: partitions lost: [other-events-0, other-events-1, other-events-2, slow-events-0, slow-events-1, slow-events-2]
11:45:23.930 [org.springframework.kafka.KafkaListenerEndpointContainer#0-0-C-1] INFO  o.s.kafka.listener.KafkaMessageListenerContainer - slow-consumer-group: partitions revoked: [other-events-0, other-events-1, other-events-2, slow-events-0, slow-events-1, slow-events-2]
11:45:23.931 [org.springframework.kafka.KafkaListenerEndpointContainer#0-0-C-1] INFO  o.a.k.c.consumer.internals.ConsumerCoordinator - [Consumer clientId=consumer-slow-consumer-group-1, groupId=slow-consumer-group] (Re-)joining group
11:45:23.931 [org.springframework.kafka.KafkaListenerEndpointContainer#0-0-C-1] DEBUG o.a.k.c.consumer.internals.ConsumerCoordinator - [Consumer clientId=consumer-slow-consumer-group-1, groupId=slow-consumer-group] Joining group with current subscription: [slow-events, other-events]
11:45:23.931 [org.springframework.kafka.KafkaListenerEndpointContainer#0-0-C-1] DEBUG o.a.k.c.consumer.internals.ConsumerCoordinator - [Consumer clientId=consumer-slow-consumer-group-1, groupId=slow-consumer-group] Sending JoinGroup (JoinGroupRequestData(groupId='slow-consumer-group', sessionTimeoutMs=10000, rebalanceTimeoutMs=6000, memberId='', groupInstanceId=null, protocolType='consumer', protocols=[JoinGroupRequestProtocol(name='range', metadata=[0, 3, 0, 0, 0, 2, 0, 12, 111, 116, 104, 101, 114, 45, 101, 118, 101, 110, 116, 115, 0, 11, 115, 108, 111, 119, 45, 101, 118, 101, 110, 116, 115, -1, -1, -1, -1, 0, 0, 0, 0, -1, -1, -1, -1, -1, -1]), JoinGroupRequestProtocol(name='cooperative-sticky', metadata=[0, 3, 0, 0, 0, 2, 0, 12, 111, 116, 104, 101, 114, 45, 101, 118, 101, 110, 116, 115, 0, 11, 115, 108, 111, 119, 45, 101, 118, 101, 110, 116, 115, 0, 0, 0, 4, -1, -1, -1, -1, 0, 0, 0, 0, -1, -1, -1, -1, -1, -1])], reason='consumer pro-actively leaving the group')) to coordinator localhost:9092 (id: 2147483646 rack: null isFenced: false)
11:45:23.938 [org.springframework.kafka.KafkaListenerEndpointContainer#0-0-C-1] DEBUG o.a.k.c.consumer.internals.ConsumerCoordinator - [Consumer clientId=consumer-slow-consumer-group-1, groupId=slow-consumer-group] JoinGroup failed due to non-fatal error: MEMBER_ID_REQUIRED. Will set the member id as consumer-slow-consumer-group-1-697d6b78-50a7-416e-ad4e-e3f030a6b893 and then rejoin. Sent generation was Generation{generationId=-1, memberId='', protocol='null'}
11:45:23.938 [org.springframework.kafka.KafkaListenerEndpointContainer#0-0-C-1] INFO  o.a.k.c.consumer.internals.ConsumerCoordinator - [Consumer clientId=consumer-slow-consumer-group-1, groupId=slow-consumer-group] Request joining group due to: need to re-join with the given member-id: consumer-slow-consumer-group-1-697d6b78-50a7-416e-ad4e-e3f030a6b893
11:45:23.938 [org.springframework.kafka.KafkaListenerEndpointContainer#0-0-C-1] INFO  o.a.k.c.consumer.internals.ConsumerCoordinator - [Consumer clientId=consumer-slow-consumer-group-1, groupId=slow-consumer-group] (Re-)joining group
11:45:23.938 [org.springframework.kafka.KafkaListenerEndpointContainer#0-0-C-1] DEBUG o.a.k.c.consumer.internals.ConsumerCoordinator - [Consumer clientId=consumer-slow-consumer-group-1, groupId=slow-consumer-group] Joining group with current subscription: [slow-events, other-events]
11:45:23.939 [org.springframework.kafka.KafkaListenerEndpointContainer#0-0-C-1] DEBUG o.a.k.c.consumer.internals.ConsumerCoordinator - [Consumer clientId=consumer-slow-consumer-group-1, groupId=slow-consumer-group] Sending JoinGroup (JoinGroupRequestData(groupId='slow-consumer-group', sessionTimeoutMs=10000, rebalanceTimeoutMs=6000, memberId='consumer-slow-consumer-group-1-697d6b78-50a7-416e-ad4e-e3f030a6b893', groupInstanceId=null, protocolType='consumer', protocols=[JoinGroupRequestProtocol(name='range', metadata=[0, 3, 0, 0, 0, 2, 0, 12, 111, 116, 104, 101, 114, 45, 101, 118, 101, 110, 116, 115, 0, 11, 115, 108, 111, 119, 45, 101, 118, 101, 110, 116, 115, -1, -1, -1, -1, 0, 0, 0, 0, -1, -1, -1, -1, -1, -1]), JoinGroupRequestProtocol(name='cooperative-sticky', metadata=[0, 3, 0, 0, 0, 2, 0, 12, 111, 116, 104, 101, 114, 45, 101, 118, 101, 110, 116, 115, 0, 11, 115, 108, 111, 119, 45, 101, 118, 101, 110, 116, 115, 0, 0, 0, 4, -1, -1, -1, -1, 0, 0, 0, 0, -1, -1, -1, -1, -1, -1])], reason='need to re-join with the given member-id: consumer-slow-consumer-group-1-697d6b78-50a7-416e-ad4e-e3f030a6b893')) to coordinator localhost:9092 (id: 2147483646 rack: null isFenced: false)
11:45:23.944 [org.springframework.kafka.KafkaListenerEndpointContainer#0-0-C-1] DEBUG o.a.k.c.consumer.internals.ConsumerCoordinator - [Consumer clientId=consumer-slow-consumer-group-1, groupId=slow-consumer-group] Received successful JoinGroup response: JoinGroupResponseData(throttleTimeMs=0, errorCode=0, generationId=15, protocolType='consumer', protocolName='range', leader='consumer-slow-consumer-group-1-697d6b78-50a7-416e-ad4e-e3f030a6b893', skipAssignment=false, memberId='consumer-slow-consumer-group-1-697d6b78-50a7-416e-ad4e-e3f030a6b893', members=[JoinGroupResponseMember(memberId='consumer-slow-consumer-group-1-697d6b78-50a7-416e-ad4e-e3f030a6b893', groupInstanceId=null, metadata=[0, 3, 0, 0, 0, 2, 0, 12, 111, 116, 104, 101, 114, 45, 101, 118, 101, 110, 116, 115, 0, 11, 115, 108, 111, 119, 45, 101, 118, 101, 110, 116, 115, -1, -1, -1, -1, 0, 0, 0, 0, -1, -1, -1, -1, -1, -1])])
11:45:23.944 [org.springframework.kafka.KafkaListenerEndpointContainer#0-0-C-1] DEBUG o.a.k.c.consumer.internals.ConsumerCoordinator - [Consumer clientId=consumer-slow-consumer-group-1, groupId=slow-consumer-group] Enabling heartbeat thread
11:45:23.944 [org.springframework.kafka.KafkaListenerEndpointContainer#0-0-C-1] INFO  o.a.k.c.consumer.internals.ConsumerCoordinator - [Consumer clientId=consumer-slow-consumer-group-1, groupId=slow-consumer-group] Successfully joined group with generation Generation{generationId=15, memberId='consumer-slow-consumer-group-1-697d6b78-50a7-416e-ad4e-e3f030a6b893', protocol='range'}
11:45:23.944 [org.springframework.kafka.KafkaListenerEndpointContainer#0-0-C-1] DEBUG o.a.k.c.consumer.internals.ConsumerCoordinator - [Consumer clientId=consumer-slow-consumer-group-1, groupId=slow-consumer-group] Performing assignment using strategy range with subscriptions {consumer-slow-consumer-group-1-697d6b78-50a7-416e-ad4e-e3f030a6b893=Subscription(topics=[other-events, slow-events], ownedPartitions=[], groupInstanceId=null, generationId=-1, rackId=null)}
11:45:23.945 [org.springframework.kafka.KafkaListenerEndpointContainer#0-0-C-1] INFO  o.a.k.c.consumer.internals.ConsumerCoordinator - [Consumer clientId=consumer-slow-consumer-group-1, groupId=slow-consumer-group] Finished assignment for group at generation 15: {consumer-slow-consumer-group-1-697d6b78-50a7-416e-ad4e-e3f030a6b893=Assignment(partitions=[other-events-0, other-events-1, other-events-2, slow-events-0, slow-events-1, slow-events-2])}
11:45:23.945 [org.springframework.kafka.KafkaListenerEndpointContainer#0-0-C-1] DEBUG o.a.k.c.consumer.internals.ConsumerCoordinator - [Consumer clientId=consumer-slow-consumer-group-1, groupId=slow-consumer-group] Sending leader SyncGroup to coordinator localhost:9092 (id: 2147483646 rack: null isFenced: false): SyncGroupRequestData(groupId='slow-consumer-group', generationId=15, memberId='consumer-slow-consumer-group-1-697d6b78-50a7-416e-ad4e-e3f030a6b893', groupInstanceId=null, protocolType='consumer', protocolName='range', assignments=[SyncGroupRequestAssignment(memberId='consumer-slow-consumer-group-1-697d6b78-50a7-416e-ad4e-e3f030a6b893', assignment=[0, 3, 0, 0, 0, 2, 0, 12, 111, 116, 104, 101, 114, 45, 101, 118, 101, 110, 116, 115, 0, 0, 0, 3, 0, 0, 0, 0, 0, 0, 0, 1, 0, 0, 0, 2, 0, 11, 115, 108, 111, 119, 45, 101, 118, 101, 110, 116, 115, 0, 0, 0, 3, 0, 0, 0, 0, 0, 0, 0, 1, 0, 0, 0, 2, -1, -1, -1, -1])])
11:45:23.950 [org.springframework.kafka.KafkaListenerEndpointContainer#0-0-C-1] DEBUG o.a.k.c.consumer.internals.ConsumerCoordinator - [Consumer clientId=consumer-slow-consumer-group-1, groupId=slow-consumer-group] Received successful SyncGroup response: SyncGroupResponseData(throttleTimeMs=0, errorCode=0, protocolType='consumer', protocolName='range', assignment=[0, 3, 0, 0, 0, 2, 0, 12, 111, 116, 104, 101, 114, 45, 101, 118, 101, 110, 116, 115, 0, 0, 0, 3, 0, 0, 0, 0, 0, 0, 0, 1, 0, 0, 0, 2, 0, 11, 115, 108, 111, 119, 45, 101, 118, 101, 110, 116, 115, 0, 0, 0, 3, 0, 0, 0, 0, 0, 0, 0, 1, 0, 0, 0, 2, -1, -1, -1, -1])
11:45:23.950 [org.springframework.kafka.KafkaListenerEndpointContainer#0-0-C-1] INFO  o.a.k.c.consumer.internals.ConsumerCoordinator - [Consumer clientId=consumer-slow-consumer-group-1, groupId=slow-consumer-group] Successfully synced group in generation Generation{generationId=15, memberId='consumer-slow-consumer-group-1-697d6b78-50a7-416e-ad4e-e3f030a6b893', protocol='range'}
11:45:23.950 [org.springframework.kafka.KafkaListenerEndpointContainer#0-0-C-1] DEBUG o.a.k.c.consumer.internals.ConsumerCoordinator - [Consumer clientId=consumer-slow-consumer-group-1, groupId=slow-consumer-group] Executing onJoinComplete with generation 15 and memberId consumer-slow-consumer-group-1-697d6b78-50a7-416e-ad4e-e3f030a6b893
11:45:23.950 [org.springframework.kafka.KafkaListenerEndpointContainer#0-0-C-1] INFO  o.a.k.c.consumer.internals.ConsumerCoordinator - [Consumer clientId=consumer-slow-consumer-group-1, groupId=slow-consumer-group] Notifying assignor about the new Assignment(partitions=[other-events-0, other-events-1, other-events-2, slow-events-0, slow-events-1, slow-events-2])
11:45:23.950 [org.springframework.kafka.KafkaListenerEndpointContainer#0-0-C-1] INFO  o.a.k.c.c.i.ConsumerRebalanceListenerInvoker - [Consumer clientId=consumer-slow-consumer-group-1, groupId=slow-consumer-group] Adding newly assigned partitions: [other-events-0, other-events-1, other-events-2, slow-events-0, slow-events-1, slow-events-2]
11:45:23.950 [org.springframework.kafka.KafkaListenerEndpointContainer#0-0-C-1] DEBUG o.a.k.c.consumer.internals.ConsumerCoordinator - [Consumer clientId=consumer-slow-consumer-group-1, groupId=slow-consumer-group] Fetching committed offsets for partitions: [other-events-0, slow-events-2, other-events-1, slow-events-1, other-events-2, slow-events-0]
11:45:23.954 [org.springframework.kafka.KafkaListenerEndpointContainer#0-0-C-1] INFO  o.a.k.c.consumer.internals.ConsumerCoordinator - [Consumer clientId=consumer-slow-consumer-group-1, groupId=slow-consumer-group] Found no committed offset for partition slow-events-2
11:45:23.954 [org.springframework.kafka.KafkaListenerEndpointContainer#0-0-C-1] INFO  o.a.k.c.consumer.internals.ConsumerCoordinator - [Consumer clientId=consumer-slow-consumer-group-1, groupId=slow-consumer-group] Found no committed offset for partition slow-events-1
11:45:23.954 [org.springframework.kafka.KafkaListenerEndpointContainer#0-0-C-1] INFO  o.a.k.c.consumer.internals.ConsumerCoordinator - [Consumer clientId=consumer-slow-consumer-group-1, groupId=slow-consumer-group] Found no committed offset for partition slow-events-0
11:45:23.954 [org.springframework.kafka.KafkaListenerEndpointContainer#0-0-C-1] INFO  o.a.k.c.consumer.internals.ConsumerCoordinator - [Consumer clientId=consumer-slow-consumer-group-1, groupId=slow-consumer-group] Found no committed offset for partition other-events-0
11:45:23.954 [org.springframework.kafka.KafkaListenerEndpointContainer#0-0-C-1] INFO  o.a.k.c.consumer.internals.ConsumerCoordinator - [Consumer clientId=consumer-slow-consumer-group-1, groupId=slow-consumer-group] Found no committed offset for partition other-events-1
11:45:23.954 [org.springframework.kafka.KafkaListenerEndpointContainer#0-0-C-1] INFO  o.a.kafka.clients.consumer.internals.ConsumerUtils - Setting offset for partition other-events-2 to the committed offset FetchPosition{offset=60, offsetEpoch=Optional.empty, currentLeader=LeaderAndEpoch{leader=Optional[localhost:9092 (id: 1 rack: null isFenced: false)], epoch=0}}
11:45:23.958 [org.springframework.kafka.KafkaListenerEndpointContainer#0-0-C-1] INFO  o.a.k.clients.consumer.internals.SubscriptionState - [Consumer clientId=consumer-slow-consumer-group-1, groupId=slow-consumer-group] Resetting offset for partition other-events-0 to position FetchPosition{offset=0, offsetEpoch=Optional.empty, currentLeader=LeaderAndEpoch{leader=Optional[localhost:9092 (id: 1 rack: null isFenced: false)], epoch=0}}.
11:45:23.958 [org.springframework.kafka.KafkaListenerEndpointContainer#0-0-C-1] INFO  o.a.k.clients.consumer.internals.SubscriptionState - [Consumer clientId=consumer-slow-consumer-group-1, groupId=slow-consumer-group] Resetting offset for partition slow-events-2 to position FetchPosition{offset=0, offsetEpoch=Optional.empty, currentLeader=LeaderAndEpoch{leader=Optional[localhost:9092 (id: 1 rack: null isFenced: false)], epoch=0}}.
11:45:23.958 [org.springframework.kafka.KafkaListenerEndpointContainer#0-0-C-1] INFO  o.a.k.clients.consumer.internals.SubscriptionState - [Consumer clientId=consumer-slow-consumer-group-1, groupId=slow-consumer-group] Resetting offset for partition other-events-1 to position FetchPosition{offset=0, offsetEpoch=Optional.empty, currentLeader=LeaderAndEpoch{leader=Optional[localhost:9092 (id: 1 rack: null isFenced: false)], epoch=0}}.
11:45:23.958 [org.springframework.kafka.KafkaListenerEndpointContainer#0-0-C-1] INFO  o.a.k.clients.consumer.internals.SubscriptionState - [Consumer clientId=consumer-slow-consumer-group-1, groupId=slow-consumer-group] Resetting offset for partition slow-events-1 to position FetchPosition{offset=0, offsetEpoch=Optional.empty, currentLeader=LeaderAndEpoch{leader=Optional[localhost:9092 (id: 1 rack: null isFenced: false)], epoch=0}}.
11:45:23.958 [org.springframework.kafka.KafkaListenerEndpointContainer#0-0-C-1] INFO  o.a.k.clients.consumer.internals.SubscriptionState - [Consumer clientId=consumer-slow-consumer-group-1, groupId=slow-consumer-group] Resetting offset for partition slow-events-0 to position FetchPosition{offset=0, offsetEpoch=Optional.empty, currentLeader=LeaderAndEpoch{leader=Optional[localhost:9092 (id: 1 rack: null isFenced: false)], epoch=0}}.
11:45:23.958 [org.springframework.kafka.KafkaListenerEndpointContainer#0-0-C-1] INFO  o.s.kafka.listener.KafkaMessageListenerContainer - slow-consumer-group: partitions assigned: [other-events-0, other-events-1, other-events-2, slow-events-0, slow-events-1, slow-events-2]
11:45:23.961 [org.springframework.kafka.KafkaListenerEndpointContainer#0-0-C-1] DEBUG o.s.kafka.listener.KafkaMessageListenerContainer - Received: 1 records
11:45:23.962 [org.springframework.kafka.KafkaListenerEndpointContainer#0-0-C-1] DEBUG o.s.k.l.a.RecordMessagingMessageListenerAdapter - Processing [GenericMessage [payload=DemoEvent(id=9626ebdb-933a-4ed5-a697-a129cf64a008, payload=demo-event-0, slow=true, retryTrigger=false, flaky=false, createdAt=2026-08-27T03:44:08.031207Z), headers={kafka_offset=0, kafka_consumer=org.springframework.kafka.core.DefaultKafkaConsumerFactory$ExtendedKafkaConsumer@75fd7ccc, kafka_timestampType=CREATE_TIME, kafka_receivedPartitionId=2, kafka_receivedMessageKey=0, kafka_receivedTopic=slow-events, kafka_receivedTimestamp=1787802248033, kafka_acknowledgment=Acknowledgment for slow-events-2@0, kafka_groupId=slow-consumer-group}]]
11:45:23.962 [org.springframework.kafka.KafkaListenerEndpointContainer#0-0-C-1] INFO  c.e.k.listener.MultiTopicRebalanceListener - 收到消息 id=9626ebdb-933a-4ed5-a697-a129cf64a008 topic=slow-events partition=2 slow=true
11:45:23.962 [org.springframework.kafka.KafkaListenerEndpointContainer#0-0-C-1] WARN  c.e.k.listener.MultiTopicRebalanceListener - 模拟慢处理开始：id=9626ebdb-933a-4ed5-a697-a129cf64a008 topic=slow-events 将阻塞 10000ms（超过 max.poll.interval.ms，预期触发 rebalance）
11:45:26.946 [kafka-coordinator-heartbeat-thread | slow-consumer-group] DEBUG o.a.k.c.consumer.internals.ConsumerCoordinator - [Consumer clientId=consumer-slow-consumer-group-1, groupId=slow-consumer-group] Sending Heartbeat request with generation 15 and member id consumer-slow-consumer-group-1-697d6b78-50a7-416e-ad4e-e3f030a6b893 to coordinator localhost:9092 (id: 2147483646 rack: null isFenced: false)
11:45:27.049 [kafka-coordinator-heartbeat-thread | slow-consumer-group] DEBUG o.a.k.c.consumer.internals.ConsumerCoordinator - [Consumer clientId=consumer-slow-consumer-group-1, groupId=slow-consumer-group] Received successful Heartbeat response
11:45:30.043 [kafka-coordinator-heartbeat-thread | slow-consumer-group] WARN  o.a.k.c.consumer.internals.ConsumerCoordinator - [Consumer clientId=consumer-slow-consumer-group-1, groupId=slow-consumer-group] consumer poll timeout has expired. This means the time between subsequent calls to poll() was longer than the configured max.poll.interval.ms, which typically implies that the poll loop is spending too much time processing messages. You can address this either by increasing max.poll.interval.ms or by reducing the maximum size of batches returned in poll() with max.poll.records.
11:45:30.043 [kafka-coordinator-heartbeat-thread | slow-consumer-group] INFO  o.a.k.c.consumer.internals.ConsumerCoordinator - [Consumer clientId=consumer-slow-consumer-group-1, groupId=slow-consumer-group] Member consumer-slow-consumer-group-1-697d6b78-50a7-416e-ad4e-e3f030a6b893 sending LeaveGroup request to coordinator localhost:9092 (id: 2147483646 rack: null isFenced: false) due to consumer poll timeout has expired.
11:45:30.043 [kafka-coordinator-heartbeat-thread | slow-consumer-group] INFO  o.a.k.c.consumer.internals.ConsumerCoordinator - [Consumer clientId=consumer-slow-consumer-group-1, groupId=slow-consumer-group] Resetting generation and member id due to: consumer pro-actively leaving the group
11:45:30.043 [kafka-coordinator-heartbeat-thread | slow-consumer-group] INFO  o.a.k.c.consumer.internals.ConsumerCoordinator - [Consumer clientId=consumer-slow-consumer-group-1, groupId=slow-consumer-group] Request joining group due to: consumer pro-actively leaving the group
11:45:33.966 [org.springframework.kafka.KafkaListenerEndpointContainer#0-0-C-1] DEBUG o.s.kafka.listener.KafkaMessageListenerContainer - Committing: {slow-events-2=OffsetAndMetadata{offset=1, leaderEpoch=null, metadata=''}}
11:45:33.966 [org.springframework.kafka.KafkaListenerEndpointContainer#0-0-C-1] INFO  o.a.k.c.consumer.internals.ConsumerCoordinator - [Consumer clientId=consumer-slow-consumer-group-1, groupId=slow-consumer-group] Failing OffsetCommit request since the consumer is not part of an active group
11:45:33.966 [org.springframework.kafka.KafkaListenerEndpointContainer#0-0-C-1] DEBUG o.a.k.c.consumer.internals.ConsumerCoordinator - [Consumer clientId=consumer-slow-consumer-group-1, groupId=slow-consumer-group] LeaveGroup response with Generation{generationId=15, memberId='consumer-slow-consumer-group-1-697d6b78-50a7-416e-ad4e-e3f030a6b893', protocol='range'} returned successfully: ClientResponse(receivedTimeMs=1787802333966, latencyMs=3923, disconnected=false, timedOut=false, requestHeader=RequestHeader(apiKey=LEAVE_GROUP, apiVersion=5, clientId=consumer-slow-consumer-group-1, correlationId=156, headerVersion=2), responseBody=LeaveGroupResponseData(throttleTimeMs=0, errorCode=0, members=[MemberResponse(memberId='consumer-slow-consumer-group-1-697d6b78-50a7-416e-ad4e-e3f030a6b893', groupInstanceId=null, errorCode=0)]))
11:45:33.967 [org.springframework.kafka.KafkaListenerEndpointContainer#0-0-C-1] WARN  c.e.k.listener.MultiTopicRebalanceListener - 提交 offset 失败，可能因 rebalance 导致该分区已被回收 id=9626ebdb-933a-4ed5-a697-a129cf64a008 topic=slow-events
org.apache.kafka.clients.consumer.CommitFailedException: Offset commit cannot be completed since the consumer is not part of an active group for auto partition assignment; it is likely that the consumer was kicked out of the group.
	at org.apache.kafka.clients.consumer.internals.ConsumerCoordinator.sendOffsetCommitRequest(ConsumerCoordinator.java:1320)
	at org.apache.kafka.clients.consumer.internals.ConsumerCoordinator.commitOffsetsSync(ConsumerCoordinator.java:1155)
	at org.apache.kafka.clients.consumer.internals.ClassicKafkaConsumer.commitSync(ClassicKafkaConsumer.java:747)
	at org.apache.kafka.clients.consumer.KafkaConsumer.commitSync(KafkaConsumer.java:1094)
	at org.springframework.kafka.listener.KafkaMessageListenerContainer$ListenerConsumer.doCommitSync(KafkaMessageListenerContainer.java:3474)
	at org.springframework.kafka.listener.KafkaMessageListenerContainer$ListenerConsumer.commitSync(KafkaMessageListenerContainer.java:3469)
	at org.springframework.kafka.listener.KafkaMessageListenerContainer$ListenerConsumer.commitOffsets(KafkaMessageListenerContainer.java:3452)
	at org.springframework.kafka.listener.KafkaMessageListenerContainer$ListenerConsumer.commitOffsetsInTransactions(KafkaMessageListenerContainer.java:3443)
	at org.springframework.kafka.listener.KafkaMessageListenerContainer$ListenerConsumer.ackImmediate(KafkaMessageListenerContainer.java:2187)
	at org.springframework.kafka.listener.KafkaMessageListenerContainer$ListenerConsumer.processAck(KafkaMessageListenerContainer.java:2082)
	at org.springframework.kafka.listener.KafkaMessageListenerContainer$ListenerConsumer.doAck(KafkaMessageListenerContainer.java:2062)
	at org.springframework.kafka.listener.KafkaMessageListenerContainer$ListenerConsumer$ConsumerAcknowledgment.acknowledge(KafkaMessageListenerContainer.java:3622)
	at com.example.kafkarebalance.listener.MultiTopicRebalanceListener.onMessage(MultiTopicRebalanceListener.kt:67)
	at java.base/jdk.internal.reflect.DirectMethodHandleAccessor.invoke(DirectMethodHandleAccessor.java:104)
	at java.base/java.lang.reflect.Method.invoke(Method.java:565)
	at org.springframework.messaging.handler.invocation.InvocableHandlerMethod.doInvoke(InvocableHandlerMethod.java:168)
	at org.springframework.kafka.listener.adapter.KotlinAwareInvocableHandlerMethod.doInvoke(KotlinAwareInvocableHandlerMethod.java:48)
	at org.springframework.messaging.handler.invocation.InvocableHandlerMethod.invoke(InvocableHandlerMethod.java:119)
	at org.springframework.kafka.listener.adapter.HandlerAdapter.invoke(HandlerAdapter.java:80)
	at org.springframework.kafka.listener.adapter.MessagingMessageListenerAdapter.invokeHandler(MessagingMessageListenerAdapter.java:488)
	at org.springframework.kafka.listener.adapter.MessagingMessageListenerAdapter.invoke(MessagingMessageListenerAdapter.java:425)
	at org.springframework.kafka.listener.adapter.RecordMessagingMessageListenerAdapter.onMessage(RecordMessagingMessageListenerAdapter.java:92)
	at org.springframework.kafka.listener.adapter.RecordMessagingMessageListenerAdapter.onMessage(RecordMessagingMessageListenerAdapter.java:52)
	at org.springframework.kafka.listener.KafkaMessageListenerContainer$ListenerConsumer.doInvokeOnMessage(KafkaMessageListenerContainer.java:2948)
	at org.springframework.kafka.listener.KafkaMessageListenerContainer$ListenerConsumer.invokeOnMessage(KafkaMessageListenerContainer.java:2927)
	at org.springframework.kafka.listener.KafkaMessageListenerContainer$ListenerConsumer.doInvokeRecordListener(KafkaMessageListenerContainer.java:2837)
	at org.springframework.kafka.listener.KafkaMessageListenerContainer$ListenerConsumer.doInvokeWithRecords(KafkaMessageListenerContainer.java:2679)
	at org.springframework.kafka.listener.KafkaMessageListenerContainer$ListenerConsumer.invokeRecordListener(KafkaMessageListenerContainer.java:2573)
	at org.springframework.kafka.listener.KafkaMessageListenerContainer$ListenerConsumer.invokeListener(KafkaMessageListenerContainer.java:2204)
	at org.springframework.kafka.listener.KafkaMessageListenerContainer$ListenerConsumer.invokeIfHaveRecords(KafkaMessageListenerContainer.java:1559)
	at org.springframework.kafka.listener.KafkaMessageListenerContainer$ListenerConsumer.pollAndInvoke(KafkaMessageListenerContainer.java:1499)
	at org.springframework.kafka.listener.KafkaMessageListenerContainer$ListenerConsumer.run(KafkaMessageListenerContainer.java:1368)
	at java.base/java.util.concurrent.CompletableFuture$AsyncRun.run(CompletableFuture.java:1825)
	at java.base/java.lang.Thread.run(Thread.java:1474)
11:45:33.968 [org.springframework.kafka.KafkaListenerEndpointContainer#0-0-C-1] DEBUG o.a.k.c.consumer.internals.ConsumerCoordinator - [Consumer clientId=consumer-slow-consumer-group-1, groupId=slow-consumer-group] Executing onJoinPrepare with generation -1 and memberId 
11:45:33.968 [org.springframework.kafka.KafkaListenerEndpointContainer#0-0-C-1] INFO  o.a.k.c.consumer.internals.ConsumerCoordinator - [Consumer clientId=consumer-slow-consumer-group-1, groupId=slow-consumer-group] Giving away all assigned partitions as lost since generation/memberID has been reset,indicating that consumer is in old state or no longer part of the group
11:45:33.968 [org.springframework.kafka.KafkaListenerEndpointContainer#0-0-C-1] INFO  o.a.k.c.c.i.ConsumerRebalanceListenerInvoker - [Consumer clientId=consumer-slow-consumer-group-1, groupId=slow-consumer-group] Lost previously assigned partitions [other-events-0, other-events-1, other-events-2, slow-events-0, slow-events-1, slow-events-2]
11:45:33.968 [org.springframework.kafka.KafkaListenerEndpointContainer#0-0-C-1] INFO  o.s.kafka.listener.KafkaMessageListenerContainer - slow-consumer-group: partitions lost: [other-events-0, other-events-1, other-events-2, slow-events-0, slow-events-1, slow-events-2]
11:45:33.968 [org.springframework.kafka.KafkaListenerEndpointContainer#0-0-C-1] INFO  o.s.kafka.listener.KafkaMessageListenerContainer - slow-consumer-group: partitions revoked: [other-events-0, other-events-1, other-events-2, slow-events-0, slow-events-1, slow-events-2]
11:45:33.968 [org.springframework.kafka.KafkaListenerEndpointContainer#0-0-C-1] INFO  o.a.k.c.consumer.internals.ConsumerCoordinator - [Consumer clientId=consumer-slow-consumer-group-1, groupId=slow-consumer-group] (Re-)joining group
11:45:33.968 [org.springframework.kafka.KafkaListenerEndpointContainer#0-0-C-1] DEBUG o.a.k.c.consumer.internals.ConsumerCoordinator - [Consumer clientId=consumer-slow-consumer-group-1, groupId=slow-consumer-group] Joining group with current subscription: [slow-events, other-events]
11:45:33.968 [org.springframework.kafka.KafkaListenerEndpointContainer#0-0-C-1] DEBUG o.a.k.c.consumer.internals.ConsumerCoordinator - [Consumer clientId=consumer-slow-consumer-group-1, groupId=slow-consumer-group] Sending JoinGroup (JoinGroupRequestData(groupId='slow-consumer-group', sessionTimeoutMs=10000, rebalanceTimeoutMs=6000, memberId='', groupInstanceId=null, protocolType='consumer', protocols=[JoinGroupRequestProtocol(name='range', metadata=[0, 3, 0, 0, 0, 2, 0, 12, 111, 116, 104, 101, 114, 45, 101, 118, 101, 110, 116, 115, 0, 11, 115, 108, 111, 119, 45, 101, 118, 101, 110, 116, 115, -1, -1, -1, -1, 0, 0, 0, 0, -1, -1, -1, -1, -1, -1]), JoinGroupRequestProtocol(name='cooperative-sticky', metadata=[0, 3, 0, 0, 0, 2, 0, 12, 111, 116, 104, 101, 114, 45, 101, 118, 101, 110, 116, 115, 0, 11, 115, 108, 111, 119, 45, 101, 118, 101, 110, 116, 115, 0, 0, 0, 4, -1, -1, -1, -1, 0, 0, 0, 0, -1, -1, -1, -1, -1, -1])], reason='consumer pro-actively leaving the group')) to coordinator localhost:9092 (id: 2147483646 rack: null isFenced: false)
11:45:33.973 [org.springframework.kafka.KafkaListenerEndpointContainer#0-0-C-1] DEBUG o.a.k.c.consumer.internals.ConsumerCoordinator - [Consumer clientId=consumer-slow-consumer-group-1, groupId=slow-consumer-group] JoinGroup failed due to non-fatal error: MEMBER_ID_REQUIRED. Will set the member id as consumer-slow-consumer-group-1-9648530a-41b7-47bb-a78c-0dd630d32e2f and then rejoin. Sent generation was Generation{generationId=-1, memberId='', protocol='null'}
11:45:33.974 [org.springframework.kafka.KafkaListenerEndpointContainer#0-0-C-1] INFO  o.a.k.c.consumer.internals.ConsumerCoordinator - [Consumer clientId=consumer-slow-consumer-group-1, groupId=slow-consumer-group] Request joining group due to: need to re-join with the given member-id: consumer-slow-consumer-group-1-9648530a-41b7-47bb-a78c-0dd630d32e2f
11:45:33.974 [org.springframework.kafka.KafkaListenerEndpointContainer#0-0-C-1] INFO  o.a.k.c.consumer.internals.ConsumerCoordinator - [Consumer clientId=consumer-slow-consumer-group-1, groupId=slow-consumer-group] (Re-)joining group
11:45:33.974 [org.springframework.kafka.KafkaListenerEndpointContainer#0-0-C-1] DEBUG o.a.k.c.consumer.internals.ConsumerCoordinator - [Consumer clientId=consumer-slow-consumer-group-1, groupId=slow-consumer-group] Joining group with current subscription: [slow-events, other-events]
11:45:33.974 [org.springframework.kafka.KafkaListenerEndpointContainer#0-0-C-1] DEBUG o.a.k.c.consumer.internals.ConsumerCoordinator - [Consumer clientId=consumer-slow-consumer-group-1, groupId=slow-consumer-group] Sending JoinGroup (JoinGroupRequestData(groupId='slow-consumer-group', sessionTimeoutMs=10000, rebalanceTimeoutMs=6000, memberId='consumer-slow-consumer-group-1-9648530a-41b7-47bb-a78c-0dd630d32e2f', groupInstanceId=null, protocolType='consumer', protocols=[JoinGroupRequestProtocol(name='range', metadata=[0, 3, 0, 0, 0, 2, 0, 12, 111, 116, 104, 101, 114, 45, 101, 118, 101, 110, 116, 115, 0, 11, 115, 108, 111, 119, 45, 101, 118, 101, 110, 116, 115, -1, -1, -1, -1, 0, 0, 0, 0, -1, -1, -1, -1, -1, -1]), JoinGroupRequestProtocol(name='cooperative-sticky', metadata=[0, 3, 0, 0, 0, 2, 0, 12, 111, 116, 104, 101, 114, 45, 101, 118, 101, 110, 116, 115, 0, 11, 115, 108, 111, 119, 45, 101, 118, 101, 110, 116, 115, 0, 0, 0, 4, -1, -1, -1, -1, 0, 0, 0, 0, -1, -1, -1, -1, -1, -1])], reason='need to re-join with the given member-id: consumer-slow-consumer-group-1-9648530a-41b7-47bb-a78c-0dd630d32e2f')) to coordinator localhost:9092 (id: 2147483646 rack: null isFenced: false)
11:45:33.978 [org.springframework.kafka.KafkaListenerEndpointContainer#0-0-C-1] DEBUG o.a.k.c.consumer.internals.ConsumerCoordinator - [Consumer clientId=consumer-slow-consumer-group-1, groupId=slow-consumer-group] Received successful JoinGroup response: JoinGroupResponseData(throttleTimeMs=0, errorCode=0, generationId=17, protocolType='consumer', protocolName='range', leader='consumer-slow-consumer-group-1-9648530a-41b7-47bb-a78c-0dd630d32e2f', skipAssignment=false, memberId='consumer-slow-consumer-group-1-9648530a-41b7-47bb-a78c-0dd630d32e2f', members=[JoinGroupResponseMember(memberId='consumer-slow-consumer-group-1-9648530a-41b7-47bb-a78c-0dd630d32e2f', groupInstanceId=null, metadata=[0, 3, 0, 0, 0, 2, 0, 12, 111, 116, 104, 101, 114, 45, 101, 118, 101, 110, 116, 115, 0, 11, 115, 108, 111, 119, 45, 101, 118, 101, 110, 116, 115, -1, -1, -1, -1, 0, 0, 0, 0, -1, -1, -1, -1, -1, -1])])
11:45:33.978 [org.springframework.kafka.KafkaListenerEndpointContainer#0-0-C-1] DEBUG o.a.k.c.consumer.internals.ConsumerCoordinator - [Consumer clientId=consumer-slow-consumer-group-1, groupId=slow-consumer-group] Enabling heartbeat thread
11:45:33.978 [org.springframework.kafka.KafkaListenerEndpointContainer#0-0-C-1] INFO  o.a.k.c.consumer.internals.ConsumerCoordinator - [Consumer clientId=consumer-slow-consumer-group-1, groupId=slow-consumer-group] Successfully joined group with generation Generation{generationId=17, memberId='consumer-slow-consumer-group-1-9648530a-41b7-47bb-a78c-0dd630d32e2f', protocol='range'}
11:45:33.978 [org.springframework.kafka.KafkaListenerEndpointContainer#0-0-C-1] DEBUG o.a.k.c.consumer.internals.ConsumerCoordinator - [Consumer clientId=consumer-slow-consumer-group-1, groupId=slow-consumer-group] Performing assignment using strategy range with subscriptions {consumer-slow-consumer-group-1-9648530a-41b7-47bb-a78c-0dd630d32e2f=Subscription(topics=[other-events, slow-events], ownedPartitions=[], groupInstanceId=null, generationId=-1, rackId=null)}
11:45:33.978 [org.springframework.kafka.KafkaListenerEndpointContainer#0-0-C-1] INFO  o.a.k.c.consumer.internals.ConsumerCoordinator - [Consumer clientId=consumer-slow-consumer-group-1, groupId=slow-consumer-group] Finished assignment for group at generation 17: {consumer-slow-consumer-group-1-9648530a-41b7-47bb-a78c-0dd630d32e2f=Assignment(partitions=[other-events-0, other-events-1, other-events-2, slow-events-0, slow-events-1, slow-events-2])}
11:45:33.978 [org.springframework.kafka.KafkaListenerEndpointContainer#0-0-C-1] DEBUG o.a.k.c.consumer.internals.ConsumerCoordinator - [Consumer clientId=consumer-slow-consumer-group-1, groupId=slow-consumer-group] Sending leader SyncGroup to coordinator localhost:9092 (id: 2147483646 rack: null isFenced: false): SyncGroupRequestData(groupId='slow-consumer-group', generationId=17, memberId='consumer-slow-consumer-group-1-9648530a-41b7-47bb-a78c-0dd630d32e2f', groupInstanceId=null, protocolType='consumer', protocolName='range', assignments=[SyncGroupRequestAssignment(memberId='consumer-slow-consumer-group-1-9648530a-41b7-47bb-a78c-0dd630d32e2f', assignment=[0, 3, 0, 0, 0, 2, 0, 12, 111, 116, 104, 101, 114, 45, 101, 118, 101, 110, 116, 115, 0, 0, 0, 3, 0, 0, 0, 0, 0, 0, 0, 1, 0, 0, 0, 2, 0, 11, 115, 108, 111, 119, 45, 101, 118, 101, 110, 116, 115, 0, 0, 0, 3, 0, 0, 0, 0, 0, 0, 0, 1, 0, 0, 0, 2, -1, -1, -1, -1])])
11:45:33.982 [org.springframework.kafka.KafkaListenerEndpointContainer#0-0-C-1] DEBUG o.a.k.c.consumer.internals.ConsumerCoordinator - [Consumer clientId=consumer-slow-consumer-group-1, groupId=slow-consumer-group] Received successful SyncGroup response: SyncGroupResponseData(throttleTimeMs=0, errorCode=0, protocolType='consumer', protocolName='range', assignment=[0, 3, 0, 0, 0, 2, 0, 12, 111, 116, 104, 101, 114, 45, 101, 118, 101, 110, 116, 115, 0, 0, 0, 3, 0, 0, 0, 0, 0, 0, 0, 1, 0, 0, 0, 2, 0, 11, 115, 108, 111, 119, 45, 101, 118, 101, 110, 116, 115, 0, 0, 0, 3, 0, 0, 0, 0, 0, 0, 0, 1, 0, 0, 0, 2, -1, -1, -1, -1])
11:45:33.982 [org.springframework.kafka.KafkaListenerEndpointContainer#0-0-C-1] INFO  o.a.k.c.consumer.internals.ConsumerCoordinator - [Consumer clientId=consumer-slow-consumer-group-1, groupId=slow-consumer-group] Successfully synced group in generation Generation{generationId=17, memberId='consumer-slow-consumer-group-1-9648530a-41b7-47bb-a78c-0dd630d32e2f', protocol='range'}
11:45:33.983 [org.springframework.kafka.KafkaListenerEndpointContainer#0-0-C-1] DEBUG o.a.k.c.consumer.internals.ConsumerCoordinator - [Consumer clientId=consumer-slow-consumer-group-1, groupId=slow-consumer-group] Executing onJoinComplete with generation 17 and memberId consumer-slow-consumer-group-1-9648530a-41b7-47bb-a78c-0dd630d32e2f
11:45:33.983 [org.springframework.kafka.KafkaListenerEndpointContainer#0-0-C-1] INFO  o.a.k.c.consumer.internals.ConsumerCoordinator - [Consumer clientId=consumer-slow-consumer-group-1, groupId=slow-consumer-group] Notifying assignor about the new Assignment(partitions=[other-events-0, other-events-1, other-events-2, slow-events-0, slow-events-1, slow-events-2])
11:45:33.983 [org.springframework.kafka.KafkaListenerEndpointContainer#0-0-C-1] INFO  o.a.k.c.c.i.ConsumerRebalanceListenerInvoker - [Consumer clientId=consumer-slow-consumer-group-1, groupId=slow-consumer-group] Adding newly assigned partitions: [other-events-0, other-events-1, other-events-2, slow-events-0, slow-events-1, slow-events-2]
11:45:33.983 [org.springframework.kafka.KafkaListenerEndpointContainer#0-0-C-1] DEBUG o.a.k.c.consumer.internals.ConsumerCoordinator - [Consumer clientId=consumer-slow-consumer-group-1, groupId=slow-consumer-group] Fetching committed offsets for partitions: [other-events-0, slow-events-2, other-events-1, slow-events-1, other-events-2, slow-events-0]
11:45:33.985 [org.springframework.kafka.KafkaListenerEndpointContainer#0-0-C-1] INFO  o.a.k.c.consumer.internals.ConsumerCoordinator - [Consumer clientId=consumer-slow-consumer-group-1, groupId=slow-consumer-group] Found no committed offset for partition slow-events-2
11:45:33.985 [org.springframework.kafka.KafkaListenerEndpointContainer#0-0-C-1] INFO  o.a.k.c.consumer.internals.ConsumerCoordinator - [Consumer clientId=consumer-slow-consumer-group-1, groupId=slow-consumer-group] Found no committed offset for partition slow-events-1
11:45:33.985 [org.springframework.kafka.KafkaListenerEndpointContainer#0-0-C-1] INFO  o.a.k.c.consumer.internals.ConsumerCoordinator - [Consumer clientId=consumer-slow-consumer-group-1, groupId=slow-consumer-group] Found no committed offset for partition slow-events-0
11:45:33.985 [org.springframework.kafka.KafkaListenerEndpointContainer#0-0-C-1] INFO  o.a.k.c.consumer.internals.ConsumerCoordinator - [Consumer clientId=consumer-slow-consumer-group-1, groupId=slow-consumer-group] Found no committed offset for partition other-events-0
11:45:33.985 [org.springframework.kafka.KafkaListenerEndpointContainer#0-0-C-1] INFO  o.a.k.c.consumer.internals.ConsumerCoordinator - [Consumer clientId=consumer-slow-consumer-group-1, groupId=slow-consumer-group] Found no committed offset for partition other-events-1
11:45:33.985 [org.springframework.kafka.KafkaListenerEndpointContainer#0-0-C-1] INFO  o.a.kafka.clients.consumer.internals.ConsumerUtils - Setting offset for partition other-events-2 to the committed offset FetchPosition{offset=60, offsetEpoch=Optional.empty, currentLeader=LeaderAndEpoch{leader=Optional[localhost:9092 (id: 1 rack: null isFenced: false)], epoch=0}}
11:45:33.988 [org.springframework.kafka.KafkaListenerEndpointContainer#0-0-C-1] INFO  o.a.k.clients.consumer.internals.SubscriptionState - [Consumer clientId=consumer-slow-consumer-group-1, groupId=slow-consumer-group] Resetting offset for partition other-events-0 to position FetchPosition{offset=0, offsetEpoch=Optional.empty, currentLeader=LeaderAndEpoch{leader=Optional[localhost:9092 (id: 1 rack: null isFenced: false)], epoch=0}}.
11:45:33.988 [org.springframework.kafka.KafkaListenerEndpointContainer#0-0-C-1] INFO  o.a.k.clients.consumer.internals.SubscriptionState - [Consumer clientId=consumer-slow-consumer-group-1, groupId=slow-consumer-group] Resetting offset for partition slow-events-2 to position FetchPosition{offset=0, offsetEpoch=Optional.empty, currentLeader=LeaderAndEpoch{leader=Optional[localhost:9092 (id: 1 rack: null isFenced: false)], epoch=0}}.
11:45:33.988 [org.springframework.kafka.KafkaListenerEndpointContainer#0-0-C-1] INFO  o.a.k.clients.consumer.internals.SubscriptionState - [Consumer clientId=consumer-slow-consumer-group-1, groupId=slow-consumer-group] Resetting offset for partition other-events-1 to position FetchPosition{offset=0, offsetEpoch=Optional.empty, currentLeader=LeaderAndEpoch{leader=Optional[localhost:9092 (id: 1 rack: null isFenced: false)], epoch=0}}.
11:45:33.988 [org.springframework.kafka.KafkaListenerEndpointContainer#0-0-C-1] INFO  o.a.k.clients.consumer.internals.SubscriptionState - [Consumer clientId=consumer-slow-consumer-group-1, groupId=slow-consumer-group] Resetting offset for partition slow-events-1 to position FetchPosition{offset=0, offsetEpoch=Optional.empty, currentLeader=LeaderAndEpoch{leader=Optional[localhost:9092 (id: 1 rack: null isFenced: false)], epoch=0}}.
11:45:33.988 [org.springframework.kafka.KafkaListenerEndpointContainer#0-0-C-1] INFO  o.a.k.clients.consumer.internals.SubscriptionState - [Consumer clientId=consumer-slow-consumer-group-1, groupId=slow-consumer-group] Resetting offset for partition slow-events-0 to position FetchPosition{offset=0, offsetEpoch=Optional.empty, currentLeader=LeaderAndEpoch{leader=Optional[localhost:9092 (id: 1 rack: null isFenced: false)], epoch=0}}.
11:45:33.988 [org.springframework.kafka.KafkaListenerEndpointContainer#0-0-C-1] INFO  o.s.kafka.listener.KafkaMessageListenerContainer - slow-consumer-group: partitions assigned: [other-events-0, other-events-1, other-events-2, slow-events-0, slow-events-1, slow-events-2]
11:45:33.994 [org.springframework.kafka.KafkaListenerEndpointContainer#0-0-C-1] DEBUG o.s.kafka.listener.KafkaMessageListenerContainer - Received: 1 records
11:45:33.994 [org.springframework.kafka.KafkaListenerEndpointContainer#0-0-C-1] DEBUG o.s.k.l.a.RecordMessagingMessageListenerAdapter - Processing [GenericMessage [payload=DemoEvent(id=9626ebdb-933a-4ed5-a697-a129cf64a008, payload=demo-event-0, slow=true, retryTrigger=false, flaky=false, createdAt=2026-08-27T03:44:08.031207Z), headers={kafka_offset=0, kafka_consumer=org.springframework.kafka.core.DefaultKafkaConsumerFactory$ExtendedKafkaConsumer@75fd7ccc, kafka_timestampType=CREATE_TIME, kafka_receivedPartitionId=2, kafka_receivedMessageKey=0, kafka_receivedTopic=slow-events, kafka_receivedTimestamp=1787802248033, kafka_acknowledgment=Acknowledgment for slow-events-2@0, kafka_groupId=slow-consumer-group}]]
11:45:33.994 [org.springframework.kafka.KafkaListenerEndpointContainer#0-0-C-1] INFO  c.e.k.listener.MultiTopicRebalanceListener - 收到消息 id=9626ebdb-933a-4ed5-a697-a129cf64a008 topic=slow-events partition=2 slow=true
11:45:33.994 [org.springframework.kafka.KafkaListenerEndpointContainer#0-0-C-1] WARN  c.e.k.listener.MultiTopicRebalanceListener - 模拟慢处理开始：id=9626ebdb-933a-4ed5-a697-a129cf64a008 topic=slow-events 将阻塞 10000ms（超过 max.poll.interval.ms，预期触发 rebalance）
11:45:36.987 [kafka-coordinator-heartbeat-thread | slow-consumer-group] DEBUG o.a.k.c.consumer.internals.ConsumerCoordinator - [Consumer clientId=consumer-slow-consumer-group-1, groupId=slow-consumer-group] Sending Heartbeat request with generation 17 and member id consumer-slow-consumer-group-1-9648530a-41b7-47bb-a78c-0dd630d32e2f to coordinator localhost:9092 (id: 2147483646 rack: null isFenced: false)
11:45:37.093 [kafka-coordinator-heartbeat-thread | slow-consumer-group] DEBUG o.a.k.c.consumer.internals.ConsumerCoordinator - [Consumer clientId=consumer-slow-consumer-group-1, groupId=slow-consumer-group] Received successful Heartbeat response
11:45:39.998 [kafka-coordinator-heartbeat-thread | slow-consumer-group] WARN  o.a.k.c.consumer.internals.ConsumerCoordinator - [Consumer clientId=consumer-slow-consumer-group-1, groupId=slow-consumer-group] consumer poll timeout has expired. This means the time between subsequent calls to poll() was longer than the configured max.poll.interval.ms, which typically implies that the poll loop is spending too much time processing messages. You can address this either by increasing max.poll.interval.ms or by reducing the maximum size of batches returned in poll() with max.poll.records.
11:45:39.998 [kafka-coordinator-heartbeat-thread | slow-consumer-group] INFO  o.a.k.c.consumer.internals.ConsumerCoordinator - [Consumer clientId=consumer-slow-consumer-group-1, groupId=slow-consumer-group] Member consumer-slow-consumer-group-1-9648530a-41b7-47bb-a78c-0dd630d32e2f sending LeaveGroup request to coordinator localhost:9092 (id: 2147483646 rack: null isFenced: false) due to consumer poll timeout has expired.
11:45:39.999 [kafka-coordinator-heartbeat-thread | slow-consumer-group] INFO  o.a.k.c.consumer.internals.ConsumerCoordinator - [Consumer clientId=consumer-slow-consumer-group-1, groupId=slow-consumer-group] Resetting generation and member id due to: consumer pro-actively leaving the group
11:45:39.999 [kafka-coordinator-heartbeat-thread | slow-consumer-group] INFO  o.a.k.c.consumer.internals.ConsumerCoordinator - [Consumer clientId=consumer-slow-consumer-group-1, groupId=slow-consumer-group] Request joining group due to: consumer pro-actively leaving the group
11:45:43.999 [org.springframework.kafka.KafkaListenerEndpointContainer#0-0-C-1] DEBUG o.s.kafka.listener.KafkaMessageListenerContainer - Committing: {slow-events-2=OffsetAndMetadata{offset=1, leaderEpoch=null, metadata=''}}
11:45:44.000 [org.springframework.kafka.KafkaListenerEndpointContainer#0-0-C-1] INFO  o.a.k.c.consumer.internals.ConsumerCoordinator - [Consumer clientId=consumer-slow-consumer-group-1, groupId=slow-consumer-group] Failing OffsetCommit request since the consumer is not part of an active group
11:45:44.000 [org.springframework.kafka.KafkaListenerEndpointContainer#0-0-C-1] DEBUG o.a.k.c.consumer.internals.ConsumerCoordinator - [Consumer clientId=consumer-slow-consumer-group-1, groupId=slow-consumer-group] LeaveGroup response with Generation{generationId=17, memberId='consumer-slow-consumer-group-1-9648530a-41b7-47bb-a78c-0dd630d32e2f', protocol='range'} returned successfully: ClientResponse(receivedTimeMs=1787802344000, latencyMs=4002, disconnected=false, timedOut=false, requestHeader=RequestHeader(apiKey=LEAVE_GROUP, apiVersion=5, clientId=consumer-slow-consumer-group-1, correlationId=164, headerVersion=2), responseBody=LeaveGroupResponseData(throttleTimeMs=0, errorCode=0, members=[MemberResponse(memberId='consumer-slow-consumer-group-1-9648530a-41b7-47bb-a78c-0dd630d32e2f', groupInstanceId=null, errorCode=0)]))
11:45:44.000 [org.springframework.kafka.KafkaListenerEndpointContainer#0-0-C-1] WARN  c.e.k.listener.MultiTopicRebalanceListener - 提交 offset 失败，可能因 rebalance 导致该分区已被回收 id=9626ebdb-933a-4ed5-a697-a129cf64a008 topic=slow-events
org.apache.kafka.clients.consumer.CommitFailedException: Offset commit cannot be completed since the consumer is not part of an active group for auto partition assignment; it is likely that the consumer was kicked out of the group.
	at org.apache.kafka.clients.consumer.internals.ConsumerCoordinator.sendOffsetCommitRequest(ConsumerCoordinator.java:1320)
	at org.apache.kafka.clients.consumer.internals.ConsumerCoordinator.commitOffsetsSync(ConsumerCoordinator.java:1155)
	at org.apache.kafka.clients.consumer.internals.ClassicKafkaConsumer.commitSync(ClassicKafkaConsumer.java:747)
	at org.apache.kafka.clients.consumer.KafkaConsumer.commitSync(KafkaConsumer.java:1094)
	at org.springframework.kafka.listener.KafkaMessageListenerContainer$ListenerConsumer.doCommitSync(KafkaMessageListenerContainer.java:3474)
	at org.springframework.kafka.listener.KafkaMessageListenerContainer$ListenerConsumer.commitSync(KafkaMessageListenerContainer.java:3469)
	at org.springframework.kafka.listener.KafkaMessageListenerContainer$ListenerConsumer.commitOffsets(KafkaMessageListenerContainer.java:3452)
	at org.springframework.kafka.listener.KafkaMessageListenerContainer$ListenerConsumer.commitOffsetsInTransactions(KafkaMessageListenerContainer.java:3443)
	at org.springframework.kafka.listener.KafkaMessageListenerContainer$ListenerConsumer.ackImmediate(KafkaMessageListenerContainer.java:2187)
	at org.springframework.kafka.listener.KafkaMessageListenerContainer$ListenerConsumer.processAck(KafkaMessageListenerContainer.java:2082)
	at org.springframework.kafka.listener.KafkaMessageListenerContainer$ListenerConsumer.doAck(KafkaMessageListenerContainer.java:2062)
	at org.springframework.kafka.listener.KafkaMessageListenerContainer$ListenerConsumer$ConsumerAcknowledgment.acknowledge(KafkaMessageListenerContainer.java:3622)
	at com.example.kafkarebalance.listener.MultiTopicRebalanceListener.onMessage(MultiTopicRebalanceListener.kt:67)
	at java.base/jdk.internal.reflect.DirectMethodHandleAccessor.invoke(DirectMethodHandleAccessor.java:104)
	at java.base/java.lang.reflect.Method.invoke(Method.java:565)
	at org.springframework.messaging.handler.invocation.InvocableHandlerMethod.doInvoke(InvocableHandlerMethod.java:168)
	at org.springframework.kafka.listener.adapter.KotlinAwareInvocableHandlerMethod.doInvoke(KotlinAwareInvocableHandlerMethod.java:48)
	at org.springframework.messaging.handler.invocation.InvocableHandlerMethod.invoke(InvocableHandlerMethod.java:119)
	at org.springframework.kafka.listener.adapter.HandlerAdapter.invoke(HandlerAdapter.java:80)
	at org.springframework.kafka.listener.adapter.MessagingMessageListenerAdapter.invokeHandler(MessagingMessageListenerAdapter.java:488)
	at org.springframework.kafka.listener.adapter.MessagingMessageListenerAdapter.invoke(MessagingMessageListenerAdapter.java:425)
	at org.springframework.kafka.listener.adapter.RecordMessagingMessageListenerAdapter.onMessage(RecordMessagingMessageListenerAdapter.java:92)
	at org.springframework.kafka.listener.adapter.RecordMessagingMessageListenerAdapter.onMessage(RecordMessagingMessageListenerAdapter.java:52)
	at org.springframework.kafka.listener.KafkaMessageListenerContainer$ListenerConsumer.doInvokeOnMessage(KafkaMessageListenerContainer.java:2948)
	at org.springframework.kafka.listener.KafkaMessageListenerContainer$ListenerConsumer.invokeOnMessage(KafkaMessageListenerContainer.java:2927)
	at org.springframework.kafka.listener.KafkaMessageListenerContainer$ListenerConsumer.doInvokeRecordListener(KafkaMessageListenerContainer.java:2837)
	at org.springframework.kafka.listener.KafkaMessageListenerContainer$ListenerConsumer.doInvokeWithRecords(KafkaMessageListenerContainer.java:2679)
	at org.springframework.kafka.listener.KafkaMessageListenerContainer$ListenerConsumer.invokeRecordListener(KafkaMessageListenerContainer.java:2573)
	at org.springframework.kafka.listener.KafkaMessageListenerContainer$ListenerConsumer.invokeListener(KafkaMessageListenerContainer.java:2204)
	at org.springframework.kafka.listener.KafkaMessageListenerContainer$ListenerConsumer.invokeIfHaveRecords(KafkaMessageListenerContainer.java:1559)
	at org.springframework.kafka.listener.KafkaMessageListenerContainer$ListenerConsumer.pollAndInvoke(KafkaMessageListenerContainer.java:1499)
	at org.springframework.kafka.listener.KafkaMessageListenerContainer$ListenerConsumer.run(KafkaMessageListenerContainer.java:1368)
	at java.base/java.util.concurrent.CompletableFuture$AsyncRun.run(CompletableFuture.java:1825)
	at java.base/java.lang.Thread.run(Thread.java:1474)
11:45:44.001 [org.springframework.kafka.KafkaListenerEndpointContainer#0-0-C-1] DEBUG o.a.k.c.consumer.internals.ConsumerCoordinator - [Consumer clientId=consumer-slow-consumer-group-1, groupId=slow-consumer-group] Executing onJoinPrepare with generation -1 and memberId 
11:45:44.001 [org.springframework.kafka.KafkaListenerEndpointContainer#0-0-C-1] INFO  o.a.k.c.consumer.internals.ConsumerCoordinator - [Consumer clientId=consumer-slow-consumer-group-1, groupId=slow-consumer-group] Giving away all assigned partitions as lost since generation/memberID has been reset,indicating that consumer is in old state or no longer part of the group
11:45:44.001 [org.springframework.kafka.KafkaListenerEndpointContainer#0-0-C-1] INFO  o.a.k.c.c.i.ConsumerRebalanceListenerInvoker - [Consumer clientId=consumer-slow-consumer-group-1, groupId=slow-consumer-group] Lost previously assigned partitions [other-events-0, other-events-1, other-events-2, slow-events-0, slow-events-1, slow-events-2]
11:45:44.001 [org.springframework.kafka.KafkaListenerEndpointContainer#0-0-C-1] INFO  o.s.kafka.listener.KafkaMessageListenerContainer - slow-consumer-group: partitions lost: [other-events-0, other-events-1, other-events-2, slow-events-0, slow-events-1, slow-events-2]
11:45:44.001 [org.springframework.kafka.KafkaListenerEndpointContainer#0-0-C-1] INFO  o.s.kafka.listener.KafkaMessageListenerContainer - slow-consumer-group: partitions revoked: [other-events-0, other-events-1, other-events-2, slow-events-0, slow-events-1, slow-events-2]
11:45:44.001 [org.springframework.kafka.KafkaListenerEndpointContainer#0-0-C-1] INFO  o.a.k.c.consumer.internals.ConsumerCoordinator - [Consumer clientId=consumer-slow-consumer-group-1, groupId=slow-consumer-group] (Re-)joining group
11:45:44.001 [org.springframework.kafka.KafkaListenerEndpointContainer#0-0-C-1] DEBUG o.a.k.c.consumer.internals.ConsumerCoordinator - [Consumer clientId=consumer-slow-consumer-group-1, groupId=slow-consumer-group] Joining group with current subscription: [slow-events, other-events]
11:45:44.001 [org.springframework.kafka.KafkaListenerEndpointContainer#0-0-C-1] DEBUG o.a.k.c.consumer.internals.ConsumerCoordinator - [Consumer clientId=consumer-slow-consumer-group-1, groupId=slow-consumer-group] Sending JoinGroup (JoinGroupRequestData(groupId='slow-consumer-group', sessionTimeoutMs=10000, rebalanceTimeoutMs=6000, memberId='', groupInstanceId=null, protocolType='consumer', protocols=[JoinGroupRequestProtocol(name='range', metadata=[0, 3, 0, 0, 0, 2, 0, 12, 111, 116, 104, 101, 114, 45, 101, 118, 101, 110, 116, 115, 0, 11, 115, 108, 111, 119, 45, 101, 118, 101, 110, 116, 115, -1, -1, -1, -1, 0, 0, 0, 0, -1, -1, -1, -1, -1, -1]), JoinGroupRequestProtocol(name='cooperative-sticky', metadata=[0, 3, 0, 0, 0, 2, 0, 12, 111, 116, 104, 101, 114, 45, 101, 118, 101, 110, 116, 115, 0, 11, 115, 108, 111, 119, 45, 101, 118, 101, 110, 116, 115, 0, 0, 0, 4, -1, -1, -1, -1, 0, 0, 0, 0, -1, -1, -1, -1, -1, -1])], reason='consumer pro-actively leaving the group')) to coordinator localhost:9092 (id: 2147483646 rack: null isFenced: false)
11:45:44.007 [org.springframework.kafka.KafkaListenerEndpointContainer#0-0-C-1] DEBUG o.a.k.c.consumer.internals.ConsumerCoordinator - [Consumer clientId=consumer-slow-consumer-group-1, groupId=slow-consumer-group] JoinGroup failed due to non-fatal error: MEMBER_ID_REQUIRED. Will set the member id as consumer-slow-consumer-group-1-cbe04c2c-e95b-4892-909f-8e86fe80b283 and then rejoin. Sent generation was Generation{generationId=-1, memberId='', protocol='null'}
11:45:44.007 [org.springframework.kafka.KafkaListenerEndpointContainer#0-0-C-1] INFO  o.a.k.c.consumer.internals.ConsumerCoordinator - [Consumer clientId=consumer-slow-consumer-group-1, groupId=slow-consumer-group] Request joining group due to: need to re-join with the given member-id: consumer-slow-consumer-group-1-cbe04c2c-e95b-4892-909f-8e86fe80b283
11:45:44.007 [org.springframework.kafka.KafkaListenerEndpointContainer#0-0-C-1] INFO  o.a.k.c.consumer.internals.ConsumerCoordinator - [Consumer clientId=consumer-slow-consumer-group-1, groupId=slow-consumer-group] (Re-)joining group
11:45:44.007 [org.springframework.kafka.KafkaListenerEndpointContainer#0-0-C-1] DEBUG o.a.k.c.consumer.internals.ConsumerCoordinator - [Consumer clientId=consumer-slow-consumer-group-1, groupId=slow-consumer-group] Joining group with current subscription: [slow-events, other-events]
11:45:44.007 [org.springframework.kafka.KafkaListenerEndpointContainer#0-0-C-1] DEBUG o.a.k.c.consumer.internals.ConsumerCoordinator - [Consumer clientId=consumer-slow-consumer-group-1, groupId=slow-consumer-group] Sending JoinGroup (JoinGroupRequestData(groupId='slow-consumer-group', sessionTimeoutMs=10000, rebalanceTimeoutMs=6000, memberId='consumer-slow-consumer-group-1-cbe04c2c-e95b-4892-909f-8e86fe80b283', groupInstanceId=null, protocolType='consumer', protocols=[JoinGroupRequestProtocol(name='range', metadata=[0, 3, 0, 0, 0, 2, 0, 12, 111, 116, 104, 101, 114, 45, 101, 118, 101, 110, 116, 115, 0, 11, 115, 108, 111, 119, 45, 101, 118, 101, 110, 116, 115, -1, -1, -1, -1, 0, 0, 0, 0, -1, -1, -1, -1, -1, -1]), JoinGroupRequestProtocol(name='cooperative-sticky', metadata=[0, 3, 0, 0, 0, 2, 0, 12, 111, 116, 104, 101, 114, 45, 101, 118, 101, 110, 116, 115, 0, 11, 115, 108, 111, 119, 45, 101, 118, 101, 110, 116, 115, 0, 0, 0, 4, -1, -1, -1, -1, 0, 0, 0, 0, -1, -1, -1, -1, -1, -1])], reason='need to re-join with the given member-id: consumer-slow-consumer-group-1-cbe04c2c-e95b-4892-909f-8e86fe80b283')) to coordinator localhost:9092 (id: 2147483646 rack: null isFenced: false)
11:45:44.011 [org.springframework.kafka.KafkaListenerEndpointContainer#0-0-C-1] DEBUG o.a.k.c.consumer.internals.ConsumerCoordinator - [Consumer clientId=consumer-slow-consumer-group-1, groupId=slow-consumer-group] Received successful JoinGroup response: JoinGroupResponseData(throttleTimeMs=0, errorCode=0, generationId=19, protocolType='consumer', protocolName='range', leader='consumer-slow-consumer-group-1-cbe04c2c-e95b-4892-909f-8e86fe80b283', skipAssignment=false, memberId='consumer-slow-consumer-group-1-cbe04c2c-e95b-4892-909f-8e86fe80b283', members=[JoinGroupResponseMember(memberId='consumer-slow-consumer-group-1-cbe04c2c-e95b-4892-909f-8e86fe80b283', groupInstanceId=null, metadata=[0, 3, 0, 0, 0, 2, 0, 12, 111, 116, 104, 101, 114, 45, 101, 118, 101, 110, 116, 115, 0, 11, 115, 108, 111, 119, 45, 101, 118, 101, 110, 116, 115, -1, -1, -1, -1, 0, 0, 0, 0, -1, -1, -1, -1, -1, -1])])
11:45:44.011 [org.springframework.kafka.KafkaListenerEndpointContainer#0-0-C-1] DEBUG o.a.k.c.consumer.internals.ConsumerCoordinator - [Consumer clientId=consumer-slow-consumer-group-1, groupId=slow-consumer-group] Enabling heartbeat thread
11:45:44.011 [org.springframework.kafka.KafkaListenerEndpointContainer#0-0-C-1] INFO  o.a.k.c.consumer.internals.ConsumerCoordinator - [Consumer clientId=consumer-slow-consumer-group-1, groupId=slow-consumer-group] Successfully joined group with generation Generation{generationId=19, memberId='consumer-slow-consumer-group-1-cbe04c2c-e95b-4892-909f-8e86fe80b283', protocol='range'}
11:45:44.011 [org.springframework.kafka.KafkaListenerEndpointContainer#0-0-C-1] DEBUG o.a.k.c.consumer.internals.ConsumerCoordinator - [Consumer clientId=consumer-slow-consumer-group-1, groupId=slow-consumer-group] Performing assignment using strategy range with subscriptions {consumer-slow-consumer-group-1-cbe04c2c-e95b-4892-909f-8e86fe80b283=Subscription(topics=[other-events, slow-events], ownedPartitions=[], groupInstanceId=null, generationId=-1, rackId=null)}
11:45:44.012 [org.springframework.kafka.KafkaListenerEndpointContainer#0-0-C-1] INFO  o.a.k.c.consumer.internals.ConsumerCoordinator - [Consumer clientId=consumer-slow-consumer-group-1, groupId=slow-consumer-group] Finished assignment for group at generation 19: {consumer-slow-consumer-group-1-cbe04c2c-e95b-4892-909f-8e86fe80b283=Assignment(partitions=[other-events-0, other-events-1, other-events-2, slow-events-0, slow-events-1, slow-events-2])}
11:45:44.012 [org.springframework.kafka.KafkaListenerEndpointContainer#0-0-C-1] DEBUG o.a.k.c.consumer.internals.ConsumerCoordinator - [Consumer clientId=consumer-slow-consumer-group-1, groupId=slow-consumer-group] Sending leader SyncGroup to coordinator localhost:9092 (id: 2147483646 rack: null isFenced: false): SyncGroupRequestData(groupId='slow-consumer-group', generationId=19, memberId='consumer-slow-consumer-group-1-cbe04c2c-e95b-4892-909f-8e86fe80b283', groupInstanceId=null, protocolType='consumer', protocolName='range', assignments=[SyncGroupRequestAssignment(memberId='consumer-slow-consumer-group-1-cbe04c2c-e95b-4892-909f-8e86fe80b283', assignment=[0, 3, 0, 0, 0, 2, 0, 12, 111, 116, 104, 101, 114, 45, 101, 118, 101, 110, 116, 115, 0, 0, 0, 3, 0, 0, 0, 0, 0, 0, 0, 1, 0, 0, 0, 2, 0, 11, 115, 108, 111, 119, 45, 101, 118, 101, 110, 116, 115, 0, 0, 0, 3, 0, 0, 0, 0, 0, 0, 0, 1, 0, 0, 0, 2, -1, -1, -1, -1])])
11:45:44.017 [org.springframework.kafka.KafkaListenerEndpointContainer#0-0-C-1] DEBUG o.a.k.c.consumer.internals.ConsumerCoordinator - [Consumer clientId=consumer-slow-consumer-group-1, groupId=slow-consumer-group] Received successful SyncGroup response: SyncGroupResponseData(throttleTimeMs=0, errorCode=0, protocolType='consumer', protocolName='range', assignment=[0, 3, 0, 0, 0, 2, 0, 12, 111, 116, 104, 101, 114, 45, 101, 118, 101, 110, 116, 115, 0, 0, 0, 3, 0, 0, 0, 0, 0, 0, 0, 1, 0, 0, 0, 2, 0, 11, 115, 108, 111, 119, 45, 101, 118, 101, 110, 116, 115, 0, 0, 0, 3, 0, 0, 0, 0, 0, 0, 0, 1, 0, 0, 0, 2, -1, -1, -1, -1])
11:45:44.017 [org.springframework.kafka.KafkaListenerEndpointContainer#0-0-C-1] INFO  o.a.k.c.consumer.internals.ConsumerCoordinator - [Consumer clientId=consumer-slow-consumer-group-1, groupId=slow-consumer-group] Successfully synced group in generation Generation{generationId=19, memberId='consumer-slow-consumer-group-1-cbe04c2c-e95b-4892-909f-8e86fe80b283', protocol='range'}
11:45:44.017 [org.springframework.kafka.KafkaListenerEndpointContainer#0-0-C-1] DEBUG o.a.k.c.consumer.internals.ConsumerCoordinator - [Consumer clientId=consumer-slow-consumer-group-1, groupId=slow-consumer-group] Executing onJoinComplete with generation 19 and memberId consumer-slow-consumer-group-1-cbe04c2c-e95b-4892-909f-8e86fe80b283
11:45:44.018 [org.springframework.kafka.KafkaListenerEndpointContainer#0-0-C-1] INFO  o.a.k.c.consumer.internals.ConsumerCoordinator - [Consumer clientId=consumer-slow-consumer-group-1, groupId=slow-consumer-group] Notifying assignor about the new Assignment(partitions=[other-events-0, other-events-1, other-events-2, slow-events-0, slow-events-1, slow-events-2])
11:45:44.018 [org.springframework.kafka.KafkaListenerEndpointContainer#0-0-C-1] INFO  o.a.k.c.c.i.ConsumerRebalanceListenerInvoker - [Consumer clientId=consumer-slow-consumer-group-1, groupId=slow-consumer-group] Adding newly assigned partitions: [other-events-0, other-events-1, other-events-2, slow-events-0, slow-events-1, slow-events-2]
11:45:44.018 [org.springframework.kafka.KafkaListenerEndpointContainer#0-0-C-1] DEBUG o.a.k.c.consumer.internals.ConsumerCoordinator - [Consumer clientId=consumer-slow-consumer-group-1, groupId=slow-consumer-group] Fetching committed offsets for partitions: [other-events-0, slow-events-2, other-events-1, slow-events-1, other-events-2, slow-events-0]
11:45:44.022 [org.springframework.kafka.KafkaListenerEndpointContainer#0-0-C-1] INFO  o.a.k.c.consumer.internals.ConsumerCoordinator - [Consumer clientId=consumer-slow-consumer-group-1, groupId=slow-consumer-group] Found no committed offset for partition slow-events-2
11:45:44.022 [org.springframework.kafka.KafkaListenerEndpointContainer#0-0-C-1] INFO  o.a.k.c.consumer.internals.ConsumerCoordinator - [Consumer clientId=consumer-slow-consumer-group-1, groupId=slow-consumer-group] Found no committed offset for partition slow-events-1
11:45:44.022 [org.springframework.kafka.KafkaListenerEndpointContainer#0-0-C-1] INFO  o.a.k.c.consumer.internals.ConsumerCoordinator - [Consumer clientId=consumer-slow-consumer-group-1, groupId=slow-consumer-group] Found no committed offset for partition slow-events-0
11:45:44.022 [org.springframework.kafka.KafkaListenerEndpointContainer#0-0-C-1] INFO  o.a.k.c.consumer.internals.ConsumerCoordinator - [Consumer clientId=consumer-slow-consumer-group-1, groupId=slow-consumer-group] Found no committed offset for partition other-events-0
11:45:44.022 [org.springframework.kafka.KafkaListenerEndpointContainer#0-0-C-1] INFO  o.a.k.c.consumer.internals.ConsumerCoordinator - [Consumer clientId=consumer-slow-consumer-group-1, groupId=slow-consumer-group] Found no committed offset for partition other-events-1
11:45:44.022 [org.springframework.kafka.KafkaListenerEndpointContainer#0-0-C-1] INFO  o.a.kafka.clients.consumer.internals.ConsumerUtils - Setting offset for partition other-events-2 to the committed offset FetchPosition{offset=60, offsetEpoch=Optional.empty, currentLeader=LeaderAndEpoch{leader=Optional[localhost:9092 (id: 1 rack: null isFenced: false)], epoch=0}}
11:45:44.025 [org.springframework.kafka.KafkaListenerEndpointContainer#0-0-C-1] INFO  o.a.k.clients.consumer.internals.SubscriptionState - [Consumer clientId=consumer-slow-consumer-group-1, groupId=slow-consumer-group] Resetting offset for partition other-events-0 to position FetchPosition{offset=0, offsetEpoch=Optional.empty, currentLeader=LeaderAndEpoch{leader=Optional[localhost:9092 (id: 1 rack: null isFenced: false)], epoch=0}}.
11:45:44.025 [org.springframework.kafka.KafkaListenerEndpointContainer#0-0-C-1] INFO  o.a.k.clients.consumer.internals.SubscriptionState - [Consumer clientId=consumer-slow-consumer-group-1, groupId=slow-consumer-group] Resetting offset for partition slow-events-2 to position FetchPosition{offset=0, offsetEpoch=Optional.empty, currentLeader=LeaderAndEpoch{leader=Optional[localhost:9092 (id: 1 rack: null isFenced: false)], epoch=0}}.
11:45:44.025 [org.springframework.kafka.KafkaListenerEndpointContainer#0-0-C-1] INFO  o.a.k.clients.consumer.internals.SubscriptionState - [Consumer clientId=consumer-slow-consumer-group-1, groupId=slow-consumer-group] Resetting offset for partition other-events-1 to position FetchPosition{offset=0, offsetEpoch=Optional.empty, currentLeader=LeaderAndEpoch{leader=Optional[localhost:9092 (id: 1 rack: null isFenced: false)], epoch=0}}.
11:45:44.025 [org.springframework.kafka.KafkaListenerEndpointContainer#0-0-C-1] INFO  o.a.k.clients.consumer.internals.SubscriptionState - [Consumer clientId=consumer-slow-consumer-group-1, groupId=slow-consumer-group] Resetting offset for partition slow-events-1 to position FetchPosition{offset=0, offsetEpoch=Optional.empty, currentLeader=LeaderAndEpoch{leader=Optional[localhost:9092 (id: 1 rack: null isFenced: false)], epoch=0}}.
11:45:44.025 [org.springframework.kafka.KafkaListenerEndpointContainer#0-0-C-1] INFO  o.a.k.clients.consumer.internals.SubscriptionState - [Consumer clientId=consumer-slow-consumer-group-1, groupId=slow-consumer-group] Resetting offset for partition slow-events-0 to position FetchPosition{offset=0, offsetEpoch=Optional.empty, currentLeader=LeaderAndEpoch{leader=Optional[localhost:9092 (id: 1 rack: null isFenced: false)], epoch=0}}.
11:45:44.025 [org.springframework.kafka.KafkaListenerEndpointContainer#0-0-C-1] INFO  o.s.kafka.listener.KafkaMessageListenerContainer - slow-consumer-group: partitions assigned: [other-events-0, other-events-1, other-events-2, slow-events-0, slow-events-1, slow-events-2]
11:45:44.030 [org.springframework.kafka.KafkaListenerEndpointContainer#0-0-C-1] DEBUG o.s.kafka.listener.KafkaMessageListenerContainer - Received: 1 records
11:45:44.030 [org.springframework.kafka.KafkaListenerEndpointContainer#0-0-C-1] DEBUG o.s.k.l.a.RecordMessagingMessageListenerAdapter - Processing [GenericMessage [payload=DemoEvent(id=9626ebdb-933a-4ed5-a697-a129cf64a008, payload=demo-event-0, slow=true, retryTrigger=false, flaky=false, createdAt=2026-08-27T03:44:08.031207Z), headers={kafka_offset=0, kafka_consumer=org.springframework.kafka.core.DefaultKafkaConsumerFactory$ExtendedKafkaConsumer@75fd7ccc, kafka_timestampType=CREATE_TIME, kafka_receivedPartitionId=2, kafka_receivedMessageKey=0, kafka_receivedTopic=slow-events, kafka_receivedTimestamp=1787802248033, kafka_acknowledgment=Acknowledgment for slow-events-2@0, kafka_groupId=slow-consumer-group}]]
11:45:44.030 [org.springframework.kafka.KafkaListenerEndpointContainer#0-0-C-1] INFO  c.e.k.listener.MultiTopicRebalanceListener - 收到消息 id=9626ebdb-933a-4ed5-a697-a129cf64a008 topic=slow-events partition=2 slow=true
11:45:44.030 [org.springframework.kafka.KafkaListenerEndpointContainer#0-0-C-1] WARN  c.e.k.listener.MultiTopicRebalanceListener - 模拟慢处理开始：id=9626ebdb-933a-4ed5-a697-a129cf64a008 topic=slow-events 将阻塞 10000ms（超过 max.poll.interval.ms，预期触发 rebalance）
11:45:47.016 [kafka-coordinator-heartbeat-thread | slow-consumer-group] DEBUG o.a.k.c.consumer.internals.ConsumerCoordinator - [Consumer clientId=consumer-slow-consumer-group-1, groupId=slow-consumer-group] Sending Heartbeat request with generation 19 and member id consumer-slow-consumer-group-1-cbe04c2c-e95b-4892-909f-8e86fe80b283 to coordinator localhost:9092 (id: 2147483646 rack: null isFenced: false)
11:45:47.119 [kafka-coordinator-heartbeat-thread | slow-consumer-group] DEBUG o.a.k.c.consumer.internals.ConsumerCoordinator - [Consumer clientId=consumer-slow-consumer-group-1, groupId=slow-consumer-group] Received successful Heartbeat response
11:45:50.118 [kafka-coordinator-heartbeat-thread | slow-consumer-group] WARN  o.a.k.c.consumer.internals.ConsumerCoordinator - [Consumer clientId=consumer-slow-consumer-group-1, groupId=slow-consumer-group] consumer poll timeout has expired. This means the time between subsequent calls to poll() was longer than the configured max.poll.interval.ms, which typically implies that the poll loop is spending too much time processing messages. You can address this either by increasing max.poll.interval.ms or by reducing the maximum size of batches returned in poll() with max.poll.records.
11:45:50.118 [kafka-coordinator-heartbeat-thread | slow-consumer-group] INFO  o.a.k.c.consumer.internals.ConsumerCoordinator - [Consumer clientId=consumer-slow-consumer-group-1, groupId=slow-consumer-group] Member consumer-slow-consumer-group-1-cbe04c2c-e95b-4892-909f-8e86fe80b283 sending LeaveGroup request to coordinator localhost:9092 (id: 2147483646 rack: null isFenced: false) due to consumer poll timeout has expired.
11:45:50.118 [kafka-coordinator-heartbeat-thread | slow-consumer-group] INFO  o.a.k.c.consumer.internals.ConsumerCoordinator - [Consumer clientId=consumer-slow-consumer-group-1, groupId=slow-consumer-group] Resetting generation and member id due to: consumer pro-actively leaving the group
11:45:50.118 [kafka-coordinator-heartbeat-thread | slow-consumer-group] INFO  o.a.k.c.consumer.internals.ConsumerCoordinator - [Consumer clientId=consumer-slow-consumer-group-1, groupId=slow-consumer-group] Request joining group due to: consumer pro-actively leaving the group
11:45:54.032 [org.springframework.kafka.KafkaListenerEndpointContainer#0-0-C-1] DEBUG o.s.kafka.listener.KafkaMessageListenerContainer - Committing: {slow-events-2=OffsetAndMetadata{offset=1, leaderEpoch=null, metadata=''}}
11:45:54.032 [org.springframework.kafka.KafkaListenerEndpointContainer#0-0-C-1] INFO  o.a.k.c.consumer.internals.ConsumerCoordinator - [Consumer clientId=consumer-slow-consumer-group-1, groupId=slow-consumer-group] Failing OffsetCommit request since the consumer is not part of an active group
11:45:54.033 [org.springframework.kafka.KafkaListenerEndpointContainer#0-0-C-1] DEBUG o.a.k.c.consumer.internals.ConsumerCoordinator - [Consumer clientId=consumer-slow-consumer-group-1, groupId=slow-consumer-group] LeaveGroup response with Generation{generationId=19, memberId='consumer-slow-consumer-group-1-cbe04c2c-e95b-4892-909f-8e86fe80b283', protocol='range'} returned successfully: ClientResponse(receivedTimeMs=1787802354033, latencyMs=3915, disconnected=false, timedOut=false, requestHeader=RequestHeader(apiKey=LEAVE_GROUP, apiVersion=5, clientId=consumer-slow-consumer-group-1, correlationId=172, headerVersion=2), responseBody=LeaveGroupResponseData(throttleTimeMs=0, errorCode=0, members=[MemberResponse(memberId='consumer-slow-consumer-group-1-cbe04c2c-e95b-4892-909f-8e86fe80b283', groupInstanceId=null, errorCode=0)]))
11:45:54.033 [org.springframework.kafka.KafkaListenerEndpointContainer#0-0-C-1] WARN  c.e.k.listener.MultiTopicRebalanceListener - 提交 offset 失败，可能因 rebalance 导致该分区已被回收 id=9626ebdb-933a-4ed5-a697-a129cf64a008 topic=slow-events
org.apache.kafka.clients.consumer.CommitFailedException: Offset commit cannot be completed since the consumer is not part of an active group for auto partition assignment; it is likely that the consumer was kicked out of the group.
	at org.apache.kafka.clients.consumer.internals.ConsumerCoordinator.sendOffsetCommitRequest(ConsumerCoordinator.java:1320)
	at org.apache.kafka.clients.consumer.internals.ConsumerCoordinator.commitOffsetsSync(ConsumerCoordinator.java:1155)
	at org.apache.kafka.clients.consumer.internals.ClassicKafkaConsumer.commitSync(ClassicKafkaConsumer.java:747)
	at org.apache.kafka.clients.consumer.KafkaConsumer.commitSync(KafkaConsumer.java:1094)
	at org.springframework.kafka.listener.KafkaMessageListenerContainer$ListenerConsumer.doCommitSync(KafkaMessageListenerContainer.java:3474)
	at org.springframework.kafka.listener.KafkaMessageListenerContainer$ListenerConsumer.commitSync(KafkaMessageListenerContainer.java:3469)
	at org.springframework.kafka.listener.KafkaMessageListenerContainer$ListenerConsumer.commitOffsets(KafkaMessageListenerContainer.java:3452)
	at org.springframework.kafka.listener.KafkaMessageListenerContainer$ListenerConsumer.commitOffsetsInTransactions(KafkaMessageListenerContainer.java:3443)
	at org.springframework.kafka.listener.KafkaMessageListenerContainer$ListenerConsumer.ackImmediate(KafkaMessageListenerContainer.java:2187)
	at org.springframework.kafka.listener.KafkaMessageListenerContainer$ListenerConsumer.processAck(KafkaMessageListenerContainer.java:2082)
	at org.springframework.kafka.listener.KafkaMessageListenerContainer$ListenerConsumer.doAck(KafkaMessageListenerContainer.java:2062)
	at org.springframework.kafka.listener.KafkaMessageListenerContainer$ListenerConsumer$ConsumerAcknowledgment.acknowledge(KafkaMessageListenerContainer.java:3622)
	at com.example.kafkarebalance.listener.MultiTopicRebalanceListener.onMessage(MultiTopicRebalanceListener.kt:67)
	at java.base/jdk.internal.reflect.DirectMethodHandleAccessor.invoke(DirectMethodHandleAccessor.java:104)
	at java.base/java.lang.reflect.Method.invoke(Method.java:565)
	at org.springframework.messaging.handler.invocation.InvocableHandlerMethod.doInvoke(InvocableHandlerMethod.java:168)
	at org.springframework.kafka.listener.adapter.KotlinAwareInvocableHandlerMethod.doInvoke(KotlinAwareInvocableHandlerMethod.java:48)
	at org.springframework.messaging.handler.invocation.InvocableHandlerMethod.invoke(InvocableHandlerMethod.java:119)
	at org.springframework.kafka.listener.adapter.HandlerAdapter.invoke(HandlerAdapter.java:80)
	at org.springframework.kafka.listener.adapter.MessagingMessageListenerAdapter.invokeHandler(MessagingMessageListenerAdapter.java:488)
	at org.springframework.kafka.listener.adapter.MessagingMessageListenerAdapter.invoke(MessagingMessageListenerAdapter.java:425)
	at org.springframework.kafka.listener.adapter.RecordMessagingMessageListenerAdapter.onMessage(RecordMessagingMessageListenerAdapter.java:92)
	at org.springframework.kafka.listener.adapter.RecordMessagingMessageListenerAdapter.onMessage(RecordMessagingMessageListenerAdapter.java:52)
	at org.springframework.kafka.listener.KafkaMessageListenerContainer$ListenerConsumer.doInvokeOnMessage(KafkaMessageListenerContainer.java:2948)
	at org.springframework.kafka.listener.KafkaMessageListenerContainer$ListenerConsumer.invokeOnMessage(KafkaMessageListenerContainer.java:2927)
	at org.springframework.kafka.listener.KafkaMessageListenerContainer$ListenerConsumer.doInvokeRecordListener(KafkaMessageListenerContainer.java:2837)
	at org.springframework.kafka.listener.KafkaMessageListenerContainer$ListenerConsumer.doInvokeWithRecords(KafkaMessageListenerContainer.java:2679)
	at org.springframework.kafka.listener.KafkaMessageListenerContainer$ListenerConsumer.invokeRecordListener(KafkaMessageListenerContainer.java:2573)
	at org.springframework.kafka.listener.KafkaMessageListenerContainer$ListenerConsumer.invokeListener(KafkaMessageListenerContainer.java:2204)
	at org.springframework.kafka.listener.KafkaMessageListenerContainer$ListenerConsumer.invokeIfHaveRecords(KafkaMessageListenerContainer.java:1559)
	at org.springframework.kafka.listener.KafkaMessageListenerContainer$ListenerConsumer.pollAndInvoke(KafkaMessageListenerContainer.java:1499)
	at org.springframework.kafka.listener.KafkaMessageListenerContainer$ListenerConsumer.run(KafkaMessageListenerContainer.java:1368)
	at java.base/java.util.concurrent.CompletableFuture$AsyncRun.run(CompletableFuture.java:1825)
	at java.base/java.lang.Thread.run(Thread.java:1474)
11:45:54.034 [org.springframework.kafka.KafkaListenerEndpointContainer#0-0-C-1] DEBUG o.a.k.c.consumer.internals.ConsumerCoordinator - [Consumer clientId=consumer-slow-consumer-group-1, groupId=slow-consumer-group] Executing onJoinPrepare with generation -1 and memberId 
11:45:54.034 [org.springframework.kafka.KafkaListenerEndpointContainer#0-0-C-1] INFO  o.a.k.c.consumer.internals.ConsumerCoordinator - [Consumer clientId=consumer-slow-consumer-group-1, groupId=slow-consumer-group] Giving away all assigned partitions as lost since generation/memberID has been reset,indicating that consumer is in old state or no longer part of the group
11:45:54.034 [org.springframework.kafka.KafkaListenerEndpointContainer#0-0-C-1] INFO  o.a.k.c.c.i.ConsumerRebalanceListenerInvoker - [Consumer clientId=consumer-slow-consumer-group-1, groupId=slow-consumer-group] Lost previously assigned partitions [other-events-0, other-events-1, other-events-2, slow-events-0, slow-events-1, slow-events-2]
11:45:54.034 [org.springframework.kafka.KafkaListenerEndpointContainer#0-0-C-1] INFO  o.s.kafka.listener.KafkaMessageListenerContainer - slow-consumer-group: partitions lost: [other-events-0, other-events-1, other-events-2, slow-events-0, slow-events-1, slow-events-2]
11:45:54.034 [org.springframework.kafka.KafkaListenerEndpointContainer#0-0-C-1] INFO  o.s.kafka.listener.KafkaMessageListenerContainer - slow-consumer-group: partitions revoked: [other-events-0, other-events-1, other-events-2, slow-events-0, slow-events-1, slow-events-2]
11:45:54.035 [org.springframework.kafka.KafkaListenerEndpointContainer#0-0-C-1] INFO  o.a.k.c.consumer.internals.ConsumerCoordinator - [Consumer clientId=consumer-slow-consumer-group-1, groupId=slow-consumer-group] (Re-)joining group
11:45:54.035 [org.springframework.kafka.KafkaListenerEndpointContainer#0-0-C-1] DEBUG o.a.k.c.consumer.internals.ConsumerCoordinator - [Consumer clientId=consumer-slow-consumer-group-1, groupId=slow-consumer-group] Joining group with current subscription: [slow-events, other-events]
11:45:54.035 [org.springframework.kafka.KafkaListenerEndpointContainer#0-0-C-1] DEBUG o.a.k.c.consumer.internals.ConsumerCoordinator - [Consumer clientId=consumer-slow-consumer-group-1, groupId=slow-consumer-group] Sending JoinGroup (JoinGroupRequestData(groupId='slow-consumer-group', sessionTimeoutMs=10000, rebalanceTimeoutMs=6000, memberId='', groupInstanceId=null, protocolType='consumer', protocols=[JoinGroupRequestProtocol(name='range', metadata=[0, 3, 0, 0, 0, 2, 0, 12, 111, 116, 104, 101, 114, 45, 101, 118, 101, 110, 116, 115, 0, 11, 115, 108, 111, 119, 45, 101, 118, 101, 110, 116, 115, -1, -1, -1, -1, 0, 0, 0, 0, -1, -1, -1, -1, -1, -1]), JoinGroupRequestProtocol(name='cooperative-sticky', metadata=[0, 3, 0, 0, 0, 2, 0, 12, 111, 116, 104, 101, 114, 45, 101, 118, 101, 110, 116, 115, 0, 11, 115, 108, 111, 119, 45, 101, 118, 101, 110, 116, 115, 0, 0, 0, 4, -1, -1, -1, -1, 0, 0, 0, 0, -1, -1, -1, -1, -1, -1])], reason='consumer pro-actively leaving the group')) to coordinator localhost:9092 (id: 2147483646 rack: null isFenced: false)
11:45:54.039 [org.springframework.kafka.KafkaListenerEndpointContainer#0-0-C-1] DEBUG o.a.k.c.consumer.internals.ConsumerCoordinator - [Consumer clientId=consumer-slow-consumer-group-1, groupId=slow-consumer-group] JoinGroup failed due to non-fatal error: MEMBER_ID_REQUIRED. Will set the member id as consumer-slow-consumer-group-1-ab4bae1d-209e-4c8e-9e50-2f0b03527053 and then rejoin. Sent generation was Generation{generationId=-1, memberId='', protocol='null'}
11:45:54.040 [org.springframework.kafka.KafkaListenerEndpointContainer#0-0-C-1] INFO  o.a.k.c.consumer.internals.ConsumerCoordinator - [Consumer clientId=consumer-slow-consumer-group-1, groupId=slow-consumer-group] Request joining group due to: need to re-join with the given member-id: consumer-slow-consumer-group-1-ab4bae1d-209e-4c8e-9e50-2f0b03527053
11:45:54.040 [org.springframework.kafka.KafkaListenerEndpointContainer#0-0-C-1] INFO  o.a.k.c.consumer.internals.ConsumerCoordinator - [Consumer clientId=consumer-slow-consumer-group-1, groupId=slow-consumer-group] (Re-)joining group
11:45:54.040 [org.springframework.kafka.KafkaListenerEndpointContainer#0-0-C-1] DEBUG o.a.k.c.consumer.internals.ConsumerCoordinator - [Consumer clientId=consumer-slow-consumer-group-1, groupId=slow-consumer-group] Joining group with current subscription: [slow-events, other-events]
11:45:54.040 [org.springframework.kafka.KafkaListenerEndpointContainer#0-0-C-1] DEBUG o.a.k.c.consumer.internals.ConsumerCoordinator - [Consumer clientId=consumer-slow-consumer-group-1, groupId=slow-consumer-group] Sending JoinGroup (JoinGroupRequestData(groupId='slow-consumer-group', sessionTimeoutMs=10000, rebalanceTimeoutMs=6000, memberId='consumer-slow-consumer-group-1-ab4bae1d-209e-4c8e-9e50-2f0b03527053', groupInstanceId=null, protocolType='consumer', protocols=[JoinGroupRequestProtocol(name='range', metadata=[0, 3, 0, 0, 0, 2, 0, 12, 111, 116, 104, 101, 114, 45, 101, 118, 101, 110, 116, 115, 0, 11, 115, 108, 111, 119, 45, 101, 118, 101, 110, 116, 115, -1, -1, -1, -1, 0, 0, 0, 0, -1, -1, -1, -1, -1, -1]), JoinGroupRequestProtocol(name='cooperative-sticky', metadata=[0, 3, 0, 0, 0, 2, 0, 12, 111, 116, 104, 101, 114, 45, 101, 118, 101, 110, 116, 115, 0, 11, 115, 108, 111, 119, 45, 101, 118, 101, 110, 116, 115, 0, 0, 0, 4, -1, -1, -1, -1, 0, 0, 0, 0, -1, -1, -1, -1, -1, -1])], reason='need to re-join with the given member-id: consumer-slow-consumer-group-1-ab4bae1d-209e-4c8e-9e50-2f0b03527053')) to coordinator localhost:9092 (id: 2147483646 rack: null isFenced: false)
11:45:54.043 [org.springframework.kafka.KafkaListenerEndpointContainer#0-0-C-1] DEBUG o.a.k.c.consumer.internals.ConsumerCoordinator - [Consumer clientId=consumer-slow-consumer-group-1, groupId=slow-consumer-group] Received successful JoinGroup response: JoinGroupResponseData(throttleTimeMs=0, errorCode=0, generationId=21, protocolType='consumer', protocolName='range', leader='consumer-slow-consumer-group-1-ab4bae1d-209e-4c8e-9e50-2f0b03527053', skipAssignment=false, memberId='consumer-slow-consumer-group-1-ab4bae1d-209e-4c8e-9e50-2f0b03527053', members=[JoinGroupResponseMember(memberId='consumer-slow-consumer-group-1-ab4bae1d-209e-4c8e-9e50-2f0b03527053', groupInstanceId=null, metadata=[0, 3, 0, 0, 0, 2, 0, 12, 111, 116, 104, 101, 114, 45, 101, 118, 101, 110, 116, 115, 0, 11, 115, 108, 111, 119, 45, 101, 118, 101, 110, 116, 115, -1, -1, -1, -1, 0, 0, 0, 0, -1, -1, -1, -1, -1, -1])])
11:45:54.043 [org.springframework.kafka.KafkaListenerEndpointContainer#0-0-C-1] DEBUG o.a.k.c.consumer.internals.ConsumerCoordinator - [Consumer clientId=consumer-slow-consumer-group-1, groupId=slow-consumer-group] Enabling heartbeat thread
11:45:54.043 [org.springframework.kafka.KafkaListenerEndpointContainer#0-0-C-1] INFO  o.a.k.c.consumer.internals.ConsumerCoordinator - [Consumer clientId=consumer-slow-consumer-group-1, groupId=slow-consumer-group] Successfully joined group with generation Generation{generationId=21, memberId='consumer-slow-consumer-group-1-ab4bae1d-209e-4c8e-9e50-2f0b03527053', protocol='range'}
11:45:54.043 [org.springframework.kafka.KafkaListenerEndpointContainer#0-0-C-1] DEBUG o.a.k.c.consumer.internals.ConsumerCoordinator - [Consumer clientId=consumer-slow-consumer-group-1, groupId=slow-consumer-group] Performing assignment using strategy range with subscriptions {consumer-slow-consumer-group-1-ab4bae1d-209e-4c8e-9e50-2f0b03527053=Subscription(topics=[other-events, slow-events], ownedPartitions=[], groupInstanceId=null, generationId=-1, rackId=null)}
11:45:54.044 [org.springframework.kafka.KafkaListenerEndpointContainer#0-0-C-1] INFO  o.a.k.c.consumer.internals.ConsumerCoordinator - [Consumer clientId=consumer-slow-consumer-group-1, groupId=slow-consumer-group] Finished assignment for group at generation 21: {consumer-slow-consumer-group-1-ab4bae1d-209e-4c8e-9e50-2f0b03527053=Assignment(partitions=[other-events-0, other-events-1, other-events-2, slow-events-0, slow-events-1, slow-events-2])}
11:45:54.044 [org.springframework.kafka.KafkaListenerEndpointContainer#0-0-C-1] DEBUG o.a.k.c.consumer.internals.ConsumerCoordinator - [Consumer clientId=consumer-slow-consumer-group-1, groupId=slow-consumer-group] Sending leader SyncGroup to coordinator localhost:9092 (id: 2147483646 rack: null isFenced: false): SyncGroupRequestData(groupId='slow-consumer-group', generationId=21, memberId='consumer-slow-consumer-group-1-ab4bae1d-209e-4c8e-9e50-2f0b03527053', groupInstanceId=null, protocolType='consumer', protocolName='range', assignments=[SyncGroupRequestAssignment(memberId='consumer-slow-consumer-group-1-ab4bae1d-209e-4c8e-9e50-2f0b03527053', assignment=[0, 3, 0, 0, 0, 2, 0, 12, 111, 116, 104, 101, 114, 45, 101, 118, 101, 110, 116, 115, 0, 0, 0, 3, 0, 0, 0, 0, 0, 0, 0, 1, 0, 0, 0, 2, 0, 11, 115, 108, 111, 119, 45, 101, 118, 101, 110, 116, 115, 0, 0, 0, 3, 0, 0, 0, 0, 0, 0, 0, 1, 0, 0, 0, 2, -1, -1, -1, -1])])
11:45:54.048 [org.springframework.kafka.KafkaListenerEndpointContainer#0-0-C-1] DEBUG o.a.k.c.consumer.internals.ConsumerCoordinator - [Consumer clientId=consumer-slow-consumer-group-1, groupId=slow-consumer-group] Received successful SyncGroup response: SyncGroupResponseData(throttleTimeMs=0, errorCode=0, protocolType='consumer', protocolName='range', assignment=[0, 3, 0, 0, 0, 2, 0, 12, 111, 116, 104, 101, 114, 45, 101, 118, 101, 110, 116, 115, 0, 0, 0, 3, 0, 0, 0, 0, 0, 0, 0, 1, 0, 0, 0, 2, 0, 11, 115, 108, 111, 119, 45, 101, 118, 101, 110, 116, 115, 0, 0, 0, 3, 0, 0, 0, 0, 0, 0, 0, 1, 0, 0, 0, 2, -1, -1, -1, -1])
11:45:54.048 [org.springframework.kafka.KafkaListenerEndpointContainer#0-0-C-1] INFO  o.a.k.c.consumer.internals.ConsumerCoordinator - [Consumer clientId=consumer-slow-consumer-group-1, groupId=slow-consumer-group] Successfully synced group in generation Generation{generationId=21, memberId='consumer-slow-consumer-group-1-ab4bae1d-209e-4c8e-9e50-2f0b03527053', protocol='range'}
11:45:54.048 [org.springframework.kafka.KafkaListenerEndpointContainer#0-0-C-1] DEBUG o.a.k.c.consumer.internals.ConsumerCoordinator - [Consumer clientId=consumer-slow-consumer-group-1, groupId=slow-consumer-group] Executing onJoinComplete with generation 21 and memberId consumer-slow-consumer-group-1-ab4bae1d-209e-4c8e-9e50-2f0b03527053
11:45:54.048 [org.springframework.kafka.KafkaListenerEndpointContainer#0-0-C-1] INFO  o.a.k.c.consumer.internals.ConsumerCoordinator - [Consumer clientId=consumer-slow-consumer-group-1, groupId=slow-consumer-group] Notifying assignor about the new Assignment(partitions=[other-events-0, other-events-1, other-events-2, slow-events-0, slow-events-1, slow-events-2])
11:45:54.048 [org.springframework.kafka.KafkaListenerEndpointContainer#0-0-C-1] INFO  o.a.k.c.c.i.ConsumerRebalanceListenerInvoker - [Consumer clientId=consumer-slow-consumer-group-1, groupId=slow-consumer-group] Adding newly assigned partitions: [other-events-0, other-events-1, other-events-2, slow-events-0, slow-events-1, slow-events-2]
11:45:54.049 [org.springframework.kafka.KafkaListenerEndpointContainer#0-0-C-1] DEBUG o.a.k.c.consumer.internals.ConsumerCoordinator - [Consumer clientId=consumer-slow-consumer-group-1, groupId=slow-consumer-group] Fetching committed offsets for partitions: [other-events-0, slow-events-2, other-events-1, slow-events-1, other-events-2, slow-events-0]
11:45:54.052 [org.springframework.kafka.KafkaListenerEndpointContainer#0-0-C-1] INFO  o.a.k.c.consumer.internals.ConsumerCoordinator - [Consumer clientId=consumer-slow-consumer-group-1, groupId=slow-consumer-group] Found no committed offset for partition slow-events-2
11:45:54.052 [org.springframework.kafka.KafkaListenerEndpointContainer#0-0-C-1] INFO  o.a.k.c.consumer.internals.ConsumerCoordinator - [Consumer clientId=consumer-slow-consumer-group-1, groupId=slow-consumer-group] Found no committed offset for partition slow-events-1
11:45:54.052 [org.springframework.kafka.KafkaListenerEndpointContainer#0-0-C-1] INFO  o.a.k.c.consumer.internals.ConsumerCoordinator - [Consumer clientId=consumer-slow-consumer-group-1, groupId=slow-consumer-group] Found no committed offset for partition slow-events-0
11:45:54.052 [org.springframework.kafka.KafkaListenerEndpointContainer#0-0-C-1] INFO  o.a.k.c.consumer.internals.ConsumerCoordinator - [Consumer clientId=consumer-slow-consumer-group-1, groupId=slow-consumer-group] Found no committed offset for partition other-events-0
11:45:54.052 [org.springframework.kafka.KafkaListenerEndpointContainer#0-0-C-1] INFO  o.a.k.c.consumer.internals.ConsumerCoordinator - [Consumer clientId=consumer-slow-consumer-group-1, groupId=slow-consumer-group] Found no committed offset for partition other-events-1
11:45:54.052 [org.springframework.kafka.KafkaListenerEndpointContainer#0-0-C-1] INFO  o.a.kafka.clients.consumer.internals.ConsumerUtils - Setting offset for partition other-events-2 to the committed offset FetchPosition{offset=60, offsetEpoch=Optional.empty, currentLeader=LeaderAndEpoch{leader=Optional[localhost:9092 (id: 1 rack: null isFenced: false)], epoch=0}}
11:45:54.055 [org.springframework.kafka.KafkaListenerEndpointContainer#0-0-C-1] INFO  o.a.k.clients.consumer.internals.SubscriptionState - [Consumer clientId=consumer-slow-consumer-group-1, groupId=slow-consumer-group] Resetting offset for partition other-events-0 to position FetchPosition{offset=0, offsetEpoch=Optional.empty, currentLeader=LeaderAndEpoch{leader=Optional[localhost:9092 (id: 1 rack: null isFenced: false)], epoch=0}}.
11:45:54.055 [org.springframework.kafka.KafkaListenerEndpointContainer#0-0-C-1] INFO  o.a.k.clients.consumer.internals.SubscriptionState - [Consumer clientId=consumer-slow-consumer-group-1, groupId=slow-consumer-group] Resetting offset for partition slow-events-2 to position FetchPosition{offset=0, offsetEpoch=Optional.empty, currentLeader=LeaderAndEpoch{leader=Optional[localhost:9092 (id: 1 rack: null isFenced: false)], epoch=0}}.
11:45:54.055 [org.springframework.kafka.KafkaListenerEndpointContainer#0-0-C-1] INFO  o.a.k.clients.consumer.internals.SubscriptionState - [Consumer clientId=consumer-slow-consumer-group-1, groupId=slow-consumer-group] Resetting offset for partition other-events-1 to position FetchPosition{offset=0, offsetEpoch=Optional.empty, currentLeader=LeaderAndEpoch{leader=Optional[localhost:9092 (id: 1 rack: null isFenced: false)], epoch=0}}.
11:45:54.055 [org.springframework.kafka.KafkaListenerEndpointContainer#0-0-C-1] INFO  o.a.k.clients.consumer.internals.SubscriptionState - [Consumer clientId=consumer-slow-consumer-group-1, groupId=slow-consumer-group] Resetting offset for partition slow-events-1 to position FetchPosition{offset=0, offsetEpoch=Optional.empty, currentLeader=LeaderAndEpoch{leader=Optional[localhost:9092 (id: 1 rack: null isFenced: false)], epoch=0}}.
11:45:54.055 [org.springframework.kafka.KafkaListenerEndpointContainer#0-0-C-1] INFO  o.a.k.clients.consumer.internals.SubscriptionState - [Consumer clientId=consumer-slow-consumer-group-1, groupId=slow-consumer-group] Resetting offset for partition slow-events-0 to position FetchPosition{offset=0, offsetEpoch=Optional.empty, currentLeader=LeaderAndEpoch{leader=Optional[localhost:9092 (id: 1 rack: null isFenced: false)], epoch=0}}.
11:45:54.055 [org.springframework.kafka.KafkaListenerEndpointContainer#0-0-C-1] INFO  o.s.kafka.listener.KafkaMessageListenerContainer - slow-consumer-group: partitions assigned: [other-events-0, other-events-1, other-events-2, slow-events-0, slow-events-1, slow-events-2]
11:45:54.062 [org.springframework.kafka.KafkaListenerEndpointContainer#0-0-C-1] DEBUG o.s.kafka.listener.KafkaMessageListenerContainer - Received: 1 records
11:45:54.062 [org.springframework.kafka.KafkaListenerEndpointContainer#0-0-C-1] DEBUG o.s.k.l.a.RecordMessagingMessageListenerAdapter - Processing [GenericMessage [payload=DemoEvent(id=9626ebdb-933a-4ed5-a697-a129cf64a008, payload=demo-event-0, slow=true, retryTrigger=false, flaky=false, createdAt=2026-08-27T03:44:08.031207Z), headers={kafka_offset=0, kafka_consumer=org.springframework.kafka.core.DefaultKafkaConsumerFactory$ExtendedKafkaConsumer@75fd7ccc, kafka_timestampType=CREATE_TIME, kafka_receivedPartitionId=2, kafka_receivedMessageKey=0, kafka_receivedTopic=slow-events, kafka_receivedTimestamp=1787802248033, kafka_acknowledgment=Acknowledgment for slow-events-2@0, kafka_groupId=slow-consumer-group}]]
11:45:54.062 [org.springframework.kafka.KafkaListenerEndpointContainer#0-0-C-1] INFO  c.e.k.listener.MultiTopicRebalanceListener - 收到消息 id=9626ebdb-933a-4ed5-a697-a129cf64a008 topic=slow-events partition=2 slow=true
11:45:54.062 [org.springframework.kafka.KafkaListenerEndpointContainer#0-0-C-1] WARN  c.e.k.listener.MultiTopicRebalanceListener - 模拟慢处理开始：id=9626ebdb-933a-4ed5-a697-a129cf64a008 topic=slow-events 将阻塞 10000ms（超过 max.poll.interval.ms，预期触发 rebalance）
11:45:57.054 [kafka-coordinator-heartbeat-thread | slow-consumer-group] DEBUG o.a.k.c.consumer.internals.ConsumerCoordinator - [Consumer clientId=consumer-slow-consumer-group-1, groupId=slow-consumer-group] Sending Heartbeat request with generation 21 and member id consumer-slow-consumer-group-1-ab4bae1d-209e-4c8e-9e50-2f0b03527053 to coordinator localhost:9092 (id: 2147483646 rack: null isFenced: false)
11:45:57.159 [kafka-coordinator-heartbeat-thread | slow-consumer-group] DEBUG o.a.k.c.consumer.internals.ConsumerCoordinator - [Consumer clientId=consumer-slow-consumer-group-1, groupId=slow-consumer-group] Received successful Heartbeat response
11:46:00.158 [kafka-coordinator-heartbeat-thread | slow-consumer-group] WARN  o.a.k.c.consumer.internals.ConsumerCoordinator - [Consumer clientId=consumer-slow-consumer-group-1, groupId=slow-consumer-group] consumer poll timeout has expired. This means the time between subsequent calls to poll() was longer than the configured max.poll.interval.ms, which typically implies that the poll loop is spending too much time processing messages. You can address this either by increasing max.poll.interval.ms or by reducing the maximum size of batches returned in poll() with max.poll.records.
11:46:00.158 [kafka-coordinator-heartbeat-thread | slow-consumer-group] INFO  o.a.k.c.consumer.internals.ConsumerCoordinator - [Consumer clientId=consumer-slow-consumer-group-1, groupId=slow-consumer-group] Member consumer-slow-consumer-group-1-ab4bae1d-209e-4c8e-9e50-2f0b03527053 sending LeaveGroup request to coordinator localhost:9092 (id: 2147483646 rack: null isFenced: false) due to consumer poll timeout has expired.
11:46:00.159 [kafka-coordinator-heartbeat-thread | slow-consumer-group] INFO  o.a.k.c.consumer.internals.ConsumerCoordinator - [Consumer clientId=consumer-slow-consumer-group-1, groupId=slow-consumer-group] Resetting generation and member id due to: consumer pro-actively leaving the group
11:46:00.159 [kafka-coordinator-heartbeat-thread | slow-consumer-group] INFO  o.a.k.c.consumer.internals.ConsumerCoordinator - [Consumer clientId=consumer-slow-consumer-group-1, groupId=slow-consumer-group] Request joining group due to: consumer pro-actively leaving the group
11:46:04.063 [org.springframework.kafka.KafkaListenerEndpointContainer#0-0-C-1] DEBUG o.s.kafka.listener.KafkaMessageListenerContainer - Committing: {slow-events-2=OffsetAndMetadata{offset=1, leaderEpoch=null, metadata=''}}
11:46:04.063 [org.springframework.kafka.KafkaListenerEndpointContainer#0-0-C-1] INFO  o.a.k.c.consumer.internals.ConsumerCoordinator - [Consumer clientId=consumer-slow-consumer-group-1, groupId=slow-consumer-group] Failing OffsetCommit request since the consumer is not part of an active group
11:46:04.064 [org.springframework.kafka.KafkaListenerEndpointContainer#0-0-C-1] DEBUG o.a.k.c.consumer.internals.ConsumerCoordinator - [Consumer clientId=consumer-slow-consumer-group-1, groupId=slow-consumer-group] LeaveGroup response with Generation{generationId=21, memberId='consumer-slow-consumer-group-1-ab4bae1d-209e-4c8e-9e50-2f0b03527053', protocol='range'} returned successfully: ClientResponse(receivedTimeMs=1787802364063, latencyMs=3905, disconnected=false, timedOut=false, requestHeader=RequestHeader(apiKey=LEAVE_GROUP, apiVersion=5, clientId=consumer-slow-consumer-group-1, correlationId=180, headerVersion=2), responseBody=LeaveGroupResponseData(throttleTimeMs=0, errorCode=0, members=[MemberResponse(memberId='consumer-slow-consumer-group-1-ab4bae1d-209e-4c8e-9e50-2f0b03527053', groupInstanceId=null, errorCode=0)]))
11:46:04.064 [org.springframework.kafka.KafkaListenerEndpointContainer#0-0-C-1] WARN  c.e.k.listener.MultiTopicRebalanceListener - 提交 offset 失败，可能因 rebalance 导致该分区已被回收 id=9626ebdb-933a-4ed5-a697-a129cf64a008 topic=slow-events
org.apache.kafka.clients.consumer.CommitFailedException: Offset commit cannot be completed since the consumer is not part of an active group for auto partition assignment; it is likely that the consumer was kicked out of the group.
	at org.apache.kafka.clients.consumer.internals.ConsumerCoordinator.sendOffsetCommitRequest(ConsumerCoordinator.java:1320)
	at org.apache.kafka.clients.consumer.internals.ConsumerCoordinator.commitOffsetsSync(ConsumerCoordinator.java:1155)
	at org.apache.kafka.clients.consumer.internals.ClassicKafkaConsumer.commitSync(ClassicKafkaConsumer.java:747)
	at org.apache.kafka.clients.consumer.KafkaConsumer.commitSync(KafkaConsumer.java:1094)
	at org.springframework.kafka.listener.KafkaMessageListenerContainer$ListenerConsumer.doCommitSync(KafkaMessageListenerContainer.java:3474)
	at org.springframework.kafka.listener.KafkaMessageListenerContainer$ListenerConsumer.commitSync(KafkaMessageListenerContainer.java:3469)
	at org.springframework.kafka.listener.KafkaMessageListenerContainer$ListenerConsumer.commitOffsets(KafkaMessageListenerContainer.java:3452)
	at org.springframework.kafka.listener.KafkaMessageListenerContainer$ListenerConsumer.commitOffsetsInTransactions(KafkaMessageListenerContainer.java:3443)
	at org.springframework.kafka.listener.KafkaMessageListenerContainer$ListenerConsumer.ackImmediate(KafkaMessageListenerContainer.java:2187)
	at org.springframework.kafka.listener.KafkaMessageListenerContainer$ListenerConsumer.processAck(KafkaMessageListenerContainer.java:2082)
	at org.springframework.kafka.listener.KafkaMessageListenerContainer$ListenerConsumer.doAck(KafkaMessageListenerContainer.java:2062)
	at org.springframework.kafka.listener.KafkaMessageListenerContainer$ListenerConsumer$ConsumerAcknowledgment.acknowledge(KafkaMessageListenerContainer.java:3622)
	at com.example.kafkarebalance.listener.MultiTopicRebalanceListener.onMessage(MultiTopicRebalanceListener.kt:67)
	at java.base/jdk.internal.reflect.DirectMethodHandleAccessor.invoke(DirectMethodHandleAccessor.java:104)
	at java.base/java.lang.reflect.Method.invoke(Method.java:565)
	at org.springframework.messaging.handler.invocation.InvocableHandlerMethod.doInvoke(InvocableHandlerMethod.java:168)
	at org.springframework.kafka.listener.adapter.KotlinAwareInvocableHandlerMethod.doInvoke(KotlinAwareInvocableHandlerMethod.java:48)
	at org.springframework.messaging.handler.invocation.InvocableHandlerMethod.invoke(InvocableHandlerMethod.java:119)
	at org.springframework.kafka.listener.adapter.HandlerAdapter.invoke(HandlerAdapter.java:80)
	at org.springframework.kafka.listener.adapter.MessagingMessageListenerAdapter.invokeHandler(MessagingMessageListenerAdapter.java:488)
	at org.springframework.kafka.listener.adapter.MessagingMessageListenerAdapter.invoke(MessagingMessageListenerAdapter.java:425)
	at org.springframework.kafka.listener.adapter.RecordMessagingMessageListenerAdapter.onMessage(RecordMessagingMessageListenerAdapter.java:92)
	at org.springframework.kafka.listener.adapter.RecordMessagingMessageListenerAdapter.onMessage(RecordMessagingMessageListenerAdapter.java:52)
	at org.springframework.kafka.listener.KafkaMessageListenerContainer$ListenerConsumer.doInvokeOnMessage(KafkaMessageListenerContainer.java:2948)
	at org.springframework.kafka.listener.KafkaMessageListenerContainer$ListenerConsumer.invokeOnMessage(KafkaMessageListenerContainer.java:2927)
	at org.springframework.kafka.listener.KafkaMessageListenerContainer$ListenerConsumer.doInvokeRecordListener(KafkaMessageListenerContainer.java:2837)
	at org.springframework.kafka.listener.KafkaMessageListenerContainer$ListenerConsumer.doInvokeWithRecords(KafkaMessageListenerContainer.java:2679)
	at org.springframework.kafka.listener.KafkaMessageListenerContainer$ListenerConsumer.invokeRecordListener(KafkaMessageListenerContainer.java:2573)
	at org.springframework.kafka.listener.KafkaMessageListenerContainer$ListenerConsumer.invokeListener(KafkaMessageListenerContainer.java:2204)
	at org.springframework.kafka.listener.KafkaMessageListenerContainer$ListenerConsumer.invokeIfHaveRecords(KafkaMessageListenerContainer.java:1559)
	at org.springframework.kafka.listener.KafkaMessageListenerContainer$ListenerConsumer.pollAndInvoke(KafkaMessageListenerContainer.java:1499)
	at org.springframework.kafka.listener.KafkaMessageListenerContainer$ListenerConsumer.run(KafkaMessageListenerContainer.java:1368)
	at java.base/java.util.concurrent.CompletableFuture$AsyncRun.run(CompletableFuture.java:1825)
	at java.base/java.lang.Thread.run(Thread.java:1474)
11:46:04.065 [org.springframework.kafka.KafkaListenerEndpointContainer#0-0-C-1] DEBUG o.a.k.c.consumer.internals.ConsumerCoordinator - [Consumer clientId=consumer-slow-consumer-group-1, groupId=slow-consumer-group] Executing onJoinPrepare with generation -1 and memberId 
11:46:04.065 [org.springframework.kafka.KafkaListenerEndpointContainer#0-0-C-1] INFO  o.a.k.c.consumer.internals.ConsumerCoordinator - [Consumer clientId=consumer-slow-consumer-group-1, groupId=slow-consumer-group] Giving away all assigned partitions as lost since generation/memberID has been reset,indicating that consumer is in old state or no longer part of the group
11:46:04.065 [org.springframework.kafka.KafkaListenerEndpointContainer#0-0-C-1] INFO  o.a.k.c.c.i.ConsumerRebalanceListenerInvoker - [Consumer clientId=consumer-slow-consumer-group-1, groupId=slow-consumer-group] Lost previously assigned partitions [other-events-0, other-events-1, other-events-2, slow-events-0, slow-events-1, slow-events-2]
11:46:04.065 [org.springframework.kafka.KafkaListenerEndpointContainer#0-0-C-1] INFO  o.s.kafka.listener.KafkaMessageListenerContainer - slow-consumer-group: partitions lost: [other-events-0, other-events-1, other-events-2, slow-events-0, slow-events-1, slow-events-2]
11:46:04.065 [org.springframework.kafka.KafkaListenerEndpointContainer#0-0-C-1] INFO  o.s.kafka.listener.KafkaMessageListenerContainer - slow-consumer-group: partitions revoked: [other-events-0, other-events-1, other-events-2, slow-events-0, slow-events-1, slow-events-2]
11:46:04.065 [org.springframework.kafka.KafkaListenerEndpointContainer#0-0-C-1] INFO  o.a.k.c.consumer.internals.ConsumerCoordinator - [Consumer clientId=consumer-slow-consumer-group-1, groupId=slow-consumer-group] (Re-)joining group
11:46:04.065 [org.springframework.kafka.KafkaListenerEndpointContainer#0-0-C-1] DEBUG o.a.k.c.consumer.internals.ConsumerCoordinator - [Consumer clientId=consumer-slow-consumer-group-1, groupId=slow-consumer-group] Joining group with current subscription: [slow-events, other-events]
11:46:04.066 [org.springframework.kafka.KafkaListenerEndpointContainer#0-0-C-1] DEBUG o.a.k.c.consumer.internals.ConsumerCoordinator - [Consumer clientId=consumer-slow-consumer-group-1, groupId=slow-consumer-group] Sending JoinGroup (JoinGroupRequestData(groupId='slow-consumer-group', sessionTimeoutMs=10000, rebalanceTimeoutMs=6000, memberId='', groupInstanceId=null, protocolType='consumer', protocols=[JoinGroupRequestProtocol(name='range', metadata=[0, 3, 0, 0, 0, 2, 0, 12, 111, 116, 104, 101, 114, 45, 101, 118, 101, 110, 116, 115, 0, 11, 115, 108, 111, 119, 45, 101, 118, 101, 110, 116, 115, -1, -1, -1, -1, 0, 0, 0, 0, -1, -1, -1, -1, -1, -1]), JoinGroupRequestProtocol(name='cooperative-sticky', metadata=[0, 3, 0, 0, 0, 2, 0, 12, 111, 116, 104, 101, 114, 45, 101, 118, 101, 110, 116, 115, 0, 11, 115, 108, 111, 119, 45, 101, 118, 101, 110, 116, 115, 0, 0, 0, 4, -1, -1, -1, -1, 0, 0, 0, 0, -1, -1, -1, -1, -1, -1])], reason='consumer pro-actively leaving the group')) to coordinator localhost:9092 (id: 2147483646 rack: null isFenced: false)
11:46:04.071 [org.springframework.kafka.KafkaListenerEndpointContainer#0-0-C-1] DEBUG o.a.k.c.consumer.internals.ConsumerCoordinator - [Consumer clientId=consumer-slow-consumer-group-1, groupId=slow-consumer-group] JoinGroup failed due to non-fatal error: MEMBER_ID_REQUIRED. Will set the member id as consumer-slow-consumer-group-1-3d254903-63d6-4584-b2f4-685c3e885356 and then rejoin. Sent generation was Generation{generationId=-1, memberId='', protocol='null'}
11:46:04.071 [org.springframework.kafka.KafkaListenerEndpointContainer#0-0-C-1] INFO  o.a.k.c.consumer.internals.ConsumerCoordinator - [Consumer clientId=consumer-slow-consumer-group-1, groupId=slow-consumer-group] Request joining group due to: need to re-join with the given member-id: consumer-slow-consumer-group-1-3d254903-63d6-4584-b2f4-685c3e885356
11:46:04.071 [org.springframework.kafka.KafkaListenerEndpointContainer#0-0-C-1] INFO  o.a.k.c.consumer.internals.ConsumerCoordinator - [Consumer clientId=consumer-slow-consumer-group-1, groupId=slow-consumer-group] (Re-)joining group
11:46:04.071 [org.springframework.kafka.KafkaListenerEndpointContainer#0-0-C-1] DEBUG o.a.k.c.consumer.internals.ConsumerCoordinator - [Consumer clientId=consumer-slow-consumer-group-1, groupId=slow-consumer-group] Joining group with current subscription: [slow-events, other-events]
11:46:04.072 [org.springframework.kafka.KafkaListenerEndpointContainer#0-0-C-1] DEBUG o.a.k.c.consumer.internals.ConsumerCoordinator - [Consumer clientId=consumer-slow-consumer-group-1, groupId=slow-consumer-group] Sending JoinGroup (JoinGroupRequestData(groupId='slow-consumer-group', sessionTimeoutMs=10000, rebalanceTimeoutMs=6000, memberId='consumer-slow-consumer-group-1-3d254903-63d6-4584-b2f4-685c3e885356', groupInstanceId=null, protocolType='consumer', protocols=[JoinGroupRequestProtocol(name='range', metadata=[0, 3, 0, 0, 0, 2, 0, 12, 111, 116, 104, 101, 114, 45, 101, 118, 101, 110, 116, 115, 0, 11, 115, 108, 111, 119, 45, 101, 118, 101, 110, 116, 115, -1, -1, -1, -1, 0, 0, 0, 0, -1, -1, -1, -1, -1, -1]), JoinGroupRequestProtocol(name='cooperative-sticky', metadata=[0, 3, 0, 0, 0, 2, 0, 12, 111, 116, 104, 101, 114, 45, 101, 118, 101, 110, 116, 115, 0, 11, 115, 108, 111, 119, 45, 101, 118, 101, 110, 116, 115, 0, 0, 0, 4, -1, -1, -1, -1, 0, 0, 0, 0, -1, -1, -1, -1, -1, -1])], reason='need to re-join with the given member-id: consumer-slow-consumer-group-1-3d254903-63d6-4584-b2f4-685c3e885356')) to coordinator localhost:9092 (id: 2147483646 rack: null isFenced: false)
11:46:04.077 [org.springframework.kafka.KafkaListenerEndpointContainer#0-0-C-1] DEBUG o.a.k.c.consumer.internals.ConsumerCoordinator - [Consumer clientId=consumer-slow-consumer-group-1, groupId=slow-consumer-group] Received successful JoinGroup response: JoinGroupResponseData(throttleTimeMs=0, errorCode=0, generationId=23, protocolType='consumer', protocolName='range', leader='consumer-slow-consumer-group-1-3d254903-63d6-4584-b2f4-685c3e885356', skipAssignment=false, memberId='consumer-slow-consumer-group-1-3d254903-63d6-4584-b2f4-685c3e885356', members=[JoinGroupResponseMember(memberId='consumer-slow-consumer-group-1-3d254903-63d6-4584-b2f4-685c3e885356', groupInstanceId=null, metadata=[0, 3, 0, 0, 0, 2, 0, 12, 111, 116, 104, 101, 114, 45, 101, 118, 101, 110, 116, 115, 0, 11, 115, 108, 111, 119, 45, 101, 118, 101, 110, 116, 115, -1, -1, -1, -1, 0, 0, 0, 0, -1, -1, -1, -1, -1, -1])])
11:46:04.077 [org.springframework.kafka.KafkaListenerEndpointContainer#0-0-C-1] DEBUG o.a.k.c.consumer.internals.ConsumerCoordinator - [Consumer clientId=consumer-slow-consumer-group-1, groupId=slow-consumer-group] Enabling heartbeat thread
11:46:04.077 [org.springframework.kafka.KafkaListenerEndpointContainer#0-0-C-1] INFO  o.a.k.c.consumer.internals.ConsumerCoordinator - [Consumer clientId=consumer-slow-consumer-group-1, groupId=slow-consumer-group] Successfully joined group with generation Generation{generationId=23, memberId='consumer-slow-consumer-group-1-3d254903-63d6-4584-b2f4-685c3e885356', protocol='range'}
11:46:04.077 [org.springframework.kafka.KafkaListenerEndpointContainer#0-0-C-1] DEBUG o.a.k.c.consumer.internals.ConsumerCoordinator - [Consumer clientId=consumer-slow-consumer-group-1, groupId=slow-consumer-group] Performing assignment using strategy range with subscriptions {consumer-slow-consumer-group-1-3d254903-63d6-4584-b2f4-685c3e885356=Subscription(topics=[other-events, slow-events], ownedPartitions=[], groupInstanceId=null, generationId=-1, rackId=null)}
11:46:04.077 [org.springframework.kafka.KafkaListenerEndpointContainer#0-0-C-1] INFO  o.a.k.c.consumer.internals.ConsumerCoordinator - [Consumer clientId=consumer-slow-consumer-group-1, groupId=slow-consumer-group] Finished assignment for group at generation 23: {consumer-slow-consumer-group-1-3d254903-63d6-4584-b2f4-685c3e885356=Assignment(partitions=[other-events-0, other-events-1, other-events-2, slow-events-0, slow-events-1, slow-events-2])}
11:46:04.078 [org.springframework.kafka.KafkaListenerEndpointContainer#0-0-C-1] DEBUG o.a.k.c.consumer.internals.ConsumerCoordinator - [Consumer clientId=consumer-slow-consumer-group-1, groupId=slow-consumer-group] Sending leader SyncGroup to coordinator localhost:9092 (id: 2147483646 rack: null isFenced: false): SyncGroupRequestData(groupId='slow-consumer-group', generationId=23, memberId='consumer-slow-consumer-group-1-3d254903-63d6-4584-b2f4-685c3e885356', groupInstanceId=null, protocolType='consumer', protocolName='range', assignments=[SyncGroupRequestAssignment(memberId='consumer-slow-consumer-group-1-3d254903-63d6-4584-b2f4-685c3e885356', assignment=[0, 3, 0, 0, 0, 2, 0, 12, 111, 116, 104, 101, 114, 45, 101, 118, 101, 110, 116, 115, 0, 0, 0, 3, 0, 0, 0, 0, 0, 0, 0, 1, 0, 0, 0, 2, 0, 11, 115, 108, 111, 119, 45, 101, 118, 101, 110, 116, 115, 0, 0, 0, 3, 0, 0, 0, 0, 0, 0, 0, 1, 0, 0, 0, 2, -1, -1, -1, -1])])
11:46:04.084 [org.springframework.kafka.KafkaListenerEndpointContainer#0-0-C-1] DEBUG o.a.k.c.consumer.internals.ConsumerCoordinator - [Consumer clientId=consumer-slow-consumer-group-1, groupId=slow-consumer-group] Received successful SyncGroup response: SyncGroupResponseData(throttleTimeMs=0, errorCode=0, protocolType='consumer', protocolName='range', assignment=[0, 3, 0, 0, 0, 2, 0, 12, 111, 116, 104, 101, 114, 45, 101, 118, 101, 110, 116, 115, 0, 0, 0, 3, 0, 0, 0, 0, 0, 0, 0, 1, 0, 0, 0, 2, 0, 11, 115, 108, 111, 119, 45, 101, 118, 101, 110, 116, 115, 0, 0, 0, 3, 0, 0, 0, 0, 0, 0, 0, 1, 0, 0, 0, 2, -1, -1, -1, -1])
11:46:04.085 [org.springframework.kafka.KafkaListenerEndpointContainer#0-0-C-1] INFO  o.a.k.c.consumer.internals.ConsumerCoordinator - [Consumer clientId=consumer-slow-consumer-group-1, groupId=slow-consumer-group] Successfully synced group in generation Generation{generationId=23, memberId='consumer-slow-consumer-group-1-3d254903-63d6-4584-b2f4-685c3e885356', protocol='range'}
11:46:04.085 [org.springframework.kafka.KafkaListenerEndpointContainer#0-0-C-1] DEBUG o.a.k.c.consumer.internals.ConsumerCoordinator - [Consumer clientId=consumer-slow-consumer-group-1, groupId=slow-consumer-group] Executing onJoinComplete with generation 23 and memberId consumer-slow-consumer-group-1-3d254903-63d6-4584-b2f4-685c3e885356
11:46:04.085 [org.springframework.kafka.KafkaListenerEndpointContainer#0-0-C-1] INFO  o.a.k.c.consumer.internals.ConsumerCoordinator - [Consumer clientId=consumer-slow-consumer-group-1, groupId=slow-consumer-group] Notifying assignor about the new Assignment(partitions=[other-events-0, other-events-1, other-events-2, slow-events-0, slow-events-1, slow-events-2])
11:46:04.085 [org.springframework.kafka.KafkaListenerEndpointContainer#0-0-C-1] INFO  o.a.k.c.c.i.ConsumerRebalanceListenerInvoker - [Consumer clientId=consumer-slow-consumer-group-1, groupId=slow-consumer-group] Adding newly assigned partitions: [other-events-0, other-events-1, other-events-2, slow-events-0, slow-events-1, slow-events-2]
11:46:04.085 [org.springframework.kafka.KafkaListenerEndpointContainer#0-0-C-1] DEBUG o.a.k.c.consumer.internals.ConsumerCoordinator - [Consumer clientId=consumer-slow-consumer-group-1, groupId=slow-consumer-group] Fetching committed offsets for partitions: [other-events-0, slow-events-2, other-events-1, slow-events-1, other-events-2, slow-events-0]
11:46:04.092 [org.springframework.kafka.KafkaListenerEndpointContainer#0-0-C-1] INFO  o.a.k.c.consumer.internals.ConsumerCoordinator - [Consumer clientId=consumer-slow-consumer-group-1, groupId=slow-consumer-group] Found no committed offset for partition slow-events-2
11:46:04.092 [org.springframework.kafka.KafkaListenerEndpointContainer#0-0-C-1] INFO  o.a.k.c.consumer.internals.ConsumerCoordinator - [Consumer clientId=consumer-slow-consumer-group-1, groupId=slow-consumer-group] Found no committed offset for partition slow-events-1
11:46:04.092 [org.springframework.kafka.KafkaListenerEndpointContainer#0-0-C-1] INFO  o.a.k.c.consumer.internals.ConsumerCoordinator - [Consumer clientId=consumer-slow-consumer-group-1, groupId=slow-consumer-group] Found no committed offset for partition slow-events-0
11:46:04.092 [org.springframework.kafka.KafkaListenerEndpointContainer#0-0-C-1] INFO  o.a.k.c.consumer.internals.ConsumerCoordinator - [Consumer clientId=consumer-slow-consumer-group-1, groupId=slow-consumer-group] Found no committed offset for partition other-events-0
11:46:04.092 [org.springframework.kafka.KafkaListenerEndpointContainer#0-0-C-1] INFO  o.a.k.c.consumer.internals.ConsumerCoordinator - [Consumer clientId=consumer-slow-consumer-group-1, groupId=slow-consumer-group] Found no committed offset for partition other-events-1
11:46:04.093 [org.springframework.kafka.KafkaListenerEndpointContainer#0-0-C-1] INFO  o.a.kafka.clients.consumer.internals.ConsumerUtils - Setting offset for partition other-events-2 to the committed offset FetchPosition{offset=60, offsetEpoch=Optional.empty, currentLeader=LeaderAndEpoch{leader=Optional[localhost:9092 (id: 1 rack: null isFenced: false)], epoch=0}}
11:46:04.096 [org.springframework.kafka.KafkaListenerEndpointContainer#0-0-C-1] INFO  o.a.k.clients.consumer.internals.SubscriptionState - [Consumer clientId=consumer-slow-consumer-group-1, groupId=slow-consumer-group] Resetting offset for partition other-events-0 to position FetchPosition{offset=0, offsetEpoch=Optional.empty, currentLeader=LeaderAndEpoch{leader=Optional[localhost:9092 (id: 1 rack: null isFenced: false)], epoch=0}}.
11:46:04.096 [org.springframework.kafka.KafkaListenerEndpointContainer#0-0-C-1] INFO  o.a.k.clients.consumer.internals.SubscriptionState - [Consumer clientId=consumer-slow-consumer-group-1, groupId=slow-consumer-group] Resetting offset for partition slow-events-2 to position FetchPosition{offset=0, offsetEpoch=Optional.empty, currentLeader=LeaderAndEpoch{leader=Optional[localhost:9092 (id: 1 rack: null isFenced: false)], epoch=0}}.
11:46:04.096 [org.springframework.kafka.KafkaListenerEndpointContainer#0-0-C-1] INFO  o.a.k.clients.consumer.internals.SubscriptionState - [Consumer clientId=consumer-slow-consumer-group-1, groupId=slow-consumer-group] Resetting offset for partition other-events-1 to position FetchPosition{offset=0, offsetEpoch=Optional.empty, currentLeader=LeaderAndEpoch{leader=Optional[localhost:9092 (id: 1 rack: null isFenced: false)], epoch=0}}.
11:46:04.096 [org.springframework.kafka.KafkaListenerEndpointContainer#0-0-C-1] INFO  o.a.k.clients.consumer.internals.SubscriptionState - [Consumer clientId=consumer-slow-consumer-group-1, groupId=slow-consumer-group] Resetting offset for partition slow-events-1 to position FetchPosition{offset=0, offsetEpoch=Optional.empty, currentLeader=LeaderAndEpoch{leader=Optional[localhost:9092 (id: 1 rack: null isFenced: false)], epoch=0}}.
11:46:04.096 [org.springframework.kafka.KafkaListenerEndpointContainer#0-0-C-1] INFO  o.a.k.clients.consumer.internals.SubscriptionState - [Consumer clientId=consumer-slow-consumer-group-1, groupId=slow-consumer-group] Resetting offset for partition slow-events-0 to position FetchPosition{offset=0, offsetEpoch=Optional.empty, currentLeader=LeaderAndEpoch{leader=Optional[localhost:9092 (id: 1 rack: null isFenced: false)], epoch=0}}.
11:46:04.096 [org.springframework.kafka.KafkaListenerEndpointContainer#0-0-C-1] INFO  o.s.kafka.listener.KafkaMessageListenerContainer - slow-consumer-group: partitions assigned: [other-events-0, other-events-1, other-events-2, slow-events-0, slow-events-1, slow-events-2]
11:46:04.100 [org.springframework.kafka.KafkaListenerEndpointContainer#0-0-C-1] DEBUG o.s.kafka.listener.KafkaMessageListenerContainer - Received: 1 records
11:46:04.100 [org.springframework.kafka.KafkaListenerEndpointContainer#0-0-C-1] DEBUG o.s.k.l.a.RecordMessagingMessageListenerAdapter - Processing [GenericMessage [payload=DemoEvent(id=9626ebdb-933a-4ed5-a697-a129cf64a008, payload=demo-event-0, slow=true, retryTrigger=false, flaky=false, createdAt=2026-08-27T03:44:08.031207Z), headers={kafka_offset=0, kafka_consumer=org.springframework.kafka.core.DefaultKafkaConsumerFactory$ExtendedKafkaConsumer@75fd7ccc, kafka_timestampType=CREATE_TIME, kafka_receivedPartitionId=2, kafka_receivedMessageKey=0, kafka_receivedTopic=slow-events, kafka_receivedTimestamp=1787802248033, kafka_acknowledgment=Acknowledgment for slow-events-2@0, kafka_groupId=slow-consumer-group}]]
11:46:04.100 [org.springframework.kafka.KafkaListenerEndpointContainer#0-0-C-1] INFO  c.e.k.listener.MultiTopicRebalanceListener - 收到消息 id=9626ebdb-933a-4ed5-a697-a129cf64a008 topic=slow-events partition=2 slow=true
11:46:04.100 [org.springframework.kafka.KafkaListenerEndpointContainer#0-0-C-1] WARN  c.e.k.listener.MultiTopicRebalanceListener - 模拟慢处理开始：id=9626ebdb-933a-4ed5-a697-a129cf64a008 topic=slow-events 将阻塞 10000ms（超过 max.poll.interval.ms，预期触发 rebalance）
11:46:07.088 [kafka-coordinator-heartbeat-thread | slow-consumer-group] DEBUG o.a.k.c.consumer.internals.ConsumerCoordinator - [Consumer clientId=consumer-slow-consumer-group-1, groupId=slow-consumer-group] Sending Heartbeat request with generation 23 and member id consumer-slow-consumer-group-1-3d254903-63d6-4584-b2f4-685c3e885356 to coordinator localhost:9092 (id: 2147483646 rack: null isFenced: false)
11:46:07.194 [kafka-coordinator-heartbeat-thread | slow-consumer-group] DEBUG o.a.k.c.consumer.internals.ConsumerCoordinator - [Consumer clientId=consumer-slow-consumer-group-1, groupId=slow-consumer-group] Received successful Heartbeat response
11:46:10.188 [kafka-coordinator-heartbeat-thread | slow-consumer-group] WARN  o.a.k.c.consumer.internals.ConsumerCoordinator - [Consumer clientId=consumer-slow-consumer-group-1, groupId=slow-consumer-group] consumer poll timeout has expired. This means the time between subsequent calls to poll() was longer than the configured max.poll.interval.ms, which typically implies that the poll loop is spending too much time processing messages. You can address this either by increasing max.poll.interval.ms or by reducing the maximum size of batches returned in poll() with max.poll.records.
11:46:10.188 [kafka-coordinator-heartbeat-thread | slow-consumer-group] INFO  o.a.k.c.consumer.internals.ConsumerCoordinator - [Consumer clientId=consumer-slow-consumer-group-1, groupId=slow-consumer-group] Member consumer-slow-consumer-group-1-3d254903-63d6-4584-b2f4-685c3e885356 sending LeaveGroup request to coordinator localhost:9092 (id: 2147483646 rack: null isFenced: false) due to consumer poll timeout has expired.
11:46:10.188 [kafka-coordinator-heartbeat-thread | slow-consumer-group] INFO  o.a.k.c.consumer.internals.ConsumerCoordinator - [Consumer clientId=consumer-slow-consumer-group-1, groupId=slow-consumer-group] Resetting generation and member id due to: consumer pro-actively leaving the group
11:46:10.189 [kafka-coordinator-heartbeat-thread | slow-consumer-group] INFO  o.a.k.c.consumer.internals.ConsumerCoordinator - [Consumer clientId=consumer-slow-consumer-group-1, groupId=slow-consumer-group] Request joining group due to: consumer pro-actively leaving the group
11:46:14.102 [org.springframework.kafka.KafkaListenerEndpointContainer#0-0-C-1] DEBUG o.s.kafka.listener.KafkaMessageListenerContainer - Committing: {slow-events-2=OffsetAndMetadata{offset=1, leaderEpoch=null, metadata=''}}
11:46:14.102 [org.springframework.kafka.KafkaListenerEndpointContainer#0-0-C-1] INFO  o.a.k.c.consumer.internals.ConsumerCoordinator - [Consumer clientId=consumer-slow-consumer-group-1, groupId=slow-consumer-group] Failing OffsetCommit request since the consumer is not part of an active group
11:46:14.103 [org.springframework.kafka.KafkaListenerEndpointContainer#0-0-C-1] DEBUG o.a.k.c.consumer.internals.ConsumerCoordinator - [Consumer clientId=consumer-slow-consumer-group-1, groupId=slow-consumer-group] LeaveGroup response with Generation{generationId=23, memberId='consumer-slow-consumer-group-1-3d254903-63d6-4584-b2f4-685c3e885356', protocol='range'} returned successfully: ClientResponse(receivedTimeMs=1787802374103, latencyMs=3915, disconnected=false, timedOut=false, requestHeader=RequestHeader(apiKey=LEAVE_GROUP, apiVersion=5, clientId=consumer-slow-consumer-group-1, correlationId=188, headerVersion=2), responseBody=LeaveGroupResponseData(throttleTimeMs=0, errorCode=0, members=[MemberResponse(memberId='consumer-slow-consumer-group-1-3d254903-63d6-4584-b2f4-685c3e885356', groupInstanceId=null, errorCode=0)]))
11:46:14.103 [org.springframework.kafka.KafkaListenerEndpointContainer#0-0-C-1] WARN  c.e.k.listener.MultiTopicRebalanceListener - 提交 offset 失败，可能因 rebalance 导致该分区已被回收 id=9626ebdb-933a-4ed5-a697-a129cf64a008 topic=slow-events
org.apache.kafka.clients.consumer.CommitFailedException: Offset commit cannot be completed since the consumer is not part of an active group for auto partition assignment; it is likely that the consumer was kicked out of the group.
	at org.apache.kafka.clients.consumer.internals.ConsumerCoordinator.sendOffsetCommitRequest(ConsumerCoordinator.java:1320)
	at org.apache.kafka.clients.consumer.internals.ConsumerCoordinator.commitOffsetsSync(ConsumerCoordinator.java:1155)
	at org.apache.kafka.clients.consumer.internals.ClassicKafkaConsumer.commitSync(ClassicKafkaConsumer.java:747)
	at org.apache.kafka.clients.consumer.KafkaConsumer.commitSync(KafkaConsumer.java:1094)
	at org.springframework.kafka.listener.KafkaMessageListenerContainer$ListenerConsumer.doCommitSync(KafkaMessageListenerContainer.java:3474)
	at org.springframework.kafka.listener.KafkaMessageListenerContainer$ListenerConsumer.commitSync(KafkaMessageListenerContainer.java:3469)
	at org.springframework.kafka.listener.KafkaMessageListenerContainer$ListenerConsumer.commitOffsets(KafkaMessageListenerContainer.java:3452)
	at org.springframework.kafka.listener.KafkaMessageListenerContainer$ListenerConsumer.commitOffsetsInTransactions(KafkaMessageListenerContainer.java:3443)
	at org.springframework.kafka.listener.KafkaMessageListenerContainer$ListenerConsumer.ackImmediate(KafkaMessageListenerContainer.java:2187)
	at org.springframework.kafka.listener.KafkaMessageListenerContainer$ListenerConsumer.processAck(KafkaMessageListenerContainer.java:2082)
	at org.springframework.kafka.listener.KafkaMessageListenerContainer$ListenerConsumer.doAck(KafkaMessageListenerContainer.java:2062)
	at org.springframework.kafka.listener.KafkaMessageListenerContainer$ListenerConsumer$ConsumerAcknowledgment.acknowledge(KafkaMessageListenerContainer.java:3622)
	at com.example.kafkarebalance.listener.MultiTopicRebalanceListener.onMessage(MultiTopicRebalanceListener.kt:67)
	at java.base/jdk.internal.reflect.DirectMethodHandleAccessor.invoke(DirectMethodHandleAccessor.java:104)
	at java.base/java.lang.reflect.Method.invoke(Method.java:565)
	at org.springframework.messaging.handler.invocation.InvocableHandlerMethod.doInvoke(InvocableHandlerMethod.java:168)
	at org.springframework.kafka.listener.adapter.KotlinAwareInvocableHandlerMethod.doInvoke(KotlinAwareInvocableHandlerMethod.java:48)
	at org.springframework.messaging.handler.invocation.InvocableHandlerMethod.invoke(InvocableHandlerMethod.java:119)
	at org.springframework.kafka.listener.adapter.HandlerAdapter.invoke(HandlerAdapter.java:80)
	at org.springframework.kafka.listener.adapter.MessagingMessageListenerAdapter.invokeHandler(MessagingMessageListenerAdapter.java:488)
	at org.springframework.kafka.listener.adapter.MessagingMessageListenerAdapter.invoke(MessagingMessageListenerAdapter.java:425)
	at org.springframework.kafka.listener.adapter.RecordMessagingMessageListenerAdapter.onMessage(RecordMessagingMessageListenerAdapter.java:92)
	at org.springframework.kafka.listener.adapter.RecordMessagingMessageListenerAdapter.onMessage(RecordMessagingMessageListenerAdapter.java:52)
	at org.springframework.kafka.listener.KafkaMessageListenerContainer$ListenerConsumer.doInvokeOnMessage(KafkaMessageListenerContainer.java:2948)
	at org.springframework.kafka.listener.KafkaMessageListenerContainer$ListenerConsumer.invokeOnMessage(KafkaMessageListenerContainer.java:2927)
	at org.springframework.kafka.listener.KafkaMessageListenerContainer$ListenerConsumer.doInvokeRecordListener(KafkaMessageListenerContainer.java:2837)
	at org.springframework.kafka.listener.KafkaMessageListenerContainer$ListenerConsumer.doInvokeWithRecords(KafkaMessageListenerContainer.java:2679)
	at org.springframework.kafka.listener.KafkaMessageListenerContainer$ListenerConsumer.invokeRecordListener(KafkaMessageListenerContainer.java:2573)
	at org.springframework.kafka.listener.KafkaMessageListenerContainer$ListenerConsumer.invokeListener(KafkaMessageListenerContainer.java:2204)
	at org.springframework.kafka.listener.KafkaMessageListenerContainer$ListenerConsumer.invokeIfHaveRecords(KafkaMessageListenerContainer.java:1559)
	at org.springframework.kafka.listener.KafkaMessageListenerContainer$ListenerConsumer.pollAndInvoke(KafkaMessageListenerContainer.java:1499)
	at org.springframework.kafka.listener.KafkaMessageListenerContainer$ListenerConsumer.run(KafkaMessageListenerContainer.java:1368)
	at java.base/java.util.concurrent.CompletableFuture$AsyncRun.run(CompletableFuture.java:1825)
	at java.base/java.lang.Thread.run(Thread.java:1474)
11:46:14.104 [org.springframework.kafka.KafkaListenerEndpointContainer#0-0-C-1] DEBUG o.a.k.c.consumer.internals.ConsumerCoordinator - [Consumer clientId=consumer-slow-consumer-group-1, groupId=slow-consumer-group] Executing onJoinPrepare with generation -1 and memberId 
11:46:14.104 [org.springframework.kafka.KafkaListenerEndpointContainer#0-0-C-1] INFO  o.a.k.c.consumer.internals.ConsumerCoordinator - [Consumer clientId=consumer-slow-consumer-group-1, groupId=slow-consumer-group] Giving away all assigned partitions as lost since generation/memberID has been reset,indicating that consumer is in old state or no longer part of the group
11:46:14.104 [org.springframework.kafka.KafkaListenerEndpointContainer#0-0-C-1] INFO  o.a.k.c.c.i.ConsumerRebalanceListenerInvoker - [Consumer clientId=consumer-slow-consumer-group-1, groupId=slow-consumer-group] Lost previously assigned partitions [other-events-0, other-events-1, other-events-2, slow-events-0, slow-events-1, slow-events-2]
11:46:14.104 [org.springframework.kafka.KafkaListenerEndpointContainer#0-0-C-1] INFO  o.s.kafka.listener.KafkaMessageListenerContainer - slow-consumer-group: partitions lost: [other-events-0, other-events-1, other-events-2, slow-events-0, slow-events-1, slow-events-2]
11:46:14.104 [org.springframework.kafka.KafkaListenerEndpointContainer#0-0-C-1] INFO  o.s.kafka.listener.KafkaMessageListenerContainer - slow-consumer-group: partitions revoked: [other-events-0, other-events-1, other-events-2, slow-events-0, slow-events-1, slow-events-2]
11:46:14.104 [org.springframework.kafka.KafkaListenerEndpointContainer#0-0-C-1] INFO  o.a.k.c.consumer.internals.ConsumerCoordinator - [Consumer clientId=consumer-slow-consumer-group-1, groupId=slow-consumer-group] (Re-)joining group
11:46:14.104 [org.springframework.kafka.KafkaListenerEndpointContainer#0-0-C-1] DEBUG o.a.k.c.consumer.internals.ConsumerCoordinator - [Consumer clientId=consumer-slow-consumer-group-1, groupId=slow-consumer-group] Joining group with current subscription: [slow-events, other-events]
11:46:14.104 [org.springframework.kafka.KafkaListenerEndpointContainer#0-0-C-1] DEBUG o.a.k.c.consumer.internals.ConsumerCoordinator - [Consumer clientId=consumer-slow-consumer-group-1, groupId=slow-consumer-group] Sending JoinGroup (JoinGroupRequestData(groupId='slow-consumer-group', sessionTimeoutMs=10000, rebalanceTimeoutMs=6000, memberId='', groupInstanceId=null, protocolType='consumer', protocols=[JoinGroupRequestProtocol(name='range', metadata=[0, 3, 0, 0, 0, 2, 0, 12, 111, 116, 104, 101, 114, 45, 101, 118, 101, 110, 116, 115, 0, 11, 115, 108, 111, 119, 45, 101, 118, 101, 110, 116, 115, -1, -1, -1, -1, 0, 0, 0, 0, -1, -1, -1, -1, -1, -1]), JoinGroupRequestProtocol(name='cooperative-sticky', metadata=[0, 3, 0, 0, 0, 2, 0, 12, 111, 116, 104, 101, 114, 45, 101, 118, 101, 110, 116, 115, 0, 11, 115, 108, 111, 119, 45, 101, 118, 101, 110, 116, 115, 0, 0, 0, 4, -1, -1, -1, -1, 0, 0, 0, 0, -1, -1, -1, -1, -1, -1])], reason='consumer pro-actively leaving the group')) to coordinator localhost:9092 (id: 2147483646 rack: null isFenced: false)
11:46:14.109 [org.springframework.kafka.KafkaListenerEndpointContainer#0-0-C-1] DEBUG o.a.k.c.consumer.internals.ConsumerCoordinator - [Consumer clientId=consumer-slow-consumer-group-1, groupId=slow-consumer-group] JoinGroup failed due to non-fatal error: MEMBER_ID_REQUIRED. Will set the member id as consumer-slow-consumer-group-1-77aca5cb-917f-4969-a86a-3854ce0738c9 and then rejoin. Sent generation was Generation{generationId=-1, memberId='', protocol='null'}
11:46:14.109 [org.springframework.kafka.KafkaListenerEndpointContainer#0-0-C-1] INFO  o.a.k.c.consumer.internals.ConsumerCoordinator - [Consumer clientId=consumer-slow-consumer-group-1, groupId=slow-consumer-group] Request joining group due to: need to re-join with the given member-id: consumer-slow-consumer-group-1-77aca5cb-917f-4969-a86a-3854ce0738c9
11:46:14.109 [org.springframework.kafka.KafkaListenerEndpointContainer#0-0-C-1] INFO  o.a.k.c.consumer.internals.ConsumerCoordinator - [Consumer clientId=consumer-slow-consumer-group-1, groupId=slow-consumer-group] (Re-)joining group
11:46:14.109 [org.springframework.kafka.KafkaListenerEndpointContainer#0-0-C-1] DEBUG o.a.k.c.consumer.internals.ConsumerCoordinator - [Consumer clientId=consumer-slow-consumer-group-1, groupId=slow-consumer-group] Joining group with current subscription: [slow-events, other-events]
11:46:14.110 [org.springframework.kafka.KafkaListenerEndpointContainer#0-0-C-1] DEBUG o.a.k.c.consumer.internals.ConsumerCoordinator - [Consumer clientId=consumer-slow-consumer-group-1, groupId=slow-consumer-group] Sending JoinGroup (JoinGroupRequestData(groupId='slow-consumer-group', sessionTimeoutMs=10000, rebalanceTimeoutMs=6000, memberId='consumer-slow-consumer-group-1-77aca5cb-917f-4969-a86a-3854ce0738c9', groupInstanceId=null, protocolType='consumer', protocols=[JoinGroupRequestProtocol(name='range', metadata=[0, 3, 0, 0, 0, 2, 0, 12, 111, 116, 104, 101, 114, 45, 101, 118, 101, 110, 116, 115, 0, 11, 115, 108, 111, 119, 45, 101, 118, 101, 110, 116, 115, -1, -1, -1, -1, 0, 0, 0, 0, -1, -1, -1, -1, -1, -1]), JoinGroupRequestProtocol(name='cooperative-sticky', metadata=[0, 3, 0, 0, 0, 2, 0, 12, 111, 116, 104, 101, 114, 45, 101, 118, 101, 110, 116, 115, 0, 11, 115, 108, 111, 119, 45, 101, 118, 101, 110, 116, 115, 0, 0, 0, 4, -1, -1, -1, -1, 0, 0, 0, 0, -1, -1, -1, -1, -1, -1])], reason='need to re-join with the given member-id: consumer-slow-consumer-group-1-77aca5cb-917f-4969-a86a-3854ce0738c9')) to coordinator localhost:9092 (id: 2147483646 rack: null isFenced: false)
11:46:14.115 [org.springframework.kafka.KafkaListenerEndpointContainer#0-0-C-1] DEBUG o.a.k.c.consumer.internals.ConsumerCoordinator - [Consumer clientId=consumer-slow-consumer-group-1, groupId=slow-consumer-group] Received successful JoinGroup response: JoinGroupResponseData(throttleTimeMs=0, errorCode=0, generationId=25, protocolType='consumer', protocolName='range', leader='consumer-slow-consumer-group-1-77aca5cb-917f-4969-a86a-3854ce0738c9', skipAssignment=false, memberId='consumer-slow-consumer-group-1-77aca5cb-917f-4969-a86a-3854ce0738c9', members=[JoinGroupResponseMember(memberId='consumer-slow-consumer-group-1-77aca5cb-917f-4969-a86a-3854ce0738c9', groupInstanceId=null, metadata=[0, 3, 0, 0, 0, 2, 0, 12, 111, 116, 104, 101, 114, 45, 101, 118, 101, 110, 116, 115, 0, 11, 115, 108, 111, 119, 45, 101, 118, 101, 110, 116, 115, -1, -1, -1, -1, 0, 0, 0, 0, -1, -1, -1, -1, -1, -1])])
11:46:14.115 [org.springframework.kafka.KafkaListenerEndpointContainer#0-0-C-1] DEBUG o.a.k.c.consumer.internals.ConsumerCoordinator - [Consumer clientId=consumer-slow-consumer-group-1, groupId=slow-consumer-group] Enabling heartbeat thread
11:46:14.115 [org.springframework.kafka.KafkaListenerEndpointContainer#0-0-C-1] INFO  o.a.k.c.consumer.internals.ConsumerCoordinator - [Consumer clientId=consumer-slow-consumer-group-1, groupId=slow-consumer-group] Successfully joined group with generation Generation{generationId=25, memberId='consumer-slow-consumer-group-1-77aca5cb-917f-4969-a86a-3854ce0738c9', protocol='range'}
11:46:14.115 [org.springframework.kafka.KafkaListenerEndpointContainer#0-0-C-1] DEBUG o.a.k.c.consumer.internals.ConsumerCoordinator - [Consumer clientId=consumer-slow-consumer-group-1, groupId=slow-consumer-group] Performing assignment using strategy range with subscriptions {consumer-slow-consumer-group-1-77aca5cb-917f-4969-a86a-3854ce0738c9=Subscription(topics=[other-events, slow-events], ownedPartitions=[], groupInstanceId=null, generationId=-1, rackId=null)}
11:46:14.116 [org.springframework.kafka.KafkaListenerEndpointContainer#0-0-C-1] INFO  o.a.k.c.consumer.internals.ConsumerCoordinator - [Consumer clientId=consumer-slow-consumer-group-1, groupId=slow-consumer-group] Finished assignment for group at generation 25: {consumer-slow-consumer-group-1-77aca5cb-917f-4969-a86a-3854ce0738c9=Assignment(partitions=[other-events-0, other-events-1, other-events-2, slow-events-0, slow-events-1, slow-events-2])}
11:46:14.116 [org.springframework.kafka.KafkaListenerEndpointContainer#0-0-C-1] DEBUG o.a.k.c.consumer.internals.ConsumerCoordinator - [Consumer clientId=consumer-slow-consumer-group-1, groupId=slow-consumer-group] Sending leader SyncGroup to coordinator localhost:9092 (id: 2147483646 rack: null isFenced: false): SyncGroupRequestData(groupId='slow-consumer-group', generationId=25, memberId='consumer-slow-consumer-group-1-77aca5cb-917f-4969-a86a-3854ce0738c9', groupInstanceId=null, protocolType='consumer', protocolName='range', assignments=[SyncGroupRequestAssignment(memberId='consumer-slow-consumer-group-1-77aca5cb-917f-4969-a86a-3854ce0738c9', assignment=[0, 3, 0, 0, 0, 2, 0, 12, 111, 116, 104, 101, 114, 45, 101, 118, 101, 110, 116, 115, 0, 0, 0, 3, 0, 0, 0, 0, 0, 0, 0, 1, 0, 0, 0, 2, 0, 11, 115, 108, 111, 119, 45, 101, 118, 101, 110, 116, 115, 0, 0, 0, 3, 0, 0, 0, 0, 0, 0, 0, 1, 0, 0, 0, 2, -1, -1, -1, -1])])
11:46:14.122 [org.springframework.kafka.KafkaListenerEndpointContainer#0-0-C-1] DEBUG o.a.k.c.consumer.internals.ConsumerCoordinator - [Consumer clientId=consumer-slow-consumer-group-1, groupId=slow-consumer-group] Received successful SyncGroup response: SyncGroupResponseData(throttleTimeMs=0, errorCode=0, protocolType='consumer', protocolName='range', assignment=[0, 3, 0, 0, 0, 2, 0, 12, 111, 116, 104, 101, 114, 45, 101, 118, 101, 110, 116, 115, 0, 0, 0, 3, 0, 0, 0, 0, 0, 0, 0, 1, 0, 0, 0, 2, 0, 11, 115, 108, 111, 119, 45, 101, 118, 101, 110, 116, 115, 0, 0, 0, 3, 0, 0, 0, 0, 0, 0, 0, 1, 0, 0, 0, 2, -1, -1, -1, -1])
11:46:14.122 [org.springframework.kafka.KafkaListenerEndpointContainer#0-0-C-1] INFO  o.a.k.c.consumer.internals.ConsumerCoordinator - [Consumer clientId=consumer-slow-consumer-group-1, groupId=slow-consumer-group] Successfully synced group in generation Generation{generationId=25, memberId='consumer-slow-consumer-group-1-77aca5cb-917f-4969-a86a-3854ce0738c9', protocol='range'}
11:46:14.122 [org.springframework.kafka.KafkaListenerEndpointContainer#0-0-C-1] DEBUG o.a.k.c.consumer.internals.ConsumerCoordinator - [Consumer clientId=consumer-slow-consumer-group-1, groupId=slow-consumer-group] Executing onJoinComplete with generation 25 and memberId consumer-slow-consumer-group-1-77aca5cb-917f-4969-a86a-3854ce0738c9
11:46:14.122 [org.springframework.kafka.KafkaListenerEndpointContainer#0-0-C-1] INFO  o.a.k.c.consumer.internals.ConsumerCoordinator - [Consumer clientId=consumer-slow-consumer-group-1, groupId=slow-consumer-group] Notifying assignor about the new Assignment(partitions=[other-events-0, other-events-1, other-events-2, slow-events-0, slow-events-1, slow-events-2])
11:46:14.122 [org.springframework.kafka.KafkaListenerEndpointContainer#0-0-C-1] INFO  o.a.k.c.c.i.ConsumerRebalanceListenerInvoker - [Consumer clientId=consumer-slow-consumer-group-1, groupId=slow-consumer-group] Adding newly assigned partitions: [other-events-0, other-events-1, other-events-2, slow-events-0, slow-events-1, slow-events-2]
11:46:14.122 [org.springframework.kafka.KafkaListenerEndpointContainer#0-0-C-1] DEBUG o.a.k.c.consumer.internals.ConsumerCoordinator - [Consumer clientId=consumer-slow-consumer-group-1, groupId=slow-consumer-group] Fetching committed offsets for partitions: [other-events-0, slow-events-2, other-events-1, slow-events-1, other-events-2, slow-events-0]
11:46:14.126 [org.springframework.kafka.KafkaListenerEndpointContainer#0-0-C-1] INFO  o.a.k.c.consumer.internals.ConsumerCoordinator - [Consumer clientId=consumer-slow-consumer-group-1, groupId=slow-consumer-group] Found no committed offset for partition slow-events-2
11:46:14.126 [org.springframework.kafka.KafkaListenerEndpointContainer#0-0-C-1] INFO  o.a.k.c.consumer.internals.ConsumerCoordinator - [Consumer clientId=consumer-slow-consumer-group-1, groupId=slow-consumer-group] Found no committed offset for partition slow-events-1
11:46:14.126 [org.springframework.kafka.KafkaListenerEndpointContainer#0-0-C-1] INFO  o.a.k.c.consumer.internals.ConsumerCoordinator - [Consumer clientId=consumer-slow-consumer-group-1, groupId=slow-consumer-group] Found no committed offset for partition slow-events-0
11:46:14.126 [org.springframework.kafka.KafkaListenerEndpointContainer#0-0-C-1] INFO  o.a.k.c.consumer.internals.ConsumerCoordinator - [Consumer clientId=consumer-slow-consumer-group-1, groupId=slow-consumer-group] Found no committed offset for partition other-events-0
11:46:14.126 [org.springframework.kafka.KafkaListenerEndpointContainer#0-0-C-1] INFO  o.a.k.c.consumer.internals.ConsumerCoordinator - [Consumer clientId=consumer-slow-consumer-group-1, groupId=slow-consumer-group] Found no committed offset for partition other-events-1
11:46:14.126 [org.springframework.kafka.KafkaListenerEndpointContainer#0-0-C-1] INFO  o.a.kafka.clients.consumer.internals.ConsumerUtils - Setting offset for partition other-events-2 to the committed offset FetchPosition{offset=60, offsetEpoch=Optional.empty, currentLeader=LeaderAndEpoch{leader=Optional[localhost:9092 (id: 1 rack: null isFenced: false)], epoch=0}}
11:46:14.131 [org.springframework.kafka.KafkaListenerEndpointContainer#0-0-C-1] INFO  o.a.k.clients.consumer.internals.SubscriptionState - [Consumer clientId=consumer-slow-consumer-group-1, groupId=slow-consumer-group] Resetting offset for partition other-events-0 to position FetchPosition{offset=0, offsetEpoch=Optional.empty, currentLeader=LeaderAndEpoch{leader=Optional[localhost:9092 (id: 1 rack: null isFenced: false)], epoch=0}}.
11:46:14.131 [org.springframework.kafka.KafkaListenerEndpointContainer#0-0-C-1] INFO  o.a.k.clients.consumer.internals.SubscriptionState - [Consumer clientId=consumer-slow-consumer-group-1, groupId=slow-consumer-group] Resetting offset for partition slow-events-2 to position FetchPosition{offset=0, offsetEpoch=Optional.empty, currentLeader=LeaderAndEpoch{leader=Optional[localhost:9092 (id: 1 rack: null isFenced: false)], epoch=0}}.
11:46:14.131 [org.springframework.kafka.KafkaListenerEndpointContainer#0-0-C-1] INFO  o.a.k.clients.consumer.internals.SubscriptionState - [Consumer clientId=consumer-slow-consumer-group-1, groupId=slow-consumer-group] Resetting offset for partition other-events-1 to position FetchPosition{offset=0, offsetEpoch=Optional.empty, currentLeader=LeaderAndEpoch{leader=Optional[localhost:9092 (id: 1 rack: null isFenced: false)], epoch=0}}.
11:46:14.131 [org.springframework.kafka.KafkaListenerEndpointContainer#0-0-C-1] INFO  o.a.k.clients.consumer.internals.SubscriptionState - [Consumer clientId=consumer-slow-consumer-group-1, groupId=slow-consumer-group] Resetting offset for partition slow-events-1 to position FetchPosition{offset=0, offsetEpoch=Optional.empty, currentLeader=LeaderAndEpoch{leader=Optional[localhost:9092 (id: 1 rack: null isFenced: false)], epoch=0}}.
11:46:14.131 [org.springframework.kafka.KafkaListenerEndpointContainer#0-0-C-1] INFO  o.a.k.clients.consumer.internals.SubscriptionState - [Consumer clientId=consumer-slow-consumer-group-1, groupId=slow-consumer-group] Resetting offset for partition slow-events-0 to position FetchPosition{offset=0, offsetEpoch=Optional.empty, currentLeader=LeaderAndEpoch{leader=Optional[localhost:9092 (id: 1 rack: null isFenced: false)], epoch=0}}.
11:46:14.131 [org.springframework.kafka.KafkaListenerEndpointContainer#0-0-C-1] INFO  o.s.kafka.listener.KafkaMessageListenerContainer - slow-consumer-group: partitions assigned: [other-events-0, other-events-1, other-events-2, slow-events-0, slow-events-1, slow-events-2]
11:46:14.135 [org.springframework.kafka.KafkaListenerEndpointContainer#0-0-C-1] DEBUG o.s.kafka.listener.KafkaMessageListenerContainer - Received: 1 records
11:46:14.135 [org.springframework.kafka.KafkaListenerEndpointContainer#0-0-C-1] DEBUG o.s.k.l.a.RecordMessagingMessageListenerAdapter - Processing [GenericMessage [payload=DemoEvent(id=9626ebdb-933a-4ed5-a697-a129cf64a008, payload=demo-event-0, slow=true, retryTrigger=false, flaky=false, createdAt=2026-08-27T03:44:08.031207Z), headers={kafka_offset=0, kafka_consumer=org.springframework.kafka.core.DefaultKafkaConsumerFactory$ExtendedKafkaConsumer@75fd7ccc, kafka_timestampType=CREATE_TIME, kafka_receivedPartitionId=2, kafka_receivedMessageKey=0, kafka_receivedTopic=slow-events, kafka_receivedTimestamp=1787802248033, kafka_acknowledgment=Acknowledgment for slow-events-2@0, kafka_groupId=slow-consumer-group}]]
11:46:14.136 [org.springframework.kafka.KafkaListenerEndpointContainer#0-0-C-1] INFO  c.e.k.listener.MultiTopicRebalanceListener - 收到消息 id=9626ebdb-933a-4ed5-a697-a129cf64a008 topic=slow-events partition=2 slow=true
11:46:14.136 [org.springframework.kafka.KafkaListenerEndpointContainer#0-0-C-1] WARN  c.e.k.listener.MultiTopicRebalanceListener - 模拟慢处理开始：id=9626ebdb-933a-4ed5-a697-a129cf64a008 topic=slow-events 将阻塞 10000ms（超过 max.poll.interval.ms，预期触发 rebalance）
11:46:17.124 [kafka-coordinator-heartbeat-thread | slow-consumer-group] DEBUG o.a.k.c.consumer.internals.ConsumerCoordinator - [Consumer clientId=consumer-slow-consumer-group-1, groupId=slow-consumer-group] Sending Heartbeat request with generation 25 and member id consumer-slow-consumer-group-1-77aca5cb-917f-4969-a86a-3854ce0738c9 to coordinator localhost:9092 (id: 2147483646 rack: null isFenced: false)
11:46:17.230 [kafka-coordinator-heartbeat-thread | slow-consumer-group] DEBUG o.a.k.c.consumer.internals.ConsumerCoordinator - [Consumer clientId=consumer-slow-consumer-group-1, groupId=slow-consumer-group] Received successful Heartbeat response
11:46:20.131 [kafka-coordinator-heartbeat-thread | slow-consumer-group] DEBUG o.a.k.c.consumer.internals.ConsumerCoordinator - [Consumer clientId=consumer-slow-consumer-group-1, groupId=slow-consumer-group] Sending Heartbeat request with generation 25 and member id consumer-slow-consumer-group-1-77aca5cb-917f-4969-a86a-3854ce0738c9 to coordinator localhost:9092 (id: 2147483646 rack: null isFenced: false)
11:46:20.132 [kafka-coordinator-heartbeat-thread | slow-consumer-group] WARN  o.a.k.c.consumer.internals.ConsumerCoordinator - [Consumer clientId=consumer-slow-consumer-group-1, groupId=slow-consumer-group] consumer poll timeout has expired. This means the time between subsequent calls to poll() was longer than the configured max.poll.interval.ms, which typically implies that the poll loop is spending too much time processing messages. You can address this either by increasing max.poll.interval.ms or by reducing the maximum size of batches returned in poll() with max.poll.records.
11:46:20.132 [kafka-coordinator-heartbeat-thread | slow-consumer-group] INFO  o.a.k.c.consumer.internals.ConsumerCoordinator - [Consumer clientId=consumer-slow-consumer-group-1, groupId=slow-consumer-group] Member consumer-slow-consumer-group-1-77aca5cb-917f-4969-a86a-3854ce0738c9 sending LeaveGroup request to coordinator localhost:9092 (id: 2147483646 rack: null isFenced: false) due to consumer poll timeout has expired.
11:46:20.132 [kafka-coordinator-heartbeat-thread | slow-consumer-group] INFO  o.a.k.c.consumer.internals.ConsumerCoordinator - [Consumer clientId=consumer-slow-consumer-group-1, groupId=slow-consumer-group] Resetting generation and member id due to: consumer pro-actively leaving the group
11:46:20.132 [kafka-coordinator-heartbeat-thread | slow-consumer-group] INFO  o.a.k.c.consumer.internals.ConsumerCoordinator - [Consumer clientId=consumer-slow-consumer-group-1, groupId=slow-consumer-group] Request joining group due to: consumer pro-actively leaving the group
11:46:24.139 [org.springframework.kafka.KafkaListenerEndpointContainer#0-0-C-1] DEBUG o.s.kafka.listener.KafkaMessageListenerContainer - Committing: {slow-events-2=OffsetAndMetadata{offset=1, leaderEpoch=null, metadata=''}}
11:46:24.140 [org.springframework.kafka.KafkaListenerEndpointContainer#0-0-C-1] INFO  o.a.k.c.consumer.internals.ConsumerCoordinator - [Consumer clientId=consumer-slow-consumer-group-1, groupId=slow-consumer-group] Failing OffsetCommit request since the consumer is not part of an active group
11:46:24.140 [org.springframework.kafka.KafkaListenerEndpointContainer#0-0-C-1] DEBUG o.a.k.c.consumer.internals.ConsumerCoordinator - [Consumer clientId=consumer-slow-consumer-group-1, groupId=slow-consumer-group] Received successful Heartbeat response
11:46:24.140 [org.springframework.kafka.KafkaListenerEndpointContainer#0-0-C-1] WARN  c.e.k.listener.MultiTopicRebalanceListener - 提交 offset 失败，可能因 rebalance 导致该分区已被回收 id=9626ebdb-933a-4ed5-a697-a129cf64a008 topic=slow-events
org.apache.kafka.clients.consumer.CommitFailedException: Offset commit cannot be completed since the consumer is not part of an active group for auto partition assignment; it is likely that the consumer was kicked out of the group.
	at org.apache.kafka.clients.consumer.internals.ConsumerCoordinator.sendOffsetCommitRequest(ConsumerCoordinator.java:1320)
	at org.apache.kafka.clients.consumer.internals.ConsumerCoordinator.commitOffsetsSync(ConsumerCoordinator.java:1155)
	at org.apache.kafka.clients.consumer.internals.ClassicKafkaConsumer.commitSync(ClassicKafkaConsumer.java:747)
	at org.apache.kafka.clients.consumer.KafkaConsumer.commitSync(KafkaConsumer.java:1094)
	at org.springframework.kafka.listener.KafkaMessageListenerContainer$ListenerConsumer.doCommitSync(KafkaMessageListenerContainer.java:3474)
	at org.springframework.kafka.listener.KafkaMessageListenerContainer$ListenerConsumer.commitSync(KafkaMessageListenerContainer.java:3469)
	at org.springframework.kafka.listener.KafkaMessageListenerContainer$ListenerConsumer.commitOffsets(KafkaMessageListenerContainer.java:3452)
	at org.springframework.kafka.listener.KafkaMessageListenerContainer$ListenerConsumer.commitOffsetsInTransactions(KafkaMessageListenerContainer.java:3443)
	at org.springframework.kafka.listener.KafkaMessageListenerContainer$ListenerConsumer.ackImmediate(KafkaMessageListenerContainer.java:2187)
	at org.springframework.kafka.listener.KafkaMessageListenerContainer$ListenerConsumer.processAck(KafkaMessageListenerContainer.java:2082)
	at org.springframework.kafka.listener.KafkaMessageListenerContainer$ListenerConsumer.doAck(KafkaMessageListenerContainer.java:2062)
	at org.springframework.kafka.listener.KafkaMessageListenerContainer$ListenerConsumer$ConsumerAcknowledgment.acknowledge(KafkaMessageListenerContainer.java:3622)
	at com.example.kafkarebalance.listener.MultiTopicRebalanceListener.onMessage(MultiTopicRebalanceListener.kt:67)
	at java.base/jdk.internal.reflect.DirectMethodHandleAccessor.invoke(DirectMethodHandleAccessor.java:104)
	at java.base/java.lang.reflect.Method.invoke(Method.java:565)
	at org.springframework.messaging.handler.invocation.InvocableHandlerMethod.doInvoke(InvocableHandlerMethod.java:168)
	at org.springframework.kafka.listener.adapter.KotlinAwareInvocableHandlerMethod.doInvoke(KotlinAwareInvocableHandlerMethod.java:48)
	at org.springframework.messaging.handler.invocation.InvocableHandlerMethod.invoke(InvocableHandlerMethod.java:119)
	at org.springframework.kafka.listener.adapter.HandlerAdapter.invoke(HandlerAdapter.java:80)
	at org.springframework.kafka.listener.adapter.MessagingMessageListenerAdapter.invokeHandler(MessagingMessageListenerAdapter.java:488)
	at org.springframework.kafka.listener.adapter.MessagingMessageListenerAdapter.invoke(MessagingMessageListenerAdapter.java:425)
	at org.springframework.kafka.listener.adapter.RecordMessagingMessageListenerAdapter.onMessage(RecordMessagingMessageListenerAdapter.java:92)
	at org.springframework.kafka.listener.adapter.RecordMessagingMessageListenerAdapter.onMessage(RecordMessagingMessageListenerAdapter.java:52)
	at org.springframework.kafka.listener.KafkaMessageListenerContainer$ListenerConsumer.doInvokeOnMessage(KafkaMessageListenerContainer.java:2948)
	at org.springframework.kafka.listener.KafkaMessageListenerContainer$ListenerConsumer.invokeOnMessage(KafkaMessageListenerContainer.java:2927)
	at org.springframework.kafka.listener.KafkaMessageListenerContainer$ListenerConsumer.doInvokeRecordListener(KafkaMessageListenerContainer.java:2837)
	at org.springframework.kafka.listener.KafkaMessageListenerContainer$ListenerConsumer.doInvokeWithRecords(KafkaMessageListenerContainer.java:2679)
	at org.springframework.kafka.listener.KafkaMessageListenerContainer$ListenerConsumer.invokeRecordListener(KafkaMessageListenerContainer.java:2573)
	at org.springframework.kafka.listener.KafkaMessageListenerContainer$ListenerConsumer.invokeListener(KafkaMessageListenerContainer.java:2204)
	at org.springframework.kafka.listener.KafkaMessageListenerContainer$ListenerConsumer.invokeIfHaveRecords(KafkaMessageListenerContainer.java:1559)
	at org.springframework.kafka.listener.KafkaMessageListenerContainer$ListenerConsumer.pollAndInvoke(KafkaMessageListenerContainer.java:1499)
	at org.springframework.kafka.listener.KafkaMessageListenerContainer$ListenerConsumer.run(KafkaMessageListenerContainer.java:1368)
	at java.base/java.util.concurrent.CompletableFuture$AsyncRun.run(CompletableFuture.java:1825)
	at java.base/java.lang.Thread.run(Thread.java:1474)
11:46:24.141 [org.springframework.kafka.KafkaListenerEndpointContainer#0-0-C-1] DEBUG o.a.k.c.consumer.internals.ConsumerCoordinator - [Consumer clientId=consumer-slow-consumer-group-1, groupId=slow-consumer-group] Executing onJoinPrepare with generation -1 and memberId 
11:46:24.141 [org.springframework.kafka.KafkaListenerEndpointContainer#0-0-C-1] INFO  o.a.k.c.consumer.internals.ConsumerCoordinator - [Consumer clientId=consumer-slow-consumer-group-1, groupId=slow-consumer-group] Giving away all assigned partitions as lost since generation/memberID has been reset,indicating that consumer is in old state or no longer part of the group
11:46:24.141 [org.springframework.kafka.KafkaListenerEndpointContainer#0-0-C-1] INFO  o.a.k.c.c.i.ConsumerRebalanceListenerInvoker - [Consumer clientId=consumer-slow-consumer-group-1, groupId=slow-consumer-group] Lost previously assigned partitions [other-events-0, other-events-1, other-events-2, slow-events-0, slow-events-1, slow-events-2]
11:46:24.141 [org.springframework.kafka.KafkaListenerEndpointContainer#0-0-C-1] INFO  o.s.kafka.listener.KafkaMessageListenerContainer - slow-consumer-group: partitions lost: [other-events-0, other-events-1, other-events-2, slow-events-0, slow-events-1, slow-events-2]
11:46:24.141 [org.springframework.kafka.KafkaListenerEndpointContainer#0-0-C-1] INFO  o.s.kafka.listener.KafkaMessageListenerContainer - slow-consumer-group: partitions revoked: [other-events-0, other-events-1, other-events-2, slow-events-0, slow-events-1, slow-events-2]
11:46:24.141 [org.springframework.kafka.KafkaListenerEndpointContainer#0-0-C-1] INFO  o.a.k.c.consumer.internals.ConsumerCoordinator - [Consumer clientId=consumer-slow-consumer-group-1, groupId=slow-consumer-group] (Re-)joining group
11:46:24.141 [org.springframework.kafka.KafkaListenerEndpointContainer#0-0-C-1] DEBUG o.a.k.c.consumer.internals.ConsumerCoordinator - [Consumer clientId=consumer-slow-consumer-group-1, groupId=slow-consumer-group] Joining group with current subscription: [slow-events, other-events]
11:46:24.142 [org.springframework.kafka.KafkaListenerEndpointContainer#0-0-C-1] DEBUG o.a.k.c.consumer.internals.ConsumerCoordinator - [Consumer clientId=consumer-slow-consumer-group-1, groupId=slow-consumer-group] Sending JoinGroup (JoinGroupRequestData(groupId='slow-consumer-group', sessionTimeoutMs=10000, rebalanceTimeoutMs=6000, memberId='', groupInstanceId=null, protocolType='consumer', protocols=[JoinGroupRequestProtocol(name='range', metadata=[0, 3, 0, 0, 0, 2, 0, 12, 111, 116, 104, 101, 114, 45, 101, 118, 101, 110, 116, 115, 0, 11, 115, 108, 111, 119, 45, 101, 118, 101, 110, 116, 115, -1, -1, -1, -1, 0, 0, 0, 0, -1, -1, -1, -1, -1, -1]), JoinGroupRequestProtocol(name='cooperative-sticky', metadata=[0, 3, 0, 0, 0, 2, 0, 12, 111, 116, 104, 101, 114, 45, 101, 118, 101, 110, 116, 115, 0, 11, 115, 108, 111, 119, 45, 101, 118, 101, 110, 116, 115, 0, 0, 0, 4, -1, -1, -1, -1, 0, 0, 0, 0, -1, -1, -1, -1, -1, -1])], reason='consumer pro-actively leaving the group')) to coordinator localhost:9092 (id: 2147483646 rack: null isFenced: false)
11:46:24.142 [org.springframework.kafka.KafkaListenerEndpointContainer#0-0-C-1] DEBUG o.a.k.c.consumer.internals.ConsumerCoordinator - [Consumer clientId=consumer-slow-consumer-group-1, groupId=slow-consumer-group] LeaveGroup response with Generation{generationId=25, memberId='consumer-slow-consumer-group-1-77aca5cb-917f-4969-a86a-3854ce0738c9', protocol='range'} returned successfully: ClientResponse(receivedTimeMs=1787802384142, latencyMs=4010, disconnected=false, timedOut=false, requestHeader=RequestHeader(apiKey=LEAVE_GROUP, apiVersion=5, clientId=consumer-slow-consumer-group-1, correlationId=197, headerVersion=2), responseBody=LeaveGroupResponseData(throttleTimeMs=0, errorCode=0, members=[MemberResponse(memberId='consumer-slow-consumer-group-1-77aca5cb-917f-4969-a86a-3854ce0738c9', groupInstanceId=null, errorCode=0)]))
11:46:24.147 [org.springframework.kafka.KafkaListenerEndpointContainer#0-0-C-1] DEBUG o.a.k.c.consumer.internals.ConsumerCoordinator - [Consumer clientId=consumer-slow-consumer-group-1, groupId=slow-consumer-group] JoinGroup failed due to non-fatal error: MEMBER_ID_REQUIRED. Will set the member id as consumer-slow-consumer-group-1-31f08807-efca-4496-95a7-ff62d9a350b9 and then rejoin. Sent generation was Generation{generationId=-1, memberId='', protocol='null'}
11:46:24.147 [org.springframework.kafka.KafkaListenerEndpointContainer#0-0-C-1] INFO  o.a.k.c.consumer.internals.ConsumerCoordinator - [Consumer clientId=consumer-slow-consumer-group-1, groupId=slow-consumer-group] Request joining group due to: need to re-join with the given member-id: consumer-slow-consumer-group-1-31f08807-efca-4496-95a7-ff62d9a350b9
11:46:24.147 [org.springframework.kafka.KafkaListenerEndpointContainer#0-0-C-1] INFO  o.a.k.c.consumer.internals.ConsumerCoordinator - [Consumer clientId=consumer-slow-consumer-group-1, groupId=slow-consumer-group] (Re-)joining group
11:46:24.147 [org.springframework.kafka.KafkaListenerEndpointContainer#0-0-C-1] DEBUG o.a.k.c.consumer.internals.ConsumerCoordinator - [Consumer clientId=consumer-slow-consumer-group-1, groupId=slow-consumer-group] Joining group with current subscription: [slow-events, other-events]
11:46:24.148 [org.springframework.kafka.KafkaListenerEndpointContainer#0-0-C-1] DEBUG o.a.k.c.consumer.internals.ConsumerCoordinator - [Consumer clientId=consumer-slow-consumer-group-1, groupId=slow-consumer-group] Sending JoinGroup (JoinGroupRequestData(groupId='slow-consumer-group', sessionTimeoutMs=10000, rebalanceTimeoutMs=6000, memberId='consumer-slow-consumer-group-1-31f08807-efca-4496-95a7-ff62d9a350b9', groupInstanceId=null, protocolType='consumer', protocols=[JoinGroupRequestProtocol(name='range', metadata=[0, 3, 0, 0, 0, 2, 0, 12, 111, 116, 104, 101, 114, 45, 101, 118, 101, 110, 116, 115, 0, 11, 115, 108, 111, 119, 45, 101, 118, 101, 110, 116, 115, -1, -1, -1, -1, 0, 0, 0, 0, -1, -1, -1, -1, -1, -1]), JoinGroupRequestProtocol(name='cooperative-sticky', metadata=[0, 3, 0, 0, 0, 2, 0, 12, 111, 116, 104, 101, 114, 45, 101, 118, 101, 110, 116, 115, 0, 11, 115, 108, 111, 119, 45, 101, 118, 101, 110, 116, 115, 0, 0, 0, 4, -1, -1, -1, -1, 0, 0, 0, 0, -1, -1, -1, -1, -1, -1])], reason='need to re-join with the given member-id: consumer-slow-consumer-group-1-31f08807-efca-4496-95a7-ff62d9a350b9')) to coordinator localhost:9092 (id: 2147483646 rack: null isFenced: false)
11:46:24.152 [org.springframework.kafka.KafkaListenerEndpointContainer#0-0-C-1] DEBUG o.a.k.c.consumer.internals.ConsumerCoordinator - [Consumer clientId=consumer-slow-consumer-group-1, groupId=slow-consumer-group] Received successful JoinGroup response: JoinGroupResponseData(throttleTimeMs=0, errorCode=0, generationId=27, protocolType='consumer', protocolName='range', leader='consumer-slow-consumer-group-1-31f08807-efca-4496-95a7-ff62d9a350b9', skipAssignment=false, memberId='consumer-slow-consumer-group-1-31f08807-efca-4496-95a7-ff62d9a350b9', members=[JoinGroupResponseMember(memberId='consumer-slow-consumer-group-1-31f08807-efca-4496-95a7-ff62d9a350b9', groupInstanceId=null, metadata=[0, 3, 0, 0, 0, 2, 0, 12, 111, 116, 104, 101, 114, 45, 101, 118, 101, 110, 116, 115, 0, 11, 115, 108, 111, 119, 45, 101, 118, 101, 110, 116, 115, -1, -1, -1, -1, 0, 0, 0, 0, -1, -1, -1, -1, -1, -1])])
11:46:24.152 [org.springframework.kafka.KafkaListenerEndpointContainer#0-0-C-1] DEBUG o.a.k.c.consumer.internals.ConsumerCoordinator - [Consumer clientId=consumer-slow-consumer-group-1, groupId=slow-consumer-group] Enabling heartbeat thread
11:46:24.152 [org.springframework.kafka.KafkaListenerEndpointContainer#0-0-C-1] INFO  o.a.k.c.consumer.internals.ConsumerCoordinator - [Consumer clientId=consumer-slow-consumer-group-1, groupId=slow-consumer-group] Successfully joined group with generation Generation{generationId=27, memberId='consumer-slow-consumer-group-1-31f08807-efca-4496-95a7-ff62d9a350b9', protocol='range'}
11:46:24.152 [org.springframework.kafka.KafkaListenerEndpointContainer#0-0-C-1] DEBUG o.a.k.c.consumer.internals.ConsumerCoordinator - [Consumer clientId=consumer-slow-consumer-group-1, groupId=slow-consumer-group] Performing assignment using strategy range with subscriptions {consumer-slow-consumer-group-1-31f08807-efca-4496-95a7-ff62d9a350b9=Subscription(topics=[other-events, slow-events], ownedPartitions=[], groupInstanceId=null, generationId=-1, rackId=null)}
11:46:24.152 [org.springframework.kafka.KafkaListenerEndpointContainer#0-0-C-1] INFO  o.a.k.c.consumer.internals.ConsumerCoordinator - [Consumer clientId=consumer-slow-consumer-group-1, groupId=slow-consumer-group] Finished assignment for group at generation 27: {consumer-slow-consumer-group-1-31f08807-efca-4496-95a7-ff62d9a350b9=Assignment(partitions=[other-events-0, other-events-1, other-events-2, slow-events-0, slow-events-1, slow-events-2])}
11:46:24.153 [org.springframework.kafka.KafkaListenerEndpointContainer#0-0-C-1] DEBUG o.a.k.c.consumer.internals.ConsumerCoordinator - [Consumer clientId=consumer-slow-consumer-group-1, groupId=slow-consumer-group] Sending leader SyncGroup to coordinator localhost:9092 (id: 2147483646 rack: null isFenced: false): SyncGroupRequestData(groupId='slow-consumer-group', generationId=27, memberId='consumer-slow-consumer-group-1-31f08807-efca-4496-95a7-ff62d9a350b9', groupInstanceId=null, protocolType='consumer', protocolName='range', assignments=[SyncGroupRequestAssignment(memberId='consumer-slow-consumer-group-1-31f08807-efca-4496-95a7-ff62d9a350b9', assignment=[0, 3, 0, 0, 0, 2, 0, 12, 111, 116, 104, 101, 114, 45, 101, 118, 101, 110, 116, 115, 0, 0, 0, 3, 0, 0, 0, 0, 0, 0, 0, 1, 0, 0, 0, 2, 0, 11, 115, 108, 111, 119, 45, 101, 118, 101, 110, 116, 115, 0, 0, 0, 3, 0, 0, 0, 0, 0, 0, 0, 1, 0, 0, 0, 2, -1, -1, -1, -1])])
11:46:24.157 [org.springframework.kafka.KafkaListenerEndpointContainer#0-0-C-1] DEBUG o.a.k.c.consumer.internals.ConsumerCoordinator - [Consumer clientId=consumer-slow-consumer-group-1, groupId=slow-consumer-group] Received successful SyncGroup response: SyncGroupResponseData(throttleTimeMs=0, errorCode=0, protocolType='consumer', protocolName='range', assignment=[0, 3, 0, 0, 0, 2, 0, 12, 111, 116, 104, 101, 114, 45, 101, 118, 101, 110, 116, 115, 0, 0, 0, 3, 0, 0, 0, 0, 0, 0, 0, 1, 0, 0, 0, 2, 0, 11, 115, 108, 111, 119, 45, 101, 118, 101, 110, 116, 115, 0, 0, 0, 3, 0, 0, 0, 0, 0, 0, 0, 1, 0, 0, 0, 2, -1, -1, -1, -1])
11:46:24.157 [org.springframework.kafka.KafkaListenerEndpointContainer#0-0-C-1] INFO  o.a.k.c.consumer.internals.ConsumerCoordinator - [Consumer clientId=consumer-slow-consumer-group-1, groupId=slow-consumer-group] Successfully synced group in generation Generation{generationId=27, memberId='consumer-slow-consumer-group-1-31f08807-efca-4496-95a7-ff62d9a350b9', protocol='range'}
11:46:24.157 [org.springframework.kafka.KafkaListenerEndpointContainer#0-0-C-1] DEBUG o.a.k.c.consumer.internals.ConsumerCoordinator - [Consumer clientId=consumer-slow-consumer-group-1, groupId=slow-consumer-group] Executing onJoinComplete with generation 27 and memberId consumer-slow-consumer-group-1-31f08807-efca-4496-95a7-ff62d9a350b9
11:46:24.157 [org.springframework.kafka.KafkaListenerEndpointContainer#0-0-C-1] INFO  o.a.k.c.consumer.internals.ConsumerCoordinator - [Consumer clientId=consumer-slow-consumer-group-1, groupId=slow-consumer-group] Notifying assignor about the new Assignment(partitions=[other-events-0, other-events-1, other-events-2, slow-events-0, slow-events-1, slow-events-2])
11:46:24.157 [org.springframework.kafka.KafkaListenerEndpointContainer#0-0-C-1] INFO  o.a.k.c.c.i.ConsumerRebalanceListenerInvoker - [Consumer clientId=consumer-slow-consumer-group-1, groupId=slow-consumer-group] Adding newly assigned partitions: [other-events-0, other-events-1, other-events-2, slow-events-0, slow-events-1, slow-events-2]
11:46:24.157 [org.springframework.kafka.KafkaListenerEndpointContainer#0-0-C-1] DEBUG o.a.k.c.consumer.internals.ConsumerCoordinator - [Consumer clientId=consumer-slow-consumer-group-1, groupId=slow-consumer-group] Fetching committed offsets for partitions: [other-events-0, slow-events-2, other-events-1, slow-events-1, other-events-2, slow-events-0]
11:46:24.160 [org.springframework.kafka.KafkaListenerEndpointContainer#0-0-C-1] INFO  o.a.k.c.consumer.internals.ConsumerCoordinator - [Consumer clientId=consumer-slow-consumer-group-1, groupId=slow-consumer-group] Found no committed offset for partition slow-events-2
11:46:24.160 [org.springframework.kafka.KafkaListenerEndpointContainer#0-0-C-1] INFO  o.a.k.c.consumer.internals.ConsumerCoordinator - [Consumer clientId=consumer-slow-consumer-group-1, groupId=slow-consumer-group] Found no committed offset for partition slow-events-1
11:46:24.160 [org.springframework.kafka.KafkaListenerEndpointContainer#0-0-C-1] INFO  o.a.k.c.consumer.internals.ConsumerCoordinator - [Consumer clientId=consumer-slow-consumer-group-1, groupId=slow-consumer-group] Found no committed offset for partition slow-events-0
11:46:24.160 [org.springframework.kafka.KafkaListenerEndpointContainer#0-0-C-1] INFO  o.a.k.c.consumer.internals.ConsumerCoordinator - [Consumer clientId=consumer-slow-consumer-group-1, groupId=slow-consumer-group] Found no committed offset for partition other-events-0
11:46:24.160 [org.springframework.kafka.KafkaListenerEndpointContainer#0-0-C-1] INFO  o.a.k.c.consumer.internals.ConsumerCoordinator - [Consumer clientId=consumer-slow-consumer-group-1, groupId=slow-consumer-group] Found no committed offset for partition other-events-1
11:46:24.160 [org.springframework.kafka.KafkaListenerEndpointContainer#0-0-C-1] INFO  o.a.kafka.clients.consumer.internals.ConsumerUtils - Setting offset for partition other-events-2 to the committed offset FetchPosition{offset=60, offsetEpoch=Optional.empty, currentLeader=LeaderAndEpoch{leader=Optional[localhost:9092 (id: 1 rack: null isFenced: false)], epoch=0}}
11:46:24.164 [org.springframework.kafka.KafkaListenerEndpointContainer#0-0-C-1] INFO  o.a.k.clients.consumer.internals.SubscriptionState - [Consumer clientId=consumer-slow-consumer-group-1, groupId=slow-consumer-group] Resetting offset for partition other-events-0 to position FetchPosition{offset=0, offsetEpoch=Optional.empty, currentLeader=LeaderAndEpoch{leader=Optional[localhost:9092 (id: 1 rack: null isFenced: false)], epoch=0}}.
11:46:24.164 [org.springframework.kafka.KafkaListenerEndpointContainer#0-0-C-1] INFO  o.a.k.clients.consumer.internals.SubscriptionState - [Consumer clientId=consumer-slow-consumer-group-1, groupId=slow-consumer-group] Resetting offset for partition slow-events-2 to position FetchPosition{offset=0, offsetEpoch=Optional.empty, currentLeader=LeaderAndEpoch{leader=Optional[localhost:9092 (id: 1 rack: null isFenced: false)], epoch=0}}.
11:46:24.164 [org.springframework.kafka.KafkaListenerEndpointContainer#0-0-C-1] INFO  o.a.k.clients.consumer.internals.SubscriptionState - [Consumer clientId=consumer-slow-consumer-group-1, groupId=slow-consumer-group] Resetting offset for partition other-events-1 to position FetchPosition{offset=0, offsetEpoch=Optional.empty, currentLeader=LeaderAndEpoch{leader=Optional[localhost:9092 (id: 1 rack: null isFenced: false)], epoch=0}}.
11:46:24.164 [org.springframework.kafka.KafkaListenerEndpointContainer#0-0-C-1] INFO  o.a.k.clients.consumer.internals.SubscriptionState - [Consumer clientId=consumer-slow-consumer-group-1, groupId=slow-consumer-group] Resetting offset for partition slow-events-1 to position FetchPosition{offset=0, offsetEpoch=Optional.empty, currentLeader=LeaderAndEpoch{leader=Optional[localhost:9092 (id: 1 rack: null isFenced: false)], epoch=0}}.
11:46:24.164 [org.springframework.kafka.KafkaListenerEndpointContainer#0-0-C-1] INFO  o.a.k.clients.consumer.internals.SubscriptionState - [Consumer clientId=consumer-slow-consumer-group-1, groupId=slow-consumer-group] Resetting offset for partition slow-events-0 to position FetchPosition{offset=0, offsetEpoch=Optional.empty, currentLeader=LeaderAndEpoch{leader=Optional[localhost:9092 (id: 1 rack: null isFenced: false)], epoch=0}}.
11:46:24.164 [org.springframework.kafka.KafkaListenerEndpointContainer#0-0-C-1] INFO  o.s.kafka.listener.KafkaMessageListenerContainer - slow-consumer-group: partitions assigned: [other-events-0, other-events-1, other-events-2, slow-events-0, slow-events-1, slow-events-2]
11:46:24.168 [org.springframework.kafka.KafkaListenerEndpointContainer#0-0-C-1] DEBUG o.s.kafka.listener.KafkaMessageListenerContainer - Received: 1 records
11:46:24.169 [org.springframework.kafka.KafkaListenerEndpointContainer#0-0-C-1] DEBUG o.s.k.l.a.RecordMessagingMessageListenerAdapter - Processing [GenericMessage [payload=DemoEvent(id=9626ebdb-933a-4ed5-a697-a129cf64a008, payload=demo-event-0, slow=true, retryTrigger=false, flaky=false, createdAt=2026-08-27T03:44:08.031207Z), headers={kafka_offset=0, kafka_consumer=org.springframework.kafka.core.DefaultKafkaConsumerFactory$ExtendedKafkaConsumer@75fd7ccc, kafka_timestampType=CREATE_TIME, kafka_receivedPartitionId=2, kafka_receivedMessageKey=0, kafka_receivedTopic=slow-events, kafka_receivedTimestamp=1787802248033, kafka_acknowledgment=Acknowledgment for slow-events-2@0, kafka_groupId=slow-consumer-group}]]
11:46:24.169 [org.springframework.kafka.KafkaListenerEndpointContainer#0-0-C-1] INFO  c.e.k.listener.MultiTopicRebalanceListener - 收到消息 id=9626ebdb-933a-4ed5-a697-a129cf64a008 topic=slow-events partition=2 slow=true
11:46:24.169 [org.springframework.kafka.KafkaListenerEndpointContainer#0-0-C-1] WARN  c.e.k.listener.MultiTopicRebalanceListener - 模拟慢处理开始：id=9626ebdb-933a-4ed5-a697-a129cf64a008 topic=slow-events 将阻塞 10000ms（超过 max.poll.interval.ms，预期触发 rebalance）
11:46:27.167 [kafka-coordinator-heartbeat-thread | slow-consumer-group] DEBUG o.a.k.c.consumer.internals.ConsumerCoordinator - [Consumer clientId=consumer-slow-consumer-group-1, groupId=slow-consumer-group] Sending Heartbeat request with generation 27 and member id consumer-slow-consumer-group-1-31f08807-efca-4496-95a7-ff62d9a350b9 to coordinator localhost:9092 (id: 2147483646 rack: null isFenced: false)
11:46:27.267 [kafka-coordinator-heartbeat-thread | slow-consumer-group] DEBUG o.a.k.c.consumer.internals.ConsumerCoordinator - [Consumer clientId=consumer-slow-consumer-group-1, groupId=slow-consumer-group] Received successful Heartbeat response
11:46:30.166 [kafka-coordinator-heartbeat-thread | slow-consumer-group] WARN  o.a.k.c.consumer.internals.ConsumerCoordinator - [Consumer clientId=consumer-slow-consumer-group-1, groupId=slow-consumer-group] consumer poll timeout has expired. This means the time between subsequent calls to poll() was longer than the configured max.poll.interval.ms, which typically implies that the poll loop is spending too much time processing messages. You can address this either by increasing max.poll.interval.ms or by reducing the maximum size of batches returned in poll() with max.poll.records.
11:46:30.166 [kafka-coordinator-heartbeat-thread | slow-consumer-group] INFO  o.a.k.c.consumer.internals.ConsumerCoordinator - [Consumer clientId=consumer-slow-consumer-group-1, groupId=slow-consumer-group] Member consumer-slow-consumer-group-1-31f08807-efca-4496-95a7-ff62d9a350b9 sending LeaveGroup request to coordinator localhost:9092 (id: 2147483646 rack: null isFenced: false) due to consumer poll timeout has expired.
11:46:30.167 [kafka-coordinator-heartbeat-thread | slow-consumer-group] INFO  o.a.k.c.consumer.internals.ConsumerCoordinator - [Consumer clientId=consumer-slow-consumer-group-1, groupId=slow-consumer-group] Resetting generation and member id due to: consumer pro-actively leaving the group
11:46:30.167 [kafka-coordinator-heartbeat-thread | slow-consumer-group] INFO  o.a.k.c.consumer.internals.ConsumerCoordinator - [Consumer clientId=consumer-slow-consumer-group-1, groupId=slow-consumer-group] Request joining group due to: consumer pro-actively leaving the group
11:46:34.171 [org.springframework.kafka.KafkaListenerEndpointContainer#0-0-C-1] DEBUG o.s.kafka.listener.KafkaMessageListenerContainer - Committing: {slow-events-2=OffsetAndMetadata{offset=1, leaderEpoch=null, metadata=''}}
11:46:34.171 [org.springframework.kafka.KafkaListenerEndpointContainer#0-0-C-1] INFO  o.a.k.c.consumer.internals.ConsumerCoordinator - [Consumer clientId=consumer-slow-consumer-group-1, groupId=slow-consumer-group] Failing OffsetCommit request since the consumer is not part of an active group
11:46:34.171 [org.springframework.kafka.KafkaListenerEndpointContainer#0-0-C-1] DEBUG o.a.k.c.consumer.internals.ConsumerCoordinator - [Consumer clientId=consumer-slow-consumer-group-1, groupId=slow-consumer-group] LeaveGroup response with Generation{generationId=27, memberId='consumer-slow-consumer-group-1-31f08807-efca-4496-95a7-ff62d9a350b9', protocol='range'} returned successfully: ClientResponse(receivedTimeMs=1787802394171, latencyMs=4005, disconnected=false, timedOut=false, requestHeader=RequestHeader(apiKey=LEAVE_GROUP, apiVersion=5, clientId=consumer-slow-consumer-group-1, correlationId=205, headerVersion=2), responseBody=LeaveGroupResponseData(throttleTimeMs=0, errorCode=0, members=[MemberResponse(memberId='consumer-slow-consumer-group-1-31f08807-efca-4496-95a7-ff62d9a350b9', groupInstanceId=null, errorCode=0)]))
11:46:34.171 [org.springframework.kafka.KafkaListenerEndpointContainer#0-0-C-1] WARN  c.e.k.listener.MultiTopicRebalanceListener - 提交 offset 失败，可能因 rebalance 导致该分区已被回收 id=9626ebdb-933a-4ed5-a697-a129cf64a008 topic=slow-events
org.apache.kafka.clients.consumer.CommitFailedException: Offset commit cannot be completed since the consumer is not part of an active group for auto partition assignment; it is likely that the consumer was kicked out of the group.
	at org.apache.kafka.clients.consumer.internals.ConsumerCoordinator.sendOffsetCommitRequest(ConsumerCoordinator.java:1320)
	at org.apache.kafka.clients.consumer.internals.ConsumerCoordinator.commitOffsetsSync(ConsumerCoordinator.java:1155)
	at org.apache.kafka.clients.consumer.internals.ClassicKafkaConsumer.commitSync(ClassicKafkaConsumer.java:747)
	at org.apache.kafka.clients.consumer.KafkaConsumer.commitSync(KafkaConsumer.java:1094)
	at org.springframework.kafka.listener.KafkaMessageListenerContainer$ListenerConsumer.doCommitSync(KafkaMessageListenerContainer.java:3474)
	at org.springframework.kafka.listener.KafkaMessageListenerContainer$ListenerConsumer.commitSync(KafkaMessageListenerContainer.java:3469)
	at org.springframework.kafka.listener.KafkaMessageListenerContainer$ListenerConsumer.commitOffsets(KafkaMessageListenerContainer.java:3452)
	at org.springframework.kafka.listener.KafkaMessageListenerContainer$ListenerConsumer.commitOffsetsInTransactions(KafkaMessageListenerContainer.java:3443)
	at org.springframework.kafka.listener.KafkaMessageListenerContainer$ListenerConsumer.ackImmediate(KafkaMessageListenerContainer.java:2187)
	at org.springframework.kafka.listener.KafkaMessageListenerContainer$ListenerConsumer.processAck(KafkaMessageListenerContainer.java:2082)
	at org.springframework.kafka.listener.KafkaMessageListenerContainer$ListenerConsumer.doAck(KafkaMessageListenerContainer.java:2062)
	at org.springframework.kafka.listener.KafkaMessageListenerContainer$ListenerConsumer$ConsumerAcknowledgment.acknowledge(KafkaMessageListenerContainer.java:3622)
	at com.example.kafkarebalance.listener.MultiTopicRebalanceListener.onMessage(MultiTopicRebalanceListener.kt:67)
	at java.base/jdk.internal.reflect.DirectMethodHandleAccessor.invoke(DirectMethodHandleAccessor.java:104)
	at java.base/java.lang.reflect.Method.invoke(Method.java:565)
	at org.springframework.messaging.handler.invocation.InvocableHandlerMethod.doInvoke(InvocableHandlerMethod.java:168)
	at org.springframework.kafka.listener.adapter.KotlinAwareInvocableHandlerMethod.doInvoke(KotlinAwareInvocableHandlerMethod.java:48)
	at org.springframework.messaging.handler.invocation.InvocableHandlerMethod.invoke(InvocableHandlerMethod.java:119)
	at org.springframework.kafka.listener.adapter.HandlerAdapter.invoke(HandlerAdapter.java:80)
	at org.springframework.kafka.listener.adapter.MessagingMessageListenerAdapter.invokeHandler(MessagingMessageListenerAdapter.java:488)
	at org.springframework.kafka.listener.adapter.MessagingMessageListenerAdapter.invoke(MessagingMessageListenerAdapter.java:425)
	at org.springframework.kafka.listener.adapter.RecordMessagingMessageListenerAdapter.onMessage(RecordMessagingMessageListenerAdapter.java:92)
	at org.springframework.kafka.listener.adapter.RecordMessagingMessageListenerAdapter.onMessage(RecordMessagingMessageListenerAdapter.java:52)
	at org.springframework.kafka.listener.KafkaMessageListenerContainer$ListenerConsumer.doInvokeOnMessage(KafkaMessageListenerContainer.java:2948)
	at org.springframework.kafka.listener.KafkaMessageListenerContainer$ListenerConsumer.invokeOnMessage(KafkaMessageListenerContainer.java:2927)
	at org.springframework.kafka.listener.KafkaMessageListenerContainer$ListenerConsumer.doInvokeRecordListener(KafkaMessageListenerContainer.java:2837)
	at org.springframework.kafka.listener.KafkaMessageListenerContainer$ListenerConsumer.doInvokeWithRecords(KafkaMessageListenerContainer.java:2679)
	at org.springframework.kafka.listener.KafkaMessageListenerContainer$ListenerConsumer.invokeRecordListener(KafkaMessageListenerContainer.java:2573)
	at org.springframework.kafka.listener.KafkaMessageListenerContainer$ListenerConsumer.invokeListener(KafkaMessageListenerContainer.java:2204)
	at org.springframework.kafka.listener.KafkaMessageListenerContainer$ListenerConsumer.invokeIfHaveRecords(KafkaMessageListenerContainer.java:1559)
	at org.springframework.kafka.listener.KafkaMessageListenerContainer$ListenerConsumer.pollAndInvoke(KafkaMessageListenerContainer.java:1499)
	at org.springframework.kafka.listener.KafkaMessageListenerContainer$ListenerConsumer.run(KafkaMessageListenerContainer.java:1368)
	at java.base/java.util.concurrent.CompletableFuture$AsyncRun.run(CompletableFuture.java:1825)
	at java.base/java.lang.Thread.run(Thread.java:1474)
11:46:34.171 [org.springframework.kafka.KafkaListenerEndpointContainer#0-0-C-1] DEBUG o.a.k.c.consumer.internals.ConsumerCoordinator - [Consumer clientId=consumer-slow-consumer-group-1, groupId=slow-consumer-group] Executing onJoinPrepare with generation -1 and memberId 
11:46:34.171 [org.springframework.kafka.KafkaListenerEndpointContainer#0-0-C-1] INFO  o.a.k.c.consumer.internals.ConsumerCoordinator - [Consumer clientId=consumer-slow-consumer-group-1, groupId=slow-consumer-group] Giving away all assigned partitions as lost since generation/memberID has been reset,indicating that consumer is in old state or no longer part of the group
11:46:34.171 [org.springframework.kafka.KafkaListenerEndpointContainer#0-0-C-1] INFO  o.a.k.c.c.i.ConsumerRebalanceListenerInvoker - [Consumer clientId=consumer-slow-consumer-group-1, groupId=slow-consumer-group] Lost previously assigned partitions [other-events-0, other-events-1, other-events-2, slow-events-0, slow-events-1, slow-events-2]
11:46:34.171 [org.springframework.kafka.KafkaListenerEndpointContainer#0-0-C-1] INFO  o.s.kafka.listener.KafkaMessageListenerContainer - slow-consumer-group: partitions lost: [other-events-0, other-events-1, other-events-2, slow-events-0, slow-events-1, slow-events-2]
11:46:34.171 [org.springframework.kafka.KafkaListenerEndpointContainer#0-0-C-1] INFO  o.s.kafka.listener.KafkaMessageListenerContainer - slow-consumer-group: partitions revoked: [other-events-0, other-events-1, other-events-2, slow-events-0, slow-events-1, slow-events-2]
11:46:34.171 [org.springframework.kafka.KafkaListenerEndpointContainer#0-0-C-1] INFO  o.a.k.c.consumer.internals.ConsumerCoordinator - [Consumer clientId=consumer-slow-consumer-group-1, groupId=slow-consumer-group] (Re-)joining group
11:46:34.171 [org.springframework.kafka.KafkaListenerEndpointContainer#0-0-C-1] DEBUG o.a.k.c.consumer.internals.ConsumerCoordinator - [Consumer clientId=consumer-slow-consumer-group-1, groupId=slow-consumer-group] Joining group with current subscription: [slow-events, other-events]
11:46:34.171 [org.springframework.kafka.KafkaListenerEndpointContainer#0-0-C-1] DEBUG o.a.k.c.consumer.internals.ConsumerCoordinator - [Consumer clientId=consumer-slow-consumer-group-1, groupId=slow-consumer-group] Sending JoinGroup (JoinGroupRequestData(groupId='slow-consumer-group', sessionTimeoutMs=10000, rebalanceTimeoutMs=6000, memberId='', groupInstanceId=null, protocolType='consumer', protocols=[JoinGroupRequestProtocol(name='range', metadata=[0, 3, 0, 0, 0, 2, 0, 12, 111, 116, 104, 101, 114, 45, 101, 118, 101, 110, 116, 115, 0, 11, 115, 108, 111, 119, 45, 101, 118, 101, 110, 116, 115, -1, -1, -1, -1, 0, 0, 0, 0, -1, -1, -1, -1, -1, -1]), JoinGroupRequestProtocol(name='cooperative-sticky', metadata=[0, 3, 0, 0, 0, 2, 0, 12, 111, 116, 104, 101, 114, 45, 101, 118, 101, 110, 116, 115, 0, 11, 115, 108, 111, 119, 45, 101, 118, 101, 110, 116, 115, 0, 0, 0, 4, -1, -1, -1, -1, 0, 0, 0, 0, -1, -1, -1, -1, -1, -1])], reason='consumer pro-actively leaving the group')) to coordinator localhost:9092 (id: 2147483646 rack: null isFenced: false)
11:46:34.173 [org.springframework.kafka.KafkaListenerEndpointContainer#0-0-C-1] DEBUG o.a.k.c.consumer.internals.ConsumerCoordinator - [Consumer clientId=consumer-slow-consumer-group-1, groupId=slow-consumer-group] JoinGroup failed due to non-fatal error: MEMBER_ID_REQUIRED. Will set the member id as consumer-slow-consumer-group-1-49f73d70-1db2-4e43-a2b8-5624272a9b4a and then rejoin. Sent generation was Generation{generationId=-1, memberId='', protocol='null'}
11:46:34.173 [org.springframework.kafka.KafkaListenerEndpointContainer#0-0-C-1] INFO  o.a.k.c.consumer.internals.ConsumerCoordinator - [Consumer clientId=consumer-slow-consumer-group-1, groupId=slow-consumer-group] Request joining group due to: need to re-join with the given member-id: consumer-slow-consumer-group-1-49f73d70-1db2-4e43-a2b8-5624272a9b4a
11:46:34.173 [org.springframework.kafka.KafkaListenerEndpointContainer#0-0-C-1] INFO  o.a.k.c.consumer.internals.ConsumerCoordinator - [Consumer clientId=consumer-slow-consumer-group-1, groupId=slow-consumer-group] (Re-)joining group
11:46:34.173 [org.springframework.kafka.KafkaListenerEndpointContainer#0-0-C-1] DEBUG o.a.k.c.consumer.internals.ConsumerCoordinator - [Consumer clientId=consumer-slow-consumer-group-1, groupId=slow-consumer-group] Joining group with current subscription: [slow-events, other-events]
11:46:34.173 [org.springframework.kafka.KafkaListenerEndpointContainer#0-0-C-1] DEBUG o.a.k.c.consumer.internals.ConsumerCoordinator - [Consumer clientId=consumer-slow-consumer-group-1, groupId=slow-consumer-group] Sending JoinGroup (JoinGroupRequestData(groupId='slow-consumer-group', sessionTimeoutMs=10000, rebalanceTimeoutMs=6000, memberId='consumer-slow-consumer-group-1-49f73d70-1db2-4e43-a2b8-5624272a9b4a', groupInstanceId=null, protocolType='consumer', protocols=[JoinGroupRequestProtocol(name='range', metadata=[0, 3, 0, 0, 0, 2, 0, 12, 111, 116, 104, 101, 114, 45, 101, 118, 101, 110, 116, 115, 0, 11, 115, 108, 111, 119, 45, 101, 118, 101, 110, 116, 115, -1, -1, -1, -1, 0, 0, 0, 0, -1, -1, -1, -1, -1, -1]), JoinGroupRequestProtocol(name='cooperative-sticky', metadata=[0, 3, 0, 0, 0, 2, 0, 12, 111, 116, 104, 101, 114, 45, 101, 118, 101, 110, 116, 115, 0, 11, 115, 108, 111, 119, 45, 101, 118, 101, 110, 116, 115, 0, 0, 0, 4, -1, -1, -1, -1, 0, 0, 0, 0, -1, -1, -1, -1, -1, -1])], reason='need to re-join with the given member-id: consumer-slow-consumer-group-1-49f73d70-1db2-4e43-a2b8-5624272a9b4a')) to coordinator localhost:9092 (id: 2147483646 rack: null isFenced: false)
11:46:34.177 [org.springframework.kafka.KafkaListenerEndpointContainer#0-0-C-1] DEBUG o.a.k.c.consumer.internals.ConsumerCoordinator - [Consumer clientId=consumer-slow-consumer-group-1, groupId=slow-consumer-group] Received successful JoinGroup response: JoinGroupResponseData(throttleTimeMs=0, errorCode=0, generationId=29, protocolType='consumer', protocolName='range', leader='consumer-slow-consumer-group-1-49f73d70-1db2-4e43-a2b8-5624272a9b4a', skipAssignment=false, memberId='consumer-slow-consumer-group-1-49f73d70-1db2-4e43-a2b8-5624272a9b4a', members=[JoinGroupResponseMember(memberId='consumer-slow-consumer-group-1-49f73d70-1db2-4e43-a2b8-5624272a9b4a', groupInstanceId=null, metadata=[0, 3, 0, 0, 0, 2, 0, 12, 111, 116, 104, 101, 114, 45, 101, 118, 101, 110, 116, 115, 0, 11, 115, 108, 111, 119, 45, 101, 118, 101, 110, 116, 115, -1, -1, -1, -1, 0, 0, 0, 0, -1, -1, -1, -1, -1, -1])])
11:46:34.177 [org.springframework.kafka.KafkaListenerEndpointContainer#0-0-C-1] DEBUG o.a.k.c.consumer.internals.ConsumerCoordinator - [Consumer clientId=consumer-slow-consumer-group-1, groupId=slow-consumer-group] Enabling heartbeat thread
11:46:34.177 [org.springframework.kafka.KafkaListenerEndpointContainer#0-0-C-1] INFO  o.a.k.c.consumer.internals.ConsumerCoordinator - [Consumer clientId=consumer-slow-consumer-group-1, groupId=slow-consumer-group] Successfully joined group with generation Generation{generationId=29, memberId='consumer-slow-consumer-group-1-49f73d70-1db2-4e43-a2b8-5624272a9b4a', protocol='range'}
11:46:34.177 [org.springframework.kafka.KafkaListenerEndpointContainer#0-0-C-1] DEBUG o.a.k.c.consumer.internals.ConsumerCoordinator - [Consumer clientId=consumer-slow-consumer-group-1, groupId=slow-consumer-group] Performing assignment using strategy range with subscriptions {consumer-slow-consumer-group-1-49f73d70-1db2-4e43-a2b8-5624272a9b4a=Subscription(topics=[other-events, slow-events], ownedPartitions=[], groupInstanceId=null, generationId=-1, rackId=null)}
11:46:34.177 [org.springframework.kafka.KafkaListenerEndpointContainer#0-0-C-1] INFO  o.a.k.c.consumer.internals.ConsumerCoordinator - [Consumer clientId=consumer-slow-consumer-group-1, groupId=slow-consumer-group] Finished assignment for group at generation 29: {consumer-slow-consumer-group-1-49f73d70-1db2-4e43-a2b8-5624272a9b4a=Assignment(partitions=[other-events-0, other-events-1, other-events-2, slow-events-0, slow-events-1, slow-events-2])}
11:46:34.177 [org.springframework.kafka.KafkaListenerEndpointContainer#0-0-C-1] DEBUG o.a.k.c.consumer.internals.ConsumerCoordinator - [Consumer clientId=consumer-slow-consumer-group-1, groupId=slow-consumer-group] Sending leader SyncGroup to coordinator localhost:9092 (id: 2147483646 rack: null isFenced: false): SyncGroupRequestData(groupId='slow-consumer-group', generationId=29, memberId='consumer-slow-consumer-group-1-49f73d70-1db2-4e43-a2b8-5624272a9b4a', groupInstanceId=null, protocolType='consumer', protocolName='range', assignments=[SyncGroupRequestAssignment(memberId='consumer-slow-consumer-group-1-49f73d70-1db2-4e43-a2b8-5624272a9b4a', assignment=[0, 3, 0, 0, 0, 2, 0, 12, 111, 116, 104, 101, 114, 45, 101, 118, 101, 110, 116, 115, 0, 0, 0, 3, 0, 0, 0, 0, 0, 0, 0, 1, 0, 0, 0, 2, 0, 11, 115, 108, 111, 119, 45, 101, 118, 101, 110, 116, 115, 0, 0, 0, 3, 0, 0, 0, 0, 0, 0, 0, 1, 0, 0, 0, 2, -1, -1, -1, -1])])
11:46:34.178 [org.springframework.kafka.KafkaListenerEndpointContainer#0-0-C-1] DEBUG o.a.k.c.consumer.internals.ConsumerCoordinator - [Consumer clientId=consumer-slow-consumer-group-1, groupId=slow-consumer-group] Received successful SyncGroup response: SyncGroupResponseData(throttleTimeMs=0, errorCode=0, protocolType='consumer', protocolName='range', assignment=[0, 3, 0, 0, 0, 2, 0, 12, 111, 116, 104, 101, 114, 45, 101, 118, 101, 110, 116, 115, 0, 0, 0, 3, 0, 0, 0, 0, 0, 0, 0, 1, 0, 0, 0, 2, 0, 11, 115, 108, 111, 119, 45, 101, 118, 101, 110, 116, 115, 0, 0, 0, 3, 0, 0, 0, 0, 0, 0, 0, 1, 0, 0, 0, 2, -1, -1, -1, -1])
11:46:34.178 [org.springframework.kafka.KafkaListenerEndpointContainer#0-0-C-1] INFO  o.a.k.c.consumer.internals.ConsumerCoordinator - [Consumer clientId=consumer-slow-consumer-group-1, groupId=slow-consumer-group] Successfully synced group in generation Generation{generationId=29, memberId='consumer-slow-consumer-group-1-49f73d70-1db2-4e43-a2b8-5624272a9b4a', protocol='range'}
11:46:34.178 [org.springframework.kafka.KafkaListenerEndpointContainer#0-0-C-1] DEBUG o.a.k.c.consumer.internals.ConsumerCoordinator - [Consumer clientId=consumer-slow-consumer-group-1, groupId=slow-consumer-group] Executing onJoinComplete with generation 29 and memberId consumer-slow-consumer-group-1-49f73d70-1db2-4e43-a2b8-5624272a9b4a
11:46:34.178 [org.springframework.kafka.KafkaListenerEndpointContainer#0-0-C-1] INFO  o.a.k.c.consumer.internals.ConsumerCoordinator - [Consumer clientId=consumer-slow-consumer-group-1, groupId=slow-consumer-group] Notifying assignor about the new Assignment(partitions=[other-events-0, other-events-1, other-events-2, slow-events-0, slow-events-1, slow-events-2])
11:46:34.178 [org.springframework.kafka.KafkaListenerEndpointContainer#0-0-C-1] INFO  o.a.k.c.c.i.ConsumerRebalanceListenerInvoker - [Consumer clientId=consumer-slow-consumer-group-1, groupId=slow-consumer-group] Adding newly assigned partitions: [other-events-0, other-events-1, other-events-2, slow-events-0, slow-events-1, slow-events-2]
11:46:34.178 [org.springframework.kafka.KafkaListenerEndpointContainer#0-0-C-1] DEBUG o.a.k.c.consumer.internals.ConsumerCoordinator - [Consumer clientId=consumer-slow-consumer-group-1, groupId=slow-consumer-group] Fetching committed offsets for partitions: [other-events-0, slow-events-2, other-events-1, slow-events-1, other-events-2, slow-events-0]
11:46:34.179 [org.springframework.kafka.KafkaListenerEndpointContainer#0-0-C-1] INFO  o.a.k.c.consumer.internals.ConsumerCoordinator - [Consumer clientId=consumer-slow-consumer-group-1, groupId=slow-consumer-group] Found no committed offset for partition slow-events-2
11:46:34.179 [org.springframework.kafka.KafkaListenerEndpointContainer#0-0-C-1] INFO  o.a.k.c.consumer.internals.ConsumerCoordinator - [Consumer clientId=consumer-slow-consumer-group-1, groupId=slow-consumer-group] Found no committed offset for partition slow-events-1
11:46:34.179 [org.springframework.kafka.KafkaListenerEndpointContainer#0-0-C-1] INFO  o.a.k.c.consumer.internals.ConsumerCoordinator - [Consumer clientId=consumer-slow-consumer-group-1, groupId=slow-consumer-group] Found no committed offset for partition slow-events-0
11:46:34.179 [org.springframework.kafka.KafkaListenerEndpointContainer#0-0-C-1] INFO  o.a.k.c.consumer.internals.ConsumerCoordinator - [Consumer clientId=consumer-slow-consumer-group-1, groupId=slow-consumer-group] Found no committed offset for partition other-events-0
11:46:34.179 [org.springframework.kafka.KafkaListenerEndpointContainer#0-0-C-1] INFO  o.a.k.c.consumer.internals.ConsumerCoordinator - [Consumer clientId=consumer-slow-consumer-group-1, groupId=slow-consumer-group] Found no committed offset for partition other-events-1
11:46:34.179 [org.springframework.kafka.KafkaListenerEndpointContainer#0-0-C-1] INFO  o.a.kafka.clients.consumer.internals.ConsumerUtils - Setting offset for partition other-events-2 to the committed offset FetchPosition{offset=60, offsetEpoch=Optional.empty, currentLeader=LeaderAndEpoch{leader=Optional[localhost:9092 (id: 1 rack: null isFenced: false)], epoch=0}}
11:46:34.180 [org.springframework.kafka.KafkaListenerEndpointContainer#0-0-C-1] INFO  o.a.k.clients.consumer.internals.SubscriptionState - [Consumer clientId=consumer-slow-consumer-group-1, groupId=slow-consumer-group] Resetting offset for partition other-events-0 to position FetchPosition{offset=0, offsetEpoch=Optional.empty, currentLeader=LeaderAndEpoch{leader=Optional[localhost:9092 (id: 1 rack: null isFenced: false)], epoch=0}}.
11:46:34.180 [org.springframework.kafka.KafkaListenerEndpointContainer#0-0-C-1] INFO  o.a.k.clients.consumer.internals.SubscriptionState - [Consumer clientId=consumer-slow-consumer-group-1, groupId=slow-consumer-group] Resetting offset for partition slow-events-2 to position FetchPosition{offset=0, offsetEpoch=Optional.empty, currentLeader=LeaderAndEpoch{leader=Optional[localhost:9092 (id: 1 rack: null isFenced: false)], epoch=0}}.
11:46:34.180 [org.springframework.kafka.KafkaListenerEndpointContainer#0-0-C-1] INFO  o.a.k.clients.consumer.internals.SubscriptionState - [Consumer clientId=consumer-slow-consumer-group-1, groupId=slow-consumer-group] Resetting offset for partition other-events-1 to position FetchPosition{offset=0, offsetEpoch=Optional.empty, currentLeader=LeaderAndEpoch{leader=Optional[localhost:9092 (id: 1 rack: null isFenced: false)], epoch=0}}.
11:46:34.180 [org.springframework.kafka.KafkaListenerEndpointContainer#0-0-C-1] INFO  o.a.k.clients.consumer.internals.SubscriptionState - [Consumer clientId=consumer-slow-consumer-group-1, groupId=slow-consumer-group] Resetting offset for partition slow-events-1 to position FetchPosition{offset=0, offsetEpoch=Optional.empty, currentLeader=LeaderAndEpoch{leader=Optional[localhost:9092 (id: 1 rack: null isFenced: false)], epoch=0}}.
11:46:34.180 [org.springframework.kafka.KafkaListenerEndpointContainer#0-0-C-1] INFO  o.a.k.clients.consumer.internals.SubscriptionState - [Consumer clientId=consumer-slow-consumer-group-1, groupId=slow-consumer-group] Resetting offset for partition slow-events-0 to position FetchPosition{offset=0, offsetEpoch=Optional.empty, currentLeader=LeaderAndEpoch{leader=Optional[localhost:9092 (id: 1 rack: null isFenced: false)], epoch=0}}.
11:46:34.180 [org.springframework.kafka.KafkaListenerEndpointContainer#0-0-C-1] INFO  o.s.kafka.listener.KafkaMessageListenerContainer - slow-consumer-group: partitions assigned: [other-events-0, other-events-1, other-events-2, slow-events-0, slow-events-1, slow-events-2]
11:46:34.181 [org.springframework.kafka.KafkaListenerEndpointContainer#0-0-C-1] DEBUG o.s.kafka.listener.KafkaMessageListenerContainer - Received: 1 records
11:46:34.181 [org.springframework.kafka.KafkaListenerEndpointContainer#0-0-C-1] DEBUG o.s.k.l.a.RecordMessagingMessageListenerAdapter - Processing [GenericMessage [payload=DemoEvent(id=9626ebdb-933a-4ed5-a697-a129cf64a008, payload=demo-event-0, slow=true, retryTrigger=false, flaky=false, createdAt=2026-08-27T03:44:08.031207Z), headers={kafka_offset=0, kafka_consumer=org.springframework.kafka.core.DefaultKafkaConsumerFactory$ExtendedKafkaConsumer@75fd7ccc, kafka_timestampType=CREATE_TIME, kafka_receivedPartitionId=2, kafka_receivedMessageKey=0, kafka_receivedTopic=slow-events, kafka_receivedTimestamp=1787802248033, kafka_acknowledgment=Acknowledgment for slow-events-2@0, kafka_groupId=slow-consumer-group}]]
11:46:34.181 [org.springframework.kafka.KafkaListenerEndpointContainer#0-0-C-1] INFO  c.e.k.listener.MultiTopicRebalanceListener - 收到消息 id=9626ebdb-933a-4ed5-a697-a129cf64a008 topic=slow-events partition=2 slow=true
11:46:34.181 [org.springframework.kafka.KafkaListenerEndpointContainer#0-0-C-1] WARN  c.e.k.listener.MultiTopicRebalanceListener - 模拟慢处理开始：id=9626ebdb-933a-4ed5-a697-a129cf64a008 topic=slow-events 将阻塞 10000ms（超过 max.poll.interval.ms，预期触发 rebalance）
11:46:37.186 [kafka-coordinator-heartbeat-thread | slow-consumer-group] DEBUG o.a.k.c.consumer.internals.ConsumerCoordinator - [Consumer clientId=consumer-slow-consumer-group-1, groupId=slow-consumer-group] Sending Heartbeat request with generation 29 and member id consumer-slow-consumer-group-1-49f73d70-1db2-4e43-a2b8-5624272a9b4a to coordinator localhost:9092 (id: 2147483646 rack: null isFenced: false)
11:46:37.295 [kafka-coordinator-heartbeat-thread | slow-consumer-group] DEBUG o.a.k.c.consumer.internals.ConsumerCoordinator - [Consumer clientId=consumer-slow-consumer-group-1, groupId=slow-consumer-group] Received successful Heartbeat response
11:46:40.199 [kafka-coordinator-heartbeat-thread | slow-consumer-group] WARN  o.a.k.c.consumer.internals.ConsumerCoordinator - [Consumer clientId=consumer-slow-consumer-group-1, groupId=slow-consumer-group] consumer poll timeout has expired. This means the time between subsequent calls to poll() was longer than the configured max.poll.interval.ms, which typically implies that the poll loop is spending too much time processing messages. You can address this either by increasing max.poll.interval.ms or by reducing the maximum size of batches returned in poll() with max.poll.records.
11:46:40.199 [kafka-coordinator-heartbeat-thread | slow-consumer-group] INFO  o.a.k.c.consumer.internals.ConsumerCoordinator - [Consumer clientId=consumer-slow-consumer-group-1, groupId=slow-consumer-group] Member consumer-slow-consumer-group-1-49f73d70-1db2-4e43-a2b8-5624272a9b4a sending LeaveGroup request to coordinator localhost:9092 (id: 2147483646 rack: null isFenced: false) due to consumer poll timeout has expired.
11:46:40.200 [kafka-coordinator-heartbeat-thread | slow-consumer-group] INFO  o.a.k.c.consumer.internals.ConsumerCoordinator - [Consumer clientId=consumer-slow-consumer-group-1, groupId=slow-consumer-group] Resetting generation and member id due to: consumer pro-actively leaving the group
11:46:40.200 [kafka-coordinator-heartbeat-thread | slow-consumer-group] INFO  o.a.k.c.consumer.internals.ConsumerCoordinator - [Consumer clientId=consumer-slow-consumer-group-1, groupId=slow-consumer-group] Request joining group due to: consumer pro-actively leaving the group
11:46:44.190 [org.springframework.kafka.KafkaListenerEndpointContainer#0-0-C-1] DEBUG o.s.kafka.listener.KafkaMessageListenerContainer - Committing: {slow-events-2=OffsetAndMetadata{offset=1, leaderEpoch=null, metadata=''}}
11:46:44.190 [org.springframework.kafka.KafkaListenerEndpointContainer#0-0-C-1] INFO  o.a.k.c.consumer.internals.ConsumerCoordinator - [Consumer clientId=consumer-slow-consumer-group-1, groupId=slow-consumer-group] Failing OffsetCommit request since the consumer is not part of an active group
11:46:44.190 [org.springframework.kafka.KafkaListenerEndpointContainer#0-0-C-1] DEBUG o.a.k.c.consumer.internals.ConsumerCoordinator - [Consumer clientId=consumer-slow-consumer-group-1, groupId=slow-consumer-group] LeaveGroup response with Generation{generationId=29, memberId='consumer-slow-consumer-group-1-49f73d70-1db2-4e43-a2b8-5624272a9b4a', protocol='range'} returned successfully: ClientResponse(receivedTimeMs=1787802404190, latencyMs=3991, disconnected=false, timedOut=false, requestHeader=RequestHeader(apiKey=LEAVE_GROUP, apiVersion=5, clientId=consumer-slow-consumer-group-1, correlationId=213, headerVersion=2), responseBody=LeaveGroupResponseData(throttleTimeMs=0, errorCode=0, members=[MemberResponse(memberId='consumer-slow-consumer-group-1-49f73d70-1db2-4e43-a2b8-5624272a9b4a', groupInstanceId=null, errorCode=0)]))
11:46:44.191 [org.springframework.kafka.KafkaListenerEndpointContainer#0-0-C-1] WARN  c.e.k.listener.MultiTopicRebalanceListener - 提交 offset 失败，可能因 rebalance 导致该分区已被回收 id=9626ebdb-933a-4ed5-a697-a129cf64a008 topic=slow-events
org.apache.kafka.clients.consumer.CommitFailedException: Offset commit cannot be completed since the consumer is not part of an active group for auto partition assignment; it is likely that the consumer was kicked out of the group.
	at org.apache.kafka.clients.consumer.internals.ConsumerCoordinator.sendOffsetCommitRequest(ConsumerCoordinator.java:1320)
	at org.apache.kafka.clients.consumer.internals.ConsumerCoordinator.commitOffsetsSync(ConsumerCoordinator.java:1155)
	at org.apache.kafka.clients.consumer.internals.ClassicKafkaConsumer.commitSync(ClassicKafkaConsumer.java:747)
	at org.apache.kafka.clients.consumer.KafkaConsumer.commitSync(KafkaConsumer.java:1094)
	at org.springframework.kafka.listener.KafkaMessageListenerContainer$ListenerConsumer.doCommitSync(KafkaMessageListenerContainer.java:3474)
	at org.springframework.kafka.listener.KafkaMessageListenerContainer$ListenerConsumer.commitSync(KafkaMessageListenerContainer.java:3469)
	at org.springframework.kafka.listener.KafkaMessageListenerContainer$ListenerConsumer.commitOffsets(KafkaMessageListenerContainer.java:3452)
	at org.springframework.kafka.listener.KafkaMessageListenerContainer$ListenerConsumer.commitOffsetsInTransactions(KafkaMessageListenerContainer.java:3443)
	at org.springframework.kafka.listener.KafkaMessageListenerContainer$ListenerConsumer.ackImmediate(KafkaMessageListenerContainer.java:2187)
	at org.springframework.kafka.listener.KafkaMessageListenerContainer$ListenerConsumer.processAck(KafkaMessageListenerContainer.java:2082)
	at org.springframework.kafka.listener.KafkaMessageListenerContainer$ListenerConsumer.doAck(KafkaMessageListenerContainer.java:2062)
	at org.springframework.kafka.listener.KafkaMessageListenerContainer$ListenerConsumer$ConsumerAcknowledgment.acknowledge(KafkaMessageListenerContainer.java:3622)
	at com.example.kafkarebalance.listener.MultiTopicRebalanceListener.onMessage(MultiTopicRebalanceListener.kt:67)
	at java.base/jdk.internal.reflect.DirectMethodHandleAccessor.invoke(DirectMethodHandleAccessor.java:104)
	at java.base/java.lang.reflect.Method.invoke(Method.java:565)
	at org.springframework.messaging.handler.invocation.InvocableHandlerMethod.doInvoke(InvocableHandlerMethod.java:168)
	at org.springframework.kafka.listener.adapter.KotlinAwareInvocableHandlerMethod.doInvoke(KotlinAwareInvocableHandlerMethod.java:48)
	at org.springframework.messaging.handler.invocation.InvocableHandlerMethod.invoke(InvocableHandlerMethod.java:119)
	at org.springframework.kafka.listener.adapter.HandlerAdapter.invoke(HandlerAdapter.java:80)
	at org.springframework.kafka.listener.adapter.MessagingMessageListenerAdapter.invokeHandler(MessagingMessageListenerAdapter.java:488)
	at org.springframework.kafka.listener.adapter.MessagingMessageListenerAdapter.invoke(MessagingMessageListenerAdapter.java:425)
	at org.springframework.kafka.listener.adapter.RecordMessagingMessageListenerAdapter.onMessage(RecordMessagingMessageListenerAdapter.java:92)
	at org.springframework.kafka.listener.adapter.RecordMessagingMessageListenerAdapter.onMessage(RecordMessagingMessageListenerAdapter.java:52)
	at org.springframework.kafka.listener.KafkaMessageListenerContainer$ListenerConsumer.doInvokeOnMessage(KafkaMessageListenerContainer.java:2948)
	at org.springframework.kafka.listener.KafkaMessageListenerContainer$ListenerConsumer.invokeOnMessage(KafkaMessageListenerContainer.java:2927)
	at org.springframework.kafka.listener.KafkaMessageListenerContainer$ListenerConsumer.doInvokeRecordListener(KafkaMessageListenerContainer.java:2837)
	at org.springframework.kafka.listener.KafkaMessageListenerContainer$ListenerConsumer.doInvokeWithRecords(KafkaMessageListenerContainer.java:2679)
	at org.springframework.kafka.listener.KafkaMessageListenerContainer$ListenerConsumer.invokeRecordListener(KafkaMessageListenerContainer.java:2573)
	at org.springframework.kafka.listener.KafkaMessageListenerContainer$ListenerConsumer.invokeListener(KafkaMessageListenerContainer.java:2204)
	at org.springframework.kafka.listener.KafkaMessageListenerContainer$ListenerConsumer.invokeIfHaveRecords(KafkaMessageListenerContainer.java:1559)
	at org.springframework.kafka.listener.KafkaMessageListenerContainer$ListenerConsumer.pollAndInvoke(KafkaMessageListenerContainer.java:1499)
	at org.springframework.kafka.listener.KafkaMessageListenerContainer$ListenerConsumer.run(KafkaMessageListenerContainer.java:1368)
	at java.base/java.util.concurrent.CompletableFuture$AsyncRun.run(CompletableFuture.java:1825)
	at java.base/java.lang.Thread.run(Thread.java:1474)
11:46:44.191 [org.springframework.kafka.KafkaListenerEndpointContainer#0-0-C-1] DEBUG o.a.k.c.consumer.internals.ConsumerCoordinator - [Consumer clientId=consumer-slow-consumer-group-1, groupId=slow-consumer-group] Executing onJoinPrepare with generation -1 and memberId 
11:46:44.191 [org.springframework.kafka.KafkaListenerEndpointContainer#0-0-C-1] INFO  o.a.k.c.consumer.internals.ConsumerCoordinator - [Consumer clientId=consumer-slow-consumer-group-1, groupId=slow-consumer-group] Giving away all assigned partitions as lost since generation/memberID has been reset,indicating that consumer is in old state or no longer part of the group
11:46:44.191 [org.springframework.kafka.KafkaListenerEndpointContainer#0-0-C-1] INFO  o.a.k.c.c.i.ConsumerRebalanceListenerInvoker - [Consumer clientId=consumer-slow-consumer-group-1, groupId=slow-consumer-group] Lost previously assigned partitions [other-events-0, other-events-1, other-events-2, slow-events-0, slow-events-1, slow-events-2]
11:46:44.191 [org.springframework.kafka.KafkaListenerEndpointContainer#0-0-C-1] INFO  o.s.kafka.listener.KafkaMessageListenerContainer - slow-consumer-group: partitions lost: [other-events-0, other-events-1, other-events-2, slow-events-0, slow-events-1, slow-events-2]
11:46:44.191 [org.springframework.kafka.KafkaListenerEndpointContainer#0-0-C-1] INFO  o.s.kafka.listener.KafkaMessageListenerContainer - slow-consumer-group: partitions revoked: [other-events-0, other-events-1, other-events-2, slow-events-0, slow-events-1, slow-events-2]
11:46:44.192 [org.springframework.kafka.KafkaListenerEndpointContainer#0-0-C-1] INFO  o.a.k.c.consumer.internals.ConsumerCoordinator - [Consumer clientId=consumer-slow-consumer-group-1, groupId=slow-consumer-group] (Re-)joining group
11:46:44.192 [org.springframework.kafka.KafkaListenerEndpointContainer#0-0-C-1] DEBUG o.a.k.c.consumer.internals.ConsumerCoordinator - [Consumer clientId=consumer-slow-consumer-group-1, groupId=slow-consumer-group] Joining group with current subscription: [slow-events, other-events]
11:46:44.192 [org.springframework.kafka.KafkaListenerEndpointContainer#0-0-C-1] DEBUG o.a.k.c.consumer.internals.ConsumerCoordinator - [Consumer clientId=consumer-slow-consumer-group-1, groupId=slow-consumer-group] Sending JoinGroup (JoinGroupRequestData(groupId='slow-consumer-group', sessionTimeoutMs=10000, rebalanceTimeoutMs=6000, memberId='', groupInstanceId=null, protocolType='consumer', protocols=[JoinGroupRequestProtocol(name='range', metadata=[0, 3, 0, 0, 0, 2, 0, 12, 111, 116, 104, 101, 114, 45, 101, 118, 101, 110, 116, 115, 0, 11, 115, 108, 111, 119, 45, 101, 118, 101, 110, 116, 115, -1, -1, -1, -1, 0, 0, 0, 0, -1, -1, -1, -1, -1, -1]), JoinGroupRequestProtocol(name='cooperative-sticky', metadata=[0, 3, 0, 0, 0, 2, 0, 12, 111, 116, 104, 101, 114, 45, 101, 118, 101, 110, 116, 115, 0, 11, 115, 108, 111, 119, 45, 101, 118, 101, 110, 116, 115, 0, 0, 0, 4, -1, -1, -1, -1, 0, 0, 0, 0, -1, -1, -1, -1, -1, -1])], reason='consumer pro-actively leaving the group')) to coordinator localhost:9092 (id: 2147483646 rack: null isFenced: false)
11:46:44.197 [org.springframework.kafka.KafkaListenerEndpointContainer#0-0-C-1] DEBUG o.a.k.c.consumer.internals.ConsumerCoordinator - [Consumer clientId=consumer-slow-consumer-group-1, groupId=slow-consumer-group] JoinGroup failed due to non-fatal error: MEMBER_ID_REQUIRED. Will set the member id as consumer-slow-consumer-group-1-63786e61-0dab-485b-b05f-a94d4fc1c201 and then rejoin. Sent generation was Generation{generationId=-1, memberId='', protocol='null'}
11:46:44.197 [org.springframework.kafka.KafkaListenerEndpointContainer#0-0-C-1] INFO  o.a.k.c.consumer.internals.ConsumerCoordinator - [Consumer clientId=consumer-slow-consumer-group-1, groupId=slow-consumer-group] Request joining group due to: need to re-join with the given member-id: consumer-slow-consumer-group-1-63786e61-0dab-485b-b05f-a94d4fc1c201
11:46:44.197 [org.springframework.kafka.KafkaListenerEndpointContainer#0-0-C-1] INFO  o.a.k.c.consumer.internals.ConsumerCoordinator - [Consumer clientId=consumer-slow-consumer-group-1, groupId=slow-consumer-group] (Re-)joining group
11:46:44.197 [org.springframework.kafka.KafkaListenerEndpointContainer#0-0-C-1] DEBUG o.a.k.c.consumer.internals.ConsumerCoordinator - [Consumer clientId=consumer-slow-consumer-group-1, groupId=slow-consumer-group] Joining group with current subscription: [slow-events, other-events]
11:46:44.198 [org.springframework.kafka.KafkaListenerEndpointContainer#0-0-C-1] DEBUG o.a.k.c.consumer.internals.ConsumerCoordinator - [Consumer clientId=consumer-slow-consumer-group-1, groupId=slow-consumer-group] Sending JoinGroup (JoinGroupRequestData(groupId='slow-consumer-group', sessionTimeoutMs=10000, rebalanceTimeoutMs=6000, memberId='consumer-slow-consumer-group-1-63786e61-0dab-485b-b05f-a94d4fc1c201', groupInstanceId=null, protocolType='consumer', protocols=[JoinGroupRequestProtocol(name='range', metadata=[0, 3, 0, 0, 0, 2, 0, 12, 111, 116, 104, 101, 114, 45, 101, 118, 101, 110, 116, 115, 0, 11, 115, 108, 111, 119, 45, 101, 118, 101, 110, 116, 115, -1, -1, -1, -1, 0, 0, 0, 0, -1, -1, -1, -1, -1, -1]), JoinGroupRequestProtocol(name='cooperative-sticky', metadata=[0, 3, 0, 0, 0, 2, 0, 12, 111, 116, 104, 101, 114, 45, 101, 118, 101, 110, 116, 115, 0, 11, 115, 108, 111, 119, 45, 101, 118, 101, 110, 116, 115, 0, 0, 0, 4, -1, -1, -1, -1, 0, 0, 0, 0, -1, -1, -1, -1, -1, -1])], reason='need to re-join with the given member-id: consumer-slow-consumer-group-1-63786e61-0dab-485b-b05f-a94d4fc1c201')) to coordinator localhost:9092 (id: 2147483646 rack: null isFenced: false)
11:46:44.202 [org.springframework.kafka.KafkaListenerEndpointContainer#0-0-C-1] DEBUG o.a.k.c.consumer.internals.ConsumerCoordinator - [Consumer clientId=consumer-slow-consumer-group-1, groupId=slow-consumer-group] Received successful JoinGroup response: JoinGroupResponseData(throttleTimeMs=0, errorCode=0, generationId=31, protocolType='consumer', protocolName='range', leader='consumer-slow-consumer-group-1-63786e61-0dab-485b-b05f-a94d4fc1c201', skipAssignment=false, memberId='consumer-slow-consumer-group-1-63786e61-0dab-485b-b05f-a94d4fc1c201', members=[JoinGroupResponseMember(memberId='consumer-slow-consumer-group-1-63786e61-0dab-485b-b05f-a94d4fc1c201', groupInstanceId=null, metadata=[0, 3, 0, 0, 0, 2, 0, 12, 111, 116, 104, 101, 114, 45, 101, 118, 101, 110, 116, 115, 0, 11, 115, 108, 111, 119, 45, 101, 118, 101, 110, 116, 115, -1, -1, -1, -1, 0, 0, 0, 0, -1, -1, -1, -1, -1, -1])])
11:46:44.202 [org.springframework.kafka.KafkaListenerEndpointContainer#0-0-C-1] DEBUG o.a.k.c.consumer.internals.ConsumerCoordinator - [Consumer clientId=consumer-slow-consumer-group-1, groupId=slow-consumer-group] Enabling heartbeat thread
11:46:44.202 [org.springframework.kafka.KafkaListenerEndpointContainer#0-0-C-1] INFO  o.a.k.c.consumer.internals.ConsumerCoordinator - [Consumer clientId=consumer-slow-consumer-group-1, groupId=slow-consumer-group] Successfully joined group with generation Generation{generationId=31, memberId='consumer-slow-consumer-group-1-63786e61-0dab-485b-b05f-a94d4fc1c201', protocol='range'}
11:46:44.202 [org.springframework.kafka.KafkaListenerEndpointContainer#0-0-C-1] DEBUG o.a.k.c.consumer.internals.ConsumerCoordinator - [Consumer clientId=consumer-slow-consumer-group-1, groupId=slow-consumer-group] Performing assignment using strategy range with subscriptions {consumer-slow-consumer-group-1-63786e61-0dab-485b-b05f-a94d4fc1c201=Subscription(topics=[other-events, slow-events], ownedPartitions=[], groupInstanceId=null, generationId=-1, rackId=null)}
11:46:44.203 [org.springframework.kafka.KafkaListenerEndpointContainer#0-0-C-1] INFO  o.a.k.c.consumer.internals.ConsumerCoordinator - [Consumer clientId=consumer-slow-consumer-group-1, groupId=slow-consumer-group] Finished assignment for group at generation 31: {consumer-slow-consumer-group-1-63786e61-0dab-485b-b05f-a94d4fc1c201=Assignment(partitions=[other-events-0, other-events-1, other-events-2, slow-events-0, slow-events-1, slow-events-2])}
11:46:44.203 [org.springframework.kafka.KafkaListenerEndpointContainer#0-0-C-1] DEBUG o.a.k.c.consumer.internals.ConsumerCoordinator - [Consumer clientId=consumer-slow-consumer-group-1, groupId=slow-consumer-group] Sending leader SyncGroup to coordinator localhost:9092 (id: 2147483646 rack: null isFenced: false): SyncGroupRequestData(groupId='slow-consumer-group', generationId=31, memberId='consumer-slow-consumer-group-1-63786e61-0dab-485b-b05f-a94d4fc1c201', groupInstanceId=null, protocolType='consumer', protocolName='range', assignments=[SyncGroupRequestAssignment(memberId='consumer-slow-consumer-group-1-63786e61-0dab-485b-b05f-a94d4fc1c201', assignment=[0, 3, 0, 0, 0, 2, 0, 12, 111, 116, 104, 101, 114, 45, 101, 118, 101, 110, 116, 115, 0, 0, 0, 3, 0, 0, 0, 0, 0, 0, 0, 1, 0, 0, 0, 2, 0, 11, 115, 108, 111, 119, 45, 101, 118, 101, 110, 116, 115, 0, 0, 0, 3, 0, 0, 0, 0, 0, 0, 0, 1, 0, 0, 0, 2, -1, -1, -1, -1])])
11:46:44.207 [org.springframework.kafka.KafkaListenerEndpointContainer#0-0-C-1] DEBUG o.a.k.c.consumer.internals.ConsumerCoordinator - [Consumer clientId=consumer-slow-consumer-group-1, groupId=slow-consumer-group] Received successful SyncGroup response: SyncGroupResponseData(throttleTimeMs=0, errorCode=0, protocolType='consumer', protocolName='range', assignment=[0, 3, 0, 0, 0, 2, 0, 12, 111, 116, 104, 101, 114, 45, 101, 118, 101, 110, 116, 115, 0, 0, 0, 3, 0, 0, 0, 0, 0, 0, 0, 1, 0, 0, 0, 2, 0, 11, 115, 108, 111, 119, 45, 101, 118, 101, 110, 116, 115, 0, 0, 0, 3, 0, 0, 0, 0, 0, 0, 0, 1, 0, 0, 0, 2, -1, -1, -1, -1])
11:46:44.207 [org.springframework.kafka.KafkaListenerEndpointContainer#0-0-C-1] INFO  o.a.k.c.consumer.internals.ConsumerCoordinator - [Consumer clientId=consumer-slow-consumer-group-1, groupId=slow-consumer-group] Successfully synced group in generation Generation{generationId=31, memberId='consumer-slow-consumer-group-1-63786e61-0dab-485b-b05f-a94d4fc1c201', protocol='range'}
11:46:44.207 [org.springframework.kafka.KafkaListenerEndpointContainer#0-0-C-1] DEBUG o.a.k.c.consumer.internals.ConsumerCoordinator - [Consumer clientId=consumer-slow-consumer-group-1, groupId=slow-consumer-group] Executing onJoinComplete with generation 31 and memberId consumer-slow-consumer-group-1-63786e61-0dab-485b-b05f-a94d4fc1c201
11:46:44.207 [org.springframework.kafka.KafkaListenerEndpointContainer#0-0-C-1] INFO  o.a.k.c.consumer.internals.ConsumerCoordinator - [Consumer clientId=consumer-slow-consumer-group-1, groupId=slow-consumer-group] Notifying assignor about the new Assignment(partitions=[other-events-0, other-events-1, other-events-2, slow-events-0, slow-events-1, slow-events-2])
11:46:44.207 [org.springframework.kafka.KafkaListenerEndpointContainer#0-0-C-1] INFO  o.a.k.c.c.i.ConsumerRebalanceListenerInvoker - [Consumer clientId=consumer-slow-consumer-group-1, groupId=slow-consumer-group] Adding newly assigned partitions: [other-events-0, other-events-1, other-events-2, slow-events-0, slow-events-1, slow-events-2]
11:46:44.208 [org.springframework.kafka.KafkaListenerEndpointContainer#0-0-C-1] DEBUG o.a.k.c.consumer.internals.ConsumerCoordinator - [Consumer clientId=consumer-slow-consumer-group-1, groupId=slow-consumer-group] Fetching committed offsets for partitions: [other-events-0, slow-events-2, other-events-1, slow-events-1, other-events-2, slow-events-0]
11:46:44.210 [org.springframework.kafka.KafkaListenerEndpointContainer#0-0-C-1] INFO  o.a.k.c.consumer.internals.ConsumerCoordinator - [Consumer clientId=consumer-slow-consumer-group-1, groupId=slow-consumer-group] Found no committed offset for partition slow-events-2
11:46:44.210 [org.springframework.kafka.KafkaListenerEndpointContainer#0-0-C-1] INFO  o.a.k.c.consumer.internals.ConsumerCoordinator - [Consumer clientId=consumer-slow-consumer-group-1, groupId=slow-consumer-group] Found no committed offset for partition slow-events-1
11:46:44.210 [org.springframework.kafka.KafkaListenerEndpointContainer#0-0-C-1] INFO  o.a.k.c.consumer.internals.ConsumerCoordinator - [Consumer clientId=consumer-slow-consumer-group-1, groupId=slow-consumer-group] Found no committed offset for partition slow-events-0
11:46:44.210 [org.springframework.kafka.KafkaListenerEndpointContainer#0-0-C-1] INFO  o.a.k.c.consumer.internals.ConsumerCoordinator - [Consumer clientId=consumer-slow-consumer-group-1, groupId=slow-consumer-group] Found no committed offset for partition other-events-0
11:46:44.210 [org.springframework.kafka.KafkaListenerEndpointContainer#0-0-C-1] INFO  o.a.k.c.consumer.internals.ConsumerCoordinator - [Consumer clientId=consumer-slow-consumer-group-1, groupId=slow-consumer-group] Found no committed offset for partition other-events-1
11:46:44.210 [org.springframework.kafka.KafkaListenerEndpointContainer#0-0-C-1] INFO  o.a.kafka.clients.consumer.internals.ConsumerUtils - Setting offset for partition other-events-2 to the committed offset FetchPosition{offset=60, offsetEpoch=Optional.empty, currentLeader=LeaderAndEpoch{leader=Optional[localhost:9092 (id: 1 rack: null isFenced: false)], epoch=0}}
11:46:44.213 [org.springframework.kafka.KafkaListenerEndpointContainer#0-0-C-1] INFO  o.a.k.clients.consumer.internals.SubscriptionState - [Consumer clientId=consumer-slow-consumer-group-1, groupId=slow-consumer-group] Resetting offset for partition other-events-0 to position FetchPosition{offset=0, offsetEpoch=Optional.empty, currentLeader=LeaderAndEpoch{leader=Optional[localhost:9092 (id: 1 rack: null isFenced: false)], epoch=0}}.
11:46:44.213 [org.springframework.kafka.KafkaListenerEndpointContainer#0-0-C-1] INFO  o.a.k.clients.consumer.internals.SubscriptionState - [Consumer clientId=consumer-slow-consumer-group-1, groupId=slow-consumer-group] Resetting offset for partition slow-events-2 to position FetchPosition{offset=0, offsetEpoch=Optional.empty, currentLeader=LeaderAndEpoch{leader=Optional[localhost:9092 (id: 1 rack: null isFenced: false)], epoch=0}}.
11:46:44.213 [org.springframework.kafka.KafkaListenerEndpointContainer#0-0-C-1] INFO  o.a.k.clients.consumer.internals.SubscriptionState - [Consumer clientId=consumer-slow-consumer-group-1, groupId=slow-consumer-group] Resetting offset for partition other-events-1 to position FetchPosition{offset=0, offsetEpoch=Optional.empty, currentLeader=LeaderAndEpoch{leader=Optional[localhost:9092 (id: 1 rack: null isFenced: false)], epoch=0}}.
11:46:44.213 [org.springframework.kafka.KafkaListenerEndpointContainer#0-0-C-1] INFO  o.a.k.clients.consumer.internals.SubscriptionState - [Consumer clientId=consumer-slow-consumer-group-1, groupId=slow-consumer-group] Resetting offset for partition slow-events-1 to position FetchPosition{offset=0, offsetEpoch=Optional.empty, currentLeader=LeaderAndEpoch{leader=Optional[localhost:9092 (id: 1 rack: null isFenced: false)], epoch=0}}.
11:46:44.213 [org.springframework.kafka.KafkaListenerEndpointContainer#0-0-C-1] INFO  o.a.k.clients.consumer.internals.SubscriptionState - [Consumer clientId=consumer-slow-consumer-group-1, groupId=slow-consumer-group] Resetting offset for partition slow-events-0 to position FetchPosition{offset=0, offsetEpoch=Optional.empty, currentLeader=LeaderAndEpoch{leader=Optional[localhost:9092 (id: 1 rack: null isFenced: false)], epoch=0}}.
11:46:44.213 [org.springframework.kafka.KafkaListenerEndpointContainer#0-0-C-1] INFO  o.s.kafka.listener.KafkaMessageListenerContainer - slow-consumer-group: partitions assigned: [other-events-0, other-events-1, other-events-2, slow-events-0, slow-events-1, slow-events-2]
11:46:44.218 [org.springframework.kafka.KafkaListenerEndpointContainer#0-0-C-1] DEBUG o.s.kafka.listener.KafkaMessageListenerContainer - Received: 1 records
11:46:44.218 [org.springframework.kafka.KafkaListenerEndpointContainer#0-0-C-1] DEBUG o.s.k.l.a.RecordMessagingMessageListenerAdapter - Processing [GenericMessage [payload=DemoEvent(id=9626ebdb-933a-4ed5-a697-a129cf64a008, payload=demo-event-0, slow=true, retryTrigger=false, flaky=false, createdAt=2026-08-27T03:44:08.031207Z), headers={kafka_offset=0, kafka_consumer=org.springframework.kafka.core.DefaultKafkaConsumerFactory$ExtendedKafkaConsumer@75fd7ccc, kafka_timestampType=CREATE_TIME, kafka_receivedPartitionId=2, kafka_receivedMessageKey=0, kafka_receivedTopic=slow-events, kafka_receivedTimestamp=1787802248033, kafka_acknowledgment=Acknowledgment for slow-events-2@0, kafka_groupId=slow-consumer-group}]]
11:46:44.218 [org.springframework.kafka.KafkaListenerEndpointContainer#0-0-C-1] INFO  c.e.k.listener.MultiTopicRebalanceListener - 收到消息 id=9626ebdb-933a-4ed5-a697-a129cf64a008 topic=slow-events partition=2 slow=true
11:46:44.218 [org.springframework.kafka.KafkaListenerEndpointContainer#0-0-C-1] WARN  c.e.k.listener.MultiTopicRebalanceListener - 模拟慢处理开始：id=9626ebdb-933a-4ed5-a697-a129cf64a008 topic=slow-events 将阻塞 10000ms（超过 max.poll.interval.ms，预期触发 rebalance）
11:46:47.304 [kafka-coordinator-heartbeat-thread | slow-consumer-group] DEBUG o.a.k.c.consumer.internals.ConsumerCoordinator - [Consumer clientId=consumer-slow-consumer-group-1, groupId=slow-consumer-group] Sending Heartbeat request with generation 31 and member id consumer-slow-consumer-group-1-63786e61-0dab-485b-b05f-a94d4fc1c201 to coordinator localhost:9092 (id: 2147483646 rack: null isFenced: false)
11:46:47.415 [kafka-coordinator-heartbeat-thread | slow-consumer-group] DEBUG o.a.k.c.consumer.internals.ConsumerCoordinator - [Consumer clientId=consumer-slow-consumer-group-1, groupId=slow-consumer-group] Received successful Heartbeat response
11:46:50.315 [kafka-coordinator-heartbeat-thread | slow-consumer-group] WARN  o.a.k.c.consumer.internals.ConsumerCoordinator - [Consumer clientId=consumer-slow-consumer-group-1, groupId=slow-consumer-group] consumer poll timeout has expired. This means the time between subsequent calls to poll() was longer than the configured max.poll.interval.ms, which typically implies that the poll loop is spending too much time processing messages. You can address this either by increasing max.poll.interval.ms or by reducing the maximum size of batches returned in poll() with max.poll.records.
11:46:50.315 [kafka-coordinator-heartbeat-thread | slow-consumer-group] INFO  o.a.k.c.consumer.internals.ConsumerCoordinator - [Consumer clientId=consumer-slow-consumer-group-1, groupId=slow-consumer-group] Member consumer-slow-consumer-group-1-63786e61-0dab-485b-b05f-a94d4fc1c201 sending LeaveGroup request to coordinator localhost:9092 (id: 2147483646 rack: null isFenced: false) due to consumer poll timeout has expired.
11:46:50.315 [kafka-coordinator-heartbeat-thread | slow-consumer-group] INFO  o.a.k.c.consumer.internals.ConsumerCoordinator - [Consumer clientId=consumer-slow-consumer-group-1, groupId=slow-consumer-group] Resetting generation and member id due to: consumer pro-actively leaving the group
11:46:50.315 [kafka-coordinator-heartbeat-thread | slow-consumer-group] INFO  o.a.k.c.consumer.internals.ConsumerCoordinator - [Consumer clientId=consumer-slow-consumer-group-1, groupId=slow-consumer-group] Request joining group due to: consumer pro-actively leaving the group
