> Task :checkKotlinGradlePluginConfigurationErrors SKIPPED
> Task :processResources

> Task :compileKotlin
e: java.nio.file.FileSystemException: /Users/yudong/Library/Application Support/kotlin/daemon/kotlin-daemon-client-tsmarker17085518343377354156.tmp: Operation not permitted
java.lang.RuntimeException: java.nio.file.FileSystemException: /Users/yudong/Library/Application Support/kotlin/daemon/kotlin-daemon-client-tsmarker17085518343377354156.tmp: Operation not permitted
	at org.jetbrains.kotlin.buildtools.internal.KotlinLoggerMessageCollectorAdapter.report(KotlinLoggerMessageCollectorAdapter.kt:33)
	at org.jetbrains.kotlin.cli.common.messages.MessageCollector.report$default(MessageCollector.kt:12)
	at org.jetbrains.kotlin.compilerRunner.KotlinCompilerRunnerUtils.newDaemonConnection(KotlinCompilerRunnerUtils.kt:93)
	at org.jetbrains.kotlin.buildtools.internal.BaseCompilationOperationImpl.compileWithDaemon(BaseCompilationOperationImpl.kt:185)
	at org.jetbrains.kotlin.buildtools.internal.BaseCompilationOperationImpl.executeCancellableImpl(BaseCompilationOperationImpl.kt:91)
	at org.jetbrains.kotlin.buildtools.internal.BaseCompilationOperationImpl.executeCancellableImpl(BaseCompilationOperationImpl.kt:55)
	at org.jetbrains.kotlin.buildtools.internal.CancellableBuildOperationImpl.executeImpl(CancellableBuildOperationImpl.kt:58)
	at org.jetbrains.kotlin.buildtools.internal.BuildOperationImpl.execute(BuildOperationImpl.kt:33)
	at org.jetbrains.kotlin.buildtools.internal.KotlinToolchainsImpl$BuildSessionImpl.executeOperation$lambda$1(KotlinToolchainsImpl.kt:74)
	at org.jetbrains.kotlin.buildtools.internal.KotlinToolchainsImpl$BuildSessionImpl.executeOperation(KotlinToolchainsImpl.kt:78)
	at org.jetbrains.kotlin.compilerRunner.btapi.BuildToolsApiCompilationWork.performCompilation(BuildToolsApiCompilationWork.kt:184)
	at org.jetbrains.kotlin.compilerRunner.btapi.BuildToolsApiCompilationWork.compileInDaemon(BuildToolsApiCompilationWork.kt:261)
	at org.jetbrains.kotlin.compilerRunner.btapi.BuildToolsApiCompilationWork.execute(BuildToolsApiCompilationWork.kt:309)
	at org.gradle.workers.internal.DefaultWorkerServer.execute(DefaultWorkerServer.java:68)
	at org.gradle.workers.internal.NoIsolationWorkerFactory$1$1.create(NoIsolationWorkerFactory.java:64)
	at org.gradle.workers.internal.NoIsolationWorkerFactory$1$1.create(NoIsolationWorkerFactory.java:61)
	at org.gradle.internal.classloader.ClassLoaderUtils.executeInClassloader(ClassLoaderUtils.java:103)
	at org.gradle.workers.internal.NoIsolationWorkerFactory$1.lambda$execute$0(NoIsolationWorkerFactory.java:61)
	at org.gradle.workers.internal.AbstractWorker$1.call(AbstractWorker.java:44)
	at org.gradle.workers.internal.AbstractWorker$1.call(AbstractWorker.java:41)
	at org.gradle.internal.operations.DefaultBuildOperationRunner$CallableBuildOperationWorker.execute(DefaultBuildOperationRunner.java:210)
	at org.gradle.internal.operations.DefaultBuildOperationRunner$CallableBuildOperationWorker.execute(DefaultBuildOperationRunner.java:205)
	at org.gradle.internal.operations.DefaultBuildOperationRunner$2.execute(DefaultBuildOperationRunner.java:67)
	at org.gradle.internal.operations.DefaultBuildOperationRunner$2.execute(DefaultBuildOperationRunner.java:60)
	at org.gradle.internal.operations.DefaultBuildOperationRunner.execute(DefaultBuildOperationRunner.java:167)
	at org.gradle.internal.operations.DefaultBuildOperationRunner.execute(DefaultBuildOperationRunner.java:60)
	at org.gradle.internal.operations.DefaultBuildOperationRunner.call(DefaultBuildOperationRunner.java:54)
	at org.gradle.workers.internal.AbstractWorker.executeWrappedInBuildOperation(AbstractWorker.java:41)
	at org.gradle.workers.internal.NoIsolationWorkerFactory$1.execute(NoIsolationWorkerFactory.java:58)
	at org.gradle.workers.internal.DefaultWorkerExecutor.lambda$submitWork$1(DefaultWorkerExecutor.java:169)
	at java.base/java.util.concurrent.FutureTask.run(FutureTask.java:328)
	at org.gradle.internal.work.DefaultConditionalExecutionQueue$ExecutionRunner.runExecution(DefaultConditionalExecutionQueue.java:191)
	at org.gradle.internal.work.DefaultConditionalExecutionQueue$ExecutionRunner.access$600(DefaultConditionalExecutionQueue.java:112)
	at org.gradle.internal.work.DefaultConditionalExecutionQueue$ExecutionRunner$1.run(DefaultConditionalExecutionQueue.java:168)
	at org.gradle.internal.Factories$1.create(Factories.java:30)
	at org.gradle.internal.work.DefaultWorkerLeaseService.lambda$runAndReleaseLocks$0(DefaultWorkerLeaseService.java:302)
	at org.gradle.internal.work.ResourceLockStatistics$1.measure(ResourceLockStatistics.java:43)
	at org.gradle.internal.work.DefaultWorkerLeaseService.runAndReleaseLocks(DefaultWorkerLeaseService.java:300)
	at org.gradle.internal.work.DefaultWorkerLeaseService.withLocksAcquired(DefaultWorkerLeaseService.java:296)
	at org.gradle.internal.work.DefaultWorkerLeaseService.withLocks(DefaultWorkerLeaseService.java:288)
	at org.gradle.internal.work.DefaultWorkerLeaseService.runAsWorkerThread(DefaultWorkerLeaseService.java:131)
	at org.gradle.internal.work.DefaultWorkerLeaseService.runAsWorkerThread(DefaultWorkerLeaseService.java:137)
	at org.gradle.internal.work.DefaultConditionalExecutionQueue$ExecutionRunner.runBatch(DefaultConditionalExecutionQueue.java:163)
	at org.gradle.internal.work.DefaultConditionalExecutionQueue$ExecutionRunner.run(DefaultConditionalExecutionQueue.java:125)
	at java.base/java.util.concurrent.Executors$RunnableAdapter.call(Executors.java:545)
	at java.base/java.util.concurrent.FutureTask.run(FutureTask.java:328)
	at org.gradle.internal.concurrent.ExecutorPolicy$CatchAndRecordFailures.onExecute(ExecutorPolicy.java:65)
	at org.gradle.internal.concurrent.AbstractManagedExecutor$1.run(AbstractManagedExecutor.java:47)
	at java.base/java.util.concurrent.ThreadPoolExecutor.runWorker(ThreadPoolExecutor.java:1090)
	at java.base/java.util.concurrent.ThreadPoolExecutor$Worker.run(ThreadPoolExecutor.java:614)
	at java.base/java.lang.Thread.run(Thread.java:1474)
w: Failed to compile with Kotlin daemon
Using fallback strategy: Compile without Kotlin daemon
Try ./gradlew --stop if this issue persists
If it does not look related to your configuration, please file an issue with logs to https://kotl.in/issue

> Task :compileJava NO-SOURCE
> Task :classes
> Task :resolveMainClassName

> Task :bootRun

  .   ____          _            __ _ _
 /\\ / ___'_ __ _ _(_)_ __  __ _ \ \ \ \
( ( )\___ | '_ | '_| | '_ \/ _` | \ \ \ \
 \\/  ___)| |_)| | | | | || (_| |  ) ) ) )
  '  |____| .__|_| |_|_| |_\__, | / / / /
 =========|_|==============|___/=/_/_/_/

 :: Spring Boot ::                (v4.0.4)

16:35:34.561 [main] INFO  c.e.kafkarebalance.KafkaRebalanceDemoApplicationKt - Starting KafkaRebalanceDemoApplicationKt using Java 25.0.2 with PID 25288 (/Users/yudong/Workspace/learn/springboot-kafka-test/build/classes/kotlin/main started by yudong in /Users/yudong/Workspace/learn/springboot-kafka-test)
16:35:34.562 [main] DEBUG c.e.kafkarebalance.KafkaRebalanceDemoApplicationKt - Running with Spring Boot v4.0.4, Spring v7.0.6
16:35:34.562 [main] INFO  c.e.kafkarebalance.KafkaRebalanceDemoApplicationKt - The following 1 profile is active: "scenario3"
16:35:34.973 [main] INFO  org.apache.kafka.common.config.AbstractConfig - AdminClientConfig values: 
	bootstrap.controllers = []
	bootstrap.servers = [localhost:9092]
	client.dns.lookup = use_all_dns_ips
	client.id = kafka-rebalance-demo-admin-0
	connections.max.idle.ms = 300000
	default.api.timeout.ms = 60000
	enable.metrics.push = false
	metadata.max.age.ms = 300000
	metadata.recovery.rebootstrap.trigger.ms = 300000
	metadata.recovery.strategy = rebootstrap
	metric.reporters = [org.apache.kafka.common.metrics.JmxReporter]
	metrics.num.samples = 2
	metrics.recording.level = INFO
	metrics.sample.window.ms = 30000
	receive.buffer.bytes = 65536
	reconnect.backoff.max.ms = 1000
	reconnect.backoff.ms = 50
	request.timeout.ms = 30000
	retries = 2147483647
	retry.backoff.max.ms = 1000
	retry.backoff.ms = 100
	sasl.client.callback.handler.class = null
	sasl.jaas.config = null
	sasl.kerberos.kinit.cmd = /usr/bin/kinit
	sasl.kerberos.min.time.before.relogin = 60000
	sasl.kerberos.service.name = null
	sasl.kerberos.ticket.renew.jitter = 0.05
	sasl.kerberos.ticket.renew.window.factor = 0.8
	sasl.login.callback.handler.class = null
	sasl.login.class = null
	sasl.login.connect.timeout.ms = null
	sasl.login.read.timeout.ms = null
	sasl.login.refresh.buffer.seconds = 300
	sasl.login.refresh.min.period.seconds = 60
	sasl.login.refresh.window.factor = 0.8
	sasl.login.refresh.window.jitter = 0.05
	sasl.login.retry.backoff.max.ms = 10000
	sasl.login.retry.backoff.ms = 100
	sasl.mechanism = GSSAPI
	sasl.oauthbearer.assertion.algorithm = RS256
	sasl.oauthbearer.assertion.claim.aud = null
	sasl.oauthbearer.assertion.claim.exp.seconds = 300
	sasl.oauthbearer.assertion.claim.iss = null
	sasl.oauthbearer.assertion.claim.jti.include = false
	sasl.oauthbearer.assertion.claim.nbf.seconds = 60
	sasl.oauthbearer.assertion.claim.sub = null
	sasl.oauthbearer.assertion.file = null
	sasl.oauthbearer.assertion.private.key.file = null
	sasl.oauthbearer.assertion.private.key.passphrase = null
	sasl.oauthbearer.assertion.template.file = null
	sasl.oauthbearer.client.credentials.client.id = null
	sasl.oauthbearer.client.credentials.client.secret = null
	sasl.oauthbearer.clock.skew.seconds = 30
	sasl.oauthbearer.expected.audience = null
	sasl.oauthbearer.expected.issuer = null
	sasl.oauthbearer.header.urlencode = false
	sasl.oauthbearer.jwks.endpoint.refresh.ms = 3600000
	sasl.oauthbearer.jwks.endpoint.retry.backoff.max.ms = 10000
	sasl.oauthbearer.jwks.endpoint.retry.backoff.ms = 100
	sasl.oauthbearer.jwks.endpoint.url = null
	sasl.oauthbearer.jwt.retriever.class = class org.apache.kafka.common.security.oauthbearer.DefaultJwtRetriever
	sasl.oauthbearer.jwt.validator.class = class org.apache.kafka.common.security.oauthbearer.DefaultJwtValidator
	sasl.oauthbearer.scope = null
	sasl.oauthbearer.scope.claim.name = scope
	sasl.oauthbearer.sub.claim.name = sub
	sasl.oauthbearer.token.endpoint.url = null
	security.protocol = PLAINTEXT
	security.providers = null
	send.buffer.bytes = 131072
	socket.connection.setup.timeout.max.ms = 30000
	socket.connection.setup.timeout.ms = 10000
	ssl.cipher.suites = null
	ssl.enabled.protocols = [TLSv1.2, TLSv1.3]
	ssl.endpoint.identification.algorithm = https
	ssl.engine.factory.class = null
	ssl.key.password = null
	ssl.keymanager.algorithm = SunX509
	ssl.keystore.certificate.chain = null
	ssl.keystore.key = null
	ssl.keystore.location = null
	ssl.keystore.password = null
	ssl.keystore.type = JKS
	ssl.protocol = TLSv1.3
	ssl.provider = null
	ssl.secure.random.implementation = null
	ssl.trustmanager.algorithm = PKIX
	ssl.truststore.certificates = null
	ssl.truststore.location = null
	ssl.truststore.password = null
	ssl.truststore.type = JKS

16:35:35.023 [main] INFO  org.apache.kafka.common.utils.AppInfoParser - Kafka version: 4.1.2
16:35:35.023 [main] INFO  org.apache.kafka.common.utils.AppInfoParser - Kafka commitId: c82fd9b934b4c1e6
16:35:35.023 [main] INFO  org.apache.kafka.common.utils.AppInfoParser - Kafka startTimeMs: 1787646935023
16:35:35.175 [main] INFO  org.apache.kafka.common.metrics.Metrics - Metrics scheduler closed
16:35:35.175 [main] INFO  org.apache.kafka.common.metrics.Metrics - Closing reporter org.apache.kafka.common.metrics.JmxReporter
16:35:35.175 [main] INFO  org.apache.kafka.common.metrics.Metrics - Metrics reporters closed
16:35:35.175 [kafka-admin-client-thread | kafka-rebalance-demo-admin-0] INFO  org.apache.kafka.common.utils.AppInfoParser - App info kafka.admin.client for kafka-rebalance-demo-admin-0 unregistered
16:35:35.177 [kafka-admin-client-thread | kafka-rebalance-demo-admin-0] INFO  org.apache.kafka.common.metrics.Metrics - Metrics scheduler closed
16:35:35.177 [kafka-admin-client-thread | kafka-rebalance-demo-admin-0] INFO  org.apache.kafka.common.metrics.Metrics - Closing reporter org.apache.kafka.common.metrics.JmxReporter
16:35:35.177 [kafka-admin-client-thread | kafka-rebalance-demo-admin-0] INFO  org.apache.kafka.common.metrics.Metrics - Metrics reporters closed
16:35:35.188 [main] INFO  org.apache.kafka.common.config.AbstractConfig - ConsumerConfig values: 
	allow.auto.create.topics = true
	auto.commit.interval.ms = 5000
	auto.offset.reset = earliest
	bootstrap.servers = [localhost:9092]
	check.crcs = true
	client.dns.lookup = use_all_dns_ips
	client.id = consumer-slow-consumer-group-1
	client.rack = 
	connections.max.idle.ms = 540000
	default.api.timeout.ms = 60000
	enable.auto.commit = false
	enable.metrics.push = true
	exclude.internal.topics = true
	fetch.max.bytes = 52428800
	fetch.max.wait.ms = 500
	fetch.min.bytes = 1
	group.id = slow-consumer-group
	group.instance.id = null
	group.protocol = classic
	group.remote.assignor = null
	heartbeat.interval.ms = 3000
	interceptor.classes = []
	internal.leave.group.on.close = true
	internal.throw.on.fetch.stable.offset.unsupported = false
	isolation.level = read_uncommitted
	key.deserializer = class org.apache.kafka.common.serialization.StringDeserializer
	max.partition.fetch.bytes = 1048576
	max.poll.interval.ms = 8000
	max.poll.records = 10
	metadata.max.age.ms = 300000
	metadata.recovery.rebootstrap.trigger.ms = 300000
	metadata.recovery.strategy = rebootstrap
	metric.reporters = [org.apache.kafka.common.metrics.JmxReporter]
	metrics.num.samples = 2
	metrics.recording.level = INFO
	metrics.sample.window.ms = 30000
	partition.assignment.strategy = [class org.apache.kafka.clients.consumer.RangeAssignor, class org.apache.kafka.clients.consumer.CooperativeStickyAssignor]
	receive.buffer.bytes = 65536
	reconnect.backoff.max.ms = 1000
	reconnect.backoff.ms = 50
	request.timeout.ms = 30000
	retry.backoff.max.ms = 1000
	retry.backoff.ms = 100
	sasl.client.callback.handler.class = null
	sasl.jaas.config = null
	sasl.kerberos.kinit.cmd = /usr/bin/kinit
	sasl.kerberos.min.time.before.relogin = 60000
	sasl.kerberos.service.name = null
	sasl.kerberos.ticket.renew.jitter = 0.05
	sasl.kerberos.ticket.renew.window.factor = 0.8
	sasl.login.callback.handler.class = null
	sasl.login.class = null
	sasl.login.connect.timeout.ms = null
	sasl.login.read.timeout.ms = null
	sasl.login.refresh.buffer.seconds = 300
	sasl.login.refresh.min.period.seconds = 60
	sasl.login.refresh.window.factor = 0.8
	sasl.login.refresh.window.jitter = 0.05
	sasl.login.retry.backoff.max.ms = 10000
	sasl.login.retry.backoff.ms = 100
	sasl.mechanism = GSSAPI
	sasl.oauthbearer.assertion.algorithm = RS256
	sasl.oauthbearer.assertion.claim.aud = null
	sasl.oauthbearer.assertion.claim.exp.seconds = 300
	sasl.oauthbearer.assertion.claim.iss = null
	sasl.oauthbearer.assertion.claim.jti.include = false
	sasl.oauthbearer.assertion.claim.nbf.seconds = 60
	sasl.oauthbearer.assertion.claim.sub = null
	sasl.oauthbearer.assertion.file = null
	sasl.oauthbearer.assertion.private.key.file = null
	sasl.oauthbearer.assertion.private.key.passphrase = null
	sasl.oauthbearer.assertion.template.file = null
	sasl.oauthbearer.client.credentials.client.id = null
	sasl.oauthbearer.client.credentials.client.secret = null
	sasl.oauthbearer.clock.skew.seconds = 30
	sasl.oauthbearer.expected.audience = null
	sasl.oauthbearer.expected.issuer = null
	sasl.oauthbearer.header.urlencode = false
	sasl.oauthbearer.jwks.endpoint.refresh.ms = 3600000
	sasl.oauthbearer.jwks.endpoint.retry.backoff.max.ms = 10000
	sasl.oauthbearer.jwks.endpoint.retry.backoff.ms = 100
	sasl.oauthbearer.jwks.endpoint.url = null
	sasl.oauthbearer.jwt.retriever.class = class org.apache.kafka.common.security.oauthbearer.DefaultJwtRetriever
	sasl.oauthbearer.jwt.validator.class = class org.apache.kafka.common.security.oauthbearer.DefaultJwtValidator
	sasl.oauthbearer.scope = null
	sasl.oauthbearer.scope.claim.name = scope
	sasl.oauthbearer.sub.claim.name = sub
	sasl.oauthbearer.token.endpoint.url = null
	security.protocol = PLAINTEXT
	security.providers = null
	send.buffer.bytes = 131072
	session.timeout.ms = 12000
	share.acknowledgement.mode = implicit
	socket.connection.setup.timeout.max.ms = 30000
	socket.connection.setup.timeout.ms = 10000
	ssl.cipher.suites = null
	ssl.enabled.protocols = [TLSv1.2, TLSv1.3]
	ssl.endpoint.identification.algorithm = https
	ssl.engine.factory.class = null
	ssl.key.password = null
	ssl.keymanager.algorithm = SunX509
	ssl.keystore.certificate.chain = null
	ssl.keystore.key = null
	ssl.keystore.location = null
	ssl.keystore.password = null
	ssl.keystore.type = JKS
	ssl.protocol = TLSv1.3
	ssl.provider = null
	ssl.secure.random.implementation = null
	ssl.trustmanager.algorithm = PKIX
	ssl.truststore.certificates = null
	ssl.truststore.location = null
	ssl.truststore.password = null
	ssl.truststore.type = JKS
	value.deserializer = class org.springframework.kafka.support.serializer.JsonDeserializer

16:35:35.199 [main] INFO  o.a.k.c.telemetry.internals.KafkaMetricsCollector - initializing Kafka metrics collector
16:35:35.237 [main] INFO  org.apache.kafka.common.utils.AppInfoParser - Kafka version: 4.1.2
16:35:35.237 [main] INFO  org.apache.kafka.common.utils.AppInfoParser - Kafka commitId: c82fd9b934b4c1e6
16:35:35.237 [main] INFO  org.apache.kafka.common.utils.AppInfoParser - Kafka startTimeMs: 1787646935237
16:35:35.237 [main] INFO  o.a.k.c.consumer.internals.ClassicKafkaConsumer - [Consumer clientId=consumer-slow-consumer-group-1, groupId=slow-consumer-group] Subscribed to topic(s): slow-events
16:35:35.241 [org.springframework.kafka.KafkaListenerEndpointContainer#0-0-C-1] DEBUG o.a.k.c.consumer.internals.ConsumerCoordinator - [Consumer clientId=consumer-slow-consumer-group-1, groupId=slow-consumer-group] Sending FindCoordinator request to broker localhost:9092 (id: -1 rack: null isFenced: false)
16:35:35.241 [main] INFO  c.e.kafkarebalance.KafkaRebalanceDemoApplicationKt - Started KafkaRebalanceDemoApplicationKt in 0.836 seconds (process running for 0.953)
16:35:35.246 [org.springframework.kafka.KafkaListenerEndpointContainer#0-0-C-1] INFO  org.apache.kafka.clients.Metadata - [Consumer clientId=consumer-slow-consumer-group-1, groupId=slow-consumer-group] Cluster ID: MkU3OEVBNTcwNTJENDM2Qk
16:35:35.248 [org.springframework.kafka.KafkaListenerEndpointContainer#0-0-C-1] DEBUG o.a.k.c.consumer.internals.ConsumerCoordinator - [Consumer clientId=consumer-slow-consumer-group-1, groupId=slow-consumer-group] Received FindCoordinator response ClientResponse(receivedTimeMs=1787646935246, latencyMs=5, disconnected=false, timedOut=false, requestHeader=RequestHeader(apiKey=FIND_COORDINATOR, apiVersion=6, clientId=consumer-slow-consumer-group-1, correlationId=0, headerVersion=2), responseBody=FindCoordinatorResponseData(throttleTimeMs=0, errorCode=0, errorMessage='', nodeId=0, host='', port=0, coordinators=[Coordinator(key='slow-consumer-group', nodeId=1, host='localhost', port=9092, errorCode=0, errorMessage='')]))
16:35:35.248 [org.springframework.kafka.KafkaListenerEndpointContainer#0-0-C-1] INFO  o.a.k.c.consumer.internals.ConsumerCoordinator - [Consumer clientId=consumer-slow-consumer-group-1, groupId=slow-consumer-group] Discovered group coordinator localhost:9092 (id: 2147483646 rack: null isFenced: false)
16:35:35.248 [org.springframework.kafka.KafkaListenerEndpointContainer#0-0-C-1] DEBUG o.a.k.c.consumer.internals.ConsumerCoordinator - [Consumer clientId=consumer-slow-consumer-group-1, groupId=slow-consumer-group] Executing onJoinPrepare with generation -1 and memberId 
16:35:35.248 [kafka-coordinator-heartbeat-thread | slow-consumer-group] DEBUG o.a.k.c.consumer.internals.ConsumerCoordinator - [Consumer clientId=consumer-slow-consumer-group-1, groupId=slow-consumer-group] Heartbeat thread started
16:35:35.248 [org.springframework.kafka.KafkaListenerEndpointContainer#0-0-C-1] INFO  o.a.k.c.consumer.internals.ConsumerCoordinator - [Consumer clientId=consumer-slow-consumer-group-1, groupId=slow-consumer-group] (Re-)joining group
16:35:35.249 [org.springframework.kafka.KafkaListenerEndpointContainer#0-0-C-1] DEBUG o.a.k.c.consumer.internals.ConsumerCoordinator - [Consumer clientId=consumer-slow-consumer-group-1, groupId=slow-consumer-group] Joining group with current subscription: [slow-events]
16:35:35.250 [org.springframework.kafka.KafkaListenerEndpointContainer#0-0-C-1] DEBUG o.a.k.c.consumer.internals.ConsumerCoordinator - [Consumer clientId=consumer-slow-consumer-group-1, groupId=slow-consumer-group] Sending JoinGroup (JoinGroupRequestData(groupId='slow-consumer-group', sessionTimeoutMs=12000, rebalanceTimeoutMs=8000, memberId='', groupInstanceId=null, protocolType='consumer', protocols=[JoinGroupRequestProtocol(name='range', metadata=[0, 3, 0, 0, 0, 1, 0, 11, 115, 108, 111, 119, 45, 101, 118, 101, 110, 116, 115, -1, -1, -1, -1, 0, 0, 0, 0, -1, -1, -1, -1, -1, -1]), JoinGroupRequestProtocol(name='cooperative-sticky', metadata=[0, 3, 0, 0, 0, 1, 0, 11, 115, 108, 111, 119, 45, 101, 118, 101, 110, 116, 115, 0, 0, 0, 4, -1, -1, -1, -1, 0, 0, 0, 0, -1, -1, -1, -1, -1, -1])], reason='')) to coordinator localhost:9092 (id: 2147483646 rack: null isFenced: false)
16:35:35.254 [org.springframework.kafka.KafkaListenerEndpointContainer#0-0-C-1] DEBUG o.a.k.c.consumer.internals.ConsumerCoordinator - [Consumer clientId=consumer-slow-consumer-group-1, groupId=slow-consumer-group] JoinGroup failed due to non-fatal error: MEMBER_ID_REQUIRED. Will set the member id as consumer-slow-consumer-group-1-232b52cf-6150-43f1-b94b-faec0f7990e7 and then rejoin. Sent generation was Generation{generationId=-1, memberId='', protocol='null'}
16:35:35.254 [org.springframework.kafka.KafkaListenerEndpointContainer#0-0-C-1] INFO  o.a.k.c.consumer.internals.ConsumerCoordinator - [Consumer clientId=consumer-slow-consumer-group-1, groupId=slow-consumer-group] Request joining group due to: need to re-join with the given member-id: consumer-slow-consumer-group-1-232b52cf-6150-43f1-b94b-faec0f7990e7
16:35:35.254 [org.springframework.kafka.KafkaListenerEndpointContainer#0-0-C-1] INFO  o.a.k.c.consumer.internals.ConsumerCoordinator - [Consumer clientId=consumer-slow-consumer-group-1, groupId=slow-consumer-group] (Re-)joining group
16:35:35.254 [org.springframework.kafka.KafkaListenerEndpointContainer#0-0-C-1] DEBUG o.a.k.c.consumer.internals.ConsumerCoordinator - [Consumer clientId=consumer-slow-consumer-group-1, groupId=slow-consumer-group] Joining group with current subscription: [slow-events]
16:35:35.254 [org.springframework.kafka.KafkaListenerEndpointContainer#0-0-C-1] DEBUG o.a.k.c.consumer.internals.ConsumerCoordinator - [Consumer clientId=consumer-slow-consumer-group-1, groupId=slow-consumer-group] Sending JoinGroup (JoinGroupRequestData(groupId='slow-consumer-group', sessionTimeoutMs=12000, rebalanceTimeoutMs=8000, memberId='consumer-slow-consumer-group-1-232b52cf-6150-43f1-b94b-faec0f7990e7', groupInstanceId=null, protocolType='consumer', protocols=[JoinGroupRequestProtocol(name='range', metadata=[0, 3, 0, 0, 0, 1, 0, 11, 115, 108, 111, 119, 45, 101, 118, 101, 110, 116, 115, -1, -1, -1, -1, 0, 0, 0, 0, -1, -1, -1, -1, -1, -1]), JoinGroupRequestProtocol(name='cooperative-sticky', metadata=[0, 3, 0, 0, 0, 1, 0, 11, 115, 108, 111, 119, 45, 101, 118, 101, 110, 116, 115, 0, 0, 0, 4, -1, -1, -1, -1, 0, 0, 0, 0, -1, -1, -1, -1, -1, -1])], reason='need to re-join with the given member-id: consumer-slow-consumer-group-1-232b52cf-6150-43f1-b94b-faec0f7990e7')) to coordinator localhost:9092 (id: 2147483646 rack: null isFenced: false)
16:35:35.256 [org.springframework.kafka.KafkaListenerEndpointContainer#0-0-C-1] DEBUG o.a.k.c.consumer.internals.ConsumerCoordinator - [Consumer clientId=consumer-slow-consumer-group-1, groupId=slow-consumer-group] Received successful JoinGroup response: JoinGroupResponseData(throttleTimeMs=0, errorCode=0, generationId=49, protocolType='consumer', protocolName='range', leader='consumer-slow-consumer-group-1-232b52cf-6150-43f1-b94b-faec0f7990e7', skipAssignment=false, memberId='consumer-slow-consumer-group-1-232b52cf-6150-43f1-b94b-faec0f7990e7', members=[JoinGroupResponseMember(memberId='consumer-slow-consumer-group-1-232b52cf-6150-43f1-b94b-faec0f7990e7', groupInstanceId=null, metadata=[0, 3, 0, 0, 0, 1, 0, 11, 115, 108, 111, 119, 45, 101, 118, 101, 110, 116, 115, -1, -1, -1, -1, 0, 0, 0, 0, -1, -1, -1, -1, -1, -1])])
16:35:35.256 [org.springframework.kafka.KafkaListenerEndpointContainer#0-0-C-1] DEBUG o.a.k.c.consumer.internals.ConsumerCoordinator - [Consumer clientId=consumer-slow-consumer-group-1, groupId=slow-consumer-group] Enabling heartbeat thread
16:35:35.256 [org.springframework.kafka.KafkaListenerEndpointContainer#0-0-C-1] INFO  o.a.k.c.consumer.internals.ConsumerCoordinator - [Consumer clientId=consumer-slow-consumer-group-1, groupId=slow-consumer-group] Successfully joined group with generation Generation{generationId=49, memberId='consumer-slow-consumer-group-1-232b52cf-6150-43f1-b94b-faec0f7990e7', protocol='range'}
16:35:35.257 [org.springframework.kafka.KafkaListenerEndpointContainer#0-0-C-1] DEBUG o.a.k.c.consumer.internals.ConsumerCoordinator - [Consumer clientId=consumer-slow-consumer-group-1, groupId=slow-consumer-group] Performing assignment using strategy range with subscriptions {consumer-slow-consumer-group-1-232b52cf-6150-43f1-b94b-faec0f7990e7=Subscription(topics=[slow-events], ownedPartitions=[], groupInstanceId=null, generationId=-1, rackId=null)}
16:35:35.258 [org.springframework.kafka.KafkaListenerEndpointContainer#0-0-C-1] INFO  o.a.k.c.consumer.internals.ConsumerCoordinator - [Consumer clientId=consumer-slow-consumer-group-1, groupId=slow-consumer-group] Finished assignment for group at generation 49: {consumer-slow-consumer-group-1-232b52cf-6150-43f1-b94b-faec0f7990e7=Assignment(partitions=[slow-events-0, slow-events-1, slow-events-2])}
16:35:35.259 [org.springframework.kafka.KafkaListenerEndpointContainer#0-0-C-1] DEBUG o.a.k.c.consumer.internals.ConsumerCoordinator - [Consumer clientId=consumer-slow-consumer-group-1, groupId=slow-consumer-group] Sending leader SyncGroup to coordinator localhost:9092 (id: 2147483646 rack: null isFenced: false): SyncGroupRequestData(groupId='slow-consumer-group', generationId=49, memberId='consumer-slow-consumer-group-1-232b52cf-6150-43f1-b94b-faec0f7990e7', groupInstanceId=null, protocolType='consumer', protocolName='range', assignments=[SyncGroupRequestAssignment(memberId='consumer-slow-consumer-group-1-232b52cf-6150-43f1-b94b-faec0f7990e7', assignment=[0, 3, 0, 0, 0, 1, 0, 11, 115, 108, 111, 119, 45, 101, 118, 101, 110, 116, 115, 0, 0, 0, 3, 0, 0, 0, 0, 0, 0, 0, 1, 0, 0, 0, 2, -1, -1, -1, -1])])
16:35:35.261 [org.springframework.kafka.KafkaListenerEndpointContainer#0-0-C-1] DEBUG o.a.k.c.consumer.internals.ConsumerCoordinator - [Consumer clientId=consumer-slow-consumer-group-1, groupId=slow-consumer-group] Received successful SyncGroup response: SyncGroupResponseData(throttleTimeMs=0, errorCode=0, protocolType='consumer', protocolName='range', assignment=[0, 3, 0, 0, 0, 1, 0, 11, 115, 108, 111, 119, 45, 101, 118, 101, 110, 116, 115, 0, 0, 0, 3, 0, 0, 0, 0, 0, 0, 0, 1, 0, 0, 0, 2, -1, -1, -1, -1])
16:35:35.261 [org.springframework.kafka.KafkaListenerEndpointContainer#0-0-C-1] INFO  o.a.k.c.consumer.internals.ConsumerCoordinator - [Consumer clientId=consumer-slow-consumer-group-1, groupId=slow-consumer-group] Successfully synced group in generation Generation{generationId=49, memberId='consumer-slow-consumer-group-1-232b52cf-6150-43f1-b94b-faec0f7990e7', protocol='range'}
16:35:35.261 [org.springframework.kafka.KafkaListenerEndpointContainer#0-0-C-1] DEBUG o.a.k.c.consumer.internals.ConsumerCoordinator - [Consumer clientId=consumer-slow-consumer-group-1, groupId=slow-consumer-group] Executing onJoinComplete with generation 49 and memberId consumer-slow-consumer-group-1-232b52cf-6150-43f1-b94b-faec0f7990e7
16:35:35.262 [org.springframework.kafka.KafkaListenerEndpointContainer#0-0-C-1] INFO  o.a.k.c.consumer.internals.ConsumerCoordinator - [Consumer clientId=consumer-slow-consumer-group-1, groupId=slow-consumer-group] Notifying assignor about the new Assignment(partitions=[slow-events-0, slow-events-1, slow-events-2])
16:35:35.262 [org.springframework.kafka.KafkaListenerEndpointContainer#0-0-C-1] INFO  o.a.k.c.c.i.ConsumerRebalanceListenerInvoker - [Consumer clientId=consumer-slow-consumer-group-1, groupId=slow-consumer-group] Adding newly assigned partitions: [slow-events-0, slow-events-1, slow-events-2]
16:35:35.264 [org.springframework.kafka.KafkaListenerEndpointContainer#0-0-C-1] DEBUG o.a.k.c.consumer.internals.ConsumerCoordinator - [Consumer clientId=consumer-slow-consumer-group-1, groupId=slow-consumer-group] Fetching committed offsets for partitions: [slow-events-2, slow-events-1, slow-events-0]
16:35:35.265 [org.springframework.kafka.KafkaListenerEndpointContainer#0-0-C-1] INFO  o.a.k.c.consumer.internals.ConsumerCoordinator - [Consumer clientId=consumer-slow-consumer-group-1, groupId=slow-consumer-group] Found no committed offset for partition slow-events-2
16:35:35.265 [org.springframework.kafka.KafkaListenerEndpointContainer#0-0-C-1] INFO  o.a.k.c.consumer.internals.ConsumerCoordinator - [Consumer clientId=consumer-slow-consumer-group-1, groupId=slow-consumer-group] Found no committed offset for partition slow-events-1
16:35:35.266 [org.springframework.kafka.KafkaListenerEndpointContainer#0-0-C-1] INFO  o.a.k.c.consumer.internals.ConsumerCoordinator - [Consumer clientId=consumer-slow-consumer-group-1, groupId=slow-consumer-group] Found no committed offset for partition slow-events-0
16:35:35.270 [org.springframework.kafka.KafkaListenerEndpointContainer#0-0-C-1] INFO  o.a.k.clients.consumer.internals.SubscriptionState - [Consumer clientId=consumer-slow-consumer-group-1, groupId=slow-consumer-group] Resetting offset for partition slow-events-2 to position FetchPosition{offset=0, offsetEpoch=Optional.empty, currentLeader=LeaderAndEpoch{leader=Optional[localhost:9092 (id: 1 rack: null isFenced: false)], epoch=0}}.
16:35:35.270 [org.springframework.kafka.KafkaListenerEndpointContainer#0-0-C-1] INFO  o.a.k.clients.consumer.internals.SubscriptionState - [Consumer clientId=consumer-slow-consumer-group-1, groupId=slow-consumer-group] Resetting offset for partition slow-events-1 to position FetchPosition{offset=0, offsetEpoch=Optional.empty, currentLeader=LeaderAndEpoch{leader=Optional[localhost:9092 (id: 1 rack: null isFenced: false)], epoch=0}}.
16:35:35.270 [org.springframework.kafka.KafkaListenerEndpointContainer#0-0-C-1] INFO  o.a.k.clients.consumer.internals.SubscriptionState - [Consumer clientId=consumer-slow-consumer-group-1, groupId=slow-consumer-group] Resetting offset for partition slow-events-0 to position FetchPosition{offset=0, offsetEpoch=Optional.empty, currentLeader=LeaderAndEpoch{leader=Optional[localhost:9092 (id: 1 rack: null isFenced: false)], epoch=0}}.
16:35:35.270 [org.springframework.kafka.KafkaListenerEndpointContainer#0-0-C-1] INFO  o.s.kafka.listener.KafkaMessageListenerContainer - slow-consumer-group: partitions assigned: [slow-events-0, slow-events-1, slow-events-2]
16:35:38.251 [demo-event-producer] INFO  c.e.kafkarebalance.producer.DemoEventProducer - [scenario3] 开始向单一分区发送 12 条消息，其中 index=[0, 6] 会触发一次可重试异常
16:35:38.258 [kafka-coordinator-heartbeat-thread | slow-consumer-group] DEBUG o.a.k.c.consumer.internals.ConsumerCoordinator - [Consumer clientId=consumer-slow-consumer-group-1, groupId=slow-consumer-group] Sending Heartbeat request with generation 49 and member id consumer-slow-consumer-group-1-232b52cf-6150-43f1-b94b-faec0f7990e7 to coordinator localhost:9092 (id: 2147483646 rack: null isFenced: false)
16:35:38.267 [org.springframework.kafka.KafkaListenerEndpointContainer#0-0-C-1] DEBUG o.a.k.c.consumer.internals.ConsumerCoordinator - [Consumer clientId=consumer-slow-consumer-group-1, groupId=slow-consumer-group] Received successful Heartbeat response
16:35:38.274 [demo-event-producer] INFO  org.apache.kafka.common.config.AbstractConfig - ProducerConfig values: 
	acks = -1
	batch.size = 16384
	bootstrap.servers = [localhost:9092]
	buffer.memory = 33554432
	client.dns.lookup = use_all_dns_ips
	client.id = kafka-rebalance-demo-producer-1
	compression.gzip.level = -1
	compression.lz4.level = 9
	compression.type = none
	compression.zstd.level = 3
	connections.max.idle.ms = 540000
	delivery.timeout.ms = 120000
	enable.idempotence = true
	enable.metrics.push = true
	interceptor.classes = []
	key.serializer = class org.apache.kafka.common.serialization.StringSerializer
	linger.ms = 5
	max.block.ms = 60000
	max.in.flight.requests.per.connection = 5
	max.request.size = 1048576
	metadata.max.age.ms = 300000
	metadata.max.idle.ms = 300000
	metadata.recovery.rebootstrap.trigger.ms = 300000
	metadata.recovery.strategy = rebootstrap
	metric.reporters = [org.apache.kafka.common.metrics.JmxReporter]
	metrics.num.samples = 2
	metrics.recording.level = INFO
	metrics.sample.window.ms = 30000
	partitioner.adaptive.partitioning.enable = true
	partitioner.availability.timeout.ms = 0
	partitioner.class = null
	partitioner.ignore.keys = false
	receive.buffer.bytes = 32768
	reconnect.backoff.max.ms = 1000
	reconnect.backoff.ms = 50
	request.timeout.ms = 30000
	retries = 2147483647
	retry.backoff.max.ms = 1000
	retry.backoff.ms = 100
	sasl.client.callback.handler.class = null
	sasl.jaas.config = null
	sasl.kerberos.kinit.cmd = /usr/bin/kinit
	sasl.kerberos.min.time.before.relogin = 60000
	sasl.kerberos.service.name = null
	sasl.kerberos.ticket.renew.jitter = 0.05
	sasl.kerberos.ticket.renew.window.factor = 0.8
	sasl.login.callback.handler.class = null
	sasl.login.class = null
	sasl.login.connect.timeout.ms = null
	sasl.login.read.timeout.ms = null
	sasl.login.refresh.buffer.seconds = 300
	sasl.login.refresh.min.period.seconds = 60
	sasl.login.refresh.window.factor = 0.8
	sasl.login.refresh.window.jitter = 0.05
	sasl.login.retry.backoff.max.ms = 10000
	sasl.login.retry.backoff.ms = 100
	sasl.mechanism = GSSAPI
	sasl.oauthbearer.assertion.algorithm = RS256
	sasl.oauthbearer.assertion.claim.aud = null
	sasl.oauthbearer.assertion.claim.exp.seconds = 300
	sasl.oauthbearer.assertion.claim.iss = null
	sasl.oauthbearer.assertion.claim.jti.include = false
	sasl.oauthbearer.assertion.claim.nbf.seconds = 60
	sasl.oauthbearer.assertion.claim.sub = null
	sasl.oauthbearer.assertion.file = null
	sasl.oauthbearer.assertion.private.key.file = null
	sasl.oauthbearer.assertion.private.key.passphrase = null
	sasl.oauthbearer.assertion.template.file = null
	sasl.oauthbearer.client.credentials.client.id = null
	sasl.oauthbearer.client.credentials.client.secret = null
	sasl.oauthbearer.clock.skew.seconds = 30
	sasl.oauthbearer.expected.audience = null
	sasl.oauthbearer.expected.issuer = null
	sasl.oauthbearer.header.urlencode = false
	sasl.oauthbearer.jwks.endpoint.refresh.ms = 3600000
	sasl.oauthbearer.jwks.endpoint.retry.backoff.max.ms = 10000
	sasl.oauthbearer.jwks.endpoint.retry.backoff.ms = 100
	sasl.oauthbearer.jwks.endpoint.url = null
	sasl.oauthbearer.jwt.retriever.class = class org.apache.kafka.common.security.oauthbearer.DefaultJwtRetriever
	sasl.oauthbearer.jwt.validator.class = class org.apache.kafka.common.security.oauthbearer.DefaultJwtValidator
	sasl.oauthbearer.scope = null
	sasl.oauthbearer.scope.claim.name = scope
	sasl.oauthbearer.sub.claim.name = sub
	sasl.oauthbearer.token.endpoint.url = null
	security.protocol = PLAINTEXT
	security.providers = null
	send.buffer.bytes = 131072
	socket.connection.setup.timeout.max.ms = 30000
	socket.connection.setup.timeout.ms = 10000
	ssl.cipher.suites = null
	ssl.enabled.protocols = [TLSv1.2, TLSv1.3]
	ssl.endpoint.identification.algorithm = https
	ssl.engine.factory.class = null
	ssl.key.password = null
	ssl.keymanager.algorithm = SunX509
	ssl.keystore.certificate.chain = null
	ssl.keystore.key = null
	ssl.keystore.location = null
	ssl.keystore.password = null
	ssl.keystore.type = JKS
	ssl.protocol = TLSv1.3
	ssl.provider = null
	ssl.secure.random.implementation = null
	ssl.trustmanager.algorithm = PKIX
	ssl.truststore.certificates = null
	ssl.truststore.location = null
	ssl.truststore.password = null
	ssl.truststore.type = JKS
	transaction.timeout.ms = 60000
	transaction.two.phase.commit.enable = false
	transactional.id = null
	value.serializer = class org.springframework.kafka.support.serializer.JsonSerializer

16:35:38.274 [demo-event-producer] INFO  o.a.k.c.telemetry.internals.KafkaMetricsCollector - initializing Kafka metrics collector
16:35:38.282 [demo-event-producer] INFO  org.apache.kafka.clients.producer.KafkaProducer - [Producer clientId=kafka-rebalance-demo-producer-1] Instantiated an idempotent producer.
16:35:38.288 [demo-event-producer] INFO  org.apache.kafka.common.utils.AppInfoParser - Kafka version: 4.1.2
16:35:38.289 [demo-event-producer] INFO  org.apache.kafka.common.utils.AppInfoParser - Kafka commitId: c82fd9b934b4c1e6
16:35:38.289 [demo-event-producer] INFO  org.apache.kafka.common.utils.AppInfoParser - Kafka startTimeMs: 1787646938288
16:35:38.293 [kafka-producer-network-thread | kafka-rebalance-demo-producer-1] INFO  org.apache.kafka.clients.Metadata - [Producer clientId=kafka-rebalance-demo-producer-1] Cluster ID: MkU3OEVBNTcwNTJENDM2Qk
16:35:38.293 [kafka-producer-network-thread | kafka-rebalance-demo-producer-1] INFO  o.a.k.c.producer.internals.TransactionManager - [Producer clientId=kafka-rebalance-demo-producer-1] ProducerId set to 4 with epoch 0
16:35:38.307 [demo-event-producer] INFO  c.e.kafkarebalance.producer.DemoEventProducer - 已发送消息 id=b76586fa-296a-4e38-b1b0-d859f02f5778 key=0 slow=false retryTrigger=true
16:35:38.330 [org.springframework.kafka.KafkaListenerEndpointContainer#0-0-C-1] DEBUG o.s.kafka.listener.KafkaMessageListenerContainer - Received: 1 records
16:35:38.332 [org.springframework.kafka.KafkaListenerEndpointContainer#0-0-C-1] DEBUG o.s.k.l.a.RecordMessagingMessageListenerAdapter - Processing [GenericMessage [payload=DemoEvent(id=b76586fa-296a-4e38-b1b0-d859f02f5778, payload=demo-event-0, slow=false, retryTrigger=true, createdAt=2026-08-25T08:35:38.254504Z), headers={kafka_offset=0, kafka_consumer=org.springframework.kafka.core.DefaultKafkaConsumerFactory$ExtendedKafkaConsumer@582c7c97, kafka_timestampType=CREATE_TIME, kafka_receivedPartitionId=2, kafka_receivedMessageKey=0, kafka_receivedTopic=slow-events, kafka_receivedTimestamp=1787646938293, kafka_acknowledgment=Acknowledgment for slow-events-2@0, kafka_groupId=slow-consumer-group}]]
16:35:38.333 [org.springframework.kafka.KafkaListenerEndpointContainer#0-0-C-1] INFO  c.e.k.listener.RetryProneEventListener - 收到消息 id=b76586fa-296a-4e38-b1b0-d859f02f5778 partition=2 retryTrigger=true
16:35:38.333 [org.springframework.kafka.KafkaListenerEndpointContainer#0-0-C-1] ERROR c.e.k.listener.RetryProneEventListener - 模拟处理失败：id=b76586fa-296a-4e38-b1b0-d859f02f5778，将抛出可重试异常，触发 DefaultErrorHandler 的阻塞式重试（单次等待 9000ms，最多 3 次）
16:35:38.334 [org.springframework.kafka.KafkaListenerEndpointContainer#0-0-C-1] WARN  c.e.k.config.Scenario3ErrorHandlerConfig - 消息 offset=0 partition=2 第 1 次投递失败，将进行阻塞式重试等待 9000ms：Listener method 'public void com.example.kafkarebalance.listener.RetryProneEventListener.onMessage(com.example.kafkarebalance.model.DemoEvent,int,org.springframework.kafka.support.Acknowledgment)' threw exception
16:35:38.359 [demo-event-producer] INFO  c.e.kafkarebalance.producer.DemoEventProducer - 已发送消息 id=777dcdfa-cd86-4ef7-8a1f-0199dcfb7fd1 key=0 slow=false retryTrigger=false
16:35:38.414 [demo-event-producer] INFO  c.e.kafkarebalance.producer.DemoEventProducer - 已发送消息 id=3d080aa1-8b65-4d21-9dc0-b25bf78f1182 key=0 slow=false retryTrigger=false
16:35:38.467 [demo-event-producer] INFO  c.e.kafkarebalance.producer.DemoEventProducer - 已发送消息 id=a9486c4e-31a4-4587-b7d0-fc10c734f587 key=0 slow=false retryTrigger=false
16:35:38.523 [demo-event-producer] INFO  c.e.kafkarebalance.producer.DemoEventProducer - 已发送消息 id=4148db41-bf8b-4916-a0b1-293280f8d2ea key=0 slow=false retryTrigger=false
16:35:38.577 [demo-event-producer] INFO  c.e.kafkarebalance.producer.DemoEventProducer - 已发送消息 id=88d57397-a8ba-4dc1-9614-e1ae48f6a570 key=0 slow=false retryTrigger=false
16:35:38.631 [demo-event-producer] INFO  c.e.kafkarebalance.producer.DemoEventProducer - 已发送消息 id=ee1a34a9-a145-4117-a2b3-06a68f143f9b key=0 slow=false retryTrigger=true
16:35:38.685 [demo-event-producer] INFO  c.e.kafkarebalance.producer.DemoEventProducer - 已发送消息 id=60fbe339-c599-4391-8d09-572206652728 key=0 slow=false retryTrigger=false
16:35:38.745 [demo-event-producer] INFO  c.e.kafkarebalance.producer.DemoEventProducer - 已发送消息 id=10242cb0-82a9-44be-8023-1227306cf861 key=0 slow=false retryTrigger=false
16:35:38.800 [demo-event-producer] INFO  c.e.kafkarebalance.producer.DemoEventProducer - 已发送消息 id=c9b33c42-186b-4483-b740-59d34c26be83 key=0 slow=false retryTrigger=false
16:35:38.855 [demo-event-producer] INFO  c.e.kafkarebalance.producer.DemoEventProducer - 已发送消息 id=1cd13a60-c165-4cb6-a20d-416ff2d020f0 key=0 slow=false retryTrigger=false
16:35:38.909 [demo-event-producer] INFO  c.e.kafkarebalance.producer.DemoEventProducer - 已发送消息 id=402992e7-2e68-4d68-8819-12e27c74959d key=0 slow=false retryTrigger=false
16:35:38.964 [demo-event-producer] INFO  c.e.kafkarebalance.producer.DemoEventProducer - [scenario3] 全部演示消息发送完毕
16:35:41.281 [kafka-coordinator-heartbeat-thread | slow-consumer-group] DEBUG o.a.k.c.consumer.internals.ConsumerCoordinator - [Consumer clientId=consumer-slow-consumer-group-1, groupId=slow-consumer-group] Sending Heartbeat request with generation 49 and member id consumer-slow-consumer-group-1-232b52cf-6150-43f1-b94b-faec0f7990e7 to coordinator localhost:9092 (id: 2147483646 rack: null isFenced: false)
16:35:41.387 [kafka-coordinator-heartbeat-thread | slow-consumer-group] DEBUG o.a.k.c.consumer.internals.ConsumerCoordinator - [Consumer clientId=consumer-slow-consumer-group-1, groupId=slow-consumer-group] Received successful Heartbeat response
16:35:44.291 [kafka-coordinator-heartbeat-thread | slow-consumer-group] DEBUG o.a.k.c.consumer.internals.ConsumerCoordinator - [Consumer clientId=consumer-slow-consumer-group-1, groupId=slow-consumer-group] Sending Heartbeat request with generation 49 and member id consumer-slow-consumer-group-1-232b52cf-6150-43f1-b94b-faec0f7990e7 to coordinator localhost:9092 (id: 2147483646 rack: null isFenced: false)
16:35:44.397 [kafka-coordinator-heartbeat-thread | slow-consumer-group] DEBUG o.a.k.c.consumer.internals.ConsumerCoordinator - [Consumer clientId=consumer-slow-consumer-group-1, groupId=slow-consumer-group] Received successful Heartbeat response
16:35:46.363 [kafka-coordinator-heartbeat-thread | slow-consumer-group] WARN  o.a.k.c.consumer.internals.ConsumerCoordinator - [Consumer clientId=consumer-slow-consumer-group-1, groupId=slow-consumer-group] consumer poll timeout has expired. This means the time between subsequent calls to poll() was longer than the configured max.poll.interval.ms, which typically implies that the poll loop is spending too much time processing messages. You can address this either by increasing max.poll.interval.ms or by reducing the maximum size of batches returned in poll() with max.poll.records.
16:35:46.364 [kafka-coordinator-heartbeat-thread | slow-consumer-group] INFO  o.a.k.c.consumer.internals.ConsumerCoordinator - [Consumer clientId=consumer-slow-consumer-group-1, groupId=slow-consumer-group] Member consumer-slow-consumer-group-1-232b52cf-6150-43f1-b94b-faec0f7990e7 sending LeaveGroup request to coordinator localhost:9092 (id: 2147483646 rack: null isFenced: false) due to consumer poll timeout has expired.
16:35:46.366 [kafka-coordinator-heartbeat-thread | slow-consumer-group] INFO  o.a.k.c.consumer.internals.ConsumerCoordinator - [Consumer clientId=consumer-slow-consumer-group-1, groupId=slow-consumer-group] Resetting generation and member id due to: consumer pro-actively leaving the group
16:35:46.366 [kafka-coordinator-heartbeat-thread | slow-consumer-group] INFO  o.a.k.c.consumer.internals.ConsumerCoordinator - [Consumer clientId=consumer-slow-consumer-group-1, groupId=slow-consumer-group] Request joining group due to: consumer pro-actively leaving the group
16:35:47.344 [org.springframework.kafka.KafkaListenerEndpointContainer#0-0-C-1] INFO  o.a.k.c.consumer.internals.ClassicKafkaConsumer - [Consumer clientId=consumer-slow-consumer-group-1, groupId=slow-consumer-group] Seeking to offset 0 for partition slow-events-2
16:35:47.345 [org.springframework.kafka.KafkaListenerEndpointContainer#0-0-C-1] INFO  o.s.kafka.listener.KafkaMessageListenerContainer - Record in retry and not yet recovered
16:35:47.347 [org.springframework.kafka.KafkaListenerEndpointContainer#0-0-C-1] DEBUG o.a.k.c.consumer.internals.ConsumerCoordinator - [Consumer clientId=consumer-slow-consumer-group-1, groupId=slow-consumer-group] Executing onJoinPrepare with generation -1 and memberId 
16:35:47.347 [org.springframework.kafka.KafkaListenerEndpointContainer#0-0-C-1] INFO  o.a.k.c.consumer.internals.ConsumerCoordinator - [Consumer clientId=consumer-slow-consumer-group-1, groupId=slow-consumer-group] Giving away all assigned partitions as lost since generation/memberID has been reset,indicating that consumer is in old state or no longer part of the group
16:35:47.347 [org.springframework.kafka.KafkaListenerEndpointContainer#0-0-C-1] INFO  o.a.k.c.c.i.ConsumerRebalanceListenerInvoker - [Consumer clientId=consumer-slow-consumer-group-1, groupId=slow-consumer-group] Lost previously assigned partitions [slow-events-0, slow-events-1, slow-events-2]
16:35:47.348 [org.springframework.kafka.KafkaListenerEndpointContainer#0-0-C-1] INFO  o.s.kafka.listener.KafkaMessageListenerContainer - slow-consumer-group: partitions lost: [slow-events-0, slow-events-1, slow-events-2]
16:35:47.349 [org.springframework.kafka.KafkaListenerEndpointContainer#0-0-C-1] INFO  o.s.kafka.listener.KafkaMessageListenerContainer - slow-consumer-group: partitions revoked: [slow-events-0, slow-events-1, slow-events-2]
16:35:47.351 [org.springframework.kafka.KafkaListenerEndpointContainer#0-0-C-1] INFO  o.a.k.c.consumer.internals.ConsumerCoordinator - [Consumer clientId=consumer-slow-consumer-group-1, groupId=slow-consumer-group] (Re-)joining group
16:35:47.351 [org.springframework.kafka.KafkaListenerEndpointContainer#0-0-C-1] DEBUG o.a.k.c.consumer.internals.ConsumerCoordinator - [Consumer clientId=consumer-slow-consumer-group-1, groupId=slow-consumer-group] Joining group with current subscription: [slow-events]
16:35:47.351 [org.springframework.kafka.KafkaListenerEndpointContainer#0-0-C-1] DEBUG o.a.k.c.consumer.internals.ConsumerCoordinator - [Consumer clientId=consumer-slow-consumer-group-1, groupId=slow-consumer-group] Sending JoinGroup (JoinGroupRequestData(groupId='slow-consumer-group', sessionTimeoutMs=12000, rebalanceTimeoutMs=8000, memberId='', groupInstanceId=null, protocolType='consumer', protocols=[JoinGroupRequestProtocol(name='range', metadata=[0, 3, 0, 0, 0, 1, 0, 11, 115, 108, 111, 119, 45, 101, 118, 101, 110, 116, 115, -1, -1, -1, -1, 0, 0, 0, 0, -1, -1, -1, -1, -1, -1]), JoinGroupRequestProtocol(name='cooperative-sticky', metadata=[0, 3, 0, 0, 0, 1, 0, 11, 115, 108, 111, 119, 45, 101, 118, 101, 110, 116, 115, 0, 0, 0, 4, -1, -1, -1, -1, 0, 0, 0, 0, -1, -1, -1, -1, -1, -1])], reason='consumer pro-actively leaving the group')) to coordinator localhost:9092 (id: 2147483646 rack: null isFenced: false)
16:35:47.357 [org.springframework.kafka.KafkaListenerEndpointContainer#0-0-C-1] DEBUG o.a.k.c.consumer.internals.ConsumerCoordinator - [Consumer clientId=consumer-slow-consumer-group-1, groupId=slow-consumer-group] LeaveGroup response with Generation{generationId=49, memberId='consumer-slow-consumer-group-1-232b52cf-6150-43f1-b94b-faec0f7990e7', protocol='range'} returned successfully: ClientResponse(receivedTimeMs=1787646947352, latencyMs=987, disconnected=false, timedOut=false, requestHeader=RequestHeader(apiKey=LEAVE_GROUP, apiVersion=5, clientId=consumer-slow-consumer-group-1, correlationId=22, headerVersion=2), responseBody=LeaveGroupResponseData(throttleTimeMs=0, errorCode=0, members=[MemberResponse(memberId='consumer-slow-consumer-group-1-232b52cf-6150-43f1-b94b-faec0f7990e7', groupInstanceId=null, errorCode=0)]))
16:35:47.361 [org.springframework.kafka.KafkaListenerEndpointContainer#0-0-C-1] DEBUG o.a.k.c.consumer.internals.ConsumerCoordinator - [Consumer clientId=consumer-slow-consumer-group-1, groupId=slow-consumer-group] JoinGroup failed due to non-fatal error: MEMBER_ID_REQUIRED. Will set the member id as consumer-slow-consumer-group-1-f9559d98-68f5-4dd1-b215-8ba33f6979a9 and then rejoin. Sent generation was Generation{generationId=-1, memberId='', protocol='null'}
16:35:47.361 [org.springframework.kafka.KafkaListenerEndpointContainer#0-0-C-1] INFO  o.a.k.c.consumer.internals.ConsumerCoordinator - [Consumer clientId=consumer-slow-consumer-group-1, groupId=slow-consumer-group] Request joining group due to: need to re-join with the given member-id: consumer-slow-consumer-group-1-f9559d98-68f5-4dd1-b215-8ba33f6979a9
16:35:47.361 [org.springframework.kafka.KafkaListenerEndpointContainer#0-0-C-1] INFO  o.a.k.c.consumer.internals.ConsumerCoordinator - [Consumer clientId=consumer-slow-consumer-group-1, groupId=slow-consumer-group] (Re-)joining group
16:35:47.361 [org.springframework.kafka.KafkaListenerEndpointContainer#0-0-C-1] DEBUG o.a.k.c.consumer.internals.ConsumerCoordinator - [Consumer clientId=consumer-slow-consumer-group-1, groupId=slow-consumer-group] Joining group with current subscription: [slow-events]
16:35:47.361 [org.springframework.kafka.KafkaListenerEndpointContainer#0-0-C-1] DEBUG o.a.k.c.consumer.internals.ConsumerCoordinator - [Consumer clientId=consumer-slow-consumer-group-1, groupId=slow-consumer-group] Sending JoinGroup (JoinGroupRequestData(groupId='slow-consumer-group', sessionTimeoutMs=12000, rebalanceTimeoutMs=8000, memberId='consumer-slow-consumer-group-1-f9559d98-68f5-4dd1-b215-8ba33f6979a9', groupInstanceId=null, protocolType='consumer', protocols=[JoinGroupRequestProtocol(name='range', metadata=[0, 3, 0, 0, 0, 1, 0, 11, 115, 108, 111, 119, 45, 101, 118, 101, 110, 116, 115, -1, -1, -1, -1, 0, 0, 0, 0, -1, -1, -1, -1, -1, -1]), JoinGroupRequestProtocol(name='cooperative-sticky', metadata=[0, 3, 0, 0, 0, 1, 0, 11, 115, 108, 111, 119, 45, 101, 118, 101, 110, 116, 115, 0, 0, 0, 4, -1, -1, -1, -1, 0, 0, 0, 0, -1, -1, -1, -1, -1, -1])], reason='need to re-join with the given member-id: consumer-slow-consumer-group-1-f9559d98-68f5-4dd1-b215-8ba33f6979a9')) to coordinator localhost:9092 (id: 2147483646 rack: null isFenced: false)
16:35:47.366 [org.springframework.kafka.KafkaListenerEndpointContainer#0-0-C-1] DEBUG o.a.k.c.consumer.internals.ConsumerCoordinator - [Consumer clientId=consumer-slow-consumer-group-1, groupId=slow-consumer-group] Received successful JoinGroup response: JoinGroupResponseData(throttleTimeMs=0, errorCode=0, generationId=51, protocolType='consumer', protocolName='range', leader='consumer-slow-consumer-group-1-f9559d98-68f5-4dd1-b215-8ba33f6979a9', skipAssignment=false, memberId='consumer-slow-consumer-group-1-f9559d98-68f5-4dd1-b215-8ba33f6979a9', members=[JoinGroupResponseMember(memberId='consumer-slow-consumer-group-1-f9559d98-68f5-4dd1-b215-8ba33f6979a9', groupInstanceId=null, metadata=[0, 3, 0, 0, 0, 1, 0, 11, 115, 108, 111, 119, 45, 101, 118, 101, 110, 116, 115, -1, -1, -1, -1, 0, 0, 0, 0, -1, -1, -1, -1, -1, -1])])
16:35:47.366 [org.springframework.kafka.KafkaListenerEndpointContainer#0-0-C-1] DEBUG o.a.k.c.consumer.internals.ConsumerCoordinator - [Consumer clientId=consumer-slow-consumer-group-1, groupId=slow-consumer-group] Enabling heartbeat thread
16:35:47.366 [org.springframework.kafka.KafkaListenerEndpointContainer#0-0-C-1] INFO  o.a.k.c.consumer.internals.ConsumerCoordinator - [Consumer clientId=consumer-slow-consumer-group-1, groupId=slow-consumer-group] Successfully joined group with generation Generation{generationId=51, memberId='consumer-slow-consumer-group-1-f9559d98-68f5-4dd1-b215-8ba33f6979a9', protocol='range'}
16:35:47.367 [org.springframework.kafka.KafkaListenerEndpointContainer#0-0-C-1] DEBUG o.a.k.c.consumer.internals.ConsumerCoordinator - [Consumer clientId=consumer-slow-consumer-group-1, groupId=slow-consumer-group] Performing assignment using strategy range with subscriptions {consumer-slow-consumer-group-1-f9559d98-68f5-4dd1-b215-8ba33f6979a9=Subscription(topics=[slow-events], ownedPartitions=[], groupInstanceId=null, generationId=-1, rackId=null)}
16:35:47.367 [org.springframework.kafka.KafkaListenerEndpointContainer#0-0-C-1] INFO  o.a.k.c.consumer.internals.ConsumerCoordinator - [Consumer clientId=consumer-slow-consumer-group-1, groupId=slow-consumer-group] Finished assignment for group at generation 51: {consumer-slow-consumer-group-1-f9559d98-68f5-4dd1-b215-8ba33f6979a9=Assignment(partitions=[slow-events-0, slow-events-1, slow-events-2])}
16:35:47.367 [org.springframework.kafka.KafkaListenerEndpointContainer#0-0-C-1] DEBUG o.a.k.c.consumer.internals.ConsumerCoordinator - [Consumer clientId=consumer-slow-consumer-group-1, groupId=slow-consumer-group] Sending leader SyncGroup to coordinator localhost:9092 (id: 2147483646 rack: null isFenced: false): SyncGroupRequestData(groupId='slow-consumer-group', generationId=51, memberId='consumer-slow-consumer-group-1-f9559d98-68f5-4dd1-b215-8ba33f6979a9', groupInstanceId=null, protocolType='consumer', protocolName='range', assignments=[SyncGroupRequestAssignment(memberId='consumer-slow-consumer-group-1-f9559d98-68f5-4dd1-b215-8ba33f6979a9', assignment=[0, 3, 0, 0, 0, 1, 0, 11, 115, 108, 111, 119, 45, 101, 118, 101, 110, 116, 115, 0, 0, 0, 3, 0, 0, 0, 0, 0, 0, 0, 1, 0, 0, 0, 2, -1, -1, -1, -1])])
16:35:47.372 [org.springframework.kafka.KafkaListenerEndpointContainer#0-0-C-1] DEBUG o.a.k.c.consumer.internals.ConsumerCoordinator - [Consumer clientId=consumer-slow-consumer-group-1, groupId=slow-consumer-group] Received successful SyncGroup response: SyncGroupResponseData(throttleTimeMs=0, errorCode=0, protocolType='consumer', protocolName='range', assignment=[0, 3, 0, 0, 0, 1, 0, 11, 115, 108, 111, 119, 45, 101, 118, 101, 110, 116, 115, 0, 0, 0, 3, 0, 0, 0, 0, 0, 0, 0, 1, 0, 0, 0, 2, -1, -1, -1, -1])
16:35:47.372 [org.springframework.kafka.KafkaListenerEndpointContainer#0-0-C-1] INFO  o.a.k.c.consumer.internals.ConsumerCoordinator - [Consumer clientId=consumer-slow-consumer-group-1, groupId=slow-consumer-group] Successfully synced group in generation Generation{generationId=51, memberId='consumer-slow-consumer-group-1-f9559d98-68f5-4dd1-b215-8ba33f6979a9', protocol='range'}
16:35:47.372 [org.springframework.kafka.KafkaListenerEndpointContainer#0-0-C-1] DEBUG o.a.k.c.consumer.internals.ConsumerCoordinator - [Consumer clientId=consumer-slow-consumer-group-1, groupId=slow-consumer-group] Executing onJoinComplete with generation 51 and memberId consumer-slow-consumer-group-1-f9559d98-68f5-4dd1-b215-8ba33f6979a9
16:35:47.372 [org.springframework.kafka.KafkaListenerEndpointContainer#0-0-C-1] INFO  o.a.k.c.consumer.internals.ConsumerCoordinator - [Consumer clientId=consumer-slow-consumer-group-1, groupId=slow-consumer-group] Notifying assignor about the new Assignment(partitions=[slow-events-0, slow-events-1, slow-events-2])
16:35:47.372 [org.springframework.kafka.KafkaListenerEndpointContainer#0-0-C-1] INFO  o.a.k.c.c.i.ConsumerRebalanceListenerInvoker - [Consumer clientId=consumer-slow-consumer-group-1, groupId=slow-consumer-group] Adding newly assigned partitions: [slow-events-0, slow-events-1, slow-events-2]
16:35:47.373 [org.springframework.kafka.KafkaListenerEndpointContainer#0-0-C-1] DEBUG o.a.k.c.consumer.internals.ConsumerCoordinator - [Consumer clientId=consumer-slow-consumer-group-1, groupId=slow-consumer-group] Fetching committed offsets for partitions: [slow-events-2, slow-events-1, slow-events-0]
16:35:47.375 [org.springframework.kafka.KafkaListenerEndpointContainer#0-0-C-1] INFO  o.a.k.c.consumer.internals.ConsumerCoordinator - [Consumer clientId=consumer-slow-consumer-group-1, groupId=slow-consumer-group] Found no committed offset for partition slow-events-2
16:35:47.375 [org.springframework.kafka.KafkaListenerEndpointContainer#0-0-C-1] INFO  o.a.k.c.consumer.internals.ConsumerCoordinator - [Consumer clientId=consumer-slow-consumer-group-1, groupId=slow-consumer-group] Found no committed offset for partition slow-events-1
16:35:47.375 [org.springframework.kafka.KafkaListenerEndpointContainer#0-0-C-1] INFO  o.a.k.c.consumer.internals.ConsumerCoordinator - [Consumer clientId=consumer-slow-consumer-group-1, groupId=slow-consumer-group] Found no committed offset for partition slow-events-0
16:35:47.377 [org.springframework.kafka.KafkaListenerEndpointContainer#0-0-C-1] INFO  o.a.k.clients.consumer.internals.SubscriptionState - [Consumer clientId=consumer-slow-consumer-group-1, groupId=slow-consumer-group] Resetting offset for partition slow-events-2 to position FetchPosition{offset=0, offsetEpoch=Optional.empty, currentLeader=LeaderAndEpoch{leader=Optional[localhost:9092 (id: 1 rack: null isFenced: false)], epoch=0}}.
16:35:47.377 [org.springframework.kafka.KafkaListenerEndpointContainer#0-0-C-1] INFO  o.a.k.clients.consumer.internals.SubscriptionState - [Consumer clientId=consumer-slow-consumer-group-1, groupId=slow-consumer-group] Resetting offset for partition slow-events-1 to position FetchPosition{offset=0, offsetEpoch=Optional.empty, currentLeader=LeaderAndEpoch{leader=Optional[localhost:9092 (id: 1 rack: null isFenced: false)], epoch=0}}.
16:35:47.377 [org.springframework.kafka.KafkaListenerEndpointContainer#0-0-C-1] INFO  o.a.k.clients.consumer.internals.SubscriptionState - [Consumer clientId=consumer-slow-consumer-group-1, groupId=slow-consumer-group] Resetting offset for partition slow-events-0 to position FetchPosition{offset=0, offsetEpoch=Optional.empty, currentLeader=LeaderAndEpoch{leader=Optional[localhost:9092 (id: 1 rack: null isFenced: false)], epoch=0}}.
16:35:47.378 [org.springframework.kafka.KafkaListenerEndpointContainer#0-0-C-1] INFO  o.s.kafka.listener.KafkaMessageListenerContainer - slow-consumer-group: partitions assigned: [slow-events-0, slow-events-1, slow-events-2]
16:35:47.384 [org.springframework.kafka.KafkaListenerEndpointContainer#0-0-C-1] DEBUG o.s.kafka.listener.KafkaMessageListenerContainer - Received: 10 records
16:35:47.384 [org.springframework.kafka.KafkaListenerEndpointContainer#0-0-C-1] DEBUG o.s.k.l.a.RecordMessagingMessageListenerAdapter - Processing [GenericMessage [payload=DemoEvent(id=b76586fa-296a-4e38-b1b0-d859f02f5778, payload=demo-event-0, slow=false, retryTrigger=true, createdAt=2026-08-25T08:35:38.254504Z), headers={kafka_offset=0, kafka_consumer=org.springframework.kafka.core.DefaultKafkaConsumerFactory$ExtendedKafkaConsumer@582c7c97, kafka_timestampType=CREATE_TIME, kafka_receivedPartitionId=2, kafka_receivedMessageKey=0, kafka_receivedTopic=slow-events, kafka_receivedTimestamp=1787646938293, kafka_acknowledgment=Acknowledgment for slow-events-2@0, kafka_groupId=slow-consumer-group}]]
16:35:47.384 [org.springframework.kafka.KafkaListenerEndpointContainer#0-0-C-1] INFO  c.e.k.listener.RetryProneEventListener - 收到消息 id=b76586fa-296a-4e38-b1b0-d859f02f5778 partition=2 retryTrigger=true
16:35:47.384 [org.springframework.kafka.KafkaListenerEndpointContainer#0-0-C-1] ERROR c.e.k.listener.RetryProneEventListener - 模拟处理失败：id=b76586fa-296a-4e38-b1b0-d859f02f5778，将抛出可重试异常，触发 DefaultErrorHandler 的阻塞式重试（单次等待 9000ms，最多 3 次）
16:35:47.384 [org.springframework.kafka.KafkaListenerEndpointContainer#0-0-C-1] WARN  c.e.k.config.Scenario3ErrorHandlerConfig - 消息 offset=0 partition=2 第 2 次投递失败，将进行阻塞式重试等待 9000ms：Listener method 'public void com.example.kafkarebalance.listener.RetryProneEventListener.onMessage(com.example.kafkarebalance.model.DemoEvent,int,org.springframework.kafka.support.Acknowledgment)' threw exception
16:35:50.377 [kafka-coordinator-heartbeat-thread | slow-consumer-group] DEBUG o.a.k.c.consumer.internals.ConsumerCoordinator - [Consumer clientId=consumer-slow-consumer-group-1, groupId=slow-consumer-group] Sending Heartbeat request with generation 51 and member id consumer-slow-consumer-group-1-f9559d98-68f5-4dd1-b215-8ba33f6979a9 to coordinator localhost:9092 (id: 2147483646 rack: null isFenced: false)
16:35:50.483 [kafka-coordinator-heartbeat-thread | slow-consumer-group] DEBUG o.a.k.c.consumer.internals.ConsumerCoordinator - [Consumer clientId=consumer-slow-consumer-group-1, groupId=slow-consumer-group] Received successful Heartbeat response
16:35:53.402 [kafka-coordinator-heartbeat-thread | slow-consumer-group] DEBUG o.a.k.c.consumer.internals.ConsumerCoordinator - [Consumer clientId=consumer-slow-consumer-group-1, groupId=slow-consumer-group] Sending Heartbeat request with generation 51 and member id consumer-slow-consumer-group-1-f9559d98-68f5-4dd1-b215-8ba33f6979a9 to coordinator localhost:9092 (id: 2147483646 rack: null isFenced: false)
16:35:53.507 [kafka-coordinator-heartbeat-thread | slow-consumer-group] DEBUG o.a.k.c.consumer.internals.ConsumerCoordinator - [Consumer clientId=consumer-slow-consumer-group-1, groupId=slow-consumer-group] Received successful Heartbeat response
16:35:55.384 [kafka-coordinator-heartbeat-thread | slow-consumer-group] WARN  o.a.k.c.consumer.internals.ConsumerCoordinator - [Consumer clientId=consumer-slow-consumer-group-1, groupId=slow-consumer-group] consumer poll timeout has expired. This means the time between subsequent calls to poll() was longer than the configured max.poll.interval.ms, which typically implies that the poll loop is spending too much time processing messages. You can address this either by increasing max.poll.interval.ms or by reducing the maximum size of batches returned in poll() with max.poll.records.
16:35:55.384 [kafka-coordinator-heartbeat-thread | slow-consumer-group] INFO  o.a.k.c.consumer.internals.ConsumerCoordinator - [Consumer clientId=consumer-slow-consumer-group-1, groupId=slow-consumer-group] Member consumer-slow-consumer-group-1-f9559d98-68f5-4dd1-b215-8ba33f6979a9 sending LeaveGroup request to coordinator localhost:9092 (id: 2147483646 rack: null isFenced: false) due to consumer poll timeout has expired.
16:35:55.385 [kafka-coordinator-heartbeat-thread | slow-consumer-group] INFO  o.a.k.c.consumer.internals.ConsumerCoordinator - [Consumer clientId=consumer-slow-consumer-group-1, groupId=slow-consumer-group] Resetting generation and member id due to: consumer pro-actively leaving the group
16:35:55.385 [kafka-coordinator-heartbeat-thread | slow-consumer-group] INFO  o.a.k.c.consumer.internals.ConsumerCoordinator - [Consumer clientId=consumer-slow-consumer-group-1, groupId=slow-consumer-group] Request joining group due to: consumer pro-actively leaving the group
16:35:56.471 [org.springframework.kafka.KafkaListenerEndpointContainer#0-0-C-1] INFO  o.a.k.c.consumer.internals.ClassicKafkaConsumer - [Consumer clientId=consumer-slow-consumer-group-1, groupId=slow-consumer-group] Seeking to offset 0 for partition slow-events-2
16:35:56.471 [org.springframework.kafka.KafkaListenerEndpointContainer#0-0-C-1] INFO  o.s.kafka.listener.KafkaMessageListenerContainer - Record in retry and not yet recovered
16:35:56.472 [org.springframework.kafka.KafkaListenerEndpointContainer#0-0-C-1] DEBUG o.a.k.c.consumer.internals.ConsumerCoordinator - [Consumer clientId=consumer-slow-consumer-group-1, groupId=slow-consumer-group] Executing onJoinPrepare with generation -1 and memberId 
16:35:56.472 [org.springframework.kafka.KafkaListenerEndpointContainer#0-0-C-1] INFO  o.a.k.c.consumer.internals.ConsumerCoordinator - [Consumer clientId=consumer-slow-consumer-group-1, groupId=slow-consumer-group] Giving away all assigned partitions as lost since generation/memberID has been reset,indicating that consumer is in old state or no longer part of the group
16:35:56.472 [org.springframework.kafka.KafkaListenerEndpointContainer#0-0-C-1] INFO  o.a.k.c.c.i.ConsumerRebalanceListenerInvoker - [Consumer clientId=consumer-slow-consumer-group-1, groupId=slow-consumer-group] Lost previously assigned partitions [slow-events-0, slow-events-1, slow-events-2]
16:35:56.472 [org.springframework.kafka.KafkaListenerEndpointContainer#0-0-C-1] INFO  o.s.kafka.listener.KafkaMessageListenerContainer - slow-consumer-group: partitions lost: [slow-events-0, slow-events-1, slow-events-2]
16:35:56.473 [org.springframework.kafka.KafkaListenerEndpointContainer#0-0-C-1] INFO  o.s.kafka.listener.KafkaMessageListenerContainer - slow-consumer-group: partitions revoked: [slow-events-0, slow-events-1, slow-events-2]
16:35:56.473 [org.springframework.kafka.KafkaListenerEndpointContainer#0-0-C-1] INFO  o.a.k.c.consumer.internals.ConsumerCoordinator - [Consumer clientId=consumer-slow-consumer-group-1, groupId=slow-consumer-group] (Re-)joining group
16:35:56.473 [org.springframework.kafka.KafkaListenerEndpointContainer#0-0-C-1] DEBUG o.a.k.c.consumer.internals.ConsumerCoordinator - [Consumer clientId=consumer-slow-consumer-group-1, groupId=slow-consumer-group] Joining group with current subscription: [slow-events]
16:35:56.473 [org.springframework.kafka.KafkaListenerEndpointContainer#0-0-C-1] DEBUG o.a.k.c.consumer.internals.ConsumerCoordinator - [Consumer clientId=consumer-slow-consumer-group-1, groupId=slow-consumer-group] Sending JoinGroup (JoinGroupRequestData(groupId='slow-consumer-group', sessionTimeoutMs=12000, rebalanceTimeoutMs=8000, memberId='', groupInstanceId=null, protocolType='consumer', protocols=[JoinGroupRequestProtocol(name='range', metadata=[0, 3, 0, 0, 0, 1, 0, 11, 115, 108, 111, 119, 45, 101, 118, 101, 110, 116, 115, -1, -1, -1, -1, 0, 0, 0, 0, -1, -1, -1, -1, -1, -1]), JoinGroupRequestProtocol(name='cooperative-sticky', metadata=[0, 3, 0, 0, 0, 1, 0, 11, 115, 108, 111, 119, 45, 101, 118, 101, 110, 116, 115, 0, 0, 0, 4, -1, -1, -1, -1, 0, 0, 0, 0, -1, -1, -1, -1, -1, -1])], reason='consumer pro-actively leaving the group')) to coordinator localhost:9092 (id: 2147483646 rack: null isFenced: false)
16:35:56.475 [org.springframework.kafka.KafkaListenerEndpointContainer#0-0-C-1] DEBUG o.a.k.c.consumer.internals.ConsumerCoordinator - [Consumer clientId=consumer-slow-consumer-group-1, groupId=slow-consumer-group] LeaveGroup response with Generation{generationId=51, memberId='consumer-slow-consumer-group-1-f9559d98-68f5-4dd1-b215-8ba33f6979a9', protocol='range'} returned successfully: ClientResponse(receivedTimeMs=1787646956474, latencyMs=1090, disconnected=false, timedOut=false, requestHeader=RequestHeader(apiKey=LEAVE_GROUP, apiVersion=5, clientId=consumer-slow-consumer-group-1, correlationId=31, headerVersion=2), responseBody=LeaveGroupResponseData(throttleTimeMs=0, errorCode=0, members=[MemberResponse(memberId='consumer-slow-consumer-group-1-f9559d98-68f5-4dd1-b215-8ba33f6979a9', groupInstanceId=null, errorCode=0)]))
16:35:56.482 [org.springframework.kafka.KafkaListenerEndpointContainer#0-0-C-1] DEBUG o.a.k.c.consumer.internals.ConsumerCoordinator - [Consumer clientId=consumer-slow-consumer-group-1, groupId=slow-consumer-group] JoinGroup failed due to non-fatal error: MEMBER_ID_REQUIRED. Will set the member id as consumer-slow-consumer-group-1-4c402256-262e-42b9-8d73-ef0fc8e98c39 and then rejoin. Sent generation was Generation{generationId=-1, memberId='', protocol='null'}
16:35:56.482 [org.springframework.kafka.KafkaListenerEndpointContainer#0-0-C-1] INFO  o.a.k.c.consumer.internals.ConsumerCoordinator - [Consumer clientId=consumer-slow-consumer-group-1, groupId=slow-consumer-group] Request joining group due to: need to re-join with the given member-id: consumer-slow-consumer-group-1-4c402256-262e-42b9-8d73-ef0fc8e98c39
16:35:56.483 [org.springframework.kafka.KafkaListenerEndpointContainer#0-0-C-1] INFO  o.a.k.c.consumer.internals.ConsumerCoordinator - [Consumer clientId=consumer-slow-consumer-group-1, groupId=slow-consumer-group] (Re-)joining group
16:35:56.483 [org.springframework.kafka.KafkaListenerEndpointContainer#0-0-C-1] DEBUG o.a.k.c.consumer.internals.ConsumerCoordinator - [Consumer clientId=consumer-slow-consumer-group-1, groupId=slow-consumer-group] Joining group with current subscription: [slow-events]
16:35:56.483 [org.springframework.kafka.KafkaListenerEndpointContainer#0-0-C-1] DEBUG o.a.k.c.consumer.internals.ConsumerCoordinator - [Consumer clientId=consumer-slow-consumer-group-1, groupId=slow-consumer-group] Sending JoinGroup (JoinGroupRequestData(groupId='slow-consumer-group', sessionTimeoutMs=12000, rebalanceTimeoutMs=8000, memberId='consumer-slow-consumer-group-1-4c402256-262e-42b9-8d73-ef0fc8e98c39', groupInstanceId=null, protocolType='consumer', protocols=[JoinGroupRequestProtocol(name='range', metadata=[0, 3, 0, 0, 0, 1, 0, 11, 115, 108, 111, 119, 45, 101, 118, 101, 110, 116, 115, -1, -1, -1, -1, 0, 0, 0, 0, -1, -1, -1, -1, -1, -1]), JoinGroupRequestProtocol(name='cooperative-sticky', metadata=[0, 3, 0, 0, 0, 1, 0, 11, 115, 108, 111, 119, 45, 101, 118, 101, 110, 116, 115, 0, 0, 0, 4, -1, -1, -1, -1, 0, 0, 0, 0, -1, -1, -1, -1, -1, -1])], reason='need to re-join with the given member-id: consumer-slow-consumer-group-1-4c402256-262e-42b9-8d73-ef0fc8e98c39')) to coordinator localhost:9092 (id: 2147483646 rack: null isFenced: false)
16:35:56.489 [org.springframework.kafka.KafkaListenerEndpointContainer#0-0-C-1] DEBUG o.a.k.c.consumer.internals.ConsumerCoordinator - [Consumer clientId=consumer-slow-consumer-group-1, groupId=slow-consumer-group] Received successful JoinGroup response: JoinGroupResponseData(throttleTimeMs=0, errorCode=0, generationId=53, protocolType='consumer', protocolName='range', leader='consumer-slow-consumer-group-1-4c402256-262e-42b9-8d73-ef0fc8e98c39', skipAssignment=false, memberId='consumer-slow-consumer-group-1-4c402256-262e-42b9-8d73-ef0fc8e98c39', members=[JoinGroupResponseMember(memberId='consumer-slow-consumer-group-1-4c402256-262e-42b9-8d73-ef0fc8e98c39', groupInstanceId=null, metadata=[0, 3, 0, 0, 0, 1, 0, 11, 115, 108, 111, 119, 45, 101, 118, 101, 110, 116, 115, -1, -1, -1, -1, 0, 0, 0, 0, -1, -1, -1, -1, -1, -1])])
16:35:56.489 [org.springframework.kafka.KafkaListenerEndpointContainer#0-0-C-1] DEBUG o.a.k.c.consumer.internals.ConsumerCoordinator - [Consumer clientId=consumer-slow-consumer-group-1, groupId=slow-consumer-group] Enabling heartbeat thread
16:35:56.489 [org.springframework.kafka.KafkaListenerEndpointContainer#0-0-C-1] INFO  o.a.k.c.consumer.internals.ConsumerCoordinator - [Consumer clientId=consumer-slow-consumer-group-1, groupId=slow-consumer-group] Successfully joined group with generation Generation{generationId=53, memberId='consumer-slow-consumer-group-1-4c402256-262e-42b9-8d73-ef0fc8e98c39', protocol='range'}
16:35:56.490 [org.springframework.kafka.KafkaListenerEndpointContainer#0-0-C-1] DEBUG o.a.k.c.consumer.internals.ConsumerCoordinator - [Consumer clientId=consumer-slow-consumer-group-1, groupId=slow-consumer-group] Performing assignment using strategy range with subscriptions {consumer-slow-consumer-group-1-4c402256-262e-42b9-8d73-ef0fc8e98c39=Subscription(topics=[slow-events], ownedPartitions=[], groupInstanceId=null, generationId=-1, rackId=null)}
16:35:56.490 [org.springframework.kafka.KafkaListenerEndpointContainer#0-0-C-1] INFO  o.a.k.c.consumer.internals.ConsumerCoordinator - [Consumer clientId=consumer-slow-consumer-group-1, groupId=slow-consumer-group] Finished assignment for group at generation 53: {consumer-slow-consumer-group-1-4c402256-262e-42b9-8d73-ef0fc8e98c39=Assignment(partitions=[slow-events-0, slow-events-1, slow-events-2])}
16:35:56.490 [org.springframework.kafka.KafkaListenerEndpointContainer#0-0-C-1] DEBUG o.a.k.c.consumer.internals.ConsumerCoordinator - [Consumer clientId=consumer-slow-consumer-group-1, groupId=slow-consumer-group] Sending leader SyncGroup to coordinator localhost:9092 (id: 2147483646 rack: null isFenced: false): SyncGroupRequestData(groupId='slow-consumer-group', generationId=53, memberId='consumer-slow-consumer-group-1-4c402256-262e-42b9-8d73-ef0fc8e98c39', groupInstanceId=null, protocolType='consumer', protocolName='range', assignments=[SyncGroupRequestAssignment(memberId='consumer-slow-consumer-group-1-4c402256-262e-42b9-8d73-ef0fc8e98c39', assignment=[0, 3, 0, 0, 0, 1, 0, 11, 115, 108, 111, 119, 45, 101, 118, 101, 110, 116, 115, 0, 0, 0, 3, 0, 0, 0, 0, 0, 0, 0, 1, 0, 0, 0, 2, -1, -1, -1, -1])])
16:35:56.496 [org.springframework.kafka.KafkaListenerEndpointContainer#0-0-C-1] DEBUG o.a.k.c.consumer.internals.ConsumerCoordinator - [Consumer clientId=consumer-slow-consumer-group-1, groupId=slow-consumer-group] Received successful SyncGroup response: SyncGroupResponseData(throttleTimeMs=0, errorCode=0, protocolType='consumer', protocolName='range', assignment=[0, 3, 0, 0, 0, 1, 0, 11, 115, 108, 111, 119, 45, 101, 118, 101, 110, 116, 115, 0, 0, 0, 3, 0, 0, 0, 0, 0, 0, 0, 1, 0, 0, 0, 2, -1, -1, -1, -1])
16:35:56.496 [org.springframework.kafka.KafkaListenerEndpointContainer#0-0-C-1] INFO  o.a.k.c.consumer.internals.ConsumerCoordinator - [Consumer clientId=consumer-slow-consumer-group-1, groupId=slow-consumer-group] Successfully synced group in generation Generation{generationId=53, memberId='consumer-slow-consumer-group-1-4c402256-262e-42b9-8d73-ef0fc8e98c39', protocol='range'}
16:35:56.496 [org.springframework.kafka.KafkaListenerEndpointContainer#0-0-C-1] DEBUG o.a.k.c.consumer.internals.ConsumerCoordinator - [Consumer clientId=consumer-slow-consumer-group-1, groupId=slow-consumer-group] Executing onJoinComplete with generation 53 and memberId consumer-slow-consumer-group-1-4c402256-262e-42b9-8d73-ef0fc8e98c39
16:35:56.497 [org.springframework.kafka.KafkaListenerEndpointContainer#0-0-C-1] INFO  o.a.k.c.consumer.internals.ConsumerCoordinator - [Consumer clientId=consumer-slow-consumer-group-1, groupId=slow-consumer-group] Notifying assignor about the new Assignment(partitions=[slow-events-0, slow-events-1, slow-events-2])
16:35:56.497 [org.springframework.kafka.KafkaListenerEndpointContainer#0-0-C-1] INFO  o.a.k.c.c.i.ConsumerRebalanceListenerInvoker - [Consumer clientId=consumer-slow-consumer-group-1, groupId=slow-consumer-group] Adding newly assigned partitions: [slow-events-0, slow-events-1, slow-events-2]
16:35:56.497 [org.springframework.kafka.KafkaListenerEndpointContainer#0-0-C-1] DEBUG o.a.k.c.consumer.internals.ConsumerCoordinator - [Consumer clientId=consumer-slow-consumer-group-1, groupId=slow-consumer-group] Fetching committed offsets for partitions: [slow-events-2, slow-events-1, slow-events-0]
16:35:56.501 [org.springframework.kafka.KafkaListenerEndpointContainer#0-0-C-1] INFO  o.a.k.c.consumer.internals.ConsumerCoordinator - [Consumer clientId=consumer-slow-consumer-group-1, groupId=slow-consumer-group] Found no committed offset for partition slow-events-2
16:35:56.501 [org.springframework.kafka.KafkaListenerEndpointContainer#0-0-C-1] INFO  o.a.k.c.consumer.internals.ConsumerCoordinator - [Consumer clientId=consumer-slow-consumer-group-1, groupId=slow-consumer-group] Found no committed offset for partition slow-events-1
16:35:56.501 [org.springframework.kafka.KafkaListenerEndpointContainer#0-0-C-1] INFO  o.a.k.c.consumer.internals.ConsumerCoordinator - [Consumer clientId=consumer-slow-consumer-group-1, groupId=slow-consumer-group] Found no committed offset for partition slow-events-0
16:35:56.503 [org.springframework.kafka.KafkaListenerEndpointContainer#0-0-C-1] INFO  o.a.k.clients.consumer.internals.SubscriptionState - [Consumer clientId=consumer-slow-consumer-group-1, groupId=slow-consumer-group] Resetting offset for partition slow-events-2 to position FetchPosition{offset=0, offsetEpoch=Optional.empty, currentLeader=LeaderAndEpoch{leader=Optional[localhost:9092 (id: 1 rack: null isFenced: false)], epoch=0}}.
16:35:56.503 [org.springframework.kafka.KafkaListenerEndpointContainer#0-0-C-1] INFO  o.a.k.clients.consumer.internals.SubscriptionState - [Consumer clientId=consumer-slow-consumer-group-1, groupId=slow-consumer-group] Resetting offset for partition slow-events-1 to position FetchPosition{offset=0, offsetEpoch=Optional.empty, currentLeader=LeaderAndEpoch{leader=Optional[localhost:9092 (id: 1 rack: null isFenced: false)], epoch=0}}.
16:35:56.504 [org.springframework.kafka.KafkaListenerEndpointContainer#0-0-C-1] INFO  o.a.k.clients.consumer.internals.SubscriptionState - [Consumer clientId=consumer-slow-consumer-group-1, groupId=slow-consumer-group] Resetting offset for partition slow-events-0 to position FetchPosition{offset=0, offsetEpoch=Optional.empty, currentLeader=LeaderAndEpoch{leader=Optional[localhost:9092 (id: 1 rack: null isFenced: false)], epoch=0}}.
16:35:56.504 [org.springframework.kafka.KafkaListenerEndpointContainer#0-0-C-1] INFO  o.s.kafka.listener.KafkaMessageListenerContainer - slow-consumer-group: partitions assigned: [slow-events-0, slow-events-1, slow-events-2]
16:35:56.509 [org.springframework.kafka.KafkaListenerEndpointContainer#0-0-C-1] DEBUG o.s.kafka.listener.KafkaMessageListenerContainer - Received: 10 records
16:35:56.509 [org.springframework.kafka.KafkaListenerEndpointContainer#0-0-C-1] DEBUG o.s.k.l.a.RecordMessagingMessageListenerAdapter - Processing [GenericMessage [payload=DemoEvent(id=b76586fa-296a-4e38-b1b0-d859f02f5778, payload=demo-event-0, slow=false, retryTrigger=true, createdAt=2026-08-25T08:35:38.254504Z), headers={kafka_offset=0, kafka_consumer=org.springframework.kafka.core.DefaultKafkaConsumerFactory$ExtendedKafkaConsumer@582c7c97, kafka_timestampType=CREATE_TIME, kafka_receivedPartitionId=2, kafka_receivedMessageKey=0, kafka_receivedTopic=slow-events, kafka_receivedTimestamp=1787646938293, kafka_acknowledgment=Acknowledgment for slow-events-2@0, kafka_groupId=slow-consumer-group}]]
16:35:56.509 [org.springframework.kafka.KafkaListenerEndpointContainer#0-0-C-1] INFO  c.e.k.listener.RetryProneEventListener - 收到消息 id=b76586fa-296a-4e38-b1b0-d859f02f5778 partition=2 retryTrigger=true
16:35:56.509 [org.springframework.kafka.KafkaListenerEndpointContainer#0-0-C-1] ERROR c.e.k.listener.RetryProneEventListener - 模拟处理失败：id=b76586fa-296a-4e38-b1b0-d859f02f5778，将抛出可重试异常，触发 DefaultErrorHandler 的阻塞式重试（单次等待 9000ms，最多 3 次）
16:35:56.509 [org.springframework.kafka.KafkaListenerEndpointContainer#0-0-C-1] WARN  c.e.k.config.Scenario3ErrorHandlerConfig - 消息 offset=0 partition=2 第 3 次投递失败，将进行阻塞式重试等待 9000ms：Listener method 'public void com.example.kafkarebalance.listener.RetryProneEventListener.onMessage(com.example.kafkarebalance.model.DemoEvent,int,org.springframework.kafka.support.Acknowledgment)' threw exception
16:35:59.498 [kafka-coordinator-heartbeat-thread | slow-consumer-group] DEBUG o.a.k.c.consumer.internals.ConsumerCoordinator - [Consumer clientId=consumer-slow-consumer-group-1, groupId=slow-consumer-group] Sending Heartbeat request with generation 53 and member id consumer-slow-consumer-group-1-4c402256-262e-42b9-8d73-ef0fc8e98c39 to coordinator localhost:9092 (id: 2147483646 rack: null isFenced: false)
16:35:59.602 [kafka-coordinator-heartbeat-thread | slow-consumer-group] DEBUG o.a.k.c.consumer.internals.ConsumerCoordinator - [Consumer clientId=consumer-slow-consumer-group-1, groupId=slow-consumer-group] Received successful Heartbeat response
16:36:02.505 [kafka-coordinator-heartbeat-thread | slow-consumer-group] DEBUG o.a.k.c.consumer.internals.ConsumerCoordinator - [Consumer clientId=consumer-slow-consumer-group-1, groupId=slow-consumer-group] Sending Heartbeat request with generation 53 and member id consumer-slow-consumer-group-1-4c402256-262e-42b9-8d73-ef0fc8e98c39 to coordinator localhost:9092 (id: 2147483646 rack: null isFenced: false)
16:36:02.612 [kafka-coordinator-heartbeat-thread | slow-consumer-group] DEBUG o.a.k.c.consumer.internals.ConsumerCoordinator - [Consumer clientId=consumer-slow-consumer-group-1, groupId=slow-consumer-group] Received successful Heartbeat response
16:36:04.577 [kafka-coordinator-heartbeat-thread | slow-consumer-group] WARN  o.a.k.c.consumer.internals.ConsumerCoordinator - [Consumer clientId=consumer-slow-consumer-group-1, groupId=slow-consumer-group] consumer poll timeout has expired. This means the time between subsequent calls to poll() was longer than the configured max.poll.interval.ms, which typically implies that the poll loop is spending too much time processing messages. You can address this either by increasing max.poll.interval.ms or by reducing the maximum size of batches returned in poll() with max.poll.records.
16:36:04.577 [kafka-coordinator-heartbeat-thread | slow-consumer-group] INFO  o.a.k.c.consumer.internals.ConsumerCoordinator - [Consumer clientId=consumer-slow-consumer-group-1, groupId=slow-consumer-group] Member consumer-slow-consumer-group-1-4c402256-262e-42b9-8d73-ef0fc8e98c39 sending LeaveGroup request to coordinator localhost:9092 (id: 2147483646 rack: null isFenced: false) due to consumer poll timeout has expired.
16:36:04.579 [kafka-coordinator-heartbeat-thread | slow-consumer-group] INFO  o.a.k.c.consumer.internals.ConsumerCoordinator - [Consumer clientId=consumer-slow-consumer-group-1, groupId=slow-consumer-group] Resetting generation and member id due to: consumer pro-actively leaving the group
16:36:04.579 [kafka-coordinator-heartbeat-thread | slow-consumer-group] INFO  o.a.k.c.consumer.internals.ConsumerCoordinator - [Consumer clientId=consumer-slow-consumer-group-1, groupId=slow-consumer-group] Request joining group due to: consumer pro-actively leaving the group
16:36:05.605 [org.springframework.kafka.KafkaListenerEndpointContainer#0-0-C-1] INFO  o.a.k.c.consumer.internals.ClassicKafkaConsumer - [Consumer clientId=consumer-slow-consumer-group-1, groupId=slow-consumer-group] Seeking to offset 0 for partition slow-events-2
16:36:05.606 [org.springframework.kafka.KafkaListenerEndpointContainer#0-0-C-1] INFO  o.s.kafka.listener.KafkaMessageListenerContainer - Record in retry and not yet recovered
16:36:05.606 [org.springframework.kafka.KafkaListenerEndpointContainer#0-0-C-1] DEBUG o.a.k.c.consumer.internals.ConsumerCoordinator - [Consumer clientId=consumer-slow-consumer-group-1, groupId=slow-consumer-group] Executing onJoinPrepare with generation -1 and memberId 
16:36:05.606 [org.springframework.kafka.KafkaListenerEndpointContainer#0-0-C-1] INFO  o.a.k.c.consumer.internals.ConsumerCoordinator - [Consumer clientId=consumer-slow-consumer-group-1, groupId=slow-consumer-group] Giving away all assigned partitions as lost since generation/memberID has been reset,indicating that consumer is in old state or no longer part of the group
16:36:05.606 [org.springframework.kafka.KafkaListenerEndpointContainer#0-0-C-1] INFO  o.a.k.c.c.i.ConsumerRebalanceListenerInvoker - [Consumer clientId=consumer-slow-consumer-group-1, groupId=slow-consumer-group] Lost previously assigned partitions [slow-events-0, slow-events-1, slow-events-2]
16:36:05.607 [org.springframework.kafka.KafkaListenerEndpointContainer#0-0-C-1] INFO  o.s.kafka.listener.KafkaMessageListenerContainer - slow-consumer-group: partitions lost: [slow-events-0, slow-events-1, slow-events-2]
16:36:05.607 [org.springframework.kafka.KafkaListenerEndpointContainer#0-0-C-1] INFO  o.s.kafka.listener.KafkaMessageListenerContainer - slow-consumer-group: partitions revoked: [slow-events-0, slow-events-1, slow-events-2]
16:36:05.607 [org.springframework.kafka.KafkaListenerEndpointContainer#0-0-C-1] INFO  o.a.k.c.consumer.internals.ConsumerCoordinator - [Consumer clientId=consumer-slow-consumer-group-1, groupId=slow-consumer-group] (Re-)joining group
16:36:05.607 [org.springframework.kafka.KafkaListenerEndpointContainer#0-0-C-1] DEBUG o.a.k.c.consumer.internals.ConsumerCoordinator - [Consumer clientId=consumer-slow-consumer-group-1, groupId=slow-consumer-group] Joining group with current subscription: [slow-events]
16:36:05.607 [org.springframework.kafka.KafkaListenerEndpointContainer#0-0-C-1] DEBUG o.a.k.c.consumer.internals.ConsumerCoordinator - [Consumer clientId=consumer-slow-consumer-group-1, groupId=slow-consumer-group] Sending JoinGroup (JoinGroupRequestData(groupId='slow-consumer-group', sessionTimeoutMs=12000, rebalanceTimeoutMs=8000, memberId='', groupInstanceId=null, protocolType='consumer', protocols=[JoinGroupRequestProtocol(name='range', metadata=[0, 3, 0, 0, 0, 1, 0, 11, 115, 108, 111, 119, 45, 101, 118, 101, 110, 116, 115, -1, -1, -1, -1, 0, 0, 0, 0, -1, -1, -1, -1, -1, -1]), JoinGroupRequestProtocol(name='cooperative-sticky', metadata=[0, 3, 0, 0, 0, 1, 0, 11, 115, 108, 111, 119, 45, 101, 118, 101, 110, 116, 115, 0, 0, 0, 4, -1, -1, -1, -1, 0, 0, 0, 0, -1, -1, -1, -1, -1, -1])], reason='consumer pro-actively leaving the group')) to coordinator localhost:9092 (id: 2147483646 rack: null isFenced: false)
16:36:05.610 [org.springframework.kafka.KafkaListenerEndpointContainer#0-0-C-1] DEBUG o.a.k.c.consumer.internals.ConsumerCoordinator - [Consumer clientId=consumer-slow-consumer-group-1, groupId=slow-consumer-group] LeaveGroup response with Generation{generationId=53, memberId='consumer-slow-consumer-group-1-4c402256-262e-42b9-8d73-ef0fc8e98c39', protocol='range'} returned successfully: ClientResponse(receivedTimeMs=1787646965609, latencyMs=1032, disconnected=false, timedOut=false, requestHeader=RequestHeader(apiKey=LEAVE_GROUP, apiVersion=5, clientId=consumer-slow-consumer-group-1, correlationId=40, headerVersion=2), responseBody=LeaveGroupResponseData(throttleTimeMs=0, errorCode=0, members=[MemberResponse(memberId='consumer-slow-consumer-group-1-4c402256-262e-42b9-8d73-ef0fc8e98c39', groupInstanceId=null, errorCode=0)]))
16:36:05.618 [org.springframework.kafka.KafkaListenerEndpointContainer#0-0-C-1] DEBUG o.a.k.c.consumer.internals.ConsumerCoordinator - [Consumer clientId=consumer-slow-consumer-group-1, groupId=slow-consumer-group] JoinGroup failed due to non-fatal error: MEMBER_ID_REQUIRED. Will set the member id as consumer-slow-consumer-group-1-1057b25d-5bbd-4cca-a20f-ada5a6ff2cf5 and then rejoin. Sent generation was Generation{generationId=-1, memberId='', protocol='null'}
16:36:05.618 [org.springframework.kafka.KafkaListenerEndpointContainer#0-0-C-1] INFO  o.a.k.c.consumer.internals.ConsumerCoordinator - [Consumer clientId=consumer-slow-consumer-group-1, groupId=slow-consumer-group] Request joining group due to: need to re-join with the given member-id: consumer-slow-consumer-group-1-1057b25d-5bbd-4cca-a20f-ada5a6ff2cf5
16:36:05.619 [org.springframework.kafka.KafkaListenerEndpointContainer#0-0-C-1] INFO  o.a.k.c.consumer.internals.ConsumerCoordinator - [Consumer clientId=consumer-slow-consumer-group-1, groupId=slow-consumer-group] (Re-)joining group
16:36:05.619 [org.springframework.kafka.KafkaListenerEndpointContainer#0-0-C-1] DEBUG o.a.k.c.consumer.internals.ConsumerCoordinator - [Consumer clientId=consumer-slow-consumer-group-1, groupId=slow-consumer-group] Joining group with current subscription: [slow-events]
16:36:05.619 [org.springframework.kafka.KafkaListenerEndpointContainer#0-0-C-1] DEBUG o.a.k.c.consumer.internals.ConsumerCoordinator - [Consumer clientId=consumer-slow-consumer-group-1, groupId=slow-consumer-group] Sending JoinGroup (JoinGroupRequestData(groupId='slow-consumer-group', sessionTimeoutMs=12000, rebalanceTimeoutMs=8000, memberId='consumer-slow-consumer-group-1-1057b25d-5bbd-4cca-a20f-ada5a6ff2cf5', groupInstanceId=null, protocolType='consumer', protocols=[JoinGroupRequestProtocol(name='range', metadata=[0, 3, 0, 0, 0, 1, 0, 11, 115, 108, 111, 119, 45, 101, 118, 101, 110, 116, 115, -1, -1, -1, -1, 0, 0, 0, 0, -1, -1, -1, -1, -1, -1]), JoinGroupRequestProtocol(name='cooperative-sticky', metadata=[0, 3, 0, 0, 0, 1, 0, 11, 115, 108, 111, 119, 45, 101, 118, 101, 110, 116, 115, 0, 0, 0, 4, -1, -1, -1, -1, 0, 0, 0, 0, -1, -1, -1, -1, -1, -1])], reason='need to re-join with the given member-id: consumer-slow-consumer-group-1-1057b25d-5bbd-4cca-a20f-ada5a6ff2cf5')) to coordinator localhost:9092 (id: 2147483646 rack: null isFenced: false)
16:36:05.627 [org.springframework.kafka.KafkaListenerEndpointContainer#0-0-C-1] DEBUG o.a.k.c.consumer.internals.ConsumerCoordinator - [Consumer clientId=consumer-slow-consumer-group-1, groupId=slow-consumer-group] Received successful JoinGroup response: JoinGroupResponseData(throttleTimeMs=0, errorCode=0, generationId=55, protocolType='consumer', protocolName='range', leader='consumer-slow-consumer-group-1-1057b25d-5bbd-4cca-a20f-ada5a6ff2cf5', skipAssignment=false, memberId='consumer-slow-consumer-group-1-1057b25d-5bbd-4cca-a20f-ada5a6ff2cf5', members=[JoinGroupResponseMember(memberId='consumer-slow-consumer-group-1-1057b25d-5bbd-4cca-a20f-ada5a6ff2cf5', groupInstanceId=null, metadata=[0, 3, 0, 0, 0, 1, 0, 11, 115, 108, 111, 119, 45, 101, 118, 101, 110, 116, 115, -1, -1, -1, -1, 0, 0, 0, 0, -1, -1, -1, -1, -1, -1])])
16:36:05.627 [org.springframework.kafka.KafkaListenerEndpointContainer#0-0-C-1] DEBUG o.a.k.c.consumer.internals.ConsumerCoordinator - [Consumer clientId=consumer-slow-consumer-group-1, groupId=slow-consumer-group] Enabling heartbeat thread
16:36:05.627 [org.springframework.kafka.KafkaListenerEndpointContainer#0-0-C-1] INFO  o.a.k.c.consumer.internals.ConsumerCoordinator - [Consumer clientId=consumer-slow-consumer-group-1, groupId=slow-consumer-group] Successfully joined group with generation Generation{generationId=55, memberId='consumer-slow-consumer-group-1-1057b25d-5bbd-4cca-a20f-ada5a6ff2cf5', protocol='range'}
16:36:05.628 [org.springframework.kafka.KafkaListenerEndpointContainer#0-0-C-1] DEBUG o.a.k.c.consumer.internals.ConsumerCoordinator - [Consumer clientId=consumer-slow-consumer-group-1, groupId=slow-consumer-group] Performing assignment using strategy range with subscriptions {consumer-slow-consumer-group-1-1057b25d-5bbd-4cca-a20f-ada5a6ff2cf5=Subscription(topics=[slow-events], ownedPartitions=[], groupInstanceId=null, generationId=-1, rackId=null)}
16:36:05.628 [org.springframework.kafka.KafkaListenerEndpointContainer#0-0-C-1] INFO  o.a.k.c.consumer.internals.ConsumerCoordinator - [Consumer clientId=consumer-slow-consumer-group-1, groupId=slow-consumer-group] Finished assignment for group at generation 55: {consumer-slow-consumer-group-1-1057b25d-5bbd-4cca-a20f-ada5a6ff2cf5=Assignment(partitions=[slow-events-0, slow-events-1, slow-events-2])}
16:36:05.628 [org.springframework.kafka.KafkaListenerEndpointContainer#0-0-C-1] DEBUG o.a.k.c.consumer.internals.ConsumerCoordinator - [Consumer clientId=consumer-slow-consumer-group-1, groupId=slow-consumer-group] Sending leader SyncGroup to coordinator localhost:9092 (id: 2147483646 rack: null isFenced: false): SyncGroupRequestData(groupId='slow-consumer-group', generationId=55, memberId='consumer-slow-consumer-group-1-1057b25d-5bbd-4cca-a20f-ada5a6ff2cf5', groupInstanceId=null, protocolType='consumer', protocolName='range', assignments=[SyncGroupRequestAssignment(memberId='consumer-slow-consumer-group-1-1057b25d-5bbd-4cca-a20f-ada5a6ff2cf5', assignment=[0, 3, 0, 0, 0, 1, 0, 11, 115, 108, 111, 119, 45, 101, 118, 101, 110, 116, 115, 0, 0, 0, 3, 0, 0, 0, 0, 0, 0, 0, 1, 0, 0, 0, 2, -1, -1, -1, -1])])
16:36:05.634 [org.springframework.kafka.KafkaListenerEndpointContainer#0-0-C-1] DEBUG o.a.k.c.consumer.internals.ConsumerCoordinator - [Consumer clientId=consumer-slow-consumer-group-1, groupId=slow-consumer-group] Received successful SyncGroup response: SyncGroupResponseData(throttleTimeMs=0, errorCode=0, protocolType='consumer', protocolName='range', assignment=[0, 3, 0, 0, 0, 1, 0, 11, 115, 108, 111, 119, 45, 101, 118, 101, 110, 116, 115, 0, 0, 0, 3, 0, 0, 0, 0, 0, 0, 0, 1, 0, 0, 0, 2, -1, -1, -1, -1])
16:36:05.634 [org.springframework.kafka.KafkaListenerEndpointContainer#0-0-C-1] INFO  o.a.k.c.consumer.internals.ConsumerCoordinator - [Consumer clientId=consumer-slow-consumer-group-1, groupId=slow-consumer-group] Successfully synced group in generation Generation{generationId=55, memberId='consumer-slow-consumer-group-1-1057b25d-5bbd-4cca-a20f-ada5a6ff2cf5', protocol='range'}
16:36:05.634 [org.springframework.kafka.KafkaListenerEndpointContainer#0-0-C-1] DEBUG o.a.k.c.consumer.internals.ConsumerCoordinator - [Consumer clientId=consumer-slow-consumer-group-1, groupId=slow-consumer-group] Executing onJoinComplete with generation 55 and memberId consumer-slow-consumer-group-1-1057b25d-5bbd-4cca-a20f-ada5a6ff2cf5
16:36:05.634 [org.springframework.kafka.KafkaListenerEndpointContainer#0-0-C-1] INFO  o.a.k.c.consumer.internals.ConsumerCoordinator - [Consumer clientId=consumer-slow-consumer-group-1, groupId=slow-consumer-group] Notifying assignor about the new Assignment(partitions=[slow-events-0, slow-events-1, slow-events-2])
16:36:05.634 [org.springframework.kafka.KafkaListenerEndpointContainer#0-0-C-1] INFO  o.a.k.c.c.i.ConsumerRebalanceListenerInvoker - [Consumer clientId=consumer-slow-consumer-group-1, groupId=slow-consumer-group] Adding newly assigned partitions: [slow-events-0, slow-events-1, slow-events-2]
16:36:05.634 [org.springframework.kafka.KafkaListenerEndpointContainer#0-0-C-1] DEBUG o.a.k.c.consumer.internals.ConsumerCoordinator - [Consumer clientId=consumer-slow-consumer-group-1, groupId=slow-consumer-group] Fetching committed offsets for partitions: [slow-events-2, slow-events-1, slow-events-0]
16:36:05.636 [org.springframework.kafka.KafkaListenerEndpointContainer#0-0-C-1] INFO  o.a.k.c.consumer.internals.ConsumerCoordinator - [Consumer clientId=consumer-slow-consumer-group-1, groupId=slow-consumer-group] Found no committed offset for partition slow-events-2
16:36:05.637 [org.springframework.kafka.KafkaListenerEndpointContainer#0-0-C-1] INFO  o.a.k.c.consumer.internals.ConsumerCoordinator - [Consumer clientId=consumer-slow-consumer-group-1, groupId=slow-consumer-group] Found no committed offset for partition slow-events-1
16:36:05.637 [org.springframework.kafka.KafkaListenerEndpointContainer#0-0-C-1] INFO  o.a.k.c.consumer.internals.ConsumerCoordinator - [Consumer clientId=consumer-slow-consumer-group-1, groupId=slow-consumer-group] Found no committed offset for partition slow-events-0
16:36:05.639 [org.springframework.kafka.KafkaListenerEndpointContainer#0-0-C-1] INFO  o.a.k.clients.consumer.internals.SubscriptionState - [Consumer clientId=consumer-slow-consumer-group-1, groupId=slow-consumer-group] Resetting offset for partition slow-events-2 to position FetchPosition{offset=0, offsetEpoch=Optional.empty, currentLeader=LeaderAndEpoch{leader=Optional[localhost:9092 (id: 1 rack: null isFenced: false)], epoch=0}}.
16:36:05.639 [org.springframework.kafka.KafkaListenerEndpointContainer#0-0-C-1] INFO  o.a.k.clients.consumer.internals.SubscriptionState - [Consumer clientId=consumer-slow-consumer-group-1, groupId=slow-consumer-group] Resetting offset for partition slow-events-1 to position FetchPosition{offset=0, offsetEpoch=Optional.empty, currentLeader=LeaderAndEpoch{leader=Optional[localhost:9092 (id: 1 rack: null isFenced: false)], epoch=0}}.
16:36:05.639 [org.springframework.kafka.KafkaListenerEndpointContainer#0-0-C-1] INFO  o.a.k.clients.consumer.internals.SubscriptionState - [Consumer clientId=consumer-slow-consumer-group-1, groupId=slow-consumer-group] Resetting offset for partition slow-events-0 to position FetchPosition{offset=0, offsetEpoch=Optional.empty, currentLeader=LeaderAndEpoch{leader=Optional[localhost:9092 (id: 1 rack: null isFenced: false)], epoch=0}}.
16:36:05.639 [org.springframework.kafka.KafkaListenerEndpointContainer#0-0-C-1] INFO  o.s.kafka.listener.KafkaMessageListenerContainer - slow-consumer-group: partitions assigned: [slow-events-0, slow-events-1, slow-events-2]
16:36:05.643 [org.springframework.kafka.KafkaListenerEndpointContainer#0-0-C-1] DEBUG o.s.kafka.listener.KafkaMessageListenerContainer - Received: 10 records
16:36:05.643 [org.springframework.kafka.KafkaListenerEndpointContainer#0-0-C-1] DEBUG o.s.k.l.a.RecordMessagingMessageListenerAdapter - Processing [GenericMessage [payload=DemoEvent(id=b76586fa-296a-4e38-b1b0-d859f02f5778, payload=demo-event-0, slow=false, retryTrigger=true, createdAt=2026-08-25T08:35:38.254504Z), headers={kafka_offset=0, kafka_consumer=org.springframework.kafka.core.DefaultKafkaConsumerFactory$ExtendedKafkaConsumer@582c7c97, kafka_timestampType=CREATE_TIME, kafka_receivedPartitionId=2, kafka_receivedMessageKey=0, kafka_receivedTopic=slow-events, kafka_receivedTimestamp=1787646938293, kafka_acknowledgment=Acknowledgment for slow-events-2@0, kafka_groupId=slow-consumer-group}]]
16:36:05.644 [org.springframework.kafka.KafkaListenerEndpointContainer#0-0-C-1] INFO  c.e.k.listener.RetryProneEventListener - 收到消息 id=b76586fa-296a-4e38-b1b0-d859f02f5778 partition=2 retryTrigger=true
16:36:05.644 [org.springframework.kafka.KafkaListenerEndpointContainer#0-0-C-1] ERROR c.e.k.listener.RetryProneEventListener - 模拟处理失败：id=b76586fa-296a-4e38-b1b0-d859f02f5778，将抛出可重试异常，触发 DefaultErrorHandler 的阻塞式重试（单次等待 9000ms，最多 3 次）
16:36:05.644 [org.springframework.kafka.KafkaListenerEndpointContainer#0-0-C-1] WARN  c.e.k.config.Scenario3ErrorHandlerConfig - 消息 offset=0 partition=2 第 4 次投递失败，将进行阻塞式重试等待 9000ms：Listener method 'public void com.example.kafkarebalance.listener.RetryProneEventListener.onMessage(com.example.kafkarebalance.model.DemoEvent,int,org.springframework.kafka.support.Acknowledgment)' threw exception
16:36:05.645 [org.springframework.kafka.KafkaListenerEndpointContainer#0-0-C-1] ERROR o.s.kafka.listener.DefaultErrorHandler - Backoff FixedBackOffExecution[interval=9000, currentAttempts=4, maxAttempts=3] exhausted for slow-events-2@0
org.springframework.kafka.listener.ListenerExecutionFailedException: Listener method 'public void com.example.kafkarebalance.listener.RetryProneEventListener.onMessage(com.example.kafkarebalance.model.DemoEvent,int,org.springframework.kafka.support.Acknowledgment)' threw exception
	at org.springframework.kafka.listener.KafkaMessageListenerContainer$ListenerConsumer.decorateException(KafkaMessageListenerContainer.java:3090)
	at org.springframework.kafka.listener.KafkaMessageListenerContainer$ListenerConsumer.doInvokeOnMessage(KafkaMessageListenerContainer.java:2961)
	at org.springframework.kafka.listener.KafkaMessageListenerContainer$ListenerConsumer.invokeOnMessage(KafkaMessageListenerContainer.java:2927)
	at org.springframework.kafka.listener.KafkaMessageListenerContainer$ListenerConsumer.doInvokeRecordListener(KafkaMessageListenerContainer.java:2837)
	at org.springframework.kafka.listener.KafkaMessageListenerContainer$ListenerConsumer.doInvokeWithRecords(KafkaMessageListenerContainer.java:2679)
	at org.springframework.kafka.listener.KafkaMessageListenerContainer$ListenerConsumer.invokeRecordListener(KafkaMessageListenerContainer.java:2573)
	at org.springframework.kafka.listener.KafkaMessageListenerContainer$ListenerConsumer.invokeListener(KafkaMessageListenerContainer.java:2204)
	at org.springframework.kafka.listener.KafkaMessageListenerContainer$ListenerConsumer.invokeIfHaveRecords(KafkaMessageListenerContainer.java:1559)
	at org.springframework.kafka.listener.KafkaMessageListenerContainer$ListenerConsumer.pollAndInvoke(KafkaMessageListenerContainer.java:1499)
	at org.springframework.kafka.listener.KafkaMessageListenerContainer$ListenerConsumer.run(KafkaMessageListenerContainer.java:1368)
	at java.base/java.util.concurrent.CompletableFuture$AsyncRun.run(CompletableFuture.java:1825)
	at java.base/java.lang.Thread.run(Thread.java:1474)
	Suppressed: org.springframework.kafka.listener.ListenerExecutionFailedException: Restored Stack Trace
		at org.springframework.kafka.listener.adapter.MessagingMessageListenerAdapter.invokeHandler(MessagingMessageListenerAdapter.java:513)
		at org.springframework.kafka.listener.adapter.MessagingMessageListenerAdapter.invoke(MessagingMessageListenerAdapter.java:425)
		at org.springframework.kafka.listener.adapter.RecordMessagingMessageListenerAdapter.onMessage(RecordMessagingMessageListenerAdapter.java:92)
		at org.springframework.kafka.listener.adapter.RecordMessagingMessageListenerAdapter.onMessage(RecordMessagingMessageListenerAdapter.java:52)
		at org.springframework.kafka.listener.KafkaMessageListenerContainer$ListenerConsumer.doInvokeOnMessage(KafkaMessageListenerContainer.java:2948)
Caused by: com.example.kafkarebalance.listener.TransientProcessingException: 模拟瞬时处理失败 id=b76586fa-296a-4e38-b1b0-d859f02f5778
	at com.example.kafkarebalance.listener.RetryProneEventListener.onMessage(RetryProneEventListener.kt:54)
	at java.base/jdk.internal.reflect.DirectMethodHandleAccessor.invoke(DirectMethodHandleAccessor.java:104)
	at java.base/java.lang.reflect.Method.invoke(Method.java:565)
	at org.springframework.messaging.handler.invocation.InvocableHandlerMethod.doInvoke(InvocableHandlerMethod.java:168)
	at org.springframework.kafka.listener.adapter.KotlinAwareInvocableHandlerMethod.doInvoke(KotlinAwareInvocableHandlerMethod.java:48)
	at org.springframework.messaging.handler.invocation.InvocableHandlerMethod.invoke(InvocableHandlerMethod.java:119)
	at org.springframework.kafka.listener.adapter.HandlerAdapter.invoke(HandlerAdapter.java:80)
	at org.springframework.kafka.listener.adapter.MessagingMessageListenerAdapter.invokeHandler(MessagingMessageListenerAdapter.java:488)
	at org.springframework.kafka.listener.adapter.MessagingMessageListenerAdapter.invoke(MessagingMessageListenerAdapter.java:425)
	at org.springframework.kafka.listener.adapter.RecordMessagingMessageListenerAdapter.onMessage(RecordMessagingMessageListenerAdapter.java:92)
	at org.springframework.kafka.listener.adapter.RecordMessagingMessageListenerAdapter.onMessage(RecordMessagingMessageListenerAdapter.java:52)
	at org.springframework.kafka.listener.KafkaMessageListenerContainer$ListenerConsumer.doInvokeOnMessage(KafkaMessageListenerContainer.java:2948)
	... 10 common frames omitted
16:36:05.646 [org.springframework.kafka.KafkaListenerEndpointContainer#0-0-C-1] DEBUG o.s.kafka.listener.DefaultErrorHandler - Skipping seek of: slow-events-2@0
16:36:05.646 [org.springframework.kafka.KafkaListenerEndpointContainer#0-0-C-1] INFO  o.a.k.c.consumer.internals.ClassicKafkaConsumer - [Consumer clientId=consumer-slow-consumer-group-1, groupId=slow-consumer-group] Seeking to offset 1 for partition slow-events-2
16:36:05.650 [org.springframework.kafka.KafkaListenerEndpointContainer#0-0-C-1] DEBUG o.s.kafka.listener.KafkaMessageListenerContainer - Received: 10 records
16:36:05.650 [org.springframework.kafka.KafkaListenerEndpointContainer#0-0-C-1] DEBUG o.s.k.l.a.RecordMessagingMessageListenerAdapter - Processing [GenericMessage [payload=DemoEvent(id=777dcdfa-cd86-4ef7-8a1f-0199dcfb7fd1, payload=demo-event-1, slow=false, retryTrigger=false, createdAt=2026-08-25T08:35:38.358882Z), headers={kafka_offset=1, kafka_consumer=org.springframework.kafka.core.DefaultKafkaConsumerFactory$ExtendedKafkaConsumer@582c7c97, kafka_timestampType=CREATE_TIME, kafka_receivedPartitionId=2, kafka_receivedMessageKey=0, kafka_receivedTopic=slow-events, kafka_receivedTimestamp=1787646938358, kafka_acknowledgment=Acknowledgment for slow-events-2@1, kafka_groupId=slow-consumer-group}]]
16:36:05.650 [org.springframework.kafka.KafkaListenerEndpointContainer#0-0-C-1] INFO  c.e.k.listener.RetryProneEventListener - 收到消息 id=777dcdfa-cd86-4ef7-8a1f-0199dcfb7fd1 partition=2 retryTrigger=false
16:36:05.856 [org.springframework.kafka.KafkaListenerEndpointContainer#0-0-C-1] DEBUG o.s.kafka.listener.KafkaMessageListenerContainer - Committing: {slow-events-2=OffsetAndMetadata{offset=2, leaderEpoch=null, metadata=''}}
16:36:05.863 [org.springframework.kafka.KafkaListenerEndpointContainer#0-0-C-1] DEBUG o.a.k.c.consumer.internals.ConsumerCoordinator - [Consumer clientId=consumer-slow-consumer-group-1, groupId=slow-consumer-group] Committed offset 2 for partition slow-events-2
16:36:05.863 [org.springframework.kafka.KafkaListenerEndpointContainer#0-0-C-1] INFO  c.e.k.listener.RetryProneEventListener - 消息处理完成并已提交 offset id=777dcdfa-cd86-4ef7-8a1f-0199dcfb7fd1
16:36:05.863 [org.springframework.kafka.KafkaListenerEndpointContainer#0-0-C-1] DEBUG o.s.k.l.a.RecordMessagingMessageListenerAdapter - Processing [GenericMessage [payload=DemoEvent(id=3d080aa1-8b65-4d21-9dc0-b25bf78f1182, payload=demo-event-2, slow=false, retryTrigger=false, createdAt=2026-08-25T08:35:38.414345Z), headers={kafka_offset=2, kafka_consumer=org.springframework.kafka.core.DefaultKafkaConsumerFactory$ExtendedKafkaConsumer@582c7c97, kafka_timestampType=CREATE_TIME, kafka_receivedPartitionId=2, kafka_receivedMessageKey=0, kafka_receivedTopic=slow-events, kafka_receivedTimestamp=1787646938414, kafka_acknowledgment=Acknowledgment for slow-events-2@2, kafka_groupId=slow-consumer-group}]]
16:36:05.863 [org.springframework.kafka.KafkaListenerEndpointContainer#0-0-C-1] INFO  c.e.k.listener.RetryProneEventListener - 收到消息 id=3d080aa1-8b65-4d21-9dc0-b25bf78f1182 partition=2 retryTrigger=false
16:36:06.069 [org.springframework.kafka.KafkaListenerEndpointContainer#0-0-C-1] DEBUG o.s.kafka.listener.KafkaMessageListenerContainer - Committing: {slow-events-2=OffsetAndMetadata{offset=3, leaderEpoch=null, metadata=''}}
16:36:06.071 [org.springframework.kafka.KafkaListenerEndpointContainer#0-0-C-1] DEBUG o.a.k.c.consumer.internals.ConsumerCoordinator - [Consumer clientId=consumer-slow-consumer-group-1, groupId=slow-consumer-group] Committed offset 3 for partition slow-events-2
16:36:06.071 [org.springframework.kafka.KafkaListenerEndpointContainer#0-0-C-1] INFO  c.e.k.listener.RetryProneEventListener - 消息处理完成并已提交 offset id=3d080aa1-8b65-4d21-9dc0-b25bf78f1182
16:36:06.071 [org.springframework.kafka.KafkaListenerEndpointContainer#0-0-C-1] DEBUG o.s.k.l.a.RecordMessagingMessageListenerAdapter - Processing [GenericMessage [payload=DemoEvent(id=a9486c4e-31a4-4587-b7d0-fc10c734f587, payload=demo-event-3, slow=false, retryTrigger=false, createdAt=2026-08-25T08:35:38.467079Z), headers={kafka_offset=3, kafka_consumer=org.springframework.kafka.core.DefaultKafkaConsumerFactory$ExtendedKafkaConsumer@582c7c97, kafka_timestampType=CREATE_TIME, kafka_receivedPartitionId=2, kafka_receivedMessageKey=0, kafka_receivedTopic=slow-events, kafka_receivedTimestamp=1787646938467, kafka_acknowledgment=Acknowledgment for slow-events-2@3, kafka_groupId=slow-consumer-group}]]
16:36:06.071 [org.springframework.kafka.KafkaListenerEndpointContainer#0-0-C-1] INFO  c.e.k.listener.RetryProneEventListener - 收到消息 id=a9486c4e-31a4-4587-b7d0-fc10c734f587 partition=2 retryTrigger=false
16:36:06.276 [org.springframework.kafka.KafkaListenerEndpointContainer#0-0-C-1] DEBUG o.s.kafka.listener.KafkaMessageListenerContainer - Committing: {slow-events-2=OffsetAndMetadata{offset=4, leaderEpoch=null, metadata=''}}
16:36:06.284 [org.springframework.kafka.KafkaListenerEndpointContainer#0-0-C-1] DEBUG o.a.k.c.consumer.internals.ConsumerCoordinator - [Consumer clientId=consumer-slow-consumer-group-1, groupId=slow-consumer-group] Committed offset 4 for partition slow-events-2
16:36:06.284 [org.springframework.kafka.KafkaListenerEndpointContainer#0-0-C-1] INFO  c.e.k.listener.RetryProneEventListener - 消息处理完成并已提交 offset id=a9486c4e-31a4-4587-b7d0-fc10c734f587
16:36:06.284 [org.springframework.kafka.KafkaListenerEndpointContainer#0-0-C-1] DEBUG o.s.k.l.a.RecordMessagingMessageListenerAdapter - Processing [GenericMessage [payload=DemoEvent(id=4148db41-bf8b-4916-a0b1-293280f8d2ea, payload=demo-event-4, slow=false, retryTrigger=false, createdAt=2026-08-25T08:35:38.522759Z), headers={kafka_offset=4, kafka_consumer=org.springframework.kafka.core.DefaultKafkaConsumerFactory$ExtendedKafkaConsumer@582c7c97, kafka_timestampType=CREATE_TIME, kafka_receivedPartitionId=2, kafka_receivedMessageKey=0, kafka_receivedTopic=slow-events, kafka_receivedTimestamp=1787646938522, kafka_acknowledgment=Acknowledgment for slow-events-2@4, kafka_groupId=slow-consumer-group}]]
16:36:06.285 [org.springframework.kafka.KafkaListenerEndpointContainer#0-0-C-1] INFO  c.e.k.listener.RetryProneEventListener - 收到消息 id=4148db41-bf8b-4916-a0b1-293280f8d2ea partition=2 retryTrigger=false
16:36:06.486 [org.springframework.kafka.KafkaListenerEndpointContainer#0-0-C-1] DEBUG o.s.kafka.listener.KafkaMessageListenerContainer - Committing: {slow-events-2=OffsetAndMetadata{offset=5, leaderEpoch=null, metadata=''}}
16:36:06.495 [org.springframework.kafka.KafkaListenerEndpointContainer#0-0-C-1] DEBUG o.a.k.c.consumer.internals.ConsumerCoordinator - [Consumer clientId=consumer-slow-consumer-group-1, groupId=slow-consumer-group] Committed offset 5 for partition slow-events-2
16:36:06.496 [org.springframework.kafka.KafkaListenerEndpointContainer#0-0-C-1] INFO  c.e.k.listener.RetryProneEventListener - 消息处理完成并已提交 offset id=4148db41-bf8b-4916-a0b1-293280f8d2ea
16:36:06.497 [org.springframework.kafka.KafkaListenerEndpointContainer#0-0-C-1] DEBUG o.s.k.l.a.RecordMessagingMessageListenerAdapter - Processing [GenericMessage [payload=DemoEvent(id=88d57397-a8ba-4dc1-9614-e1ae48f6a570, payload=demo-event-5, slow=false, retryTrigger=false, createdAt=2026-08-25T08:35:38.576480Z), headers={kafka_offset=5, kafka_consumer=org.springframework.kafka.core.DefaultKafkaConsumerFactory$ExtendedKafkaConsumer@582c7c97, kafka_timestampType=CREATE_TIME, kafka_receivedPartitionId=2, kafka_receivedMessageKey=0, kafka_receivedTopic=slow-events, kafka_receivedTimestamp=1787646938576, kafka_acknowledgment=Acknowledgment for slow-events-2@5, kafka_groupId=slow-consumer-group}]]
16:36:06.497 [org.springframework.kafka.KafkaListenerEndpointContainer#0-0-C-1] INFO  c.e.k.listener.RetryProneEventListener - 收到消息 id=88d57397-a8ba-4dc1-9614-e1ae48f6a570 partition=2 retryTrigger=false
16:36:06.699 [org.springframework.kafka.KafkaListenerEndpointContainer#0-0-C-1] DEBUG o.s.kafka.listener.KafkaMessageListenerContainer - Committing: {slow-events-2=OffsetAndMetadata{offset=6, leaderEpoch=null, metadata=''}}
16:36:06.707 [org.springframework.kafka.KafkaListenerEndpointContainer#0-0-C-1] DEBUG o.a.k.c.consumer.internals.ConsumerCoordinator - [Consumer clientId=consumer-slow-consumer-group-1, groupId=slow-consumer-group] Committed offset 6 for partition slow-events-2
16:36:06.707 [org.springframework.kafka.KafkaListenerEndpointContainer#0-0-C-1] INFO  c.e.k.listener.RetryProneEventListener - 消息处理完成并已提交 offset id=88d57397-a8ba-4dc1-9614-e1ae48f6a570
16:36:06.708 [org.springframework.kafka.KafkaListenerEndpointContainer#0-0-C-1] DEBUG o.s.k.l.a.RecordMessagingMessageListenerAdapter - Processing [GenericMessage [payload=DemoEvent(id=ee1a34a9-a145-4117-a2b3-06a68f143f9b, payload=demo-event-6, slow=false, retryTrigger=true, createdAt=2026-08-25T08:35:38.630841Z), headers={kafka_offset=6, kafka_consumer=org.springframework.kafka.core.DefaultKafkaConsumerFactory$ExtendedKafkaConsumer@582c7c97, kafka_timestampType=CREATE_TIME, kafka_receivedPartitionId=2, kafka_receivedMessageKey=0, kafka_receivedTopic=slow-events, kafka_receivedTimestamp=1787646938631, kafka_acknowledgment=Acknowledgment for slow-events-2@6, kafka_groupId=slow-consumer-group}]]
16:36:06.709 [org.springframework.kafka.KafkaListenerEndpointContainer#0-0-C-1] INFO  c.e.k.listener.RetryProneEventListener - 收到消息 id=ee1a34a9-a145-4117-a2b3-06a68f143f9b partition=2 retryTrigger=true
16:36:06.709 [org.springframework.kafka.KafkaListenerEndpointContainer#0-0-C-1] ERROR c.e.k.listener.RetryProneEventListener - 模拟处理失败：id=ee1a34a9-a145-4117-a2b3-06a68f143f9b，将抛出可重试异常，触发 DefaultErrorHandler 的阻塞式重试（单次等待 9000ms，最多 3 次）
16:36:06.709 [org.springframework.kafka.KafkaListenerEndpointContainer#0-0-C-1] WARN  c.e.k.config.Scenario3ErrorHandlerConfig - 消息 offset=6 partition=2 第 1 次投递失败，将进行阻塞式重试等待 9000ms：Listener method 'public void com.example.kafkarebalance.listener.RetryProneEventListener.onMessage(com.example.kafkarebalance.model.DemoEvent,int,org.springframework.kafka.support.Acknowledgment)' threw exception
16:36:08.638 [kafka-coordinator-heartbeat-thread | slow-consumer-group] DEBUG o.a.k.c.consumer.internals.ConsumerCoordinator - [Consumer clientId=consumer-slow-consumer-group-1, groupId=slow-consumer-group] Sending Heartbeat request with generation 55 and member id consumer-slow-consumer-group-1-1057b25d-5bbd-4cca-a20f-ada5a6ff2cf5 to coordinator localhost:9092 (id: 2147483646 rack: null isFenced: false)
16:36:08.744 [kafka-coordinator-heartbeat-thread | slow-consumer-group] DEBUG o.a.k.c.consumer.internals.ConsumerCoordinator - [Consumer clientId=consumer-slow-consumer-group-1, groupId=slow-consumer-group] Received successful Heartbeat response
16:36:11.720 [kafka-coordinator-heartbeat-thread | slow-consumer-group] DEBUG o.a.k.c.consumer.internals.ConsumerCoordinator - [Consumer clientId=consumer-slow-consumer-group-1, groupId=slow-consumer-group] Sending Heartbeat request with generation 55 and member id consumer-slow-consumer-group-1-1057b25d-5bbd-4cca-a20f-ada5a6ff2cf5 to coordinator localhost:9092 (id: 2147483646 rack: null isFenced: false)
16:36:11.827 [kafka-coordinator-heartbeat-thread | slow-consumer-group] DEBUG o.a.k.c.consumer.internals.ConsumerCoordinator - [Consumer clientId=consumer-slow-consumer-group-1, groupId=slow-consumer-group] Received successful Heartbeat response
16:36:13.692 [kafka-coordinator-heartbeat-thread | slow-consumer-group] WARN  o.a.k.c.consumer.internals.ConsumerCoordinator - [Consumer clientId=consumer-slow-consumer-group-1, groupId=slow-consumer-group] consumer poll timeout has expired. This means the time between subsequent calls to poll() was longer than the configured max.poll.interval.ms, which typically implies that the poll loop is spending too much time processing messages. You can address this either by increasing max.poll.interval.ms or by reducing the maximum size of batches returned in poll() with max.poll.records.
16:36:13.693 [kafka-coordinator-heartbeat-thread | slow-consumer-group] INFO  o.a.k.c.consumer.internals.ConsumerCoordinator - [Consumer clientId=consumer-slow-consumer-group-1, groupId=slow-consumer-group] Member consumer-slow-consumer-group-1-1057b25d-5bbd-4cca-a20f-ada5a6ff2cf5 sending LeaveGroup request to coordinator localhost:9092 (id: 2147483646 rack: null isFenced: false) due to consumer poll timeout has expired.
16:36:13.694 [kafka-coordinator-heartbeat-thread | slow-consumer-group] INFO  o.a.k.c.consumer.internals.ConsumerCoordinator - [Consumer clientId=consumer-slow-consumer-group-1, groupId=slow-consumer-group] Resetting generation and member id due to: consumer pro-actively leaving the group
16:36:13.694 [kafka-coordinator-heartbeat-thread | slow-consumer-group] INFO  o.a.k.c.consumer.internals.ConsumerCoordinator - [Consumer clientId=consumer-slow-consumer-group-1, groupId=slow-consumer-group] Request joining group due to: consumer pro-actively leaving the group
16:36:15.797 [org.springframework.kafka.KafkaListenerEndpointContainer#0-0-C-1] INFO  o.a.k.c.consumer.internals.ClassicKafkaConsumer - [Consumer clientId=consumer-slow-consumer-group-1, groupId=slow-consumer-group] Seeking to offset 6 for partition slow-events-2
16:36:15.797 [org.springframework.kafka.KafkaListenerEndpointContainer#0-0-C-1] INFO  o.s.kafka.listener.KafkaMessageListenerContainer - Record in retry and not yet recovered
16:36:15.797 [org.springframework.kafka.KafkaListenerEndpointContainer#0-0-C-1] DEBUG o.a.k.c.consumer.internals.ConsumerCoordinator - [Consumer clientId=consumer-slow-consumer-group-1, groupId=slow-consumer-group] Executing onJoinPrepare with generation -1 and memberId 
16:36:15.798 [org.springframework.kafka.KafkaListenerEndpointContainer#0-0-C-1] INFO  o.a.k.c.consumer.internals.ConsumerCoordinator - [Consumer clientId=consumer-slow-consumer-group-1, groupId=slow-consumer-group] Giving away all assigned partitions as lost since generation/memberID has been reset,indicating that consumer is in old state or no longer part of the group
16:36:15.798 [org.springframework.kafka.KafkaListenerEndpointContainer#0-0-C-1] INFO  o.a.k.c.c.i.ConsumerRebalanceListenerInvoker - [Consumer clientId=consumer-slow-consumer-group-1, groupId=slow-consumer-group] Lost previously assigned partitions [slow-events-0, slow-events-1, slow-events-2]
16:36:15.798 [org.springframework.kafka.KafkaListenerEndpointContainer#0-0-C-1] INFO  o.s.kafka.listener.KafkaMessageListenerContainer - slow-consumer-group: partitions lost: [slow-events-0, slow-events-1, slow-events-2]
16:36:15.798 [org.springframework.kafka.KafkaListenerEndpointContainer#0-0-C-1] INFO  o.s.kafka.listener.KafkaMessageListenerContainer - slow-consumer-group: partitions revoked: [slow-events-0, slow-events-1, slow-events-2]
16:36:15.798 [org.springframework.kafka.KafkaListenerEndpointContainer#0-0-C-1] INFO  o.a.k.c.consumer.internals.ConsumerCoordinator - [Consumer clientId=consumer-slow-consumer-group-1, groupId=slow-consumer-group] (Re-)joining group
16:36:15.798 [org.springframework.kafka.KafkaListenerEndpointContainer#0-0-C-1] DEBUG o.a.k.c.consumer.internals.ConsumerCoordinator - [Consumer clientId=consumer-slow-consumer-group-1, groupId=slow-consumer-group] Joining group with current subscription: [slow-events]
16:36:15.798 [org.springframework.kafka.KafkaListenerEndpointContainer#0-0-C-1] DEBUG o.a.k.c.consumer.internals.ConsumerCoordinator - [Consumer clientId=consumer-slow-consumer-group-1, groupId=slow-consumer-group] Sending JoinGroup (JoinGroupRequestData(groupId='slow-consumer-group', sessionTimeoutMs=12000, rebalanceTimeoutMs=8000, memberId='', groupInstanceId=null, protocolType='consumer', protocols=[JoinGroupRequestProtocol(name='range', metadata=[0, 3, 0, 0, 0, 1, 0, 11, 115, 108, 111, 119, 45, 101, 118, 101, 110, 116, 115, -1, -1, -1, -1, 0, 0, 0, 0, -1, -1, -1, -1, -1, -1]), JoinGroupRequestProtocol(name='cooperative-sticky', metadata=[0, 3, 0, 0, 0, 1, 0, 11, 115, 108, 111, 119, 45, 101, 118, 101, 110, 116, 115, 0, 0, 0, 4, -1, -1, -1, -1, 0, 0, 0, 0, -1, -1, -1, -1, -1, -1])], reason='consumer pro-actively leaving the group')) to coordinator localhost:9092 (id: 2147483646 rack: null isFenced: false)
16:36:15.800 [org.springframework.kafka.KafkaListenerEndpointContainer#0-0-C-1] DEBUG o.a.k.c.consumer.internals.ConsumerCoordinator - [Consumer clientId=consumer-slow-consumer-group-1, groupId=slow-consumer-group] LeaveGroup response with Generation{generationId=55, memberId='consumer-slow-consumer-group-1-1057b25d-5bbd-4cca-a20f-ada5a6ff2cf5', protocol='range'} returned successfully: ClientResponse(receivedTimeMs=1787646975799, latencyMs=2106, disconnected=false, timedOut=false, requestHeader=RequestHeader(apiKey=LEAVE_GROUP, apiVersion=5, clientId=consumer-slow-consumer-group-1, correlationId=55, headerVersion=2), responseBody=LeaveGroupResponseData(throttleTimeMs=0, errorCode=0, members=[MemberResponse(memberId='consumer-slow-consumer-group-1-1057b25d-5bbd-4cca-a20f-ada5a6ff2cf5', groupInstanceId=null, errorCode=0)]))
16:36:15.804 [org.springframework.kafka.KafkaListenerEndpointContainer#0-0-C-1] DEBUG o.a.k.c.consumer.internals.ConsumerCoordinator - [Consumer clientId=consumer-slow-consumer-group-1, groupId=slow-consumer-group] JoinGroup failed due to non-fatal error: MEMBER_ID_REQUIRED. Will set the member id as consumer-slow-consumer-group-1-fded9f14-86c9-4d13-aeae-92db4c938dd6 and then rejoin. Sent generation was Generation{generationId=-1, memberId='', protocol='null'}
16:36:15.804 [org.springframework.kafka.KafkaListenerEndpointContainer#0-0-C-1] INFO  o.a.k.c.consumer.internals.ConsumerCoordinator - [Consumer clientId=consumer-slow-consumer-group-1, groupId=slow-consumer-group] Request joining group due to: need to re-join with the given member-id: consumer-slow-consumer-group-1-fded9f14-86c9-4d13-aeae-92db4c938dd6
16:36:15.804 [org.springframework.kafka.KafkaListenerEndpointContainer#0-0-C-1] INFO  o.a.k.c.consumer.internals.ConsumerCoordinator - [Consumer clientId=consumer-slow-consumer-group-1, groupId=slow-consumer-group] (Re-)joining group
16:36:15.804 [org.springframework.kafka.KafkaListenerEndpointContainer#0-0-C-1] DEBUG o.a.k.c.consumer.internals.ConsumerCoordinator - [Consumer clientId=consumer-slow-consumer-group-1, groupId=slow-consumer-group] Joining group with current subscription: [slow-events]
16:36:15.804 [org.springframework.kafka.KafkaListenerEndpointContainer#0-0-C-1] DEBUG o.a.k.c.consumer.internals.ConsumerCoordinator - [Consumer clientId=consumer-slow-consumer-group-1, groupId=slow-consumer-group] Sending JoinGroup (JoinGroupRequestData(groupId='slow-consumer-group', sessionTimeoutMs=12000, rebalanceTimeoutMs=8000, memberId='consumer-slow-consumer-group-1-fded9f14-86c9-4d13-aeae-92db4c938dd6', groupInstanceId=null, protocolType='consumer', protocols=[JoinGroupRequestProtocol(name='range', metadata=[0, 3, 0, 0, 0, 1, 0, 11, 115, 108, 111, 119, 45, 101, 118, 101, 110, 116, 115, -1, -1, -1, -1, 0, 0, 0, 0, -1, -1, -1, -1, -1, -1]), JoinGroupRequestProtocol(name='cooperative-sticky', metadata=[0, 3, 0, 0, 0, 1, 0, 11, 115, 108, 111, 119, 45, 101, 118, 101, 110, 116, 115, 0, 0, 0, 4, -1, -1, -1, -1, 0, 0, 0, 0, -1, -1, -1, -1, -1, -1])], reason='need to re-join with the given member-id: consumer-slow-consumer-group-1-fded9f14-86c9-4d13-aeae-92db4c938dd6')) to coordinator localhost:9092 (id: 2147483646 rack: null isFenced: false)
16:36:15.808 [org.springframework.kafka.KafkaListenerEndpointContainer#0-0-C-1] DEBUG o.a.k.c.consumer.internals.ConsumerCoordinator - [Consumer clientId=consumer-slow-consumer-group-1, groupId=slow-consumer-group] Received successful JoinGroup response: JoinGroupResponseData(throttleTimeMs=0, errorCode=0, generationId=57, protocolType='consumer', protocolName='range', leader='consumer-slow-consumer-group-1-fded9f14-86c9-4d13-aeae-92db4c938dd6', skipAssignment=false, memberId='consumer-slow-consumer-group-1-fded9f14-86c9-4d13-aeae-92db4c938dd6', members=[JoinGroupResponseMember(memberId='consumer-slow-consumer-group-1-fded9f14-86c9-4d13-aeae-92db4c938dd6', groupInstanceId=null, metadata=[0, 3, 0, 0, 0, 1, 0, 11, 115, 108, 111, 119, 45, 101, 118, 101, 110, 116, 115, -1, -1, -1, -1, 0, 0, 0, 0, -1, -1, -1, -1, -1, -1])])
16:36:15.808 [org.springframework.kafka.KafkaListenerEndpointContainer#0-0-C-1] DEBUG o.a.k.c.consumer.internals.ConsumerCoordinator - [Consumer clientId=consumer-slow-consumer-group-1, groupId=slow-consumer-group] Enabling heartbeat thread
16:36:15.808 [org.springframework.kafka.KafkaListenerEndpointContainer#0-0-C-1] INFO  o.a.k.c.consumer.internals.ConsumerCoordinator - [Consumer clientId=consumer-slow-consumer-group-1, groupId=slow-consumer-group] Successfully joined group with generation Generation{generationId=57, memberId='consumer-slow-consumer-group-1-fded9f14-86c9-4d13-aeae-92db4c938dd6', protocol='range'}
16:36:15.808 [org.springframework.kafka.KafkaListenerEndpointContainer#0-0-C-1] DEBUG o.a.k.c.consumer.internals.ConsumerCoordinator - [Consumer clientId=consumer-slow-consumer-group-1, groupId=slow-consumer-group] Performing assignment using strategy range with subscriptions {consumer-slow-consumer-group-1-fded9f14-86c9-4d13-aeae-92db4c938dd6=Subscription(topics=[slow-events], ownedPartitions=[], groupInstanceId=null, generationId=-1, rackId=null)}
16:36:15.809 [org.springframework.kafka.KafkaListenerEndpointContainer#0-0-C-1] INFO  o.a.k.c.consumer.internals.ConsumerCoordinator - [Consumer clientId=consumer-slow-consumer-group-1, groupId=slow-consumer-group] Finished assignment for group at generation 57: {consumer-slow-consumer-group-1-fded9f14-86c9-4d13-aeae-92db4c938dd6=Assignment(partitions=[slow-events-0, slow-events-1, slow-events-2])}
16:36:15.809 [org.springframework.kafka.KafkaListenerEndpointContainer#0-0-C-1] DEBUG o.a.k.c.consumer.internals.ConsumerCoordinator - [Consumer clientId=consumer-slow-consumer-group-1, groupId=slow-consumer-group] Sending leader SyncGroup to coordinator localhost:9092 (id: 2147483646 rack: null isFenced: false): SyncGroupRequestData(groupId='slow-consumer-group', generationId=57, memberId='consumer-slow-consumer-group-1-fded9f14-86c9-4d13-aeae-92db4c938dd6', groupInstanceId=null, protocolType='consumer', protocolName='range', assignments=[SyncGroupRequestAssignment(memberId='consumer-slow-consumer-group-1-fded9f14-86c9-4d13-aeae-92db4c938dd6', assignment=[0, 3, 0, 0, 0, 1, 0, 11, 115, 108, 111, 119, 45, 101, 118, 101, 110, 116, 115, 0, 0, 0, 3, 0, 0, 0, 0, 0, 0, 0, 1, 0, 0, 0, 2, -1, -1, -1, -1])])
16:36:15.813 [org.springframework.kafka.KafkaListenerEndpointContainer#0-0-C-1] DEBUG o.a.k.c.consumer.internals.ConsumerCoordinator - [Consumer clientId=consumer-slow-consumer-group-1, groupId=slow-consumer-group] Received successful SyncGroup response: SyncGroupResponseData(throttleTimeMs=0, errorCode=0, protocolType='consumer', protocolName='range', assignment=[0, 3, 0, 0, 0, 1, 0, 11, 115, 108, 111, 119, 45, 101, 118, 101, 110, 116, 115, 0, 0, 0, 3, 0, 0, 0, 0, 0, 0, 0, 1, 0, 0, 0, 2, -1, -1, -1, -1])
16:36:15.813 [org.springframework.kafka.KafkaListenerEndpointContainer#0-0-C-1] INFO  o.a.k.c.consumer.internals.ConsumerCoordinator - [Consumer clientId=consumer-slow-consumer-group-1, groupId=slow-consumer-group] Successfully synced group in generation Generation{generationId=57, memberId='consumer-slow-consumer-group-1-fded9f14-86c9-4d13-aeae-92db4c938dd6', protocol='range'}
16:36:15.813 [org.springframework.kafka.KafkaListenerEndpointContainer#0-0-C-1] DEBUG o.a.k.c.consumer.internals.ConsumerCoordinator - [Consumer clientId=consumer-slow-consumer-group-1, groupId=slow-consumer-group] Executing onJoinComplete with generation 57 and memberId consumer-slow-consumer-group-1-fded9f14-86c9-4d13-aeae-92db4c938dd6
16:36:15.813 [org.springframework.kafka.KafkaListenerEndpointContainer#0-0-C-1] INFO  o.a.k.c.consumer.internals.ConsumerCoordinator - [Consumer clientId=consumer-slow-consumer-group-1, groupId=slow-consumer-group] Notifying assignor about the new Assignment(partitions=[slow-events-0, slow-events-1, slow-events-2])
16:36:15.813 [org.springframework.kafka.KafkaListenerEndpointContainer#0-0-C-1] INFO  o.a.k.c.c.i.ConsumerRebalanceListenerInvoker - [Consumer clientId=consumer-slow-consumer-group-1, groupId=slow-consumer-group] Adding newly assigned partitions: [slow-events-0, slow-events-1, slow-events-2]
16:36:15.814 [org.springframework.kafka.KafkaListenerEndpointContainer#0-0-C-1] DEBUG o.a.k.c.consumer.internals.ConsumerCoordinator - [Consumer clientId=consumer-slow-consumer-group-1, groupId=slow-consumer-group] Fetching committed offsets for partitions: [slow-events-2, slow-events-1, slow-events-0]
16:36:15.817 [org.springframework.kafka.KafkaListenerEndpointContainer#0-0-C-1] INFO  o.a.k.c.consumer.internals.ConsumerCoordinator - [Consumer clientId=consumer-slow-consumer-group-1, groupId=slow-consumer-group] Found no committed offset for partition slow-events-1
16:36:15.818 [org.springframework.kafka.KafkaListenerEndpointContainer#0-0-C-1] INFO  o.a.k.c.consumer.internals.ConsumerCoordinator - [Consumer clientId=consumer-slow-consumer-group-1, groupId=slow-consumer-group] Found no committed offset for partition slow-events-0
16:36:15.818 [org.springframework.kafka.KafkaListenerEndpointContainer#0-0-C-1] INFO  o.a.kafka.clients.consumer.internals.ConsumerUtils - Setting offset for partition slow-events-2 to the committed offset FetchPosition{offset=6, offsetEpoch=Optional.empty, currentLeader=LeaderAndEpoch{leader=Optional[localhost:9092 (id: 1 rack: null isFenced: false)], epoch=0}}
16:36:15.822 [org.springframework.kafka.KafkaListenerEndpointContainer#0-0-C-1] INFO  o.a.k.clients.consumer.internals.SubscriptionState - [Consumer clientId=consumer-slow-consumer-group-1, groupId=slow-consumer-group] Resetting offset for partition slow-events-1 to position FetchPosition{offset=0, offsetEpoch=Optional.empty, currentLeader=LeaderAndEpoch{leader=Optional[localhost:9092 (id: 1 rack: null isFenced: false)], epoch=0}}.
16:36:15.822 [org.springframework.kafka.KafkaListenerEndpointContainer#0-0-C-1] INFO  o.a.k.clients.consumer.internals.SubscriptionState - [Consumer clientId=consumer-slow-consumer-group-1, groupId=slow-consumer-group] Resetting offset for partition slow-events-0 to position FetchPosition{offset=0, offsetEpoch=Optional.empty, currentLeader=LeaderAndEpoch{leader=Optional[localhost:9092 (id: 1 rack: null isFenced: false)], epoch=0}}.
16:36:15.823 [org.springframework.kafka.KafkaListenerEndpointContainer#0-0-C-1] INFO  o.s.kafka.listener.KafkaMessageListenerContainer - slow-consumer-group: partitions assigned: [slow-events-0, slow-events-1, slow-events-2]
16:36:15.827 [org.springframework.kafka.KafkaListenerEndpointContainer#0-0-C-1] DEBUG o.s.kafka.listener.KafkaMessageListenerContainer - Received: 6 records
16:36:15.827 [org.springframework.kafka.KafkaListenerEndpointContainer#0-0-C-1] DEBUG o.s.k.l.a.RecordMessagingMessageListenerAdapter - Processing [GenericMessage [payload=DemoEvent(id=ee1a34a9-a145-4117-a2b3-06a68f143f9b, payload=demo-event-6, slow=false, retryTrigger=true, createdAt=2026-08-25T08:35:38.630841Z), headers={kafka_offset=6, kafka_consumer=org.springframework.kafka.core.DefaultKafkaConsumerFactory$ExtendedKafkaConsumer@582c7c97, kafka_timestampType=CREATE_TIME, kafka_receivedPartitionId=2, kafka_receivedMessageKey=0, kafka_receivedTopic=slow-events, kafka_receivedTimestamp=1787646938631, kafka_acknowledgment=Acknowledgment for slow-events-2@6, kafka_groupId=slow-consumer-group}]]
16:36:15.827 [org.springframework.kafka.KafkaListenerEndpointContainer#0-0-C-1] INFO  c.e.k.listener.RetryProneEventListener - 收到消息 id=ee1a34a9-a145-4117-a2b3-06a68f143f9b partition=2 retryTrigger=true
16:36:15.827 [org.springframework.kafka.KafkaListenerEndpointContainer#0-0-C-1] ERROR c.e.k.listener.RetryProneEventListener - 模拟处理失败：id=ee1a34a9-a145-4117-a2b3-06a68f143f9b，将抛出可重试异常，触发 DefaultErrorHandler 的阻塞式重试（单次等待 9000ms，最多 3 次）
16:36:15.827 [org.springframework.kafka.KafkaListenerEndpointContainer#0-0-C-1] WARN  c.e.k.config.Scenario3ErrorHandlerConfig - 消息 offset=6 partition=2 第 2 次投递失败，将进行阻塞式重试等待 9000ms：Listener method 'public void com.example.kafkarebalance.listener.RetryProneEventListener.onMessage(com.example.kafkarebalance.model.DemoEvent,int,org.springframework.kafka.support.Acknowledgment)' threw exception
16:36:18.830 [kafka-coordinator-heartbeat-thread | slow-consumer-group] DEBUG o.a.k.c.consumer.internals.ConsumerCoordinator - [Consumer clientId=consumer-slow-consumer-group-1, groupId=slow-consumer-group] Sending Heartbeat request with generation 57 and member id consumer-slow-consumer-group-1-fded9f14-86c9-4d13-aeae-92db4c938dd6 to coordinator localhost:9092 (id: 2147483646 rack: null isFenced: false)
16:36:18.936 [kafka-coordinator-heartbeat-thread | slow-consumer-group] DEBUG o.a.k.c.consumer.internals.ConsumerCoordinator - [Consumer clientId=consumer-slow-consumer-group-1, groupId=slow-consumer-group] Received successful Heartbeat response
16:36:21.830 [kafka-coordinator-heartbeat-thread | slow-consumer-group] DEBUG o.a.k.c.consumer.internals.ConsumerCoordinator - [Consumer clientId=consumer-slow-consumer-group-1, groupId=slow-consumer-group] Sending Heartbeat request with generation 57 and member id consumer-slow-consumer-group-1-fded9f14-86c9-4d13-aeae-92db4c938dd6 to coordinator localhost:9092 (id: 2147483646 rack: null isFenced: false)
16:36:21.933 [kafka-coordinator-heartbeat-thread | slow-consumer-group] DEBUG o.a.k.c.consumer.internals.ConsumerCoordinator - [Consumer clientId=consumer-slow-consumer-group-1, groupId=slow-consumer-group] Received successful Heartbeat response
16:36:23.906 [kafka-coordinator-heartbeat-thread | slow-consumer-group] WARN  o.a.k.c.consumer.internals.ConsumerCoordinator - [Consumer clientId=consumer-slow-consumer-group-1, groupId=slow-consumer-group] consumer poll timeout has expired. This means the time between subsequent calls to poll() was longer than the configured max.poll.interval.ms, which typically implies that the poll loop is spending too much time processing messages. You can address this either by increasing max.poll.interval.ms or by reducing the maximum size of batches returned in poll() with max.poll.records.
16:36:23.907 [kafka-coordinator-heartbeat-thread | slow-consumer-group] INFO  o.a.k.c.consumer.internals.ConsumerCoordinator - [Consumer clientId=consumer-slow-consumer-group-1, groupId=slow-consumer-group] Member consumer-slow-consumer-group-1-fded9f14-86c9-4d13-aeae-92db4c938dd6 sending LeaveGroup request to coordinator localhost:9092 (id: 2147483646 rack: null isFenced: false) due to consumer poll timeout has expired.
16:36:23.908 [kafka-coordinator-heartbeat-thread | slow-consumer-group] INFO  o.a.k.c.consumer.internals.ConsumerCoordinator - [Consumer clientId=consumer-slow-consumer-group-1, groupId=slow-consumer-group] Resetting generation and member id due to: consumer pro-actively leaving the group
16:36:23.908 [kafka-coordinator-heartbeat-thread | slow-consumer-group] INFO  o.a.k.c.consumer.internals.ConsumerCoordinator - [Consumer clientId=consumer-slow-consumer-group-1, groupId=slow-consumer-group] Request joining group due to: consumer pro-actively leaving the group
16:36:24.904 [org.springframework.kafka.KafkaListenerEndpointContainer#0-0-C-1] INFO  o.a.k.c.consumer.internals.ClassicKafkaConsumer - [Consumer clientId=consumer-slow-consumer-group-1, groupId=slow-consumer-group] Seeking to offset 6 for partition slow-events-2
16:36:24.904 [org.springframework.kafka.KafkaListenerEndpointContainer#0-0-C-1] INFO  o.s.kafka.listener.KafkaMessageListenerContainer - Record in retry and not yet recovered
16:36:24.905 [org.springframework.kafka.KafkaListenerEndpointContainer#0-0-C-1] DEBUG o.a.k.c.consumer.internals.ConsumerCoordinator - [Consumer clientId=consumer-slow-consumer-group-1, groupId=slow-consumer-group] Executing onJoinPrepare with generation -1 and memberId 
16:36:24.905 [org.springframework.kafka.KafkaListenerEndpointContainer#0-0-C-1] INFO  o.a.k.c.consumer.internals.ConsumerCoordinator - [Consumer clientId=consumer-slow-consumer-group-1, groupId=slow-consumer-group] Giving away all assigned partitions as lost since generation/memberID has been reset,indicating that consumer is in old state or no longer part of the group
16:36:24.905 [org.springframework.kafka.KafkaListenerEndpointContainer#0-0-C-1] INFO  o.a.k.c.c.i.ConsumerRebalanceListenerInvoker - [Consumer clientId=consumer-slow-consumer-group-1, groupId=slow-consumer-group] Lost previously assigned partitions [slow-events-0, slow-events-1, slow-events-2]
16:36:24.905 [org.springframework.kafka.KafkaListenerEndpointContainer#0-0-C-1] INFO  o.s.kafka.listener.KafkaMessageListenerContainer - slow-consumer-group: partitions lost: [slow-events-0, slow-events-1, slow-events-2]
16:36:24.905 [org.springframework.kafka.KafkaListenerEndpointContainer#0-0-C-1] INFO  o.s.kafka.listener.KafkaMessageListenerContainer - slow-consumer-group: partitions revoked: [slow-events-0, slow-events-1, slow-events-2]
16:36:24.905 [org.springframework.kafka.KafkaListenerEndpointContainer#0-0-C-1] INFO  o.a.k.c.consumer.internals.ConsumerCoordinator - [Consumer clientId=consumer-slow-consumer-group-1, groupId=slow-consumer-group] (Re-)joining group
16:36:24.905 [org.springframework.kafka.KafkaListenerEndpointContainer#0-0-C-1] DEBUG o.a.k.c.consumer.internals.ConsumerCoordinator - [Consumer clientId=consumer-slow-consumer-group-1, groupId=slow-consumer-group] Joining group with current subscription: [slow-events]
16:36:24.906 [org.springframework.kafka.KafkaListenerEndpointContainer#0-0-C-1] DEBUG o.a.k.c.consumer.internals.ConsumerCoordinator - [Consumer clientId=consumer-slow-consumer-group-1, groupId=slow-consumer-group] Sending JoinGroup (JoinGroupRequestData(groupId='slow-consumer-group', sessionTimeoutMs=12000, rebalanceTimeoutMs=8000, memberId='', groupInstanceId=null, protocolType='consumer', protocols=[JoinGroupRequestProtocol(name='range', metadata=[0, 3, 0, 0, 0, 1, 0, 11, 115, 108, 111, 119, 45, 101, 118, 101, 110, 116, 115, -1, -1, -1, -1, 0, 0, 0, 0, -1, -1, -1, -1, -1, -1]), JoinGroupRequestProtocol(name='cooperative-sticky', metadata=[0, 3, 0, 0, 0, 1, 0, 11, 115, 108, 111, 119, 45, 101, 118, 101, 110, 116, 115, 0, 0, 0, 4, -1, -1, -1, -1, 0, 0, 0, 0, -1, -1, -1, -1, -1, -1])], reason='consumer pro-actively leaving the group')) to coordinator localhost:9092 (id: 2147483646 rack: null isFenced: false)
16:36:24.907 [org.springframework.kafka.KafkaListenerEndpointContainer#0-0-C-1] DEBUG o.a.k.c.consumer.internals.ConsumerCoordinator - [Consumer clientId=consumer-slow-consumer-group-1, groupId=slow-consumer-group] LeaveGroup response with Generation{generationId=57, memberId='consumer-slow-consumer-group-1-fded9f14-86c9-4d13-aeae-92db4c938dd6', protocol='range'} returned successfully: ClientResponse(receivedTimeMs=1787646984907, latencyMs=1000, disconnected=false, timedOut=false, requestHeader=RequestHeader(apiKey=LEAVE_GROUP, apiVersion=5, clientId=consumer-slow-consumer-group-1, correlationId=65, headerVersion=2), responseBody=LeaveGroupResponseData(throttleTimeMs=0, errorCode=0, members=[MemberResponse(memberId='consumer-slow-consumer-group-1-fded9f14-86c9-4d13-aeae-92db4c938dd6', groupInstanceId=null, errorCode=0)]))
16:36:24.913 [org.springframework.kafka.KafkaListenerEndpointContainer#0-0-C-1] DEBUG o.a.k.c.consumer.internals.ConsumerCoordinator - [Consumer clientId=consumer-slow-consumer-group-1, groupId=slow-consumer-group] JoinGroup failed due to non-fatal error: MEMBER_ID_REQUIRED. Will set the member id as consumer-slow-consumer-group-1-e6c51887-d235-4a01-990a-ef44a0a5f5fa and then rejoin. Sent generation was Generation{generationId=-1, memberId='', protocol='null'}
16:36:24.914 [org.springframework.kafka.KafkaListenerEndpointContainer#0-0-C-1] INFO  o.a.k.c.consumer.internals.ConsumerCoordinator - [Consumer clientId=consumer-slow-consumer-group-1, groupId=slow-consumer-group] Request joining group due to: need to re-join with the given member-id: consumer-slow-consumer-group-1-e6c51887-d235-4a01-990a-ef44a0a5f5fa
16:36:24.914 [org.springframework.kafka.KafkaListenerEndpointContainer#0-0-C-1] INFO  o.a.k.c.consumer.internals.ConsumerCoordinator - [Consumer clientId=consumer-slow-consumer-group-1, groupId=slow-consumer-group] (Re-)joining group
16:36:24.914 [org.springframework.kafka.KafkaListenerEndpointContainer#0-0-C-1] DEBUG o.a.k.c.consumer.internals.ConsumerCoordinator - [Consumer clientId=consumer-slow-consumer-group-1, groupId=slow-consumer-group] Joining group with current subscription: [slow-events]
16:36:24.914 [org.springframework.kafka.KafkaListenerEndpointContainer#0-0-C-1] DEBUG o.a.k.c.consumer.internals.ConsumerCoordinator - [Consumer clientId=consumer-slow-consumer-group-1, groupId=slow-consumer-group] Sending JoinGroup (JoinGroupRequestData(groupId='slow-consumer-group', sessionTimeoutMs=12000, rebalanceTimeoutMs=8000, memberId='consumer-slow-consumer-group-1-e6c51887-d235-4a01-990a-ef44a0a5f5fa', groupInstanceId=null, protocolType='consumer', protocols=[JoinGroupRequestProtocol(name='range', metadata=[0, 3, 0, 0, 0, 1, 0, 11, 115, 108, 111, 119, 45, 101, 118, 101, 110, 116, 115, -1, -1, -1, -1, 0, 0, 0, 0, -1, -1, -1, -1, -1, -1]), JoinGroupRequestProtocol(name='cooperative-sticky', metadata=[0, 3, 0, 0, 0, 1, 0, 11, 115, 108, 111, 119, 45, 101, 118, 101, 110, 116, 115, 0, 0, 0, 4, -1, -1, -1, -1, 0, 0, 0, 0, -1, -1, -1, -1, -1, -1])], reason='need to re-join with the given member-id: consumer-slow-consumer-group-1-e6c51887-d235-4a01-990a-ef44a0a5f5fa')) to coordinator localhost:9092 (id: 2147483646 rack: null isFenced: false)
16:36:24.921 [org.springframework.kafka.KafkaListenerEndpointContainer#0-0-C-1] DEBUG o.a.k.c.consumer.internals.ConsumerCoordinator - [Consumer clientId=consumer-slow-consumer-group-1, groupId=slow-consumer-group] Received successful JoinGroup response: JoinGroupResponseData(throttleTimeMs=0, errorCode=0, generationId=59, protocolType='consumer', protocolName='range', leader='consumer-slow-consumer-group-1-e6c51887-d235-4a01-990a-ef44a0a5f5fa', skipAssignment=false, memberId='consumer-slow-consumer-group-1-e6c51887-d235-4a01-990a-ef44a0a5f5fa', members=[JoinGroupResponseMember(memberId='consumer-slow-consumer-group-1-e6c51887-d235-4a01-990a-ef44a0a5f5fa', groupInstanceId=null, metadata=[0, 3, 0, 0, 0, 1, 0, 11, 115, 108, 111, 119, 45, 101, 118, 101, 110, 116, 115, -1, -1, -1, -1, 0, 0, 0, 0, -1, -1, -1, -1, -1, -1])])
16:36:24.921 [org.springframework.kafka.KafkaListenerEndpointContainer#0-0-C-1] DEBUG o.a.k.c.consumer.internals.ConsumerCoordinator - [Consumer clientId=consumer-slow-consumer-group-1, groupId=slow-consumer-group] Enabling heartbeat thread
16:36:24.921 [org.springframework.kafka.KafkaListenerEndpointContainer#0-0-C-1] INFO  o.a.k.c.consumer.internals.ConsumerCoordinator - [Consumer clientId=consumer-slow-consumer-group-1, groupId=slow-consumer-group] Successfully joined group with generation Generation{generationId=59, memberId='consumer-slow-consumer-group-1-e6c51887-d235-4a01-990a-ef44a0a5f5fa', protocol='range'}
16:36:24.921 [org.springframework.kafka.KafkaListenerEndpointContainer#0-0-C-1] DEBUG o.a.k.c.consumer.internals.ConsumerCoordinator - [Consumer clientId=consumer-slow-consumer-group-1, groupId=slow-consumer-group] Performing assignment using strategy range with subscriptions {consumer-slow-consumer-group-1-e6c51887-d235-4a01-990a-ef44a0a5f5fa=Subscription(topics=[slow-events], ownedPartitions=[], groupInstanceId=null, generationId=-1, rackId=null)}
16:36:24.922 [org.springframework.kafka.KafkaListenerEndpointContainer#0-0-C-1] INFO  o.a.k.c.consumer.internals.ConsumerCoordinator - [Consumer clientId=consumer-slow-consumer-group-1, groupId=slow-consumer-group] Finished assignment for group at generation 59: {consumer-slow-consumer-group-1-e6c51887-d235-4a01-990a-ef44a0a5f5fa=Assignment(partitions=[slow-events-0, slow-events-1, slow-events-2])}
16:36:24.922 [org.springframework.kafka.KafkaListenerEndpointContainer#0-0-C-1] DEBUG o.a.k.c.consumer.internals.ConsumerCoordinator - [Consumer clientId=consumer-slow-consumer-group-1, groupId=slow-consumer-group] Sending leader SyncGroup to coordinator localhost:9092 (id: 2147483646 rack: null isFenced: false): SyncGroupRequestData(groupId='slow-consumer-group', generationId=59, memberId='consumer-slow-consumer-group-1-e6c51887-d235-4a01-990a-ef44a0a5f5fa', groupInstanceId=null, protocolType='consumer', protocolName='range', assignments=[SyncGroupRequestAssignment(memberId='consumer-slow-consumer-group-1-e6c51887-d235-4a01-990a-ef44a0a5f5fa', assignment=[0, 3, 0, 0, 0, 1, 0, 11, 115, 108, 111, 119, 45, 101, 118, 101, 110, 116, 115, 0, 0, 0, 3, 0, 0, 0, 0, 0, 0, 0, 1, 0, 0, 0, 2, -1, -1, -1, -1])])
16:36:24.927 [org.springframework.kafka.KafkaListenerEndpointContainer#0-0-C-1] DEBUG o.a.k.c.consumer.internals.ConsumerCoordinator - [Consumer clientId=consumer-slow-consumer-group-1, groupId=slow-consumer-group] Received successful SyncGroup response: SyncGroupResponseData(throttleTimeMs=0, errorCode=0, protocolType='consumer', protocolName='range', assignment=[0, 3, 0, 0, 0, 1, 0, 11, 115, 108, 111, 119, 45, 101, 118, 101, 110, 116, 115, 0, 0, 0, 3, 0, 0, 0, 0, 0, 0, 0, 1, 0, 0, 0, 2, -1, -1, -1, -1])
16:36:24.927 [org.springframework.kafka.KafkaListenerEndpointContainer#0-0-C-1] INFO  o.a.k.c.consumer.internals.ConsumerCoordinator - [Consumer clientId=consumer-slow-consumer-group-1, groupId=slow-consumer-group] Successfully synced group in generation Generation{generationId=59, memberId='consumer-slow-consumer-group-1-e6c51887-d235-4a01-990a-ef44a0a5f5fa', protocol='range'}
16:36:24.927 [org.springframework.kafka.KafkaListenerEndpointContainer#0-0-C-1] DEBUG o.a.k.c.consumer.internals.ConsumerCoordinator - [Consumer clientId=consumer-slow-consumer-group-1, groupId=slow-consumer-group] Executing onJoinComplete with generation 59 and memberId consumer-slow-consumer-group-1-e6c51887-d235-4a01-990a-ef44a0a5f5fa
16:36:24.927 [org.springframework.kafka.KafkaListenerEndpointContainer#0-0-C-1] INFO  o.a.k.c.consumer.internals.ConsumerCoordinator - [Consumer clientId=consumer-slow-consumer-group-1, groupId=slow-consumer-group] Notifying assignor about the new Assignment(partitions=[slow-events-0, slow-events-1, slow-events-2])
16:36:24.927 [org.springframework.kafka.KafkaListenerEndpointContainer#0-0-C-1] INFO  o.a.k.c.c.i.ConsumerRebalanceListenerInvoker - [Consumer clientId=consumer-slow-consumer-group-1, groupId=slow-consumer-group] Adding newly assigned partitions: [slow-events-0, slow-events-1, slow-events-2]
16:36:24.928 [org.springframework.kafka.KafkaListenerEndpointContainer#0-0-C-1] DEBUG o.a.k.c.consumer.internals.ConsumerCoordinator - [Consumer clientId=consumer-slow-consumer-group-1, groupId=slow-consumer-group] Fetching committed offsets for partitions: [slow-events-2, slow-events-1, slow-events-0]
16:36:24.932 [org.springframework.kafka.KafkaListenerEndpointContainer#0-0-C-1] INFO  o.a.k.c.consumer.internals.ConsumerCoordinator - [Consumer clientId=consumer-slow-consumer-group-1, groupId=slow-consumer-group] Found no committed offset for partition slow-events-1
16:36:24.932 [org.springframework.kafka.KafkaListenerEndpointContainer#0-0-C-1] INFO  o.a.k.c.consumer.internals.ConsumerCoordinator - [Consumer clientId=consumer-slow-consumer-group-1, groupId=slow-consumer-group] Found no committed offset for partition slow-events-0
16:36:24.932 [org.springframework.kafka.KafkaListenerEndpointContainer#0-0-C-1] INFO  o.a.kafka.clients.consumer.internals.ConsumerUtils - Setting offset for partition slow-events-2 to the committed offset FetchPosition{offset=6, offsetEpoch=Optional.empty, currentLeader=LeaderAndEpoch{leader=Optional[localhost:9092 (id: 1 rack: null isFenced: false)], epoch=0}}
16:36:24.935 [org.springframework.kafka.KafkaListenerEndpointContainer#0-0-C-1] INFO  o.a.k.clients.consumer.internals.SubscriptionState - [Consumer clientId=consumer-slow-consumer-group-1, groupId=slow-consumer-group] Resetting offset for partition slow-events-1 to position FetchPosition{offset=0, offsetEpoch=Optional.empty, currentLeader=LeaderAndEpoch{leader=Optional[localhost:9092 (id: 1 rack: null isFenced: false)], epoch=0}}.
16:36:24.935 [org.springframework.kafka.KafkaListenerEndpointContainer#0-0-C-1] INFO  o.a.k.clients.consumer.internals.SubscriptionState - [Consumer clientId=consumer-slow-consumer-group-1, groupId=slow-consumer-group] Resetting offset for partition slow-events-0 to position FetchPosition{offset=0, offsetEpoch=Optional.empty, currentLeader=LeaderAndEpoch{leader=Optional[localhost:9092 (id: 1 rack: null isFenced: false)], epoch=0}}.
16:36:24.935 [org.springframework.kafka.KafkaListenerEndpointContainer#0-0-C-1] INFO  o.s.kafka.listener.KafkaMessageListenerContainer - slow-consumer-group: partitions assigned: [slow-events-0, slow-events-1, slow-events-2]
16:36:24.939 [org.springframework.kafka.KafkaListenerEndpointContainer#0-0-C-1] DEBUG o.s.kafka.listener.KafkaMessageListenerContainer - Received: 6 records
16:36:24.939 [org.springframework.kafka.KafkaListenerEndpointContainer#0-0-C-1] DEBUG o.s.k.l.a.RecordMessagingMessageListenerAdapter - Processing [GenericMessage [payload=DemoEvent(id=ee1a34a9-a145-4117-a2b3-06a68f143f9b, payload=demo-event-6, slow=false, retryTrigger=true, createdAt=2026-08-25T08:35:38.630841Z), headers={kafka_offset=6, kafka_consumer=org.springframework.kafka.core.DefaultKafkaConsumerFactory$ExtendedKafkaConsumer@582c7c97, kafka_timestampType=CREATE_TIME, kafka_receivedPartitionId=2, kafka_receivedMessageKey=0, kafka_receivedTopic=slow-events, kafka_receivedTimestamp=1787646938631, kafka_acknowledgment=Acknowledgment for slow-events-2@6, kafka_groupId=slow-consumer-group}]]
16:36:24.939 [org.springframework.kafka.KafkaListenerEndpointContainer#0-0-C-1] INFO  c.e.k.listener.RetryProneEventListener - 收到消息 id=ee1a34a9-a145-4117-a2b3-06a68f143f9b partition=2 retryTrigger=true
16:36:24.939 [org.springframework.kafka.KafkaListenerEndpointContainer#0-0-C-1] ERROR c.e.k.listener.RetryProneEventListener - 模拟处理失败：id=ee1a34a9-a145-4117-a2b3-06a68f143f9b，将抛出可重试异常，触发 DefaultErrorHandler 的阻塞式重试（单次等待 9000ms，最多 3 次）
16:36:24.940 [org.springframework.kafka.KafkaListenerEndpointContainer#0-0-C-1] WARN  c.e.k.config.Scenario3ErrorHandlerConfig - 消息 offset=6 partition=2 第 3 次投递失败，将进行阻塞式重试等待 9000ms：Listener method 'public void com.example.kafkarebalance.listener.RetryProneEventListener.onMessage(com.example.kafkarebalance.model.DemoEvent,int,org.springframework.kafka.support.Acknowledgment)' threw exception
16:36:28.023 [kafka-coordinator-heartbeat-thread | slow-consumer-group] DEBUG o.a.k.c.consumer.internals.ConsumerCoordinator - [Consumer clientId=consumer-slow-consumer-group-1, groupId=slow-consumer-group] Sending Heartbeat request with generation 59 and member id consumer-slow-consumer-group-1-e6c51887-d235-4a01-990a-ef44a0a5f5fa to coordinator localhost:9092 (id: 2147483646 rack: null isFenced: false)
16:36:28.130 [kafka-coordinator-heartbeat-thread | slow-consumer-group] DEBUG o.a.k.c.consumer.internals.ConsumerCoordinator - [Consumer clientId=consumer-slow-consumer-group-1, groupId=slow-consumer-group] Received successful Heartbeat response
16:36:31.029 [kafka-coordinator-heartbeat-thread | slow-consumer-group] DEBUG o.a.k.c.consumer.internals.ConsumerCoordinator - [Consumer clientId=consumer-slow-consumer-group-1, groupId=slow-consumer-group] Sending Heartbeat request with generation 59 and member id consumer-slow-consumer-group-1-e6c51887-d235-4a01-990a-ef44a0a5f5fa to coordinator localhost:9092 (id: 2147483646 rack: null isFenced: false)
16:36:31.135 [kafka-coordinator-heartbeat-thread | slow-consumer-group] DEBUG o.a.k.c.consumer.internals.ConsumerCoordinator - [Consumer clientId=consumer-slow-consumer-group-1, groupId=slow-consumer-group] Received successful Heartbeat response
16:36:32.993 [kafka-coordinator-heartbeat-thread | slow-consumer-group] WARN  o.a.k.c.consumer.internals.ConsumerCoordinator - [Consumer clientId=consumer-slow-consumer-group-1, groupId=slow-consumer-group] consumer poll timeout has expired. This means the time between subsequent calls to poll() was longer than the configured max.poll.interval.ms, which typically implies that the poll loop is spending too much time processing messages. You can address this either by increasing max.poll.interval.ms or by reducing the maximum size of batches returned in poll() with max.poll.records.
16:36:32.993 [kafka-coordinator-heartbeat-thread | slow-consumer-group] INFO  o.a.k.c.consumer.internals.ConsumerCoordinator - [Consumer clientId=consumer-slow-consumer-group-1, groupId=slow-consumer-group] Member consumer-slow-consumer-group-1-e6c51887-d235-4a01-990a-ef44a0a5f5fa sending LeaveGroup request to coordinator localhost:9092 (id: 2147483646 rack: null isFenced: false) due to consumer poll timeout has expired.
16:36:32.994 [kafka-coordinator-heartbeat-thread | slow-consumer-group] INFO  o.a.k.c.consumer.internals.ConsumerCoordinator - [Consumer clientId=consumer-slow-consumer-group-1, groupId=slow-consumer-group] Resetting generation and member id due to: consumer pro-actively leaving the group
16:36:32.995 [kafka-coordinator-heartbeat-thread | slow-consumer-group] INFO  o.a.k.c.consumer.internals.ConsumerCoordinator - [Consumer clientId=consumer-slow-consumer-group-1, groupId=slow-consumer-group] Request joining group due to: consumer pro-actively leaving the group
16:36:34.013 [org.springframework.kafka.KafkaListenerEndpointContainer#0-0-C-1] INFO  o.a.k.c.consumer.internals.ClassicKafkaConsumer - [Consumer clientId=consumer-slow-consumer-group-1, groupId=slow-consumer-group] Seeking to offset 6 for partition slow-events-2
16:36:34.014 [org.springframework.kafka.KafkaListenerEndpointContainer#0-0-C-1] INFO  o.s.kafka.listener.KafkaMessageListenerContainer - Record in retry and not yet recovered
16:36:34.014 [org.springframework.kafka.KafkaListenerEndpointContainer#0-0-C-1] DEBUG o.a.k.c.consumer.internals.ConsumerCoordinator - [Consumer clientId=consumer-slow-consumer-group-1, groupId=slow-consumer-group] Executing onJoinPrepare with generation -1 and memberId 
16:36:34.014 [org.springframework.kafka.KafkaListenerEndpointContainer#0-0-C-1] INFO  o.a.k.c.consumer.internals.ConsumerCoordinator - [Consumer clientId=consumer-slow-consumer-group-1, groupId=slow-consumer-group] Giving away all assigned partitions as lost since generation/memberID has been reset,indicating that consumer is in old state or no longer part of the group
16:36:34.014 [org.springframework.kafka.KafkaListenerEndpointContainer#0-0-C-1] INFO  o.a.k.c.c.i.ConsumerRebalanceListenerInvoker - [Consumer clientId=consumer-slow-consumer-group-1, groupId=slow-consumer-group] Lost previously assigned partitions [slow-events-0, slow-events-1, slow-events-2]
16:36:34.014 [org.springframework.kafka.KafkaListenerEndpointContainer#0-0-C-1] INFO  o.s.kafka.listener.KafkaMessageListenerContainer - slow-consumer-group: partitions lost: [slow-events-0, slow-events-1, slow-events-2]
16:36:34.014 [org.springframework.kafka.KafkaListenerEndpointContainer#0-0-C-1] INFO  o.s.kafka.listener.KafkaMessageListenerContainer - slow-consumer-group: partitions revoked: [slow-events-0, slow-events-1, slow-events-2]
16:36:34.014 [org.springframework.kafka.KafkaListenerEndpointContainer#0-0-C-1] INFO  o.a.k.c.consumer.internals.ConsumerCoordinator - [Consumer clientId=consumer-slow-consumer-group-1, groupId=slow-consumer-group] (Re-)joining group
16:36:34.014 [org.springframework.kafka.KafkaListenerEndpointContainer#0-0-C-1] DEBUG o.a.k.c.consumer.internals.ConsumerCoordinator - [Consumer clientId=consumer-slow-consumer-group-1, groupId=slow-consumer-group] Joining group with current subscription: [slow-events]
16:36:34.014 [org.springframework.kafka.KafkaListenerEndpointContainer#0-0-C-1] DEBUG o.a.k.c.consumer.internals.ConsumerCoordinator - [Consumer clientId=consumer-slow-consumer-group-1, groupId=slow-consumer-group] Sending JoinGroup (JoinGroupRequestData(groupId='slow-consumer-group', sessionTimeoutMs=12000, rebalanceTimeoutMs=8000, memberId='', groupInstanceId=null, protocolType='consumer', protocols=[JoinGroupRequestProtocol(name='range', metadata=[0, 3, 0, 0, 0, 1, 0, 11, 115, 108, 111, 119, 45, 101, 118, 101, 110, 116, 115, -1, -1, -1, -1, 0, 0, 0, 0, -1, -1, -1, -1, -1, -1]), JoinGroupRequestProtocol(name='cooperative-sticky', metadata=[0, 3, 0, 0, 0, 1, 0, 11, 115, 108, 111, 119, 45, 101, 118, 101, 110, 116, 115, 0, 0, 0, 4, -1, -1, -1, -1, 0, 0, 0, 0, -1, -1, -1, -1, -1, -1])], reason='consumer pro-actively leaving the group')) to coordinator localhost:9092 (id: 2147483646 rack: null isFenced: false)
16:36:34.015 [org.springframework.kafka.KafkaListenerEndpointContainer#0-0-C-1] DEBUG o.a.k.c.consumer.internals.ConsumerCoordinator - [Consumer clientId=consumer-slow-consumer-group-1, groupId=slow-consumer-group] LeaveGroup response with Generation{generationId=59, memberId='consumer-slow-consumer-group-1-e6c51887-d235-4a01-990a-ef44a0a5f5fa', protocol='range'} returned successfully: ClientResponse(receivedTimeMs=1787646994015, latencyMs=1022, disconnected=false, timedOut=false, requestHeader=RequestHeader(apiKey=LEAVE_GROUP, apiVersion=5, clientId=consumer-slow-consumer-group-1, correlationId=75, headerVersion=2), responseBody=LeaveGroupResponseData(throttleTimeMs=0, errorCode=0, members=[MemberResponse(memberId='consumer-slow-consumer-group-1-e6c51887-d235-4a01-990a-ef44a0a5f5fa', groupInstanceId=null, errorCode=0)]))
16:36:34.019 [org.springframework.kafka.KafkaListenerEndpointContainer#0-0-C-1] DEBUG o.a.k.c.consumer.internals.ConsumerCoordinator - [Consumer clientId=consumer-slow-consumer-group-1, groupId=slow-consumer-group] JoinGroup failed due to non-fatal error: MEMBER_ID_REQUIRED. Will set the member id as consumer-slow-consumer-group-1-e47a9925-54af-4fc1-94f9-9e9c06714043 and then rejoin. Sent generation was Generation{generationId=-1, memberId='', protocol='null'}
16:36:34.019 [org.springframework.kafka.KafkaListenerEndpointContainer#0-0-C-1] INFO  o.a.k.c.consumer.internals.ConsumerCoordinator - [Consumer clientId=consumer-slow-consumer-group-1, groupId=slow-consumer-group] Request joining group due to: need to re-join with the given member-id: consumer-slow-consumer-group-1-e47a9925-54af-4fc1-94f9-9e9c06714043
16:36:34.019 [org.springframework.kafka.KafkaListenerEndpointContainer#0-0-C-1] INFO  o.a.k.c.consumer.internals.ConsumerCoordinator - [Consumer clientId=consumer-slow-consumer-group-1, groupId=slow-consumer-group] (Re-)joining group
16:36:34.019 [org.springframework.kafka.KafkaListenerEndpointContainer#0-0-C-1] DEBUG o.a.k.c.consumer.internals.ConsumerCoordinator - [Consumer clientId=consumer-slow-consumer-group-1, groupId=slow-consumer-group] Joining group with current subscription: [slow-events]
16:36:34.020 [org.springframework.kafka.KafkaListenerEndpointContainer#0-0-C-1] DEBUG o.a.k.c.consumer.internals.ConsumerCoordinator - [Consumer clientId=consumer-slow-consumer-group-1, groupId=slow-consumer-group] Sending JoinGroup (JoinGroupRequestData(groupId='slow-consumer-group', sessionTimeoutMs=12000, rebalanceTimeoutMs=8000, memberId='consumer-slow-consumer-group-1-e47a9925-54af-4fc1-94f9-9e9c06714043', groupInstanceId=null, protocolType='consumer', protocols=[JoinGroupRequestProtocol(name='range', metadata=[0, 3, 0, 0, 0, 1, 0, 11, 115, 108, 111, 119, 45, 101, 118, 101, 110, 116, 115, -1, -1, -1, -1, 0, 0, 0, 0, -1, -1, -1, -1, -1, -1]), JoinGroupRequestProtocol(name='cooperative-sticky', metadata=[0, 3, 0, 0, 0, 1, 0, 11, 115, 108, 111, 119, 45, 101, 118, 101, 110, 116, 115, 0, 0, 0, 4, -1, -1, -1, -1, 0, 0, 0, 0, -1, -1, -1, -1, -1, -1])], reason='need to re-join with the given member-id: consumer-slow-consumer-group-1-e47a9925-54af-4fc1-94f9-9e9c06714043')) to coordinator localhost:9092 (id: 2147483646 rack: null isFenced: false)
16:36:34.023 [org.springframework.kafka.KafkaListenerEndpointContainer#0-0-C-1] DEBUG o.a.k.c.consumer.internals.ConsumerCoordinator - [Consumer clientId=consumer-slow-consumer-group-1, groupId=slow-consumer-group] Received successful JoinGroup response: JoinGroupResponseData(throttleTimeMs=0, errorCode=0, generationId=61, protocolType='consumer', protocolName='range', leader='consumer-slow-consumer-group-1-e47a9925-54af-4fc1-94f9-9e9c06714043', skipAssignment=false, memberId='consumer-slow-consumer-group-1-e47a9925-54af-4fc1-94f9-9e9c06714043', members=[JoinGroupResponseMember(memberId='consumer-slow-consumer-group-1-e47a9925-54af-4fc1-94f9-9e9c06714043', groupInstanceId=null, metadata=[0, 3, 0, 0, 0, 1, 0, 11, 115, 108, 111, 119, 45, 101, 118, 101, 110, 116, 115, -1, -1, -1, -1, 0, 0, 0, 0, -1, -1, -1, -1, -1, -1])])
16:36:34.024 [org.springframework.kafka.KafkaListenerEndpointContainer#0-0-C-1] DEBUG o.a.k.c.consumer.internals.ConsumerCoordinator - [Consumer clientId=consumer-slow-consumer-group-1, groupId=slow-consumer-group] Enabling heartbeat thread
16:36:34.024 [org.springframework.kafka.KafkaListenerEndpointContainer#0-0-C-1] INFO  o.a.k.c.consumer.internals.ConsumerCoordinator - [Consumer clientId=consumer-slow-consumer-group-1, groupId=slow-consumer-group] Successfully joined group with generation Generation{generationId=61, memberId='consumer-slow-consumer-group-1-e47a9925-54af-4fc1-94f9-9e9c06714043', protocol='range'}
16:36:34.024 [org.springframework.kafka.KafkaListenerEndpointContainer#0-0-C-1] DEBUG o.a.k.c.consumer.internals.ConsumerCoordinator - [Consumer clientId=consumer-slow-consumer-group-1, groupId=slow-consumer-group] Performing assignment using strategy range with subscriptions {consumer-slow-consumer-group-1-e47a9925-54af-4fc1-94f9-9e9c06714043=Subscription(topics=[slow-events], ownedPartitions=[], groupInstanceId=null, generationId=-1, rackId=null)}
16:36:34.024 [org.springframework.kafka.KafkaListenerEndpointContainer#0-0-C-1] INFO  o.a.k.c.consumer.internals.ConsumerCoordinator - [Consumer clientId=consumer-slow-consumer-group-1, groupId=slow-consumer-group] Finished assignment for group at generation 61: {consumer-slow-consumer-group-1-e47a9925-54af-4fc1-94f9-9e9c06714043=Assignment(partitions=[slow-events-0, slow-events-1, slow-events-2])}
16:36:34.024 [org.springframework.kafka.KafkaListenerEndpointContainer#0-0-C-1] DEBUG o.a.k.c.consumer.internals.ConsumerCoordinator - [Consumer clientId=consumer-slow-consumer-group-1, groupId=slow-consumer-group] Sending leader SyncGroup to coordinator localhost:9092 (id: 2147483646 rack: null isFenced: false): SyncGroupRequestData(groupId='slow-consumer-group', generationId=61, memberId='consumer-slow-consumer-group-1-e47a9925-54af-4fc1-94f9-9e9c06714043', groupInstanceId=null, protocolType='consumer', protocolName='range', assignments=[SyncGroupRequestAssignment(memberId='consumer-slow-consumer-group-1-e47a9925-54af-4fc1-94f9-9e9c06714043', assignment=[0, 3, 0, 0, 0, 1, 0, 11, 115, 108, 111, 119, 45, 101, 118, 101, 110, 116, 115, 0, 0, 0, 3, 0, 0, 0, 0, 0, 0, 0, 1, 0, 0, 0, 2, -1, -1, -1, -1])])
16:36:34.029 [org.springframework.kafka.KafkaListenerEndpointContainer#0-0-C-1] DEBUG o.a.k.c.consumer.internals.ConsumerCoordinator - [Consumer clientId=consumer-slow-consumer-group-1, groupId=slow-consumer-group] Received successful SyncGroup response: SyncGroupResponseData(throttleTimeMs=0, errorCode=0, protocolType='consumer', protocolName='range', assignment=[0, 3, 0, 0, 0, 1, 0, 11, 115, 108, 111, 119, 45, 101, 118, 101, 110, 116, 115, 0, 0, 0, 3, 0, 0, 0, 0, 0, 0, 0, 1, 0, 0, 0, 2, -1, -1, -1, -1])
16:36:34.029 [org.springframework.kafka.KafkaListenerEndpointContainer#0-0-C-1] INFO  o.a.k.c.consumer.internals.ConsumerCoordinator - [Consumer clientId=consumer-slow-consumer-group-1, groupId=slow-consumer-group] Successfully synced group in generation Generation{generationId=61, memberId='consumer-slow-consumer-group-1-e47a9925-54af-4fc1-94f9-9e9c06714043', protocol='range'}
16:36:34.029 [org.springframework.kafka.KafkaListenerEndpointContainer#0-0-C-1] DEBUG o.a.k.c.consumer.internals.ConsumerCoordinator - [Consumer clientId=consumer-slow-consumer-group-1, groupId=slow-consumer-group] Executing onJoinComplete with generation 61 and memberId consumer-slow-consumer-group-1-e47a9925-54af-4fc1-94f9-9e9c06714043
16:36:34.030 [org.springframework.kafka.KafkaListenerEndpointContainer#0-0-C-1] INFO  o.a.k.c.consumer.internals.ConsumerCoordinator - [Consumer clientId=consumer-slow-consumer-group-1, groupId=slow-consumer-group] Notifying assignor about the new Assignment(partitions=[slow-events-0, slow-events-1, slow-events-2])
16:36:34.030 [org.springframework.kafka.KafkaListenerEndpointContainer#0-0-C-1] INFO  o.a.k.c.c.i.ConsumerRebalanceListenerInvoker - [Consumer clientId=consumer-slow-consumer-group-1, groupId=slow-consumer-group] Adding newly assigned partitions: [slow-events-0, slow-events-1, slow-events-2]
16:36:34.030 [org.springframework.kafka.KafkaListenerEndpointContainer#0-0-C-1] DEBUG o.a.k.c.consumer.internals.ConsumerCoordinator - [Consumer clientId=consumer-slow-consumer-group-1, groupId=slow-consumer-group] Fetching committed offsets for partitions: [slow-events-2, slow-events-1, slow-events-0]
16:36:34.031 [org.springframework.kafka.KafkaListenerEndpointContainer#0-0-C-1] INFO  o.a.k.c.consumer.internals.ConsumerCoordinator - [Consumer clientId=consumer-slow-consumer-group-1, groupId=slow-consumer-group] Found no committed offset for partition slow-events-1
16:36:34.032 [org.springframework.kafka.KafkaListenerEndpointContainer#0-0-C-1] INFO  o.a.k.c.consumer.internals.ConsumerCoordinator - [Consumer clientId=consumer-slow-consumer-group-1, groupId=slow-consumer-group] Found no committed offset for partition slow-events-0
16:36:34.032 [org.springframework.kafka.KafkaListenerEndpointContainer#0-0-C-1] INFO  o.a.kafka.clients.consumer.internals.ConsumerUtils - Setting offset for partition slow-events-2 to the committed offset FetchPosition{offset=6, offsetEpoch=Optional.empty, currentLeader=LeaderAndEpoch{leader=Optional[localhost:9092 (id: 1 rack: null isFenced: false)], epoch=0}}
16:36:34.035 [org.springframework.kafka.KafkaListenerEndpointContainer#0-0-C-1] INFO  o.a.k.clients.consumer.internals.SubscriptionState - [Consumer clientId=consumer-slow-consumer-group-1, groupId=slow-consumer-group] Resetting offset for partition slow-events-1 to position FetchPosition{offset=0, offsetEpoch=Optional.empty, currentLeader=LeaderAndEpoch{leader=Optional[localhost:9092 (id: 1 rack: null isFenced: false)], epoch=0}}.
16:36:34.035 [org.springframework.kafka.KafkaListenerEndpointContainer#0-0-C-1] INFO  o.a.k.clients.consumer.internals.SubscriptionState - [Consumer clientId=consumer-slow-consumer-group-1, groupId=slow-consumer-group] Resetting offset for partition slow-events-0 to position FetchPosition{offset=0, offsetEpoch=Optional.empty, currentLeader=LeaderAndEpoch{leader=Optional[localhost:9092 (id: 1 rack: null isFenced: false)], epoch=0}}.
16:36:34.035 [org.springframework.kafka.KafkaListenerEndpointContainer#0-0-C-1] INFO  o.s.kafka.listener.KafkaMessageListenerContainer - slow-consumer-group: partitions assigned: [slow-events-0, slow-events-1, slow-events-2]
16:36:34.040 [org.springframework.kafka.KafkaListenerEndpointContainer#0-0-C-1] DEBUG o.s.kafka.listener.KafkaMessageListenerContainer - Received: 6 records
16:36:34.040 [org.springframework.kafka.KafkaListenerEndpointContainer#0-0-C-1] DEBUG o.s.k.l.a.RecordMessagingMessageListenerAdapter - Processing [GenericMessage [payload=DemoEvent(id=ee1a34a9-a145-4117-a2b3-06a68f143f9b, payload=demo-event-6, slow=false, retryTrigger=true, createdAt=2026-08-25T08:35:38.630841Z), headers={kafka_offset=6, kafka_consumer=org.springframework.kafka.core.DefaultKafkaConsumerFactory$ExtendedKafkaConsumer@582c7c97, kafka_timestampType=CREATE_TIME, kafka_receivedPartitionId=2, kafka_receivedMessageKey=0, kafka_receivedTopic=slow-events, kafka_receivedTimestamp=1787646938631, kafka_acknowledgment=Acknowledgment for slow-events-2@6, kafka_groupId=slow-consumer-group}]]
16:36:34.041 [org.springframework.kafka.KafkaListenerEndpointContainer#0-0-C-1] INFO  c.e.k.listener.RetryProneEventListener - 收到消息 id=ee1a34a9-a145-4117-a2b3-06a68f143f9b partition=2 retryTrigger=true
16:36:34.041 [org.springframework.kafka.KafkaListenerEndpointContainer#0-0-C-1] ERROR c.e.k.listener.RetryProneEventListener - 模拟处理失败：id=ee1a34a9-a145-4117-a2b3-06a68f143f9b，将抛出可重试异常，触发 DefaultErrorHandler 的阻塞式重试（单次等待 9000ms，最多 3 次）
16:36:34.041 [org.springframework.kafka.KafkaListenerEndpointContainer#0-0-C-1] WARN  c.e.k.config.Scenario3ErrorHandlerConfig - 消息 offset=6 partition=2 第 4 次投递失败，将进行阻塞式重试等待 9000ms：Listener method 'public void com.example.kafkarebalance.listener.RetryProneEventListener.onMessage(com.example.kafkarebalance.model.DemoEvent,int,org.springframework.kafka.support.Acknowledgment)' threw exception
16:36:34.041 [org.springframework.kafka.KafkaListenerEndpointContainer#0-0-C-1] ERROR o.s.kafka.listener.DefaultErrorHandler - Backoff FixedBackOffExecution[interval=9000, currentAttempts=4, maxAttempts=3] exhausted for slow-events-2@6
org.springframework.kafka.listener.ListenerExecutionFailedException: Listener method 'public void com.example.kafkarebalance.listener.RetryProneEventListener.onMessage(com.example.kafkarebalance.model.DemoEvent,int,org.springframework.kafka.support.Acknowledgment)' threw exception
	at org.springframework.kafka.listener.KafkaMessageListenerContainer$ListenerConsumer.decorateException(KafkaMessageListenerContainer.java:3090)
	at org.springframework.kafka.listener.KafkaMessageListenerContainer$ListenerConsumer.doInvokeOnMessage(KafkaMessageListenerContainer.java:2961)
	at org.springframework.kafka.listener.KafkaMessageListenerContainer$ListenerConsumer.invokeOnMessage(KafkaMessageListenerContainer.java:2927)
	at org.springframework.kafka.listener.KafkaMessageListenerContainer$ListenerConsumer.doInvokeRecordListener(KafkaMessageListenerContainer.java:2837)
	at org.springframework.kafka.listener.KafkaMessageListenerContainer$ListenerConsumer.doInvokeWithRecords(KafkaMessageListenerContainer.java:2679)
	at org.springframework.kafka.listener.KafkaMessageListenerContainer$ListenerConsumer.invokeRecordListener(KafkaMessageListenerContainer.java:2573)
	at org.springframework.kafka.listener.KafkaMessageListenerContainer$ListenerConsumer.invokeListener(KafkaMessageListenerContainer.java:2204)
	at org.springframework.kafka.listener.KafkaMessageListenerContainer$ListenerConsumer.invokeIfHaveRecords(KafkaMessageListenerContainer.java:1559)
	at org.springframework.kafka.listener.KafkaMessageListenerContainer$ListenerConsumer.pollAndInvoke(KafkaMessageListenerContainer.java:1499)
	at org.springframework.kafka.listener.KafkaMessageListenerContainer$ListenerConsumer.run(KafkaMessageListenerContainer.java:1368)
	at java.base/java.util.concurrent.CompletableFuture$AsyncRun.run(CompletableFuture.java:1825)
	at java.base/java.lang.Thread.run(Thread.java:1474)
	Suppressed: org.springframework.kafka.listener.ListenerExecutionFailedException: Restored Stack Trace
		at org.springframework.kafka.listener.adapter.MessagingMessageListenerAdapter.invokeHandler(MessagingMessageListenerAdapter.java:513)
		at org.springframework.kafka.listener.adapter.MessagingMessageListenerAdapter.invoke(MessagingMessageListenerAdapter.java:425)
		at org.springframework.kafka.listener.adapter.RecordMessagingMessageListenerAdapter.onMessage(RecordMessagingMessageListenerAdapter.java:92)
		at org.springframework.kafka.listener.adapter.RecordMessagingMessageListenerAdapter.onMessage(RecordMessagingMessageListenerAdapter.java:52)
		at org.springframework.kafka.listener.KafkaMessageListenerContainer$ListenerConsumer.doInvokeOnMessage(KafkaMessageListenerContainer.java:2948)
Caused by: com.example.kafkarebalance.listener.TransientProcessingException: 模拟瞬时处理失败 id=ee1a34a9-a145-4117-a2b3-06a68f143f9b
	at com.example.kafkarebalance.listener.RetryProneEventListener.onMessage(RetryProneEventListener.kt:54)
	at java.base/jdk.internal.reflect.DirectMethodHandleAccessor.invoke(DirectMethodHandleAccessor.java:104)
	at java.base/java.lang.reflect.Method.invoke(Method.java:565)
	at org.springframework.messaging.handler.invocation.InvocableHandlerMethod.doInvoke(InvocableHandlerMethod.java:168)
	at org.springframework.kafka.listener.adapter.KotlinAwareInvocableHandlerMethod.doInvoke(KotlinAwareInvocableHandlerMethod.java:48)
	at org.springframework.messaging.handler.invocation.InvocableHandlerMethod.invoke(InvocableHandlerMethod.java:119)
	at org.springframework.kafka.listener.adapter.HandlerAdapter.invoke(HandlerAdapter.java:80)
	at org.springframework.kafka.listener.adapter.MessagingMessageListenerAdapter.invokeHandler(MessagingMessageListenerAdapter.java:488)
	at org.springframework.kafka.listener.adapter.MessagingMessageListenerAdapter.invoke(MessagingMessageListenerAdapter.java:425)
	at org.springframework.kafka.listener.adapter.RecordMessagingMessageListenerAdapter.onMessage(RecordMessagingMessageListenerAdapter.java:92)
	at org.springframework.kafka.listener.adapter.RecordMessagingMessageListenerAdapter.onMessage(RecordMessagingMessageListenerAdapter.java:52)
	at org.springframework.kafka.listener.KafkaMessageListenerContainer$ListenerConsumer.doInvokeOnMessage(KafkaMessageListenerContainer.java:2948)
	... 10 common frames omitted
16:36:34.041 [org.springframework.kafka.KafkaListenerEndpointContainer#0-0-C-1] DEBUG o.s.kafka.listener.DefaultErrorHandler - Skipping seek of: slow-events-2@6
16:36:34.041 [org.springframework.kafka.KafkaListenerEndpointContainer#0-0-C-1] INFO  o.a.k.c.consumer.internals.ClassicKafkaConsumer - [Consumer clientId=consumer-slow-consumer-group-1, groupId=slow-consumer-group] Seeking to offset 7 for partition slow-events-2
16:36:34.541 [org.springframework.kafka.KafkaListenerEndpointContainer#0-0-C-1] DEBUG o.s.kafka.listener.KafkaMessageListenerContainer - Received: 5 records
16:36:34.541 [org.springframework.kafka.KafkaListenerEndpointContainer#0-0-C-1] DEBUG o.s.k.l.a.RecordMessagingMessageListenerAdapter - Processing [GenericMessage [payload=DemoEvent(id=60fbe339-c599-4391-8d09-572206652728, payload=demo-event-7, slow=false, retryTrigger=false, createdAt=2026-08-25T08:35:38.684533Z), headers={kafka_offset=7, kafka_consumer=org.springframework.kafka.core.DefaultKafkaConsumerFactory$ExtendedKafkaConsumer@582c7c97, kafka_timestampType=CREATE_TIME, kafka_receivedPartitionId=2, kafka_receivedMessageKey=0, kafka_receivedTopic=slow-events, kafka_receivedTimestamp=1787646938684, kafka_acknowledgment=Acknowledgment for slow-events-2@7, kafka_groupId=slow-consumer-group}]]
16:36:34.541 [org.springframework.kafka.KafkaListenerEndpointContainer#0-0-C-1] INFO  c.e.k.listener.RetryProneEventListener - 收到消息 id=60fbe339-c599-4391-8d09-572206652728 partition=2 retryTrigger=false
16:36:34.745 [org.springframework.kafka.KafkaListenerEndpointContainer#0-0-C-1] DEBUG o.s.kafka.listener.KafkaMessageListenerContainer - Committing: {slow-events-2=OffsetAndMetadata{offset=8, leaderEpoch=null, metadata=''}}
16:36:34.759 [org.springframework.kafka.KafkaListenerEndpointContainer#0-0-C-1] DEBUG o.a.k.c.consumer.internals.ConsumerCoordinator - [Consumer clientId=consumer-slow-consumer-group-1, groupId=slow-consumer-group] Committed offset 8 for partition slow-events-2
16:36:34.759 [org.springframework.kafka.KafkaListenerEndpointContainer#0-0-C-1] INFO  c.e.k.listener.RetryProneEventListener - 消息处理完成并已提交 offset id=60fbe339-c599-4391-8d09-572206652728
16:36:34.760 [org.springframework.kafka.KafkaListenerEndpointContainer#0-0-C-1] DEBUG o.s.k.l.a.RecordMessagingMessageListenerAdapter - Processing [GenericMessage [payload=DemoEvent(id=10242cb0-82a9-44be-8023-1227306cf861, payload=demo-event-8, slow=false, retryTrigger=false, createdAt=2026-08-25T08:35:38.742458Z), headers={kafka_offset=8, kafka_consumer=org.springframework.kafka.core.DefaultKafkaConsumerFactory$ExtendedKafkaConsumer@582c7c97, kafka_timestampType=CREATE_TIME, kafka_receivedPartitionId=2, kafka_receivedMessageKey=0, kafka_receivedTopic=slow-events, kafka_receivedTimestamp=1787646938742, kafka_acknowledgment=Acknowledgment for slow-events-2@8, kafka_groupId=slow-consumer-group}]]
16:36:34.760 [org.springframework.kafka.KafkaListenerEndpointContainer#0-0-C-1] INFO  c.e.k.listener.RetryProneEventListener - 收到消息 id=10242cb0-82a9-44be-8023-1227306cf861 partition=2 retryTrigger=false
16:36:34.965 [org.springframework.kafka.KafkaListenerEndpointContainer#0-0-C-1] DEBUG o.s.kafka.listener.KafkaMessageListenerContainer - Committing: {slow-events-2=OffsetAndMetadata{offset=9, leaderEpoch=null, metadata=''}}
16:36:34.972 [org.springframework.kafka.KafkaListenerEndpointContainer#0-0-C-1] DEBUG o.a.k.c.consumer.internals.ConsumerCoordinator - [Consumer clientId=consumer-slow-consumer-group-1, groupId=slow-consumer-group] Committed offset 9 for partition slow-events-2
16:36:34.972 [org.springframework.kafka.KafkaListenerEndpointContainer#0-0-C-1] INFO  c.e.k.listener.RetryProneEventListener - 消息处理完成并已提交 offset id=10242cb0-82a9-44be-8023-1227306cf861
16:36:34.973 [org.springframework.kafka.KafkaListenerEndpointContainer#0-0-C-1] DEBUG o.s.k.l.a.RecordMessagingMessageListenerAdapter - Processing [GenericMessage [payload=DemoEvent(id=c9b33c42-186b-4483-b740-59d34c26be83, payload=demo-event-9, slow=false, retryTrigger=false, createdAt=2026-08-25T08:35:38.798397Z), headers={kafka_offset=9, kafka_consumer=org.springframework.kafka.core.DefaultKafkaConsumerFactory$ExtendedKafkaConsumer@582c7c97, kafka_timestampType=CREATE_TIME, kafka_receivedPartitionId=2, kafka_receivedMessageKey=0, kafka_receivedTopic=slow-events, kafka_receivedTimestamp=1787646938798, kafka_acknowledgment=Acknowledgment for slow-events-2@9, kafka_groupId=slow-consumer-group}]]
16:36:34.973 [org.springframework.kafka.KafkaListenerEndpointContainer#0-0-C-1] INFO  c.e.k.listener.RetryProneEventListener - 收到消息 id=c9b33c42-186b-4483-b740-59d34c26be83 partition=2 retryTrigger=false
16:36:35.177 [org.springframework.kafka.KafkaListenerEndpointContainer#0-0-C-1] DEBUG o.s.kafka.listener.KafkaMessageListenerContainer - Committing: {slow-events-2=OffsetAndMetadata{offset=10, leaderEpoch=null, metadata=''}}
16:36:35.186 [org.springframework.kafka.KafkaListenerEndpointContainer#0-0-C-1] DEBUG o.a.k.c.consumer.internals.ConsumerCoordinator - [Consumer clientId=consumer-slow-consumer-group-1, groupId=slow-consumer-group] Committed offset 10 for partition slow-events-2
16:36:35.187 [org.springframework.kafka.KafkaListenerEndpointContainer#0-0-C-1] INFO  c.e.k.listener.RetryProneEventListener - 消息处理完成并已提交 offset id=c9b33c42-186b-4483-b740-59d34c26be83
16:36:35.187 [org.springframework.kafka.KafkaListenerEndpointContainer#0-0-C-1] DEBUG o.s.k.l.a.RecordMessagingMessageListenerAdapter - Processing [GenericMessage [payload=DemoEvent(id=1cd13a60-c165-4cb6-a20d-416ff2d020f0, payload=demo-event-10, slow=false, retryTrigger=false, createdAt=2026-08-25T08:35:38.854662Z), headers={kafka_offset=10, kafka_consumer=org.springframework.kafka.core.DefaultKafkaConsumerFactory$ExtendedKafkaConsumer@582c7c97, kafka_timestampType=CREATE_TIME, kafka_receivedPartitionId=2, kafka_receivedMessageKey=0, kafka_receivedTopic=slow-events, kafka_receivedTimestamp=1787646938854, kafka_acknowledgment=Acknowledgment for slow-events-2@10, kafka_groupId=slow-consumer-group}]]
16:36:35.187 [org.springframework.kafka.KafkaListenerEndpointContainer#0-0-C-1] INFO  c.e.k.listener.RetryProneEventListener - 收到消息 id=1cd13a60-c165-4cb6-a20d-416ff2d020f0 partition=2 retryTrigger=false
16:36:35.389 [org.springframework.kafka.KafkaListenerEndpointContainer#0-0-C-1] DEBUG o.s.kafka.listener.KafkaMessageListenerContainer - Committing: {slow-events-2=OffsetAndMetadata{offset=11, leaderEpoch=null, metadata=''}}
16:36:35.398 [org.springframework.kafka.KafkaListenerEndpointContainer#0-0-C-1] DEBUG o.a.k.c.consumer.internals.ConsumerCoordinator - [Consumer clientId=consumer-slow-consumer-group-1, groupId=slow-consumer-group] Committed offset 11 for partition slow-events-2
16:36:35.398 [org.springframework.kafka.KafkaListenerEndpointContainer#0-0-C-1] INFO  c.e.k.listener.RetryProneEventListener - 消息处理完成并已提交 offset id=1cd13a60-c165-4cb6-a20d-416ff2d020f0
16:36:35.399 [org.springframework.kafka.KafkaListenerEndpointContainer#0-0-C-1] DEBUG o.s.k.l.a.RecordMessagingMessageListenerAdapter - Processing [GenericMessage [payload=DemoEvent(id=402992e7-2e68-4d68-8819-12e27c74959d, payload=demo-event-11, slow=false, retryTrigger=false, createdAt=2026-08-25T08:35:38.907962Z), headers={kafka_offset=11, kafka_consumer=org.springframework.kafka.core.DefaultKafkaConsumerFactory$ExtendedKafkaConsumer@582c7c97, kafka_timestampType=CREATE_TIME, kafka_receivedPartitionId=2, kafka_receivedMessageKey=0, kafka_receivedTopic=slow-events, kafka_receivedTimestamp=1787646938908, kafka_acknowledgment=Acknowledgment for slow-events-2@11, kafka_groupId=slow-consumer-group}]]
16:36:35.399 [org.springframework.kafka.KafkaListenerEndpointContainer#0-0-C-1] INFO  c.e.k.listener.RetryProneEventListener - 收到消息 id=402992e7-2e68-4d68-8819-12e27c74959d partition=2 retryTrigger=false
16:36:35.602 [org.springframework.kafka.KafkaListenerEndpointContainer#0-0-C-1] DEBUG o.s.kafka.listener.KafkaMessageListenerContainer - Committing: {slow-events-2=OffsetAndMetadata{offset=12, leaderEpoch=null, metadata=''}}
16:36:35.611 [org.springframework.kafka.KafkaListenerEndpointContainer#0-0-C-1] DEBUG o.a.k.c.consumer.internals.ConsumerCoordinator - [Consumer clientId=consumer-slow-consumer-group-1, groupId=slow-consumer-group] Committed offset 12 for partition slow-events-2
16:36:35.611 [org.springframework.kafka.KafkaListenerEndpointContainer#0-0-C-1] INFO  c.e.k.listener.RetryProneEventListener - 消息处理完成并已提交 offset id=402992e7-2e68-4d68-8819-12e27c74959d
16:36:37.026 [kafka-coordinator-heartbeat-thread | slow-consumer-group] DEBUG o.a.k.c.consumer.internals.ConsumerCoordinator - [Consumer clientId=consumer-slow-consumer-group-1, groupId=slow-consumer-group] Sending Heartbeat request with generation 61 and member id consumer-slow-consumer-group-1-e47a9925-54af-4fc1-94f9-9e9c06714043 to coordinator localhost:9092 (id: 2147483646 rack: null isFenced: false)
16:36:37.027 [org.springframework.kafka.KafkaListenerEndpointContainer#0-0-C-1] DEBUG o.a.k.c.consumer.internals.ConsumerCoordinator - [Consumer clientId=consumer-slow-consumer-group-1, groupId=slow-consumer-group] Received successful Heartbeat response
16:36:40.027 [kafka-coordinator-heartbeat-thread | slow-consumer-group] DEBUG o.a.k.c.consumer.internals.ConsumerCoordinator - [Consumer clientId=consumer-slow-consumer-group-1, groupId=slow-consumer-group] Sending Heartbeat request with generation 61 and member id consumer-slow-consumer-group-1-e47a9925-54af-4fc1-94f9-9e9c06714043 to coordinator localhost:9092 (id: 2147483646 rack: null isFenced: false)
16:36:40.032 [org.springframework.kafka.KafkaListenerEndpointContainer#0-0-C-1] DEBUG o.a.k.c.consumer.internals.ConsumerCoordinator - [Consumer clientId=consumer-slow-consumer-group-1, groupId=slow-consumer-group] Received successful Heartbeat response
16:36:40.613 [org.springframework.kafka.KafkaListenerEndpointContainer#0-0-C-1] DEBUG o.s.kafka.listener.KafkaMessageListenerContainer - Received: 0 records
16:36:43.028 [kafka-coordinator-heartbeat-thread | slow-consumer-group] DEBUG o.a.k.c.consumer.internals.ConsumerCoordinator - [Consumer clientId=consumer-slow-consumer-group-1, groupId=slow-consumer-group] Sending Heartbeat request with generation 61 and member id consumer-slow-consumer-group-1-e47a9925-54af-4fc1-94f9-9e9c06714043 to coordinator localhost:9092 (id: 2147483646 rack: null isFenced: false)
16:36:43.029 [org.springframework.kafka.KafkaListenerEndpointContainer#0-0-C-1] DEBUG o.a.k.c.consumer.internals.ConsumerCoordinator - [Consumer clientId=consumer-slow-consumer-group-1, groupId=slow-consumer-group] Received successful Heartbeat response
16:36:45.613 [org.springframework.kafka.KafkaListenerEndpointContainer#0-0-C-1] DEBUG o.s.kafka.listener.KafkaMessageListenerContainer - Received: 0 records
16:36:46.029 [kafka-coordinator-heartbeat-thread | slow-consumer-group] DEBUG o.a.k.c.consumer.internals.ConsumerCoordinator - [Consumer clientId=consumer-slow-consumer-group-1, groupId=slow-consumer-group] Sending Heartbeat request with generation 61 and member id consumer-slow-consumer-group-1-e47a9925-54af-4fc1-94f9-9e9c06714043 to coordinator localhost:9092 (id: 2147483646 rack: null isFenced: false)
16:36:46.034 [org.springframework.kafka.KafkaListenerEndpointContainer#0-0-C-1] DEBUG o.a.k.c.consumer.internals.ConsumerCoordinator - [Consumer clientId=consumer-slow-consumer-group-1, groupId=slow-consumer-group] Received successful Heartbeat response
16:36:49.030 [kafka-coordinator-heartbeat-thread | slow-consumer-group] DEBUG o.a.k.c.consumer.internals.ConsumerCoordinator - [Consumer clientId=consumer-slow-consumer-group-1, groupId=slow-consumer-group] Sending Heartbeat request with generation 61 and member id consumer-slow-consumer-group-1-e47a9925-54af-4fc1-94f9-9e9c06714043 to coordinator localhost:9092 (id: 2147483646 rack: null isFenced: false)
16:36:49.034 [org.springframework.kafka.KafkaListenerEndpointContainer#0-0-C-1] DEBUG o.a.k.c.consumer.internals.ConsumerCoordinator - [Consumer clientId=consumer-slow-consumer-group-1, groupId=slow-consumer-group] Received successful Heartbeat response
16:36:50.615 [org.springframework.kafka.KafkaListenerEndpointContainer#0-0-C-1] DEBUG o.s.kafka.listener.KafkaMessageListenerContainer - Received: 0 records
16:36:52.032 [kafka-coordinator-heartbeat-thread | slow-consumer-group] DEBUG o.a.k.c.consumer.internals.ConsumerCoordinator - [Consumer clientId=consumer-slow-consumer-group-1, groupId=slow-consumer-group] Sending Heartbeat request with generation 61 and member id consumer-slow-consumer-group-1-e47a9925-54af-4fc1-94f9-9e9c06714043 to coordinator localhost:9092 (id: 2147483646 rack: null isFenced: false)
16:36:52.037 [org.springframework.kafka.KafkaListenerEndpointContainer#0-0-C-1] DEBUG o.a.k.c.consumer.internals.ConsumerCoordinator - [Consumer clientId=consumer-slow-consumer-group-1, groupId=slow-consumer-group] Received successful Heartbeat response
16:36:55.034 [kafka-coordinator-heartbeat-thread | slow-consumer-group] DEBUG o.a.k.c.consumer.internals.ConsumerCoordinator - [Consumer clientId=consumer-slow-consumer-group-1, groupId=slow-consumer-group] Sending Heartbeat request with generation 61 and member id consumer-slow-consumer-group-1-e47a9925-54af-4fc1-94f9-9e9c06714043 to coordinator localhost:9092 (id: 2147483646 rack: null isFenced: false)
16:36:55.043 [org.springframework.kafka.KafkaListenerEndpointContainer#0-0-C-1] DEBUG o.a.k.c.consumer.internals.ConsumerCoordinator - [Consumer clientId=consumer-slow-consumer-group-1, groupId=slow-consumer-group] Received successful Heartbeat response
16:36:55.616 [org.springframework.kafka.KafkaListenerEndpointContainer#0-0-C-1] DEBUG o.s.kafka.listener.KafkaMessageListenerContainer - Received: 0 records
16:36:58.036 [kafka-coordinator-heartbeat-thread | slow-consumer-group] DEBUG o.a.k.c.consumer.internals.ConsumerCoordinator - [Consumer clientId=consumer-slow-consumer-group-1, groupId=slow-consumer-group] Sending Heartbeat request with generation 61 and member id consumer-slow-consumer-group-1-e47a9925-54af-4fc1-94f9-9e9c06714043 to coordinator localhost:9092 (id: 2147483646 rack: null isFenced: false)
16:36:58.041 [org.springframework.kafka.KafkaListenerEndpointContainer#0-0-C-1] DEBUG o.a.k.c.consumer.internals.ConsumerCoordinator - [Consumer clientId=consumer-slow-consumer-group-1, groupId=slow-consumer-group] Received successful Heartbeat response
16:37:00.619 [org.springframework.kafka.KafkaListenerEndpointContainer#0-0-C-1] DEBUG o.s.kafka.listener.KafkaMessageListenerContainer - Received: 0 records
16:37:01.037 [kafka-coordinator-heartbeat-thread | slow-consumer-group] DEBUG o.a.k.c.consumer.internals.ConsumerCoordinator - [Consumer clientId=consumer-slow-consumer-group-1, groupId=slow-consumer-group] Sending Heartbeat request with generation 61 and member id consumer-slow-consumer-group-1-e47a9925-54af-4fc1-94f9-9e9c06714043 to coordinator localhost:9092 (id: 2147483646 rack: null isFenced: false)
16:37:01.041 [org.springframework.kafka.KafkaListenerEndpointContainer#0-0-C-1] DEBUG o.a.k.c.consumer.internals.ConsumerCoordinator - [Consumer clientId=consumer-slow-consumer-group-1, groupId=slow-consumer-group] Received successful Heartbeat response
16:37:04.038 [kafka-coordinator-heartbeat-thread | slow-consumer-group] DEBUG o.a.k.c.consumer.internals.ConsumerCoordinator - [Consumer clientId=consumer-slow-consumer-group-1, groupId=slow-consumer-group] Sending Heartbeat request with generation 61 and member id consumer-slow-consumer-group-1-e47a9925-54af-4fc1-94f9-9e9c06714043 to coordinator localhost:9092 (id: 2147483646 rack: null isFenced: false)
16:37:04.041 [org.springframework.kafka.KafkaListenerEndpointContainer#0-0-C-1] DEBUG o.a.k.c.consumer.internals.ConsumerCoordinator - [Consumer clientId=consumer-slow-consumer-group-1, groupId=slow-consumer-group] Received successful Heartbeat response
16:37:05.621 [org.springframework.kafka.KafkaListenerEndpointContainer#0-0-C-1] DEBUG o.s.kafka.listener.KafkaMessageListenerContainer - Received: 0 records
16:37:07.039 [kafka-coordinator-heartbeat-thread | slow-consumer-group] DEBUG o.a.k.c.consumer.internals.ConsumerCoordinator - [Consumer clientId=consumer-slow-consumer-group-1, groupId=slow-consumer-group] Sending Heartbeat request with generation 61 and member id consumer-slow-consumer-group-1-e47a9925-54af-4fc1-94f9-9e9c06714043 to coordinator localhost:9092 (id: 2147483646 rack: null isFenced: false)
16:37:07.045 [org.springframework.kafka.KafkaListenerEndpointContainer#0-0-C-1] DEBUG o.a.k.c.consumer.internals.ConsumerCoordinator - [Consumer clientId=consumer-slow-consumer-group-1, groupId=slow-consumer-group] Received successful Heartbeat response
16:37:10.040 [kafka-coordinator-heartbeat-thread | slow-consumer-group] DEBUG o.a.k.c.consumer.internals.ConsumerCoordinator - [Consumer clientId=consumer-slow-consumer-group-1, groupId=slow-consumer-group] Sending Heartbeat request with generation 61 and member id consumer-slow-consumer-group-1-e47a9925-54af-4fc1-94f9-9e9c06714043 to coordinator localhost:9092 (id: 2147483646 rack: null isFenced: false)
16:37:10.046 [org.springframework.kafka.KafkaListenerEndpointContainer#0-0-C-1] DEBUG o.a.k.c.consumer.internals.ConsumerCoordinator - [Consumer clientId=consumer-slow-consumer-group-1, groupId=slow-consumer-group] Received successful Heartbeat response
16:37:10.624 [org.springframework.kafka.KafkaListenerEndpointContainer#0-0-C-1] DEBUG o.s.kafka.listener.KafkaMessageListenerContainer - Received: 0 records
16:37:13.041 [kafka-coordinator-heartbeat-thread | slow-consumer-group] DEBUG o.a.k.c.consumer.internals.ConsumerCoordinator - [Consumer clientId=consumer-slow-consumer-group-1, groupId=slow-consumer-group] Sending Heartbeat request with generation 61 and member id consumer-slow-consumer-group-1-e47a9925-54af-4fc1-94f9-9e9c06714043 to coordinator localhost:9092 (id: 2147483646 rack: null isFenced: false)
16:37:13.042 [org.springframework.kafka.KafkaListenerEndpointContainer#0-0-C-1] DEBUG o.a.k.c.consumer.internals.ConsumerCoordinator - [Consumer clientId=consumer-slow-consumer-group-1, groupId=slow-consumer-group] Received successful Heartbeat response
16:37:15.625 [org.springframework.kafka.KafkaListenerEndpointContainer#0-0-C-1] DEBUG o.s.kafka.listener.KafkaMessageListenerContainer - Received: 0 records
16:37:16.042 [kafka-coordinator-heartbeat-thread | slow-consumer-group] DEBUG o.a.k.c.consumer.internals.ConsumerCoordinator - [Consumer clientId=consumer-slow-consumer-group-1, groupId=slow-consumer-group] Sending Heartbeat request with generation 61 and member id consumer-slow-consumer-group-1-e47a9925-54af-4fc1-94f9-9e9c06714043 to coordinator localhost:9092 (id: 2147483646 rack: null isFenced: false)
16:37:16.048 [org.springframework.kafka.KafkaListenerEndpointContainer#0-0-C-1] DEBUG o.a.k.c.consumer.internals.ConsumerCoordinator - [Consumer clientId=consumer-slow-consumer-group-1, groupId=slow-consumer-group] Received successful Heartbeat response
16:37:19.044 [kafka-coordinator-heartbeat-thread | slow-consumer-group] DEBUG o.a.k.c.consumer.internals.ConsumerCoordinator - [Consumer clientId=consumer-slow-consumer-group-1, groupId=slow-consumer-group] Sending Heartbeat request with generation 61 and member id consumer-slow-consumer-group-1-e47a9925-54af-4fc1-94f9-9e9c06714043 to coordinator localhost:9092 (id: 2147483646 rack: null isFenced: false)
16:37:19.049 [org.springframework.kafka.KafkaListenerEndpointContainer#0-0-C-1] DEBUG o.a.k.c.consumer.internals.ConsumerCoordinator - [Consumer clientId=consumer-slow-consumer-group-1, groupId=slow-consumer-group] Received successful Heartbeat response
16:37:20.626 [org.springframework.kafka.KafkaListenerEndpointContainer#0-0-C-1] DEBUG o.s.kafka.listener.KafkaMessageListenerContainer - Received: 0 records
16:37:22.044 [kafka-coordinator-heartbeat-thread | slow-consumer-group] DEBUG o.a.k.c.consumer.internals.ConsumerCoordinator - [Consumer clientId=consumer-slow-consumer-group-1, groupId=slow-consumer-group] Sending Heartbeat request with generation 61 and member id consumer-slow-consumer-group-1-e47a9925-54af-4fc1-94f9-9e9c06714043 to coordinator localhost:9092 (id: 2147483646 rack: null isFenced: false)
16:37:22.050 [org.springframework.kafka.KafkaListenerEndpointContainer#0-0-C-1] DEBUG o.a.k.c.consumer.internals.ConsumerCoordinator - [Consumer clientId=consumer-slow-consumer-group-1, groupId=slow-consumer-group] Received successful Heartbeat response
16:37:25.045 [kafka-coordinator-heartbeat-thread | slow-consumer-group] DEBUG o.a.k.c.consumer.internals.ConsumerCoordinator - [Consumer clientId=consumer-slow-consumer-group-1, groupId=slow-consumer-group] Sending Heartbeat request with generation 61 and member id consumer-slow-consumer-group-1-e47a9925-54af-4fc1-94f9-9e9c06714043 to coordinator localhost:9092 (id: 2147483646 rack: null isFenced: false)
16:37:25.051 [org.springframework.kafka.KafkaListenerEndpointContainer#0-0-C-1] DEBUG o.a.k.c.consumer.internals.ConsumerCoordinator - [Consumer clientId=consumer-slow-consumer-group-1, groupId=slow-consumer-group] Received successful Heartbeat response
16:37:25.627 [org.springframework.kafka.KafkaListenerEndpointContainer#0-0-C-1] DEBUG o.s.kafka.listener.KafkaMessageListenerContainer - Received: 0 records
16:37:28.046 [kafka-coordinator-heartbeat-thread | slow-consumer-group] DEBUG o.a.k.c.consumer.internals.ConsumerCoordinator - [Consumer clientId=consumer-slow-consumer-group-1, groupId=slow-consumer-group] Sending Heartbeat request with generation 61 and member id consumer-slow-consumer-group-1-e47a9925-54af-4fc1-94f9-9e9c06714043 to coordinator localhost:9092 (id: 2147483646 rack: null isFenced: false)
16:37:28.052 [org.springframework.kafka.KafkaListenerEndpointContainer#0-0-C-1] DEBUG o.a.k.c.consumer.internals.ConsumerCoordinator - [Consumer clientId=consumer-slow-consumer-group-1, groupId=slow-consumer-group] Received successful Heartbeat response
16:37:30.630 [org.springframework.kafka.KafkaListenerEndpointContainer#0-0-C-1] DEBUG o.s.kafka.listener.KafkaMessageListenerContainer - Received: 0 records
16:37:31.048 [kafka-coordinator-heartbeat-thread | slow-consumer-group] DEBUG o.a.k.c.consumer.internals.ConsumerCoordinator - [Consumer clientId=consumer-slow-consumer-group-1, groupId=slow-consumer-group] Sending Heartbeat request with generation 61 and member id consumer-slow-consumer-group-1-e47a9925-54af-4fc1-94f9-9e9c06714043 to coordinator localhost:9092 (id: 2147483646 rack: null isFenced: false)
16:37:31.053 [org.springframework.kafka.KafkaListenerEndpointContainer#0-0-C-1] DEBUG o.a.k.c.consumer.internals.ConsumerCoordinator - [Consumer clientId=consumer-slow-consumer-group-1, groupId=slow-consumer-group] Received successful Heartbeat response
16:37:34.050 [kafka-coordinator-heartbeat-thread | slow-consumer-group] DEBUG o.a.k.c.consumer.internals.ConsumerCoordinator - [Consumer clientId=consumer-slow-consumer-group-1, groupId=slow-consumer-group] Sending Heartbeat request with generation 61 and member id consumer-slow-consumer-group-1-e47a9925-54af-4fc1-94f9-9e9c06714043 to coordinator localhost:9092 (id: 2147483646 rack: null isFenced: false)
16:37:34.055 [org.springframework.kafka.KafkaListenerEndpointContainer#0-0-C-1] DEBUG o.a.k.c.consumer.internals.ConsumerCoordinator - [Consumer clientId=consumer-slow-consumer-group-1, groupId=slow-consumer-group] Received successful Heartbeat response
16:37:35.632 [org.springframework.kafka.KafkaListenerEndpointContainer#0-0-C-1] DEBUG o.s.kafka.listener.KafkaMessageListenerContainer - Received: 0 records
16:37:37.051 [kafka-coordinator-heartbeat-thread | slow-consumer-group] DEBUG o.a.k.c.consumer.internals.ConsumerCoordinator - [Consumer clientId=consumer-slow-consumer-group-1, groupId=slow-consumer-group] Sending Heartbeat request with generation 61 and member id consumer-slow-consumer-group-1-e47a9925-54af-4fc1-94f9-9e9c06714043 to coordinator localhost:9092 (id: 2147483646 rack: null isFenced: false)
16:37:37.052 [org.springframework.kafka.KafkaListenerEndpointContainer#0-0-C-1] DEBUG o.a.k.c.consumer.internals.ConsumerCoordinator - [Consumer clientId=consumer-slow-consumer-group-1, groupId=slow-consumer-group] Received successful Heartbeat response
16:37:40.052 [kafka-coordinator-heartbeat-thread | slow-consumer-group] DEBUG o.a.k.c.consumer.internals.ConsumerCoordinator - [Consumer clientId=consumer-slow-consumer-group-1, groupId=slow-consumer-group] Sending Heartbeat request with generation 61 and member id consumer-slow-consumer-group-1-e47a9925-54af-4fc1-94f9-9e9c06714043 to coordinator localhost:9092 (id: 2147483646 rack: null isFenced: false)
16:37:40.057 [org.springframework.kafka.KafkaListenerEndpointContainer#0-0-C-1] DEBUG o.a.k.c.consumer.internals.ConsumerCoordinator - [Consumer clientId=consumer-slow-consumer-group-1, groupId=slow-consumer-group] Received successful Heartbeat response
16:37:40.633 [org.springframework.kafka.KafkaListenerEndpointContainer#0-0-C-1] DEBUG o.s.kafka.listener.KafkaMessageListenerContainer - Received: 0 records
16:37:43.053 [kafka-coordinator-heartbeat-thread | slow-consumer-group] DEBUG o.a.k.c.consumer.internals.ConsumerCoordinator - [Consumer clientId=consumer-slow-consumer-group-1, groupId=slow-consumer-group] Sending Heartbeat request with generation 61 and member id consumer-slow-consumer-group-1-e47a9925-54af-4fc1-94f9-9e9c06714043 to coordinator localhost:9092 (id: 2147483646 rack: null isFenced: false)
16:37:43.055 [org.springframework.kafka.KafkaListenerEndpointContainer#0-0-C-1] DEBUG o.a.k.c.consumer.internals.ConsumerCoordinator - [Consumer clientId=consumer-slow-consumer-group-1, groupId=slow-consumer-group] Received successful Heartbeat response
16:37:45.634 [org.springframework.kafka.KafkaListenerEndpointContainer#0-0-C-1] DEBUG o.s.kafka.listener.KafkaMessageListenerContainer - Received: 0 records
16:37:46.063 [kafka-coordinator-heartbeat-thread | slow-consumer-group] DEBUG o.a.k.c.consumer.internals.ConsumerCoordinator - [Consumer clientId=consumer-slow-consumer-group-1, groupId=slow-consumer-group] Sending Heartbeat request with generation 61 and member id consumer-slow-consumer-group-1-e47a9925-54af-4fc1-94f9-9e9c06714043 to coordinator localhost:9092 (id: 2147483646 rack: null isFenced: false)
16:37:46.070 [org.springframework.kafka.KafkaListenerEndpointContainer#0-0-C-1] DEBUG o.a.k.c.consumer.internals.ConsumerCoordinator - [Consumer clientId=consumer-slow-consumer-group-1, groupId=slow-consumer-group] Received successful Heartbeat response
16:37:49.064 [kafka-coordinator-heartbeat-thread | slow-consumer-group] DEBUG o.a.k.c.consumer.internals.ConsumerCoordinator - [Consumer clientId=consumer-slow-consumer-group-1, groupId=slow-consumer-group] Sending Heartbeat request with generation 61 and member id consumer-slow-consumer-group-1-e47a9925-54af-4fc1-94f9-9e9c06714043 to coordinator localhost:9092 (id: 2147483646 rack: null isFenced: false)
16:37:49.066 [org.springframework.kafka.KafkaListenerEndpointContainer#0-0-C-1] DEBUG o.a.k.c.consumer.internals.ConsumerCoordinator - [Consumer clientId=consumer-slow-consumer-group-1, groupId=slow-consumer-group] Received successful Heartbeat response
16:37:50.636 [org.springframework.kafka.KafkaListenerEndpointContainer#0-0-C-1] DEBUG o.s.kafka.listener.KafkaMessageListenerContainer - Received: 0 records
16:37:52.064 [kafka-coordinator-heartbeat-thread | slow-consumer-group] DEBUG o.a.k.c.consumer.internals.ConsumerCoordinator - [Consumer clientId=consumer-slow-consumer-group-1, groupId=slow-consumer-group] Sending Heartbeat request with generation 61 and member id consumer-slow-consumer-group-1-e47a9925-54af-4fc1-94f9-9e9c06714043 to coordinator localhost:9092 (id: 2147483646 rack: null isFenced: false)
16:37:52.070 [org.springframework.kafka.KafkaListenerEndpointContainer#0-0-C-1] DEBUG o.a.k.c.consumer.internals.ConsumerCoordinator - [Consumer clientId=consumer-slow-consumer-group-1, groupId=slow-consumer-group] Received successful Heartbeat response
16:37:55.065 [kafka-coordinator-heartbeat-thread | slow-consumer-group] DEBUG o.a.k.c.consumer.internals.ConsumerCoordinator - [Consumer clientId=consumer-slow-consumer-group-1, groupId=slow-consumer-group] Sending Heartbeat request with generation 61 and member id consumer-slow-consumer-group-1-e47a9925-54af-4fc1-94f9-9e9c06714043 to coordinator localhost:9092 (id: 2147483646 rack: null isFenced: false)
16:37:55.072 [org.springframework.kafka.KafkaListenerEndpointContainer#0-0-C-1] DEBUG o.a.k.c.consumer.internals.ConsumerCoordinator - [Consumer clientId=consumer-slow-consumer-group-1, groupId=slow-consumer-group] Received successful Heartbeat response
16:37:55.637 [org.springframework.kafka.KafkaListenerEndpointContainer#0-0-C-1] DEBUG o.s.kafka.listener.KafkaMessageListenerContainer - Received: 0 records
16:37:58.066 [kafka-coordinator-heartbeat-thread | slow-consumer-group] DEBUG o.a.k.c.consumer.internals.ConsumerCoordinator - [Consumer clientId=consumer-slow-consumer-group-1, groupId=slow-consumer-group] Sending Heartbeat request with generation 61 and member id consumer-slow-consumer-group-1-e47a9925-54af-4fc1-94f9-9e9c06714043 to coordinator localhost:9092 (id: 2147483646 rack: null isFenced: false)
16:37:58.072 [org.springframework.kafka.KafkaListenerEndpointContainer#0-0-C-1] DEBUG o.a.k.c.consumer.internals.ConsumerCoordinator - [Consumer clientId=consumer-slow-consumer-group-1, groupId=slow-consumer-group] Received successful Heartbeat response
16:38:00.640 [org.springframework.kafka.KafkaListenerEndpointContainer#0-0-C-1] DEBUG o.s.kafka.listener.KafkaMessageListenerContainer - Received: 0 records
16:38:01.067 [kafka-coordinator-heartbeat-thread | slow-consumer-group] DEBUG o.a.k.c.consumer.internals.ConsumerCoordinator - [Consumer clientId=consumer-slow-consumer-group-1, groupId=slow-consumer-group] Sending Heartbeat request with generation 61 and member id consumer-slow-consumer-group-1-e47a9925-54af-4fc1-94f9-9e9c06714043 to coordinator localhost:9092 (id: 2147483646 rack: null isFenced: false)
16:38:01.073 [org.springframework.kafka.KafkaListenerEndpointContainer#0-0-C-1] DEBUG o.a.k.c.consumer.internals.ConsumerCoordinator - [Consumer clientId=consumer-slow-consumer-group-1, groupId=slow-consumer-group] Received successful Heartbeat response
16:38:04.068 [kafka-coordinator-heartbeat-thread | slow-consumer-group] DEBUG o.a.k.c.consumer.internals.ConsumerCoordinator - [Consumer clientId=consumer-slow-consumer-group-1, groupId=slow-consumer-group] Sending Heartbeat request with generation 61 and member id consumer-slow-consumer-group-1-e47a9925-54af-4fc1-94f9-9e9c06714043 to coordinator localhost:9092 (id: 2147483646 rack: null isFenced: false)
16:38:04.074 [org.springframework.kafka.KafkaListenerEndpointContainer#0-0-C-1] DEBUG o.a.k.c.consumer.internals.ConsumerCoordinator - [Consumer clientId=consumer-slow-consumer-group-1, groupId=slow-consumer-group] Received successful Heartbeat response
16:38:05.642 [org.springframework.kafka.KafkaListenerEndpointContainer#0-0-C-1] DEBUG o.s.kafka.listener.KafkaMessageListenerContainer - Received: 0 records
16:38:07.069 [kafka-coordinator-heartbeat-thread | slow-consumer-group] DEBUG o.a.k.c.consumer.internals.ConsumerCoordinator - [Consumer clientId=consumer-slow-consumer-group-1, groupId=slow-consumer-group] Sending Heartbeat request with generation 61 and member id consumer-slow-consumer-group-1-e47a9925-54af-4fc1-94f9-9e9c06714043 to coordinator localhost:9092 (id: 2147483646 rack: null isFenced: false)
16:38:07.073 [org.springframework.kafka.KafkaListenerEndpointContainer#0-0-C-1] DEBUG o.a.k.c.consumer.internals.ConsumerCoordinator - [Consumer clientId=consumer-slow-consumer-group-1, groupId=slow-consumer-group] Received successful Heartbeat response
16:38:10.071 [kafka-coordinator-heartbeat-thread | slow-consumer-group] DEBUG o.a.k.c.consumer.internals.ConsumerCoordinator - [Consumer clientId=consumer-slow-consumer-group-1, groupId=slow-consumer-group] Sending Heartbeat request with generation 61 and member id consumer-slow-consumer-group-1-e47a9925-54af-4fc1-94f9-9e9c06714043 to coordinator localhost:9092 (id: 2147483646 rack: null isFenced: false)
16:38:10.074 [org.springframework.kafka.KafkaListenerEndpointContainer#0-0-C-1] DEBUG o.a.k.c.consumer.internals.ConsumerCoordinator - [Consumer clientId=consumer-slow-consumer-group-1, groupId=slow-consumer-group] Received successful Heartbeat response
16:38:10.645 [org.springframework.kafka.KafkaListenerEndpointContainer#0-0-C-1] DEBUG o.s.kafka.listener.KafkaMessageListenerContainer - Received: 0 records
16:38:13.072 [kafka-coordinator-heartbeat-thread | slow-consumer-group] DEBUG o.a.k.c.consumer.internals.ConsumerCoordinator - [Consumer clientId=consumer-slow-consumer-group-1, groupId=slow-consumer-group] Sending Heartbeat request with generation 61 and member id consumer-slow-consumer-group-1-e47a9925-54af-4fc1-94f9-9e9c06714043 to coordinator localhost:9092 (id: 2147483646 rack: null isFenced: false)
16:38:13.078 [org.springframework.kafka.KafkaListenerEndpointContainer#0-0-C-1] DEBUG o.a.k.c.consumer.internals.ConsumerCoordinator - [Consumer clientId=consumer-slow-consumer-group-1, groupId=slow-consumer-group] Received successful Heartbeat response
